fault,run,panel,alpha,horizon,S_QTE,Jr_QTE,Dr_QTE,PairError-QTE,PCA-SPE,Dr_vs_S_QTE,Dr_vs_Jr_QTE,Dr_vs_PairError-QTE,Dr_vs_PCA-SPE
1,1,A,0.005,full,True,True,True,True,True,shared,shared,shared,shared
1,2,A,0.005,full,True,True,True,True,True,shared,shared,shared,shared
1,3,B,0.005,full,True,True,True,True,True,shared,shared,shared,shared
1,15,A,0.005,full,True,True,True,True,True,shared,shared,shared,shared
1,23,B,0.005,full,True,True,True,True,True,shared,shared,shared,shared
1,39,A,0.005,full,True,True,True,True,True,shared,shared,shared,shared
1,79,A,0.005,full,True,True,True,True,True,shared,shared,shared,shared
1,82,B,0.005,full,True,True,True,True,True,shared,shared,shared,shared
1,85,B,0.005,full,True,True,True,True,True,shared,shared,shared,shared
1,101,B,0.005,full,True,True,True,True,True,shared,shared,shared,shared
1,113,A,0.005,full,True,True,True,True,True,shared,shared,shared,shared
1,123,B,0.005,full,True,True,True,True,True,shared,shared,shared,shared
1,126,B,0.005,full,True,True,True,True,True,shared,shared,shared,shared
1,130,A,0.005,full,True,True,True,True,True,shared,shared,shared,shared
1,154,A,0.005,full,True,True,True,True,True,shared,shared,shared,shared
1,155,B,0.005,full,True,True,True,True,True,shared,shared,shared,shared
1,168,A,0.005,full,True,True,True,True,True,shared,shared,shared,shared
1,173,B,0.005,full,True,True,True,True,True,shared,shared,shared,shared
1,185,A,0.005,full,True,True,True,True,True,shared,shared,shared,shared
1,196,B,0.005,full,True,True,True,True,True,shared,shared,shared,shared
1,199,A,0.005,full,True,True,True,True,True,shared,shared,shared,shared
1,216,B,0.005,full,True,True,True,True,True,shared,shared,shared,shared
1,218,B,0.005,full,True,True,True,True,True,shared,shared,shared,shared
1,225,A,0.005,full,True,True,True,True,True,shared,shared,shared,shared
1,226,A,0.005,full,True,True,True,True,True,shared,shared,shared,shared
1,257,B,0.005,full,True,True,True,True,True,shared,shared,shared,shared
1,266,A,0.005,full,True,True,True,True,True,shared,shared,shared,shared
1,281,A,0.005,full,True,True,True,True,True,shared,shared,shared,shared
1,310,B,0.005,full,True,True,True,True,True,shared,shared,shared,shared
1,312,B,0.005,full,True,True,True,True,True,shared,shared,shared,shared
1,317,A,0.005,full,True,True,True,True,True,shared,shared,shared,shared
1,321,B,0.005,full,True,True,True,True,True,shared,shared,shared,shared
1,322,A,0.005,full,True,True,True,True,True,shared,shared,shared,shared
1,338,B,0.005,full,True,True,True,True,True,shared,shared,shared,shared
1,377,A,0.005,full,True,True,True,True,True,shared,shared,shared,shared
1,378,B,0.005,full,True,True,True,True,True,shared,shared,shared,shared
1,381,A,0.005,full,True,True,True,True,True,shared,shared,shared,shared
1,384,A,0.005,full,True,True,True,True,True,shared,shared,shared,shared
1,400,A,0.005,full,True,True,True,True,True,shared,shared,shared,shared
1,401,B,0.005,full,True,True,True,True,True,shared,shared,shared,shared
1,405,A,0.005,full,True,True,True,True,True,shared,shared,shared,shared
1,410,B,0.005,full,True,True,True,True,True,shared,shared,shared,shared
1,418,A,0.005,full,True,True,True,True,True,shared,shared,shared,shared
1,426,A,0.005,full,True,True,True,True,True,shared,shared,shared,shared
1,433,B,0.005,full,True,True,True,True,True,shared,shared,shared,shared
1,444,A,0.005,full,True,True,True,True,True,shared,shared,shared,shared
1,456,B,0.005,full,True,True,True,True,True,shared,shared,shared,shared
1,463,B,0.005,full,True,True,True,True,True,shared,shared,shared,shared
1,478,B,0.005,full,True,True,True,True,True,shared,shared,shared,shared
1,492,B,0.005,full,True,True,True,True,True,shared,shared,shared,shared
2,1,A,0.005,full,True,True,True,True,True,shared,shared,shared,shared
2,2,A,0.005,full,True,True,True,True,True,shared,shared,shared,shared
2,3,B,0.005,full,True,True,True,True,True,shared,shared,shared,shared
2,15,A,0.005,full,True,True,True,True,True,shared,shared,shared,shared
2,23,B,0.005,full,True,True,True,True,True,shared,shared,shared,shared
2,39,A,0.005,full,True,True,True,True,True,shared,shared,shared,shared
2,79,A,0.005,full,True,True,True,True,True,shared,shared,shared,shared
2,82,B,0.005,full,True,True,True,True,True,shared,shared,shared,shared
2,85,B,0.005,full,True,True,True,True,True,shared,shared,shared,shared
2,101,B,0.005,full,True,True,True,True,True,shared,shared,shared,shared
2,113,A,0.005,full,True,True,True,True,True,shared,shared,shared,shared
2,123,B,0.005,full,True,True,True,True,True,shared,shared,shared,shared
2,126,B,0.005,full,True,True,True,True,True,shared,shared,shared,shared
2,130,A,0.005,full,True,True,True,True,True,shared,shared,shared,shared
2,154,A,0.005,full,True,True,True,True,True,shared,shared,shared,shared
2,155,B,0.005,full,True,True,True,True,True,shared,shared,shared,shared
2,168,A,0.005,full,True,True,True,True,True,shared,shared,shared,shared
2,173,B,0.005,full,True,True,True,True,True,shared,shared,shared,shared
2,185,A,0.005,full,True,True,True,True,True,shared,shared,shared,shared
2,196,B,0.005,full,True,True,True,True,True,shared,shared,shared,shared
2,199,A,0.005,full,True,True,True,True,True,shared,shared,shared,shared
2,216,B,0.005,full,True,True,True,True,True,shared,shared,shared,shared
2,218,B,0.005,full,True,True,True,True,True,shared,shared,shared,shared
2,225,A,0.005,full,True,True,True,True,True,shared,shared,shared,shared
2,226,A,0.005,full,True,True,True,True,True,shared,shared,shared,shared
2,257,B,0.005,full,True,True,True,True,True,shared,shared,shared,shared
2,266,A,0.005,full,True,True,True,True,True,shared,shared,shared,shared
2,281,A,0.005,full,True,True,True,True,True,shared,shared,shared,shared
2,310,B,0.005,full,True,True,True,True,True,shared,shared,shared,shared
2,312,B,0.005,full,True,True,True,True,True,shared,shared,shared,shared
2,317,A,0.005,full,True,True,True,True,True,shared,shared,shared,shared
2,321,B,0.005,full,True,True,True,True,True,shared,shared,shared,shared
2,322,A,0.005,full,True,True,True,True,True,shared,shared,shared,shared
2,338,B,0.005,full,True,True,True,True,True,shared,shared,shared,shared
2,377,A,0.005,full,True,True,True,True,True,shared,shared,shared,shared
2,378,B,0.005,full,True,True,True,True,True,shared,shared,shared,shared
2,381,A,0.005,full,True,True,True,True,True,shared,shared,shared,shared
2,384,A,0.005,full,True,True,True,True,True,shared,shared,shared,shared
2,400,A,0.005,full,True,True,True,True,True,shared,shared,shared,shared
2,401,B,0.005,full,True,True,True,True,True,shared,shared,shared,shared
2,405,A,0.005,full,True,True,True,True,True,shared,shared,shared,shared
2,410,B,0.005,full,True,True,True,True,True,shared,shared,shared,shared
2,418,A,0.005,full,True,True,True,True,True,shared,shared,shared,shared
2,426,A,0.005,full,True,True,True,True,True,shared,shared,shared,shared
2,433,B,0.005,full,True,True,True,True,True,shared,shared,shared,shared
2,444,A,0.005,full,True,True,True,True,True,shared,shared,shared,shared
2,456,B,0.005,full,True,True,True,True,True,shared,shared,shared,shared
2,463,B,0.005,full,True,True,True,True,True,shared,shared,shared,shared
2,478,B,0.005,full,True,True,True,True,True,shared,shared,shared,shared
2,492,B,0.005,full,True,True,True,True,True,shared,shared,shared,shared
3,1,A,0.005,full,False,False,False,False,True,neither,neither,neither,lost
3,2,A,0.005,full,False,False,False,False,False,neither,neither,neither,neither
3,3,B,0.005,full,False,False,False,False,False,neither,neither,neither,neither
3,15,A,0.005,full,False,False,False,False,False,neither,neither,neither,neither
3,23,B,0.005,full,False,False,False,False,False,neither,neither,neither,neither
3,39,A,0.005,full,False,False,False,False,False,neither,neither,neither,neither
3,79,A,0.005,full,False,False,True,False,True,gained,gained,gained,shared
3,82,B,0.005,full,False,False,True,True,False,gained,gained,shared,gained
3,85,B,0.005,full,False,False,False,False,False,neither,neither,neither,neither
3,101,B,0.005,full,False,False,False,False,False,neither,neither,neither,neither
3,113,A,0.005,full,False,False,False,False,False,neither,neither,neither,neither
3,123,B,0.005,full,False,False,False,False,False,neither,neither,neither,neither
3,126,B,0.005,full,False,False,True,False,True,gained,gained,gained,shared
3,130,A,0.005,full,False,False,False,False,False,neither,neither,neither,neither
3,154,A,0.005,full,True,True,False,True,True,lost,lost,lost,lost
3,155,B,0.005,full,False,False,False,False,True,neither,neither,neither,lost
3,168,A,0.005,full,False,False,True,False,True,gained,gained,gained,shared
3,173,B,0.005,full,False,False,False,False,True,neither,neither,neither,lost
3,185,A,0.005,full,False,True,False,True,True,neither,lost,lost,lost
3,196,B,0.005,full,False,False,False,False,False,neither,neither,neither,neither
3,199,A,0.005,full,False,False,False,False,False,neither,neither,neither,neither
3,216,B,0.005,full,False,False,False,False,False,neither,neither,neither,neither
3,218,B,0.005,full,False,False,True,False,False,gained,gained,gained,gained
3,225,A,0.005,full,True,True,True,True,False,shared,shared,shared,gained
3,226,A,0.005,full,False,True,False,True,False,neither,lost,lost,neither
3,257,B,0.005,full,False,False,False,True,False,neither,neither,lost,neither
3,266,A,0.005,full,False,False,True,False,False,gained,gained,gained,gained
3,281,A,0.005,full,True,True,True,True,True,shared,shared,shared,shared
3,310,B,0.005,full,False,False,True,False,True,gained,gained,gained,shared
3,312,B,0.005,full,False,False,False,False,False,neither,neither,neither,neither
3,317,A,0.005,full,False,False,False,False,True,neither,neither,neither,lost
3,321,B,0.005,full,False,False,False,False,True,neither,neither,neither,lost
3,322,A,0.005,full,True,False,True,False,True,shared,gained,gained,shared
3,338,B,0.005,full,False,False,False,False,False,neither,neither,neither,neither
3,377,A,0.005,full,False,False,False,False,True,neither,neither,neither,lost
3,378,B,0.005,full,False,False,True,False,False,gained,gained,gained,gained
3,381,A,0.005,full,False,False,False,False,False,neither,neither,neither,neither
3,384,A,0.005,full,False,False,False,False,True,neither,neither,neither,lost
3,400,A,0.005,full,False,False,True,False,True,gained,gained,gained,shared
3,401,B,0.005,full,False,True,False,True,False,neither,lost,lost,neither
3,405,A,0.005,full,False,False,False,False,False,neither,neither,neither,neither
3,410,B,0.005,full,False,False,False,False,False,neither,neither,neither,neither
3,418,A,0.005,full,False,False,False,False,False,neither,neither,neither,neither
3,426,A,0.005,full,False,False,False,False,False,neither,neither,neither,neither
3,433,B,0.005,full,False,False,False,False,False,neither,neither,neither,neither
3,444,A,0.005,full,False,False,False,False,False,neither,neither,neither,neither
3,456,B,0.005,full,False,False,True,False,False,gained,gained,gained,gained
3,463,B,0.005,full,False,False,False,False,True,neither,neither,neither,lost
3,478,B,0.005,full,False,False,False,False,False,neither,neither,neither,neither
3,492,B,0.005,full,False,False,False,False,False,neither,neither,neither,neither
4,1,A,0.005,full,True,True,True,True,True,shared,shared,shared,shared
4,2,A,0.005,full,True,True,True,True,True,shared,shared,shared,shared
4,3,B,0.005,full,True,True,True,True,True,shared,shared,shared,shared
4,15,A,0.005,full,True,True,True,True,True,shared,shared,shared,shared
4,23,B,0.005,full,True,True,True,True,True,shared,shared,shared,shared
4,39,A,0.005,full,True,True,True,True,True,shared,shared,shared,shared
4,79,A,0.005,full,True,True,True,True,True,shared,shared,shared,shared
4,82,B,0.005,full,True,True,True,True,True,shared,shared,shared,shared
4,85,B,0.005,full,True,True,True,True,True,shared,shared,shared,shared
4,101,B,0.005,full,True,True,True,True,True,shared,shared,shared,shared
4,113,A,0.005,full,True,True,True,True,True,shared,shared,shared,shared
4,123,B,0.005,full,True,True,True,True,True,shared,shared,shared,shared
4,126,B,0.005,full,True,True,True,True,True,shared,shared,shared,shared
4,130,A,0.005,full,True,True,True,True,True,shared,shared,shared,shared
4,154,A,0.005,full,True,True,True,True,True,shared,shared,shared,shared
4,155,B,0.005,full,True,True,True,True,True,shared,shared,shared,shared
4,168,A,0.005,full,True,True,True,True,True,shared,shared,shared,shared
4,173,B,0.005,full,True,True,True,True,True,shared,shared,shared,shared
4,185,A,0.005,full,True,True,True,True,True,shared,shared,shared,shared
4,196,B,0.005,full,True,True,True,True,True,shared,shared,shared,shared
4,199,A,0.005,full,True,True,True,True,True,shared,shared,shared,shared
4,216,B,0.005,full,True,True,True,True,True,shared,shared,shared,shared
4,218,B,0.005,full,True,True,True,True,True,shared,shared,shared,shared
4,225,A,0.005,full,True,True,True,True,True,shared,shared,shared,shared
4,226,A,0.005,full,True,True,True,True,True,shared,shared,shared,shared
4,257,B,0.005,full,True,True,True,True,True,shared,shared,shared,shared
4,266,A,0.005,full,True,True,True,True,True,shared,shared,shared,shared
4,281,A,0.005,full,True,True,True,True,True,shared,shared,shared,shared
4,310,B,0.005,full,True,True,True,True,True,shared,shared,shared,shared
4,312,B,0.005,full,True,True,True,True,True,shared,shared,shared,shared
4,317,A,0.005,full,True,True,True,True,True,shared,shared,shared,shared
4,321,B,0.005,full,True,True,True,True,True,shared,shared,shared,shared
4,322,A,0.005,full,True,True,True,True,True,shared,shared,shared,shared
4,338,B,0.005,full,True,True,True,True,True,shared,shared,shared,shared
4,377,A,0.005,full,True,True,True,True,True,shared,shared,shared,shared
4,378,B,0.005,full,True,True,True,True,True,shared,shared,shared,shared
4,381,A,0.005,full,True,True,True,True,True,shared,shared,shared,shared
4,384,A,0.005,full,True,True,True,True,True,shared,shared,shared,shared
4,400,A,0.005,full,True,True,True,True,True,shared,shared,shared,shared
4,401,B,0.005,full,True,True,True,True,True,shared,shared,shared,shared
4,405,A,0.005,full,True,True,True,True,True,shared,shared,shared,shared
4,410,B,0.005,full,True,True,True,True,True,shared,shared,shared,shared
4,418,A,0.005,full,True,True,True,True,True,shared,shared,shared,shared
4,426,A,0.005,full,True,True,True,True,True,shared,shared,shared,shared
4,433,B,0.005,full,True,True,True,True,True,shared,shared,shared,shared
4,444,A,0.005,full,True,True,True,True,True,shared,shared,shared,shared
4,456,B,0.005,full,True,True,True,True,True,shared,shared,shared,shared
4,463,B,0.005,full,True,True,True,True,True,shared,shared,shared,shared
4,478,B,0.005,full,True,True,True,True,True,shared,shared,shared,shared
4,492,B,0.005,full,True,True,True,True,True,shared,shared,shared,shared
5,1,A,0.005,full,True,True,True,True,True,shared,shared,shared,shared
5,2,A,0.005,full,True,True,True,True,True,shared,shared,shared,shared
5,3,B,0.005,full,True,True,True,True,True,shared,shared,shared,shared
5,15,A,0.005,full,True,True,True,True,True,shared,shared,shared,shared
5,23,B,0.005,full,True,True,True,True,True,shared,shared,shared,shared
5,39,A,0.005,full,True,True,True,True,True,shared,shared,shared,shared
5,79,A,0.005,full,True,True,True,True,True,shared,shared,shared,shared
5,82,B,0.005,full,True,True,True,True,True,shared,shared,shared,shared
5,85,B,0.005,full,True,True,True,True,True,shared,shared,shared,shared
5,101,B,0.005,full,True,True,True,True,True,shared,shared,shared,shared
5,113,A,0.005,full,True,True,True,True,True,shared,shared,shared,shared
5,123,B,0.005,full,True,True,True,True,True,shared,shared,shared,shared
5,126,B,0.005,full,True,True,True,True,True,shared,shared,shared,shared
5,130,A,0.005,full,True,True,True,True,True,shared,shared,shared,shared
5,154,A,0.005,full,True,True,True,True,True,shared,shared,shared,shared
5,155,B,0.005,full,True,True,True,True,True,shared,shared,shared,shared
5,168,A,0.005,full,True,True,True,True,True,shared,shared,shared,shared
5,173,B,0.005,full,True,True,True,True,True,shared,shared,shared,shared
5,185,A,0.005,full,True,True,True,True,True,shared,shared,shared,shared
5,196,B,0.005,full,True,True,True,True,True,shared,shared,shared,shared
5,199,A,0.005,full,True,True,True,True,True,shared,shared,shared,shared
5,216,B,0.005,full,True,True,True,True,True,shared,shared,shared,shared
5,218,B,0.005,full,True,True,True,True,True,shared,shared,shared,shared
5,225,A,0.005,full,True,True,True,True,True,shared,shared,shared,shared
5,226,A,0.005,full,True,True,True,True,True,shared,shared,shared,shared
5,257,B,0.005,full,True,True,True,True,True,shared,shared,shared,shared
5,266,A,0.005,full,True,True,True,True,True,shared,shared,shared,shared
5,281,A,0.005,full,True,True,True,True,True,shared,shared,shared,shared
5,310,B,0.005,full,True,True,True,True,True,shared,shared,shared,shared
5,312,B,0.005,full,True,True,True,True,True,shared,shared,shared,shared
5,317,A,0.005,full,True,True,True,True,True,shared,shared,shared,shared
5,321,B,0.005,full,True,True,True,True,True,shared,shared,shared,shared
5,322,A,0.005,full,True,True,True,True,True,shared,shared,shared,shared
5,338,B,0.005,full,True,True,True,True,True,shared,shared,shared,shared
5,377,A,0.005,full,True,True,True,True,True,shared,shared,shared,shared
5,378,B,0.005,full,True,True,True,True,True,shared,shared,shared,shared
5,381,A,0.005,full,True,True,True,True,True,shared,shared,shared,shared
5,384,A,0.005,full,True,True,True,True,True,shared,shared,shared,shared
5,400,A,0.005,full,True,True,True,True,True,shared,shared,shared,shared
5,401,B,0.005,full,True,True,True,True,True,shared,shared,shared,shared
5,405,A,0.005,full,True,True,True,True,True,shared,shared,shared,shared
5,410,B,0.005,full,True,True,True,True,True,shared,shared,shared,shared
5,418,A,0.005,full,True,True,True,True,True,shared,shared,shared,shared
5,426,A,0.005,full,True,True,True,True,True,shared,shared,shared,shared
5,433,B,0.005,full,True,True,True,True,True,shared,shared,shared,shared
5,444,A,0.005,full,True,True,True,True,True,shared,shared,shared,shared
5,456,B,0.005,full,True,True,True,True,True,shared,shared,shared,shared
5,463,B,0.005,full,True,True,True,True,True,shared,shared,shared,shared
5,478,B,0.005,full,True,True,True,True,True,shared,shared,shared,shared
5,492,B,0.005,full,True,True,True,True,True,shared,shared,shared,shared
6,1,A,0.005,full,True,True,True,True,True,shared,shared,shared,shared
6,2,A,0.005,full,True,True,True,True,True,shared,shared,shared,shared
6,3,B,0.005,full,True,True,True,True,True,shared,shared,shared,shared
6,15,A,0.005,full,True,True,True,True,True,shared,shared,shared,shared
6,23,B,0.005,full,True,True,True,True,True,shared,shared,shared,shared
6,39,A,0.005,full,True,True,True,True,True,shared,shared,shared,shared
6,79,A,0.005,full,True,True,True,True,True,shared,shared,shared,shared
6,82,B,0.005,full,True,True,True,True,True,shared,shared,shared,shared
6,85,B,0.005,full,True,True,True,True,True,shared,shared,shared,shared
6,101,B,0.005,full,True,True,True,True,True,shared,shared,shared,shared
6,113,A,0.005,full,True,True,True,True,True,shared,shared,shared,shared
6,123,B,0.005,full,True,True,True,True,True,shared,shared,shared,shared
6,126,B,0.005,full,True,True,True,True,True,shared,shared,shared,shared
6,130,A,0.005,full,True,True,True,True,True,shared,shared,shared,shared
6,154,A,0.005,full,True,True,True,True,True,shared,shared,shared,shared
6,155,B,0.005,full,True,True,True,True,True,shared,shared,shared,shared
6,168,A,0.005,full,True,True,True,True,True,shared,shared,shared,shared
6,173,B,0.005,full,True,True,True,True,True,shared,shared,shared,shared
6,185,A,0.005,full,True,True,True,True,True,shared,shared,shared,shared
6,196,B,0.005,full,True,True,True,True,True,shared,shared,shared,shared
6,199,A,0.005,full,True,True,True,True,True,shared,shared,shared,shared
6,216,B,0.005,full,True,True,True,True,True,shared,shared,shared,shared
6,218,B,0.005,full,True,True,True,True,True,shared,shared,shared,shared
6,225,A,0.005,full,True,True,True,True,True,shared,shared,shared,shared
6,226,A,0.005,full,True,True,True,True,True,shared,shared,shared,shared
6,257,B,0.005,full,True,True,True,True,True,shared,shared,shared,shared
6,266,A,0.005,full,True,True,True,True,True,shared,shared,shared,shared
6,281,A,0.005,full,True,True,True,True,True,shared,shared,shared,shared
6,310,B,0.005,full,True,True,True,True,True,shared,shared,shared,shared
6,312,B,0.005,full,True,True,True,True,True,shared,shared,shared,shared
6,317,A,0.005,full,True,True,True,True,True,shared,shared,shared,shared
6,321,B,0.005,full,True,True,True,True,True,shared,shared,shared,shared
6,322,A,0.005,full,True,True,True,True,True,shared,shared,shared,shared
6,338,B,0.005,full,True,True,True,True,True,shared,shared,shared,shared
6,377,A,0.005,full,True,True,True,True,True,shared,shared,shared,shared
6,378,B,0.005,full,True,True,True,True,True,shared,shared,shared,shared
6,381,A,0.005,full,True,True,True,True,True,shared,shared,shared,shared
6,384,A,0.005,full,True,True,True,True,True,shared,shared,shared,shared
6,400,A,0.005,full,True,True,True,True,True,shared,shared,shared,shared
6,401,B,0.005,full,True,True,True,True,True,shared,shared,shared,shared
6,405,A,0.005,full,True,True,True,True,True,shared,shared,shared,shared
6,410,B,0.005,full,True,True,True,True,True,shared,shared,shared,shared
6,418,A,0.005,full,True,True,True,True,True,shared,shared,shared,shared
6,426,A,0.005,full,True,True,True,True,True,shared,shared,shared,shared
6,433,B,0.005,full,True,True,True,True,True,shared,shared,shared,shared
6,444,A,0.005,full,True,True,True,True,True,shared,shared,shared,shared
6,456,B,0.005,full,True,True,True,True,True,shared,shared,shared,shared
6,463,B,0.005,full,True,True,True,True,True,shared,shared,shared,shared
6,478,B,0.005,full,True,True,True,True,True,shared,shared,shared,shared
6,492,B,0.005,full,True,True,True,True,True,shared,shared,shared,shared
7,1,A,0.005,full,True,True,True,True,True,shared,shared,shared,shared
7,2,A,0.005,full,True,True,True,True,True,shared,shared,shared,shared
7,3,B,0.005,full,True,True,True,True,True,shared,shared,shared,shared
7,15,A,0.005,full,True,True,True,True,True,shared,shared,shared,shared
7,23,B,0.005,full,True,True,True,True,True,shared,shared,shared,shared
7,39,A,0.005,full,True,True,True,True,True,shared,shared,shared,shared
7,79,A,0.005,full,True,True,True,True,True,shared,shared,shared,shared
7,82,B,0.005,full,True,True,True,True,True,shared,shared,shared,shared
7,85,B,0.005,full,True,True,True,True,True,shared,shared,shared,shared
7,101,B,0.005,full,True,True,True,True,True,shared,shared,shared,shared
7,113,A,0.005,full,True,True,True,True,True,shared,shared,shared,shared
7,123,B,0.005,full,True,True,True,True,True,shared,shared,shared,shared
7,126,B,0.005,full,True,True,True,True,True,shared,shared,shared,shared
7,130,A,0.005,full,True,True,True,True,True,shared,shared,shared,shared
7,154,A,0.005,full,True,True,True,True,True,shared,shared,shared,shared
7,155,B,0.005,full,True,True,True,True,True,shared,shared,shared,shared
7,168,A,0.005,full,True,True,True,True,True,shared,shared,shared,shared
7,173,B,0.005,full,True,True,True,True,True,shared,shared,shared,shared
7,185,A,0.005,full,True,True,True,True,True,shared,shared,shared,shared
7,196,B,0.005,full,True,True,True,True,True,shared,shared,shared,shared
7,199,A,0.005,full,True,True,True,True,True,shared,shared,shared,shared
7,216,B,0.005,full,True,True,True,True,True,shared,shared,shared,shared
7,218,B,0.005,full,True,True,True,True,True,shared,shared,shared,shared
7,225,A,0.005,full,True,True,True,True,True,shared,shared,shared,shared
7,226,A,0.005,full,True,True,True,True,True,shared,shared,shared,shared
7,257,B,0.005,full,True,True,True,True,True,shared,shared,shared,shared
7,266,A,0.005,full,True,True,True,True,True,shared,shared,shared,shared
7,281,A,0.005,full,True,True,True,True,True,shared,shared,shared,shared
7,310,B,0.005,full,True,True,True,True,True,shared,shared,shared,shared
7,312,B,0.005,full,True,True,True,True,True,shared,shared,shared,shared
7,317,A,0.005,full,True,True,True,True,True,shared,shared,shared,shared
7,321,B,0.005,full,True,True,True,True,True,shared,shared,shared,shared
7,322,A,0.005,full,True,True,True,True,True,shared,shared,shared,shared
7,338,B,0.005,full,True,True,True,True,True,shared,shared,shared,shared
7,377,A,0.005,full,True,True,True,True,True,shared,shared,shared,shared
7,378,B,0.005,full,True,True,True,True,True,shared,shared,shared,shared
7,381,A,0.005,full,True,True,True,True,True,shared,shared,shared,shared
7,384,A,0.005,full,True,True,True,True,True,shared,shared,shared,shared
7,400,A,0.005,full,True,True,True,True,True,shared,shared,shared,shared
7,401,B,0.005,full,True,True,True,True,True,shared,shared,shared,shared
7,405,A,0.005,full,True,True,True,True,True,shared,shared,shared,shared
7,410,B,0.005,full,True,True,True,True,True,shared,shared,shared,shared
7,418,A,0.005,full,True,True,True,True,True,shared,shared,shared,shared
7,426,A,0.005,full,True,True,True,True,True,shared,shared,shared,shared
7,433,B,0.005,full,True,True,True,True,True,shared,shared,shared,shared
7,444,A,0.005,full,True,True,True,True,True,shared,shared,shared,shared
7,456,B,0.005,full,True,True,True,True,True,shared,shared,shared,shared
7,463,B,0.005,full,True,True,True,True,True,shared,shared,shared,shared
7,478,B,0.005,full,True,True,True,True,True,shared,shared,shared,shared
7,492,B,0.005,full,True,True,True,True,True,shared,shared,shared,shared
8,1,A,0.005,full,True,True,True,True,True,shared,shared,shared,shared
8,2,A,0.005,full,True,True,True,True,True,shared,shared,shared,shared
8,3,B,0.005,full,True,True,True,True,True,shared,shared,shared,shared
8,15,A,0.005,full,True,True,True,True,True,shared,shared,shared,shared
8,23,B,0.005,full,True,True,True,True,True,shared,shared,shared,shared
8,39,A,0.005,full,True,True,True,True,True,shared,shared,shared,shared
8,79,A,0.005,full,True,True,True,True,True,shared,shared,shared,shared
8,82,B,0.005,full,True,True,True,True,True,shared,shared,shared,shared
8,85,B,0.005,full,True,True,True,True,True,shared,shared,shared,shared
8,101,B,0.005,full,True,True,True,True,True,shared,shared,shared,shared
8,113,A,0.005,full,True,True,True,True,True,shared,shared,shared,shared
8,123,B,0.005,full,True,True,True,True,True,shared,shared,shared,shared
8,126,B,0.005,full,True,True,True,True,True,shared,shared,shared,shared
8,130,A,0.005,full,True,True,True,True,True,shared,shared,shared,shared
8,154,A,0.005,full,True,True,True,True,True,shared,shared,shared,shared
8,155,B,0.005,full,True,True,True,True,True,shared,shared,shared,shared
8,168,A,0.005,full,True,True,True,True,True,shared,shared,shared,shared
8,173,B,0.005,full,True,True,True,True,True,shared,shared,shared,shared
8,185,A,0.005,full,True,True,True,True,True,shared,shared,shared,shared
8,196,B,0.005,full,True,True,True,True,True,shared,shared,shared,shared
8,199,A,0.005,full,True,True,True,True,True,shared,shared,shared,shared
8,216,B,0.005,full,True,True,True,True,True,shared,shared,shared,shared
8,218,B,0.005,full,True,True,True,True,True,shared,shared,shared,shared
8,225,A,0.005,full,True,True,True,True,True,shared,shared,shared,shared
8,226,A,0.005,full,True,True,True,True,True,shared,shared,shared,shared
8,257,B,0.005,full,True,True,True,True,True,shared,shared,shared,shared
8,266,A,0.005,full,True,True,True,True,True,shared,shared,shared,shared
8,281,A,0.005,full,True,True,True,True,True,shared,shared,shared,shared
8,310,B,0.005,full,True,True,True,True,True,shared,shared,shared,shared
8,312,B,0.005,full,True,True,True,True,True,shared,shared,shared,shared
8,317,A,0.005,full,True,True,True,True,True,shared,shared,shared,shared
8,321,B,0.005,full,True,True,True,True,True,shared,shared,shared,shared
8,322,A,0.005,full,True,True,True,True,True,shared,shared,shared,shared
8,338,B,0.005,full,True,True,True,True,True,shared,shared,shared,shared
8,377,A,0.005,full,True,True,True,True,True,shared,shared,shared,shared
8,378,B,0.005,full,True,True,True,True,True,shared,shared,shared,shared
8,381,A,0.005,full,True,True,True,True,True,shared,shared,shared,shared
8,384,A,0.005,full,True,True,True,True,True,shared,shared,shared,shared
8,400,A,0.005,full,True,True,True,True,True,shared,shared,shared,shared
8,401,B,0.005,full,True,True,True,True,True,shared,shared,shared,shared
8,405,A,0.005,full,True,True,True,True,True,shared,shared,shared,shared
8,410,B,0.005,full,True,True,True,True,True,shared,shared,shared,shared
8,418,A,0.005,full,True,True,True,True,True,shared,shared,shared,shared
8,426,A,0.005,full,True,True,True,True,True,shared,shared,shared,shared
8,433,B,0.005,full,True,True,True,True,True,shared,shared,shared,shared
8,444,A,0.005,full,True,True,True,True,True,shared,shared,shared,shared
8,456,B,0.005,full,True,True,True,True,True,shared,shared,shared,shared
8,463,B,0.005,full,True,True,True,True,True,shared,shared,shared,shared
8,478,B,0.005,full,True,True,True,True,True,shared,shared,shared,shared
8,492,B,0.005,full,True,True,True,True,True,shared,shared,shared,shared
9,1,A,0.005,full,False,True,False,True,False,neither,lost,lost,neither
9,2,A,0.005,full,False,True,True,True,False,gained,shared,shared,gained
9,3,B,0.005,full,False,True,False,True,False,neither,lost,lost,neither
9,15,A,0.005,full,False,True,False,True,False,neither,lost,lost,neither
9,23,B,0.005,full,False,False,True,False,False,gained,gained,gained,gained
9,39,A,0.005,full,False,True,True,True,False,gained,shared,shared,gained
9,79,A,0.005,full,False,True,False,True,True,neither,lost,lost,lost
9,82,B,0.005,full,False,True,True,True,False,gained,shared,shared,gained
9,85,B,0.005,full,False,False,False,False,False,neither,neither,neither,neither
9,101,B,0.005,full,False,True,True,True,False,gained,shared,shared,gained
9,113,A,0.005,full,False,False,False,False,False,neither,neither,neither,neither
9,123,B,0.005,full,False,True,True,True,False,gained,shared,shared,gained
9,126,B,0.005,full,False,True,True,True,True,gained,shared,shared,shared
9,130,A,0.005,full,False,True,False,True,False,neither,lost,lost,neither
9,154,A,0.005,full,True,True,False,True,True,lost,lost,lost,lost
9,155,B,0.005,full,False,False,False,True,True,neither,neither,lost,lost
9,168,A,0.005,full,False,True,False,True,True,neither,lost,lost,lost
9,173,B,0.005,full,False,True,False,True,True,neither,lost,lost,lost
9,185,A,0.005,full,True,True,True,True,True,shared,shared,shared,shared
9,196,B,0.005,full,False,True,True,True,False,gained,shared,shared,gained
9,199,A,0.005,full,False,True,True,True,False,gained,shared,shared,gained
9,216,B,0.005,full,False,True,True,True,False,gained,shared,shared,gained
9,218,B,0.005,full,False,True,True,True,False,gained,shared,shared,gained
9,225,A,0.005,full,True,True,True,True,False,shared,shared,shared,gained
9,226,A,0.005,full,False,True,True,True,False,gained,shared,shared,gained
9,257,B,0.005,full,False,False,False,True,False,neither,neither,lost,neither
9,266,A,0.005,full,False,True,True,True,False,gained,shared,shared,gained
9,281,A,0.005,full,True,True,True,True,True,shared,shared,shared,shared
9,310,B,0.005,full,False,True,True,True,False,gained,shared,shared,gained
9,312,B,0.005,full,False,True,True,True,False,gained,shared,shared,gained
9,317,A,0.005,full,False,True,True,True,True,gained,shared,shared,shared
9,321,B,0.005,full,False,True,True,True,True,gained,shared,shared,shared
9,322,A,0.005,full,True,True,True,True,True,shared,shared,shared,shared
9,338,B,0.005,full,False,True,True,True,False,gained,shared,shared,gained
9,377,A,0.005,full,False,True,False,True,True,neither,lost,lost,lost
9,378,B,0.005,full,False,True,True,True,False,gained,shared,shared,gained
9,381,A,0.005,full,False,True,True,True,False,gained,shared,shared,gained
9,384,A,0.005,full,False,True,True,True,True,gained,shared,shared,shared
9,400,A,0.005,full,False,True,True,True,True,gained,shared,shared,shared
9,401,B,0.005,full,True,True,False,True,False,lost,lost,lost,neither
9,405,A,0.005,full,False,False,False,False,False,neither,neither,neither,neither
9,410,B,0.005,full,False,False,False,False,False,neither,neither,neither,neither
9,418,A,0.005,full,False,True,True,True,False,gained,shared,shared,gained
9,426,A,0.005,full,False,True,True,True,False,gained,shared,shared,gained
9,433,B,0.005,full,False,True,True,True,False,gained,shared,shared,gained
9,444,A,0.005,full,False,True,False,True,False,neither,lost,lost,neither
9,456,B,0.005,full,False,True,True,True,False,gained,shared,shared,gained
9,463,B,0.005,full,False,True,False,True,True,neither,lost,lost,lost
9,478,B,0.005,full,False,False,False,False,False,neither,neither,neither,neither
9,492,B,0.005,full,False,True,True,True,False,gained,shared,shared,gained
10,1,A,0.005,full,True,True,True,True,True,shared,shared,shared,shared
10,2,A,0.005,full,True,True,True,True,True,shared,shared,shared,shared
10,3,B,0.005,full,True,True,True,True,True,shared,shared,shared,shared
10,15,A,0.005,full,True,True,True,True,True,shared,shared,shared,shared
10,23,B,0.005,full,True,True,True,True,True,shared,shared,shared,shared
10,39,A,0.005,full,True,True,True,True,True,shared,shared,shared,shared
10,79,A,0.005,full,True,True,True,True,True,shared,shared,shared,shared
10,82,B,0.005,full,True,True,True,True,True,shared,shared,shared,shared
10,85,B,0.005,full,True,True,True,True,True,shared,shared,shared,shared
10,101,B,0.005,full,True,True,True,True,True,shared,shared,shared,shared
10,113,A,0.005,full,True,True,True,True,True,shared,shared,shared,shared
10,123,B,0.005,full,True,True,True,True,True,shared,shared,shared,shared
10,126,B,0.005,full,True,True,True,True,True,shared,shared,shared,shared
10,130,A,0.005,full,True,True,True,True,True,shared,shared,shared,shared
10,154,A,0.005,full,True,True,True,True,True,shared,shared,shared,shared
10,155,B,0.005,full,True,True,True,True,True,shared,shared,shared,shared
10,168,A,0.005,full,True,True,True,True,True,shared,shared,shared,shared
10,173,B,0.005,full,True,True,True,True,True,shared,shared,shared,shared
10,185,A,0.005,full,True,True,True,True,True,shared,shared,shared,shared
10,196,B,0.005,full,True,True,True,True,True,shared,shared,shared,shared
10,199,A,0.005,full,True,True,True,True,True,shared,shared,shared,shared
10,216,B,0.005,full,True,True,True,True,True,shared,shared,shared,shared
10,218,B,0.005,full,True,True,True,True,True,shared,shared,shared,shared
10,225,A,0.005,full,True,True,True,True,True,shared,shared,shared,shared
10,226,A,0.005,full,True,True,True,True,True,shared,shared,shared,shared
10,257,B,0.005,full,True,True,True,True,True,shared,shared,shared,shared
10,266,A,0.005,full,True,True,True,True,True,shared,shared,shared,shared
10,281,A,0.005,full,True,True,True,True,True,shared,shared,shared,shared
10,310,B,0.005,full,True,True,True,True,True,shared,shared,shared,shared
10,312,B,0.005,full,True,True,True,True,True,shared,shared,shared,shared
10,317,A,0.005,full,True,True,True,True,True,shared,shared,shared,shared
10,321,B,0.005,full,True,True,True,True,True,shared,shared,shared,shared
10,322,A,0.005,full,True,True,True,True,True,shared,shared,shared,shared
10,338,B,0.005,full,True,True,True,True,True,shared,shared,shared,shared
10,377,A,0.005,full,True,True,True,True,True,shared,shared,shared,shared
10,378,B,0.005,full,True,True,True,True,True,shared,shared,shared,shared
10,381,A,0.005,full,True,True,True,True,True,shared,shared,shared,shared
10,384,A,0.005,full,True,True,True,True,True,shared,shared,shared,shared
10,400,A,0.005,full,True,True,True,True,True,shared,shared,shared,shared
10,401,B,0.005,full,True,True,True,True,True,shared,shared,shared,shared
10,405,A,0.005,full,True,True,True,True,True,shared,shared,shared,shared
10,410,B,0.005,full,True,True,True,True,True,shared,shared,shared,shared
10,418,A,0.005,full,True,True,True,True,True,shared,shared,shared,shared
10,426,A,0.005,full,True,True,True,True,True,shared,shared,shared,shared
10,433,B,0.005,full,True,True,True,True,True,shared,shared,shared,shared
10,444,A,0.005,full,True,True,True,True,True,shared,shared,shared,shared
10,456,B,0.005,full,True,True,True,True,True,shared,shared,shared,shared
10,463,B,0.005,full,True,True,True,True,True,shared,shared,shared,shared
10,478,B,0.005,full,True,True,True,True,True,shared,shared,shared,shared
10,492,B,0.005,full,True,True,True,True,True,shared,shared,shared,shared
11,1,A,0.005,full,True,True,True,True,True,shared,shared,shared,shared
11,2,A,0.005,full,True,True,True,True,True,shared,shared,shared,shared
11,3,B,0.005,full,True,True,True,True,True,shared,shared,shared,shared
11,15,A,0.005,full,True,True,True,True,True,shared,shared,shared,shared
11,23,B,0.005,full,True,True,True,True,True,shared,shared,shared,shared
11,39,A,0.005,full,True,True,True,True,True,shared,shared,shared,shared
11,79,A,0.005,full,True,True,True,True,True,shared,shared,shared,shared
11,82,B,0.005,full,True,True,True,True,True,shared,shared,shared,shared
11,85,B,0.005,full,True,True,True,True,True,shared,shared,shared,shared
11,101,B,0.005,full,True,True,True,True,True,shared,shared,shared,shared
11,113,A,0.005,full,True,True,True,True,True,shared,shared,shared,shared
11,123,B,0.005,full,True,True,True,True,True,shared,shared,shared,shared
11,126,B,0.005,full,True,True,True,True,True,shared,shared,shared,shared
11,130,A,0.005,full,True,True,True,True,True,shared,shared,shared,shared
11,154,A,0.005,full,True,True,True,True,True,shared,shared,shared,shared
11,155,B,0.005,full,True,True,True,True,True,shared,shared,shared,shared
11,168,A,0.005,full,True,True,True,True,True,shared,shared,shared,shared
11,173,B,0.005,full,True,True,True,True,True,shared,shared,shared,shared
11,185,A,0.005,full,True,True,True,True,True,shared,shared,shared,shared
11,196,B,0.005,full,True,True,True,True,True,shared,shared,shared,shared
11,199,A,0.005,full,True,True,True,True,True,shared,shared,shared,shared
11,216,B,0.005,full,True,True,True,True,True,shared,shared,shared,shared
11,218,B,0.005,full,True,True,True,True,True,shared,shared,shared,shared
11,225,A,0.005,full,True,True,True,True,True,shared,shared,shared,shared
11,226,A,0.005,full,True,True,True,True,True,shared,shared,shared,shared
11,257,B,0.005,full,True,True,True,True,True,shared,shared,shared,shared
11,266,A,0.005,full,True,True,True,True,True,shared,shared,shared,shared
11,281,A,0.005,full,True,True,True,True,True,shared,shared,shared,shared
11,310,B,0.005,full,True,True,True,True,True,shared,shared,shared,shared
11,312,B,0.005,full,True,True,True,True,True,shared,shared,shared,shared
11,317,A,0.005,full,True,True,True,True,True,shared,shared,shared,shared
11,321,B,0.005,full,True,True,True,True,True,shared,shared,shared,shared
11,322,A,0.005,full,True,True,True,True,True,shared,shared,shared,shared
11,338,B,0.005,full,True,True,True,True,True,shared,shared,shared,shared
11,377,A,0.005,full,True,True,True,True,True,shared,shared,shared,shared
11,378,B,0.005,full,True,True,True,True,True,shared,shared,shared,shared
11,381,A,0.005,full,True,True,True,True,True,shared,shared,shared,shared
11,384,A,0.005,full,True,True,True,True,True,shared,shared,shared,shared
11,400,A,0.005,full,True,True,True,True,True,shared,shared,shared,shared
11,401,B,0.005,full,True,True,True,True,True,shared,shared,shared,shared
11,405,A,0.005,full,True,True,True,True,True,shared,shared,shared,shared
11,410,B,0.005,full,True,True,True,True,True,shared,shared,shared,shared
11,418,A,0.005,full,True,True,True,True,True,shared,shared,shared,shared
11,426,A,0.005,full,True,True,True,True,True,shared,shared,shared,shared
11,433,B,0.005,full,True,True,True,True,True,shared,shared,shared,shared
11,444,A,0.005,full,True,True,True,True,True,shared,shared,shared,shared
11,456,B,0.005,full,True,True,True,True,True,shared,shared,shared,shared
11,463,B,0.005,full,True,True,True,True,True,shared,shared,shared,shared
11,478,B,0.005,full,True,True,True,True,True,shared,shared,shared,shared
11,492,B,0.005,full,True,True,True,True,True,shared,shared,shared,shared
12,1,A,0.005,full,True,True,True,True,True,shared,shared,shared,shared
12,2,A,0.005,full,True,True,True,True,True,shared,shared,shared,shared
12,3,B,0.005,full,True,True,True,True,True,shared,shared,shared,shared
12,15,A,0.005,full,True,True,True,True,True,shared,shared,shared,shared
12,23,B,0.005,full,True,True,True,True,True,shared,shared,shared,shared
12,39,A,0.005,full,True,True,True,True,True,shared,shared,shared,shared
12,79,A,0.005,full,True,True,True,True,True,shared,shared,shared,shared
12,82,B,0.005,full,True,True,True,True,True,shared,shared,shared,shared
12,85,B,0.005,full,True,True,True,True,True,shared,shared,shared,shared
12,101,B,0.005,full,True,True,True,True,True,shared,shared,shared,shared
12,113,A,0.005,full,True,True,True,True,True,shared,shared,shared,shared
12,123,B,0.005,full,True,True,True,True,True,shared,shared,shared,shared
12,126,B,0.005,full,True,True,True,True,True,shared,shared,shared,shared
12,130,A,0.005,full,True,True,True,True,True,shared,shared,shared,shared
12,154,A,0.005,full,True,True,True,True,True,shared,shared,shared,shared
12,155,B,0.005,full,True,True,True,True,True,shared,shared,shared,shared
12,168,A,0.005,full,True,True,True,True,True,shared,shared,shared,shared
12,173,B,0.005,full,True,True,True,True,True,shared,shared,shared,shared
12,185,A,0.005,full,True,True,True,True,True,shared,shared,shared,shared
12,196,B,0.005,full,True,True,True,True,True,shared,shared,shared,shared
12,199,A,0.005,full,True,True,True,True,True,shared,shared,shared,shared
12,216,B,0.005,full,True,True,True,True,True,shared,shared,shared,shared
12,218,B,0.005,full,True,True,True,True,True,shared,shared,shared,shared
12,225,A,0.005,full,True,True,True,True,True,shared,shared,shared,shared
12,226,A,0.005,full,True,True,True,True,True,shared,shared,shared,shared
12,257,B,0.005,full,True,True,True,True,True,shared,shared,shared,shared
12,266,A,0.005,full,True,True,True,True,True,shared,shared,shared,shared
12,281,A,0.005,full,True,True,True,True,True,shared,shared,shared,shared
12,310,B,0.005,full,True,True,True,True,True,shared,shared,shared,shared
12,312,B,0.005,full,True,True,True,True,True,shared,shared,shared,shared
12,317,A,0.005,full,True,True,True,True,True,shared,shared,shared,shared
12,321,B,0.005,full,True,True,True,True,True,shared,shared,shared,shared
12,322,A,0.005,full,True,True,True,True,True,shared,shared,shared,shared
12,338,B,0.005,full,True,True,True,True,True,shared,shared,shared,shared
12,377,A,0.005,full,True,True,True,True,True,shared,shared,shared,shared
12,378,B,0.005,full,True,True,True,True,True,shared,shared,shared,shared
12,381,A,0.005,full,True,True,True,True,True,shared,shared,shared,shared
12,384,A,0.005,full,True,True,True,True,True,shared,shared,shared,shared
12,400,A,0.005,full,True,True,True,True,True,shared,shared,shared,shared
12,401,B,0.005,full,True,True,True,True,True,shared,shared,shared,shared
12,405,A,0.005,full,True,True,True,True,True,shared,shared,shared,shared
12,410,B,0.005,full,True,True,True,True,True,shared,shared,shared,shared
12,418,A,0.005,full,True,True,True,True,True,shared,shared,shared,shared
12,426,A,0.005,full,True,True,True,True,True,shared,shared,shared,shared
12,433,B,0.005,full,True,True,True,True,True,shared,shared,shared,shared
12,444,A,0.005,full,True,True,True,True,True,shared,shared,shared,shared
12,456,B,0.005,full,True,True,True,True,True,shared,shared,shared,shared
12,463,B,0.005,full,True,True,True,True,True,shared,shared,shared,shared
12,478,B,0.005,full,True,True,True,True,True,shared,shared,shared,shared
12,492,B,0.005,full,True,True,True,True,True,shared,shared,shared,shared
13,1,A,0.005,full,True,True,True,True,True,shared,shared,shared,shared
13,2,A,0.005,full,True,True,True,True,True,shared,shared,shared,shared
13,3,B,0.005,full,True,True,True,True,True,shared,shared,shared,shared
13,15,A,0.005,full,True,True,True,True,True,shared,shared,shared,shared
13,23,B,0.005,full,True,True,True,True,True,shared,shared,shared,shared
13,39,A,0.005,full,True,True,True,True,True,shared,shared,shared,shared
13,79,A,0.005,full,True,True,True,True,True,shared,shared,shared,shared
13,82,B,0.005,full,True,True,True,True,True,shared,shared,shared,shared
13,85,B,0.005,full,True,True,True,True,True,shared,shared,shared,shared
13,101,B,0.005,full,True,True,True,True,True,shared,shared,shared,shared
13,113,A,0.005,full,True,True,True,True,True,shared,shared,shared,shared
13,123,B,0.005,full,True,True,True,True,True,shared,shared,shared,shared
13,126,B,0.005,full,True,True,True,True,True,shared,shared,shared,shared
13,130,A,0.005,full,True,True,True,True,True,shared,shared,shared,shared
13,154,A,0.005,full,True,True,True,True,True,shared,shared,shared,shared
13,155,B,0.005,full,True,True,True,True,True,shared,shared,shared,shared
13,168,A,0.005,full,True,True,True,True,True,shared,shared,shared,shared
13,173,B,0.005,full,True,True,True,True,True,shared,shared,shared,shared
13,185,A,0.005,full,True,True,True,True,True,shared,shared,shared,shared
13,196,B,0.005,full,True,True,True,True,True,shared,shared,shared,shared
13,199,A,0.005,full,True,True,True,True,True,shared,shared,shared,shared
13,216,B,0.005,full,True,True,True,True,True,shared,shared,shared,shared
13,218,B,0.005,full,True,True,True,True,True,shared,shared,shared,shared
13,225,A,0.005,full,True,True,True,True,True,shared,shared,shared,shared
13,226,A,0.005,full,True,True,True,True,True,shared,shared,shared,shared
13,257,B,0.005,full,True,True,True,True,True,shared,shared,shared,shared
13,266,A,0.005,full,True,True,True,True,True,shared,shared,shared,shared
13,281,A,0.005,full,True,True,True,True,True,shared,shared,shared,shared
13,310,B,0.005,full,True,True,True,True,True,shared,shared,shared,shared
13,312,B,0.005,full,True,True,True,True,True,shared,shared,shared,shared
13,317,A,0.005,full,True,True,True,True,True,shared,shared,shared,shared
13,321,B,0.005,full,True,True,True,True,True,shared,shared,shared,shared
13,322,A,0.005,full,True,True,True,True,True,shared,shared,shared,shared
13,338,B,0.005,full,True,True,True,True,True,shared,shared,shared,shared
13,377,A,0.005,full,True,True,True,True,True,shared,shared,shared,shared
13,378,B,0.005,full,True,True,True,True,True,shared,shared,shared,shared
13,381,A,0.005,full,True,True,True,True,True,shared,shared,shared,shared
13,384,A,0.005,full,True,True,True,True,True,shared,shared,shared,shared
13,400,A,0.005,full,True,True,True,True,True,shared,shared,shared,shared
13,401,B,0.005,full,True,True,True,True,True,shared,shared,shared,shared
13,405,A,0.005,full,True,True,True,True,True,shared,shared,shared,shared
13,410,B,0.005,full,True,True,True,True,True,shared,shared,shared,shared
13,418,A,0.005,full,True,True,True,True,True,shared,shared,shared,shared
13,426,A,0.005,full,True,True,True,True,True,shared,shared,shared,shared
13,433,B,0.005,full,True,True,True,True,True,shared,shared,shared,shared
13,444,A,0.005,full,True,True,True,True,True,shared,shared,shared,shared
13,456,B,0.005,full,True,True,True,True,True,shared,shared,shared,shared
13,463,B,0.005,full,True,True,True,True,True,shared,shared,shared,shared
13,478,B,0.005,full,True,True,True,True,True,shared,shared,shared,shared
13,492,B,0.005,full,True,True,True,True,True,shared,shared,shared,shared
14,1,A,0.005,full,True,True,True,True,True,shared,shared,shared,shared
14,2,A,0.005,full,True,True,True,True,True,shared,shared,shared,shared
14,3,B,0.005,full,True,True,True,True,True,shared,shared,shared,shared
14,15,A,0.005,full,True,True,True,True,True,shared,shared,shared,shared
14,23,B,0.005,full,True,True,True,True,True,shared,shared,shared,shared
14,39,A,0.005,full,True,True,True,True,True,shared,shared,shared,shared
14,79,A,0.005,full,True,True,True,True,True,shared,shared,shared,shared
14,82,B,0.005,full,True,True,True,True,True,shared,shared,shared,shared
14,85,B,0.005,full,True,True,True,True,True,shared,shared,shared,shared
14,101,B,0.005,full,True,True,True,True,True,shared,shared,shared,shared
14,113,A,0.005,full,True,True,True,True,True,shared,shared,shared,shared
14,123,B,0.005,full,True,True,True,True,True,shared,shared,shared,shared
14,126,B,0.005,full,True,True,True,True,True,shared,shared,shared,shared
14,130,A,0.005,full,True,True,True,True,True,shared,shared,shared,shared
14,154,A,0.005,full,True,True,True,True,True,shared,shared,shared,shared
14,155,B,0.005,full,True,True,True,True,True,shared,shared,shared,shared
14,168,A,0.005,full,True,True,True,True,True,shared,shared,shared,shared
14,173,B,0.005,full,True,True,True,True,True,shared,shared,shared,shared
14,185,A,0.005,full,True,True,True,True,True,shared,shared,shared,shared
14,196,B,0.005,full,True,True,True,True,True,shared,shared,shared,shared
14,199,A,0.005,full,True,True,True,True,True,shared,shared,shared,shared
14,216,B,0.005,full,True,True,True,True,True,shared,shared,shared,shared
14,218,B,0.005,full,True,True,True,True,True,shared,shared,shared,shared
14,225,A,0.005,full,True,True,True,True,True,shared,shared,shared,shared
14,226,A,0.005,full,True,True,True,True,True,shared,shared,shared,shared
14,257,B,0.005,full,True,True,True,True,True,shared,shared,shared,shared
14,266,A,0.005,full,True,True,True,True,True,shared,shared,shared,shared
14,281,A,0.005,full,True,True,True,True,True,shared,shared,shared,shared
14,310,B,0.005,full,True,True,True,True,True,shared,shared,shared,shared
14,312,B,0.005,full,True,True,True,True,True,shared,shared,shared,shared
14,317,A,0.005,full,True,True,True,True,True,shared,shared,shared,shared
14,321,B,0.005,full,True,True,True,True,True,shared,shared,shared,shared
14,322,A,0.005,full,True,True,True,True,True,shared,shared,shared,shared
14,338,B,0.005,full,True,True,True,True,True,shared,shared,shared,shared
14,377,A,0.005,full,True,True,True,True,True,shared,shared,shared,shared
14,378,B,0.005,full,True,True,True,True,True,shared,shared,shared,shared
14,381,A,0.005,full,True,True,True,True,True,shared,shared,shared,shared
14,384,A,0.005,full,True,True,True,True,True,shared,shared,shared,shared
14,400,A,0.005,full,True,True,True,True,True,shared,shared,shared,shared
14,401,B,0.005,full,True,True,True,True,True,shared,shared,shared,shared
14,405,A,0.005,full,True,True,True,True,True,shared,shared,shared,shared
14,410,B,0.005,full,True,True,True,True,True,shared,shared,shared,shared
14,418,A,0.005,full,True,True,True,True,True,shared,shared,shared,shared
14,426,A,0.005,full,True,True,True,True,True,shared,shared,shared,shared
14,433,B,0.005,full,True,True,True,True,True,shared,shared,shared,shared
14,444,A,0.005,full,True,True,True,True,True,shared,shared,shared,shared
14,456,B,0.005,full,True,True,True,True,True,shared,shared,shared,shared
14,463,B,0.005,full,True,True,True,True,True,shared,shared,shared,shared
14,478,B,0.005,full,True,True,True,True,True,shared,shared,shared,shared
14,492,B,0.005,full,True,True,True,True,True,shared,shared,shared,shared
15,1,A,0.005,full,False,False,False,False,False,neither,neither,neither,neither
15,2,A,0.005,full,False,False,False,False,False,neither,neither,neither,neither
15,3,B,0.005,full,False,False,False,False,False,neither,neither,neither,neither
15,15,A,0.005,full,False,False,False,False,False,neither,neither,neither,neither
15,23,B,0.005,full,False,False,False,False,False,neither,neither,neither,neither
15,39,A,0.005,full,False,False,False,False,False,neither,neither,neither,neither
15,79,A,0.005,full,True,True,False,True,True,lost,lost,lost,lost
15,82,B,0.005,full,False,False,False,False,False,neither,neither,neither,neither
15,85,B,0.005,full,False,False,False,False,False,neither,neither,neither,neither
15,101,B,0.005,full,False,False,False,False,False,neither,neither,neither,neither
15,113,A,0.005,full,False,False,False,False,False,neither,neither,neither,neither
15,123,B,0.005,full,False,False,False,False,False,neither,neither,neither,neither
15,126,B,0.005,full,False,False,False,False,True,neither,neither,neither,lost
15,130,A,0.005,full,False,False,False,False,False,neither,neither,neither,neither
15,154,A,0.005,full,True,True,False,True,True,lost,lost,lost,lost
15,155,B,0.005,full,False,False,False,False,True,neither,neither,neither,lost
15,168,A,0.005,full,False,False,False,False,False,neither,neither,neither,neither
15,173,B,0.005,full,False,False,False,False,True,neither,neither,neither,lost
15,185,A,0.005,full,True,True,False,True,True,lost,lost,lost,lost
15,196,B,0.005,full,False,False,False,False,False,neither,neither,neither,neither
15,199,A,0.005,full,False,False,False,False,False,neither,neither,neither,neither
15,216,B,0.005,full,False,False,False,False,False,neither,neither,neither,neither
15,218,B,0.005,full,False,False,False,False,True,neither,neither,neither,lost
15,225,A,0.005,full,True,True,True,True,False,shared,shared,shared,gained
15,226,A,0.005,full,False,True,False,True,False,neither,lost,lost,neither
15,257,B,0.005,full,False,False,False,False,True,neither,neither,neither,lost
15,266,A,0.005,full,False,False,False,False,False,neither,neither,neither,neither
15,281,A,0.005,full,True,True,True,True,True,shared,shared,shared,shared
15,310,B,0.005,full,False,False,False,False,True,neither,neither,neither,lost
15,312,B,0.005,full,False,False,False,False,False,neither,neither,neither,neither
15,317,A,0.005,full,False,False,False,False,True,neither,neither,neither,lost
15,321,B,0.005,full,False,False,False,False,True,neither,neither,neither,lost
15,322,A,0.005,full,True,True,True,True,True,shared,shared,shared,shared
15,338,B,0.005,full,False,False,False,False,False,neither,neither,neither,neither
15,377,A,0.005,full,False,False,False,False,True,neither,neither,neither,lost
15,378,B,0.005,full,False,False,True,False,False,gained,gained,gained,gained
15,381,A,0.005,full,False,False,False,False,False,neither,neither,neither,neither
15,384,A,0.005,full,False,False,False,False,True,neither,neither,neither,lost
15,400,A,0.005,full,False,False,True,False,True,gained,gained,gained,shared
15,401,B,0.005,full,True,True,False,True,True,lost,lost,lost,lost
15,405,A,0.005,full,False,False,False,False,False,neither,neither,neither,neither
15,410,B,0.005,full,False,False,False,False,False,neither,neither,neither,neither
15,418,A,0.005,full,False,False,False,False,False,neither,neither,neither,neither
15,426,A,0.005,full,False,False,False,False,False,neither,neither,neither,neither
15,433,B,0.005,full,False,False,False,False,False,neither,neither,neither,neither
15,444,A,0.005,full,False,False,False,False,False,neither,neither,neither,neither
15,456,B,0.005,full,False,False,False,False,False,neither,neither,neither,neither
15,463,B,0.005,full,False,False,False,False,True,neither,neither,neither,lost
15,478,B,0.005,full,False,False,False,False,False,neither,neither,neither,neither
15,492,B,0.005,full,False,False,False,False,False,neither,neither,neither,neither
16,1,A,0.005,full,True,True,True,True,True,shared,shared,shared,shared
16,2,A,0.005,full,True,True,True,True,True,shared,shared,shared,shared
16,3,B,0.005,full,True,True,True,True,True,shared,shared,shared,shared
16,15,A,0.005,full,True,True,True,True,True,shared,shared,shared,shared
16,23,B,0.005,full,True,True,True,True,True,shared,shared,shared,shared
16,39,A,0.005,full,True,True,True,True,True,shared,shared,shared,shared
16,79,A,0.005,full,True,True,True,True,True,shared,shared,shared,shared
16,82,B,0.005,full,True,True,True,True,True,shared,shared,shared,shared
16,85,B,0.005,full,True,True,True,True,True,shared,shared,shared,shared
16,101,B,0.005,full,True,True,True,True,True,shared,shared,shared,shared
16,113,A,0.005,full,True,True,True,True,True,shared,shared,shared,shared
16,123,B,0.005,full,True,True,True,True,True,shared,shared,shared,shared
16,126,B,0.005,full,True,True,True,True,True,shared,shared,shared,shared
16,130,A,0.005,full,True,True,True,True,True,shared,shared,shared,shared
16,154,A,0.005,full,True,True,True,True,True,shared,shared,shared,shared
16,155,B,0.005,full,True,True,True,True,True,shared,shared,shared,shared
16,168,A,0.005,full,True,True,True,True,True,shared,shared,shared,shared
16,173,B,0.005,full,True,True,True,True,True,shared,shared,shared,shared
16,185,A,0.005,full,True,True,True,True,True,shared,shared,shared,shared
16,196,B,0.005,full,True,True,True,True,True,shared,shared,shared,shared
16,199,A,0.005,full,True,True,True,True,True,shared,shared,shared,shared
16,216,B,0.005,full,True,True,True,True,True,shared,shared,shared,shared
16,218,B,0.005,full,True,True,True,True,True,shared,shared,shared,shared
16,225,A,0.005,full,True,True,True,True,True,shared,shared,shared,shared
16,226,A,0.005,full,True,True,True,True,True,shared,shared,shared,shared
16,257,B,0.005,full,True,True,True,True,True,shared,shared,shared,shared
16,266,A,0.005,full,True,True,True,True,True,shared,shared,shared,shared
16,281,A,0.005,full,True,True,True,True,True,shared,shared,shared,shared
16,310,B,0.005,full,True,True,True,True,True,shared,shared,shared,shared
16,312,B,0.005,full,True,True,True,True,True,shared,shared,shared,shared
16,317,A,0.005,full,True,True,True,True,True,shared,shared,shared,shared
16,321,B,0.005,full,True,True,True,True,True,shared,shared,shared,shared
16,322,A,0.005,full,True,True,True,True,True,shared,shared,shared,shared
16,338,B,0.005,full,True,True,True,True,True,shared,shared,shared,shared
16,377,A,0.005,full,True,True,True,True,True,shared,shared,shared,shared
16,378,B,0.005,full,True,True,True,True,True,shared,shared,shared,shared
16,381,A,0.005,full,True,True,True,True,True,shared,shared,shared,shared
16,384,A,0.005,full,True,True,True,True,True,shared,shared,shared,shared
16,400,A,0.005,full,True,True,True,True,True,shared,shared,shared,shared
16,401,B,0.005,full,True,True,True,True,True,shared,shared,shared,shared
16,405,A,0.005,full,True,True,True,True,True,shared,shared,shared,shared
16,410,B,0.005,full,True,True,True,True,True,shared,shared,shared,shared
16,418,A,0.005,full,True,True,True,True,True,shared,shared,shared,shared
16,426,A,0.005,full,True,True,True,True,True,shared,shared,shared,shared
16,433,B,0.005,full,True,True,True,True,True,shared,shared,shared,shared
16,444,A,0.005,full,True,True,True,True,True,shared,shared,shared,shared
16,456,B,0.005,full,True,True,True,True,True,shared,shared,shared,shared
16,463,B,0.005,full,True,True,True,True,True,shared,shared,shared,shared
16,478,B,0.005,full,True,True,True,True,True,shared,shared,shared,shared
16,492,B,0.005,full,True,True,True,True,True,shared,shared,shared,shared
17,1,A,0.005,full,True,True,True,True,True,shared,shared,shared,shared
17,2,A,0.005,full,True,True,True,True,True,shared,shared,shared,shared
17,3,B,0.005,full,True,True,True,True,True,shared,shared,shared,shared
17,15,A,0.005,full,True,True,True,True,True,shared,shared,shared,shared
17,23,B,0.005,full,True,True,True,True,True,shared,shared,shared,shared
17,39,A,0.005,full,True,True,True,True,True,shared,shared,shared,shared
17,79,A,0.005,full,True,True,True,True,True,shared,shared,shared,shared
17,82,B,0.005,full,True,True,True,True,True,shared,shared,shared,shared
17,85,B,0.005,full,True,True,True,True,True,shared,shared,shared,shared
17,101,B,0.005,full,True,True,True,True,True,shared,shared,shared,shared
17,113,A,0.005,full,True,True,True,True,True,shared,shared,shared,shared
17,123,B,0.005,full,True,True,True,True,True,shared,shared,shared,shared
17,126,B,0.005,full,True,True,True,True,True,shared,shared,shared,shared
17,130,A,0.005,full,True,True,True,True,True,shared,shared,shared,shared
17,154,A,0.005,full,True,True,True,True,True,shared,shared,shared,shared
17,155,B,0.005,full,True,True,True,True,True,shared,shared,shared,shared
17,168,A,0.005,full,True,True,True,True,True,shared,shared,shared,shared
17,173,B,0.005,full,True,True,True,True,True,shared,shared,shared,shared
17,185,A,0.005,full,True,True,True,True,True,shared,shared,shared,shared
17,196,B,0.005,full,True,True,True,True,True,shared,shared,shared,shared
17,199,A,0.005,full,True,True,True,True,True,shared,shared,shared,shared
17,216,B,0.005,full,True,True,True,True,True,shared,shared,shared,shared
17,218,B,0.005,full,True,True,True,True,True,shared,shared,shared,shared
17,225,A,0.005,full,True,True,True,True,True,shared,shared,shared,shared
17,226,A,0.005,full,True,True,True,True,True,shared,shared,shared,shared
17,257,B,0.005,full,True,True,True,True,True,shared,shared,shared,shared
17,266,A,0.005,full,True,True,True,True,True,shared,shared,shared,shared
17,281,A,0.005,full,True,True,True,True,True,shared,shared,shared,shared
17,310,B,0.005,full,True,True,True,True,True,shared,shared,shared,shared
17,312,B,0.005,full,True,True,True,True,True,shared,shared,shared,shared
17,317,A,0.005,full,True,True,True,True,True,shared,shared,shared,shared
17,321,B,0.005,full,True,True,True,True,True,shared,shared,shared,shared
17,322,A,0.005,full,True,True,True,True,True,shared,shared,shared,shared
17,338,B,0.005,full,True,True,True,True,True,shared,shared,shared,shared
17,377,A,0.005,full,True,True,True,True,True,shared,shared,shared,shared
17,378,B,0.005,full,True,True,True,True,True,shared,shared,shared,shared
17,381,A,0.005,full,True,True,True,True,True,shared,shared,shared,shared
17,384,A,0.005,full,True,True,True,True,True,shared,shared,shared,shared
17,400,A,0.005,full,True,True,True,True,True,shared,shared,shared,shared
17,401,B,0.005,full,True,True,True,True,True,shared,shared,shared,shared
17,405,A,0.005,full,True,True,True,True,True,shared,shared,shared,shared
17,410,B,0.005,full,True,True,True,True,True,shared,shared,shared,shared
17,418,A,0.005,full,True,True,True,True,True,shared,shared,shared,shared
17,426,A,0.005,full,True,True,True,True,True,shared,shared,shared,shared
17,433,B,0.005,full,True,True,True,True,True,shared,shared,shared,shared
17,444,A,0.005,full,True,True,True,True,True,shared,shared,shared,shared
17,456,B,0.005,full,True,True,True,True,True,shared,shared,shared,shared
17,463,B,0.005,full,True,True,True,True,True,shared,shared,shared,shared
17,478,B,0.005,full,True,True,True,True,True,shared,shared,shared,shared
17,492,B,0.005,full,True,True,True,True,True,shared,shared,shared,shared
18,1,A,0.005,full,True,True,True,True,True,shared,shared,shared,shared
18,2,A,0.005,full,True,True,True,True,True,shared,shared,shared,shared
18,3,B,0.005,full,True,True,True,True,True,shared,shared,shared,shared
18,15,A,0.005,full,True,True,True,True,True,shared,shared,shared,shared
18,23,B,0.005,full,True,True,True,True,True,shared,shared,shared,shared
18,39,A,0.005,full,True,True,True,True,True,shared,shared,shared,shared
18,79,A,0.005,full,True,True,True,True,True,shared,shared,shared,shared
18,82,B,0.005,full,True,True,True,True,True,shared,shared,shared,shared
18,85,B,0.005,full,True,True,True,True,True,shared,shared,shared,shared
18,101,B,0.005,full,True,True,True,True,True,shared,shared,shared,shared
18,113,A,0.005,full,True,True,True,True,True,shared,shared,shared,shared
18,123,B,0.005,full,True,True,True,True,True,shared,shared,shared,shared
18,126,B,0.005,full,True,True,True,True,True,shared,shared,shared,shared
18,130,A,0.005,full,True,True,True,True,True,shared,shared,shared,shared
18,154,A,0.005,full,True,True,True,True,True,shared,shared,shared,shared
18,155,B,0.005,full,True,True,True,True,True,shared,shared,shared,shared
18,168,A,0.005,full,True,True,True,True,True,shared,shared,shared,shared
18,173,B,0.005,full,True,True,True,True,True,shared,shared,shared,shared
18,185,A,0.005,full,True,True,True,True,True,shared,shared,shared,shared
18,196,B,0.005,full,True,True,True,True,True,shared,shared,shared,shared
18,199,A,0.005,full,True,True,True,True,True,shared,shared,shared,shared
18,216,B,0.005,full,True,True,True,True,True,shared,shared,shared,shared
18,218,B,0.005,full,True,True,True,True,True,shared,shared,shared,shared
18,225,A,0.005,full,True,True,True,True,True,shared,shared,shared,shared
18,226,A,0.005,full,True,True,True,True,True,shared,shared,shared,shared
18,257,B,0.005,full,True,True,True,True,True,shared,shared,shared,shared
18,266,A,0.005,full,True,True,True,True,True,shared,shared,shared,shared
18,281,A,0.005,full,True,True,True,True,True,shared,shared,shared,shared
18,310,B,0.005,full,True,True,True,True,True,shared,shared,shared,shared
18,312,B,0.005,full,True,True,True,True,True,shared,shared,shared,shared
18,317,A,0.005,full,True,True,True,True,True,shared,shared,shared,shared
18,321,B,0.005,full,True,True,True,True,True,shared,shared,shared,shared
18,322,A,0.005,full,True,True,True,True,True,shared,shared,shared,shared
18,338,B,0.005,full,True,True,True,True,True,shared,shared,shared,shared
18,377,A,0.005,full,True,True,True,True,True,shared,shared,shared,shared
18,378,B,0.005,full,True,True,True,True,True,shared,shared,shared,shared
18,381,A,0.005,full,True,True,True,True,True,shared,shared,shared,shared
18,384,A,0.005,full,True,True,True,True,True,shared,shared,shared,shared
18,400,A,0.005,full,True,True,True,True,True,shared,shared,shared,shared
18,401,B,0.005,full,True,True,True,True,True,shared,shared,shared,shared
18,405,A,0.005,full,True,True,True,True,True,shared,shared,shared,shared
18,410,B,0.005,full,True,True,True,True,True,shared,shared,shared,shared
18,418,A,0.005,full,True,True,True,True,True,shared,shared,shared,shared
18,426,A,0.005,full,True,True,True,True,True,shared,shared,shared,shared
18,433,B,0.005,full,True,True,True,True,True,shared,shared,shared,shared
18,444,A,0.005,full,True,True,True,True,True,shared,shared,shared,shared
18,456,B,0.005,full,True,True,True,True,True,shared,shared,shared,shared
18,463,B,0.005,full,True,True,True,True,True,shared,shared,shared,shared
18,478,B,0.005,full,True,True,True,True,True,shared,shared,shared,shared
18,492,B,0.005,full,True,True,True,True,True,shared,shared,shared,shared
19,1,A,0.005,full,True,True,True,True,True,shared,shared,shared,shared
19,2,A,0.005,full,True,True,True,True,True,shared,shared,shared,shared
19,3,B,0.005,full,True,True,True,True,True,shared,shared,shared,shared
19,15,A,0.005,full,True,True,True,True,True,shared,shared,shared,shared
19,23,B,0.005,full,True,True,True,True,True,shared,shared,shared,shared
19,39,A,0.005,full,True,True,True,True,True,shared,shared,shared,shared
19,79,A,0.005,full,True,True,True,True,True,shared,shared,shared,shared
19,82,B,0.005,full,True,True,True,True,True,shared,shared,shared,shared
19,85,B,0.005,full,True,True,True,True,True,shared,shared,shared,shared
19,101,B,0.005,full,True,True,True,True,True,shared,shared,shared,shared
19,113,A,0.005,full,True,True,True,True,True,shared,shared,shared,shared
19,123,B,0.005,full,True,True,True,True,True,shared,shared,shared,shared
19,126,B,0.005,full,True,True,True,True,True,shared,shared,shared,shared
19,130,A,0.005,full,True,True,True,True,True,shared,shared,shared,shared
19,154,A,0.005,full,True,True,True,True,True,shared,shared,shared,shared
19,155,B,0.005,full,True,True,True,True,True,shared,shared,shared,shared
19,168,A,0.005,full,True,True,True,True,True,shared,shared,shared,shared
19,173,B,0.005,full,True,True,True,True,True,shared,shared,shared,shared
19,185,A,0.005,full,True,True,True,True,True,shared,shared,shared,shared
19,196,B,0.005,full,True,True,True,True,True,shared,shared,shared,shared
19,199,A,0.005,full,True,True,True,True,True,shared,shared,shared,shared
19,216,B,0.005,full,True,True,True,True,True,shared,shared,shared,shared
19,218,B,0.005,full,True,True,True,True,True,shared,shared,shared,shared
19,225,A,0.005,full,True,True,True,True,True,shared,shared,shared,shared
19,226,A,0.005,full,True,True,True,True,True,shared,shared,shared,shared
19,257,B,0.005,full,True,True,True,True,True,shared,shared,shared,shared
19,266,A,0.005,full,True,True,True,True,True,shared,shared,shared,shared
19,281,A,0.005,full,True,True,True,True,True,shared,shared,shared,shared
19,310,B,0.005,full,True,True,True,True,True,shared,shared,shared,shared
19,312,B,0.005,full,True,True,True,True,True,shared,shared,shared,shared
19,317,A,0.005,full,True,True,True,True,True,shared,shared,shared,shared
19,321,B,0.005,full,True,True,True,True,True,shared,shared,shared,shared
19,322,A,0.005,full,True,True,True,True,True,shared,shared,shared,shared
19,338,B,0.005,full,True,True,True,True,True,shared,shared,shared,shared
19,377,A,0.005,full,True,True,True,True,True,shared,shared,shared,shared
19,378,B,0.005,full,True,True,True,True,True,shared,shared,shared,shared
19,381,A,0.005,full,True,True,True,True,True,shared,shared,shared,shared
19,384,A,0.005,full,True,True,True,True,True,shared,shared,shared,shared
19,400,A,0.005,full,True,True,True,True,True,shared,shared,shared,shared
19,401,B,0.005,full,True,True,True,True,True,shared,shared,shared,shared
19,405,A,0.005,full,True,True,True,True,True,shared,shared,shared,shared
19,410,B,0.005,full,True,True,True,True,True,shared,shared,shared,shared
19,418,A,0.005,full,True,True,True,True,True,shared,shared,shared,shared
19,426,A,0.005,full,True,True,True,True,True,shared,shared,shared,shared
19,433,B,0.005,full,True,True,True,True,True,shared,shared,shared,shared
19,444,A,0.005,full,True,True,True,True,True,shared,shared,shared,shared
19,456,B,0.005,full,True,True,True,True,True,shared,shared,shared,shared
19,463,B,0.005,full,True,True,True,True,True,shared,shared,shared,shared
19,478,B,0.005,full,True,True,True,True,True,shared,shared,shared,shared
19,492,B,0.005,full,True,True,True,True,True,shared,shared,shared,shared
20,1,A,0.005,full,True,True,True,True,True,shared,shared,shared,shared
20,2,A,0.005,full,True,True,True,True,True,shared,shared,shared,shared
20,3,B,0.005,full,True,True,True,True,True,shared,shared,shared,shared
20,15,A,0.005,full,True,True,True,True,True,shared,shared,shared,shared
20,23,B,0.005,full,True,True,True,True,True,shared,shared,shared,shared
20,39,A,0.005,full,True,True,True,True,True,shared,shared,shared,shared
20,79,A,0.005,full,True,True,True,True,True,shared,shared,shared,shared
20,82,B,0.005,full,True,True,True,True,True,shared,shared,shared,shared
20,85,B,0.005,full,True,True,True,True,True,shared,shared,shared,shared
20,101,B,0.005,full,True,True,True,True,True,shared,shared,shared,shared
20,113,A,0.005,full,True,True,True,True,True,shared,shared,shared,shared
20,123,B,0.005,full,True,True,True,True,True,shared,shared,shared,shared
20,126,B,0.005,full,True,True,True,True,True,shared,shared,shared,shared
20,130,A,0.005,full,True,True,True,True,True,shared,shared,shared,shared
20,154,A,0.005,full,True,True,True,True,True,shared,shared,shared,shared
20,155,B,0.005,full,True,True,True,True,True,shared,shared,shared,shared
20,168,A,0.005,full,True,True,True,True,True,shared,shared,shared,shared
20,173,B,0.005,full,True,True,True,True,True,shared,shared,shared,shared
20,185,A,0.005,full,True,True,True,True,True,shared,shared,shared,shared
20,196,B,0.005,full,True,True,True,True,True,shared,shared,shared,shared
20,199,A,0.005,full,True,True,True,True,True,shared,shared,shared,shared
20,216,B,0.005,full,True,True,True,True,True,shared,shared,shared,shared
20,218,B,0.005,full,True,True,True,True,True,shared,shared,shared,shared
20,225,A,0.005,full,True,True,True,True,True,shared,shared,shared,shared
20,226,A,0.005,full,True,True,True,True,True,shared,shared,shared,shared
20,257,B,0.005,full,True,True,True,True,True,shared,shared,shared,shared
20,266,A,0.005,full,True,True,True,True,True,shared,shared,shared,shared
20,281,A,0.005,full,True,True,True,True,True,shared,shared,shared,shared
20,310,B,0.005,full,True,True,True,True,True,shared,shared,shared,shared
20,312,B,0.005,full,True,True,True,True,True,shared,shared,shared,shared
20,317,A,0.005,full,True,True,True,True,True,shared,shared,shared,shared
20,321,B,0.005,full,True,True,True,True,True,shared,shared,shared,shared
20,322,A,0.005,full,True,True,True,True,True,shared,shared,shared,shared
20,338,B,0.005,full,True,True,True,True,True,shared,shared,shared,shared
20,377,A,0.005,full,True,True,True,True,True,shared,shared,shared,shared
20,378,B,0.005,full,True,True,True,True,True,shared,shared,shared,shared
20,381,A,0.005,full,True,True,True,True,True,shared,shared,shared,shared
20,384,A,0.005,full,True,True,True,True,True,shared,shared,shared,shared
20,400,A,0.005,full,True,True,True,True,True,shared,shared,shared,shared
20,401,B,0.005,full,True,True,True,True,True,shared,shared,shared,shared
20,405,A,0.005,full,True,True,True,True,True,shared,shared,shared,shared
20,410,B,0.005,full,True,True,True,True,True,shared,shared,shared,shared
20,418,A,0.005,full,True,True,True,True,True,shared,shared,shared,shared
20,426,A,0.005,full,True,True,True,True,True,shared,shared,shared,shared
20,433,B,0.005,full,True,True,True,True,True,shared,shared,shared,shared
20,444,A,0.005,full,True,True,True,True,True,shared,shared,shared,shared
20,456,B,0.005,full,True,True,True,True,True,shared,shared,shared,shared
20,463,B,0.005,full,True,True,True,True,True,shared,shared,shared,shared
20,478,B,0.005,full,True,True,True,True,True,shared,shared,shared,shared
20,492,B,0.005,full,True,True,True,True,True,shared,shared,shared,shared
1,1,A,0.005,early,True,True,True,True,True,shared,shared,shared,shared
1,2,A,0.005,early,True,True,True,True,True,shared,shared,shared,shared
1,3,B,0.005,early,True,True,True,True,True,shared,shared,shared,shared
1,15,A,0.005,early,True,True,True,True,True,shared,shared,shared,shared
1,23,B,0.005,early,True,True,True,True,True,shared,shared,shared,shared
1,39,A,0.005,early,True,True,True,True,True,shared,shared,shared,shared
1,79,A,0.005,early,True,True,True,True,True,shared,shared,shared,shared
1,82,B,0.005,early,True,True,True,True,True,shared,shared,shared,shared
1,85,B,0.005,early,True,True,True,True,True,shared,shared,shared,shared
1,101,B,0.005,early,True,True,True,True,True,shared,shared,shared,shared
1,113,A,0.005,early,True,True,True,True,True,shared,shared,shared,shared
1,123,B,0.005,early,True,True,True,True,True,shared,shared,shared,shared
1,126,B,0.005,early,True,True,True,True,True,shared,shared,shared,shared
1,130,A,0.005,early,True,True,True,True,True,shared,shared,shared,shared
1,154,A,0.005,early,True,True,True,True,True,shared,shared,shared,shared
1,155,B,0.005,early,True,True,True,True,True,shared,shared,shared,shared
1,168,A,0.005,early,True,True,True,True,True,shared,shared,shared,shared
1,173,B,0.005,early,True,True,True,True,True,shared,shared,shared,shared
1,185,A,0.005,early,True,True,True,True,True,shared,shared,shared,shared
1,196,B,0.005,early,True,True,True,True,True,shared,shared,shared,shared
1,199,A,0.005,early,True,True,True,True,True,shared,shared,shared,shared
1,216,B,0.005,early,True,True,True,True,True,shared,shared,shared,shared
1,218,B,0.005,early,True,True,True,True,True,shared,shared,shared,shared
1,225,A,0.005,early,True,True,True,True,True,shared,shared,shared,shared
1,226,A,0.005,early,True,True,True,True,True,shared,shared,shared,shared
1,257,B,0.005,early,True,True,True,True,True,shared,shared,shared,shared
1,266,A,0.005,early,True,True,True,True,True,shared,shared,shared,shared
1,281,A,0.005,early,True,True,True,True,True,shared,shared,shared,shared
1,310,B,0.005,early,True,True,True,True,True,shared,shared,shared,shared
1,312,B,0.005,early,True,True,True,True,True,shared,shared,shared,shared
1,317,A,0.005,early,True,True,True,True,True,shared,shared,shared,shared
1,321,B,0.005,early,True,True,True,True,True,shared,shared,shared,shared
1,322,A,0.005,early,True,True,True,True,True,shared,shared,shared,shared
1,338,B,0.005,early,True,True,True,True,True,shared,shared,shared,shared
1,377,A,0.005,early,True,True,True,True,True,shared,shared,shared,shared
1,378,B,0.005,early,True,True,True,True,True,shared,shared,shared,shared
1,381,A,0.005,early,True,True,True,True,True,shared,shared,shared,shared
1,384,A,0.005,early,True,True,True,True,True,shared,shared,shared,shared
1,400,A,0.005,early,True,True,True,True,True,shared,shared,shared,shared
1,401,B,0.005,early,True,True,True,True,True,shared,shared,shared,shared
1,405,A,0.005,early,True,True,True,True,True,shared,shared,shared,shared
1,410,B,0.005,early,True,True,True,True,True,shared,shared,shared,shared
1,418,A,0.005,early,True,True,True,True,True,shared,shared,shared,shared
1,426,A,0.005,early,True,True,True,True,True,shared,shared,shared,shared
1,433,B,0.005,early,True,True,True,True,True,shared,shared,shared,shared
1,444,A,0.005,early,True,True,True,True,True,shared,shared,shared,shared
1,456,B,0.005,early,True,True,True,True,True,shared,shared,shared,shared
1,463,B,0.005,early,True,True,True,True,True,shared,shared,shared,shared
1,478,B,0.005,early,True,True,True,True,True,shared,shared,shared,shared
1,492,B,0.005,early,True,True,True,True,True,shared,shared,shared,shared
2,1,A,0.005,early,True,True,True,True,True,shared,shared,shared,shared
2,2,A,0.005,early,True,True,True,True,True,shared,shared,shared,shared
2,3,B,0.005,early,True,True,True,True,True,shared,shared,shared,shared
2,15,A,0.005,early,True,True,True,True,True,shared,shared,shared,shared
2,23,B,0.005,early,True,True,True,True,True,shared,shared,shared,shared
2,39,A,0.005,early,True,True,True,True,True,shared,shared,shared,shared
2,79,A,0.005,early,True,True,True,True,True,shared,shared,shared,shared
2,82,B,0.005,early,True,True,True,True,True,shared,shared,shared,shared
2,85,B,0.005,early,True,True,True,True,True,shared,shared,shared,shared
2,101,B,0.005,early,True,True,True,True,True,shared,shared,shared,shared
2,113,A,0.005,early,True,True,True,True,True,shared,shared,shared,shared
2,123,B,0.005,early,True,True,True,True,True,shared,shared,shared,shared
2,126,B,0.005,early,True,True,True,True,True,shared,shared,shared,shared
2,130,A,0.005,early,True,True,True,True,True,shared,shared,shared,shared
2,154,A,0.005,early,True,True,True,True,True,shared,shared,shared,shared
2,155,B,0.005,early,True,True,True,True,True,shared,shared,shared,shared
2,168,A,0.005,early,True,True,True,True,True,shared,shared,shared,shared
2,173,B,0.005,early,True,True,True,True,True,shared,shared,shared,shared
2,185,A,0.005,early,True,True,True,True,True,shared,shared,shared,shared
2,196,B,0.005,early,True,True,True,True,True,shared,shared,shared,shared
2,199,A,0.005,early,True,True,True,True,True,shared,shared,shared,shared
2,216,B,0.005,early,True,True,True,True,True,shared,shared,shared,shared
2,218,B,0.005,early,True,True,True,True,True,shared,shared,shared,shared
2,225,A,0.005,early,True,True,True,True,True,shared,shared,shared,shared
2,226,A,0.005,early,True,True,True,True,True,shared,shared,shared,shared
2,257,B,0.005,early,True,True,True,True,True,shared,shared,shared,shared
2,266,A,0.005,early,True,True,True,True,True,shared,shared,shared,shared
2,281,A,0.005,early,True,True,True,True,True,shared,shared,shared,shared
2,310,B,0.005,early,True,True,True,True,True,shared,shared,shared,shared
2,312,B,0.005,early,True,True,True,True,True,shared,shared,shared,shared
2,317,A,0.005,early,True,True,True,True,True,shared,shared,shared,shared
2,321,B,0.005,early,True,True,True,True,True,shared,shared,shared,shared
2,322,A,0.005,early,True,True,True,True,True,shared,shared,shared,shared
2,338,B,0.005,early,True,True,True,True,True,shared,shared,shared,shared
2,377,A,0.005,early,True,True,True,True,True,shared,shared,shared,shared
2,378,B,0.005,early,True,True,True,True,True,shared,shared,shared,shared
2,381,A,0.005,early,True,True,True,True,True,shared,shared,shared,shared
2,384,A,0.005,early,True,True,True,True,True,shared,shared,shared,shared
2,400,A,0.005,early,True,True,True,True,True,shared,shared,shared,shared
2,401,B,0.005,early,True,True,True,True,True,shared,shared,shared,shared
2,405,A,0.005,early,True,True,True,True,True,shared,shared,shared,shared
2,410,B,0.005,early,True,True,True,True,True,shared,shared,shared,shared
2,418,A,0.005,early,True,True,True,True,True,shared,shared,shared,shared
2,426,A,0.005,early,True,True,True,True,True,shared,shared,shared,shared
2,433,B,0.005,early,True,True,True,True,True,shared,shared,shared,shared
2,444,A,0.005,early,True,True,True,True,True,shared,shared,shared,shared
2,456,B,0.005,early,True,True,True,True,True,shared,shared,shared,shared
2,463,B,0.005,early,True,True,True,True,True,shared,shared,shared,shared
2,478,B,0.005,early,True,True,True,True,True,shared,shared,shared,shared
2,492,B,0.005,early,True,True,True,True,True,shared,shared,shared,shared
3,1,A,0.005,early,False,False,False,False,True,neither,neither,neither,lost
3,2,A,0.005,early,False,False,False,False,False,neither,neither,neither,neither
3,3,B,0.005,early,False,False,False,False,False,neither,neither,neither,neither
3,15,A,0.005,early,False,False,False,False,False,neither,neither,neither,neither
3,23,B,0.005,early,False,False,False,False,False,neither,neither,neither,neither
3,39,A,0.005,early,False,False,False,False,False,neither,neither,neither,neither
3,79,A,0.005,early,False,False,True,False,False,gained,gained,gained,gained
3,82,B,0.005,early,False,False,True,False,False,gained,gained,gained,gained
3,85,B,0.005,early,False,False,False,False,False,neither,neither,neither,neither
3,101,B,0.005,early,False,False,False,False,False,neither,neither,neither,neither
3,113,A,0.005,early,False,False,False,False,False,neither,neither,neither,neither
3,123,B,0.005,early,False,False,False,False,False,neither,neither,neither,neither
3,126,B,0.005,early,False,False,False,False,False,neither,neither,neither,neither
3,130,A,0.005,early,False,False,False,False,False,neither,neither,neither,neither
3,154,A,0.005,early,False,False,False,False,False,neither,neither,neither,neither
3,155,B,0.005,early,False,False,False,False,False,neither,neither,neither,neither
3,168,A,0.005,early,False,False,False,False,False,neither,neither,neither,neither
3,173,B,0.005,early,False,False,False,False,False,neither,neither,neither,neither
3,185,A,0.005,early,False,True,False,True,False,neither,lost,lost,neither
3,196,B,0.005,early,False,False,False,False,False,neither,neither,neither,neither
3,199,A,0.005,early,False,False,False,False,False,neither,neither,neither,neither
3,216,B,0.005,early,False,False,False,False,False,neither,neither,neither,neither
3,218,B,0.005,early,False,False,False,False,False,neither,neither,neither,neither
3,225,A,0.005,early,False,False,False,False,False,neither,neither,neither,neither
3,226,A,0.005,early,False,False,False,False,False,neither,neither,neither,neither
3,257,B,0.005,early,False,False,False,False,False,neither,neither,neither,neither
3,266,A,0.005,early,False,False,False,False,False,neither,neither,neither,neither
3,281,A,0.005,early,False,False,False,False,False,neither,neither,neither,neither
3,310,B,0.005,early,False,False,False,False,False,neither,neither,neither,neither
3,312,B,0.005,early,False,False,False,False,False,neither,neither,neither,neither
3,317,A,0.005,early,False,False,False,False,False,neither,neither,neither,neither
3,321,B,0.005,early,False,False,False,False,False,neither,neither,neither,neither
3,322,A,0.005,early,False,False,False,False,False,neither,neither,neither,neither
3,338,B,0.005,early,False,False,False,False,False,neither,neither,neither,neither
3,377,A,0.005,early,False,False,False,False,False,neither,neither,neither,neither
3,378,B,0.005,early,False,False,False,False,False,neither,neither,neither,neither
3,381,A,0.005,early,False,False,False,False,False,neither,neither,neither,neither
3,384,A,0.005,early,False,False,False,False,False,neither,neither,neither,neither
3,400,A,0.005,early,False,False,False,False,True,neither,neither,neither,lost
3,401,B,0.005,early,False,True,False,True,False,neither,lost,lost,neither
3,405,A,0.005,early,False,False,False,False,False,neither,neither,neither,neither
3,410,B,0.005,early,False,False,False,False,False,neither,neither,neither,neither
3,418,A,0.005,early,False,False,False,False,False,neither,neither,neither,neither
3,426,A,0.005,early,False,False,False,False,False,neither,neither,neither,neither
3,433,B,0.005,early,False,False,False,False,False,neither,neither,neither,neither
3,444,A,0.005,early,False,False,False,False,False,neither,neither,neither,neither
3,456,B,0.005,early,False,False,False,False,False,neither,neither,neither,neither
3,463,B,0.005,early,False,False,False,False,False,neither,neither,neither,neither
3,478,B,0.005,early,False,False,False,False,False,neither,neither,neither,neither
3,492,B,0.005,early,False,False,False,False,False,neither,neither,neither,neither
4,1,A,0.005,early,True,True,True,True,True,shared,shared,shared,shared
4,2,A,0.005,early,True,True,True,True,True,shared,shared,shared,shared
4,3,B,0.005,early,True,True,True,True,True,shared,shared,shared,shared
4,15,A,0.005,early,True,True,True,True,True,shared,shared,shared,shared
4,23,B,0.005,early,True,True,True,True,True,shared,shared,shared,shared
4,39,A,0.005,early,True,True,True,True,True,shared,shared,shared,shared
4,79,A,0.005,early,True,True,True,True,True,shared,shared,shared,shared
4,82,B,0.005,early,True,True,True,True,True,shared,shared,shared,shared
4,85,B,0.005,early,True,True,True,True,True,shared,shared,shared,shared
4,101,B,0.005,early,True,True,True,True,True,shared,shared,shared,shared
4,113,A,0.005,early,True,True,True,True,True,shared,shared,shared,shared
4,123,B,0.005,early,True,True,True,True,True,shared,shared,shared,shared
4,126,B,0.005,early,True,True,True,True,True,shared,shared,shared,shared
4,130,A,0.005,early,True,True,True,True,True,shared,shared,shared,shared
4,154,A,0.005,early,True,True,True,True,True,shared,shared,shared,shared
4,155,B,0.005,early,True,True,True,True,True,shared,shared,shared,shared
4,168,A,0.005,early,True,True,True,True,True,shared,shared,shared,shared
4,173,B,0.005,early,True,True,True,True,True,shared,shared,shared,shared
4,185,A,0.005,early,True,True,True,True,True,shared,shared,shared,shared
4,196,B,0.005,early,True,True,True,True,True,shared,shared,shared,shared
4,199,A,0.005,early,True,True,True,True,True,shared,shared,shared,shared
4,216,B,0.005,early,True,True,True,True,True,shared,shared,shared,shared
4,218,B,0.005,early,True,True,True,True,True,shared,shared,shared,shared
4,225,A,0.005,early,True,True,True,True,True,shared,shared,shared,shared
4,226,A,0.005,early,True,True,True,True,True,shared,shared,shared,shared
4,257,B,0.005,early,True,True,True,True,True,shared,shared,shared,shared
4,266,A,0.005,early,True,True,True,True,True,shared,shared,shared,shared
4,281,A,0.005,early,True,True,True,True,True,shared,shared,shared,shared
4,310,B,0.005,early,True,True,True,True,True,shared,shared,shared,shared
4,312,B,0.005,early,True,True,True,True,True,shared,shared,shared,shared
4,317,A,0.005,early,True,True,True,True,True,shared,shared,shared,shared
4,321,B,0.005,early,True,True,True,True,True,shared,shared,shared,shared
4,322,A,0.005,early,True,True,True,True,True,shared,shared,shared,shared
4,338,B,0.005,early,True,True,True,True,True,shared,shared,shared,shared
4,377,A,0.005,early,True,True,True,True,True,shared,shared,shared,shared
4,378,B,0.005,early,True,True,True,True,True,shared,shared,shared,shared
4,381,A,0.005,early,True,True,True,True,True,shared,shared,shared,shared
4,384,A,0.005,early,True,True,True,True,True,shared,shared,shared,shared
4,400,A,0.005,early,True,True,True,True,True,shared,shared,shared,shared
4,401,B,0.005,early,True,True,True,True,True,shared,shared,shared,shared
4,405,A,0.005,early,True,True,True,True,True,shared,shared,shared,shared
4,410,B,0.005,early,True,True,True,True,True,shared,shared,shared,shared
4,418,A,0.005,early,True,True,True,True,True,shared,shared,shared,shared
4,426,A,0.005,early,True,True,True,True,True,shared,shared,shared,shared
4,433,B,0.005,early,True,True,True,True,True,shared,shared,shared,shared
4,444,A,0.005,early,True,True,True,True,True,shared,shared,shared,shared
4,456,B,0.005,early,True,True,True,True,True,shared,shared,shared,shared
4,463,B,0.005,early,True,True,True,True,True,shared,shared,shared,shared
4,478,B,0.005,early,True,True,True,True,True,shared,shared,shared,shared
4,492,B,0.005,early,True,True,True,True,True,shared,shared,shared,shared
5,1,A,0.005,early,True,True,True,True,True,shared,shared,shared,shared
5,2,A,0.005,early,True,True,True,True,True,shared,shared,shared,shared
5,3,B,0.005,early,True,True,True,True,True,shared,shared,shared,shared
5,15,A,0.005,early,True,True,True,True,True,shared,shared,shared,shared
5,23,B,0.005,early,True,True,True,True,True,shared,shared,shared,shared
5,39,A,0.005,early,True,True,True,True,True,shared,shared,shared,shared
5,79,A,0.005,early,True,True,True,True,True,shared,shared,shared,shared
5,82,B,0.005,early,True,True,True,True,True,shared,shared,shared,shared
5,85,B,0.005,early,True,True,True,True,True,shared,shared,shared,shared
5,101,B,0.005,early,True,True,True,True,True,shared,shared,shared,shared
5,113,A,0.005,early,True,True,True,True,True,shared,shared,shared,shared
5,123,B,0.005,early,True,True,True,True,True,shared,shared,shared,shared
5,126,B,0.005,early,True,True,True,True,True,shared,shared,shared,shared
5,130,A,0.005,early,True,True,True,True,True,shared,shared,shared,shared
5,154,A,0.005,early,True,True,True,True,True,shared,shared,shared,shared
5,155,B,0.005,early,True,True,True,True,True,shared,shared,shared,shared
5,168,A,0.005,early,True,True,True,True,True,shared,shared,shared,shared
5,173,B,0.005,early,True,True,True,True,True,shared,shared,shared,shared
5,185,A,0.005,early,True,True,True,True,True,shared,shared,shared,shared
5,196,B,0.005,early,True,True,True,True,True,shared,shared,shared,shared
5,199,A,0.005,early,True,True,True,True,True,shared,shared,shared,shared
5,216,B,0.005,early,True,True,True,True,True,shared,shared,shared,shared
5,218,B,0.005,early,True,True,True,True,True,shared,shared,shared,shared
5,225,A,0.005,early,True,True,True,True,True,shared,shared,shared,shared
5,226,A,0.005,early,True,True,True,True,True,shared,shared,shared,shared
5,257,B,0.005,early,True,True,True,True,True,shared,shared,shared,shared
5,266,A,0.005,early,True,True,True,True,True,shared,shared,shared,shared
5,281,A,0.005,early,True,True,True,True,True,shared,shared,shared,shared
5,310,B,0.005,early,True,True,True,True,True,shared,shared,shared,shared
5,312,B,0.005,early,True,True,True,True,True,shared,shared,shared,shared
5,317,A,0.005,early,True,True,True,True,True,shared,shared,shared,shared
5,321,B,0.005,early,True,True,True,True,True,shared,shared,shared,shared
5,322,A,0.005,early,True,True,True,True,True,shared,shared,shared,shared
5,338,B,0.005,early,True,True,True,True,True,shared,shared,shared,shared
5,377,A,0.005,early,True,True,True,True,True,shared,shared,shared,shared
5,378,B,0.005,early,True,True,True,True,True,shared,shared,shared,shared
5,381,A,0.005,early,True,True,True,True,True,shared,shared,shared,shared
5,384,A,0.005,early,True,True,True,True,True,shared,shared,shared,shared
5,400,A,0.005,early,True,True,True,True,True,shared,shared,shared,shared
5,401,B,0.005,early,True,True,True,True,True,shared,shared,shared,shared
5,405,A,0.005,early,True,True,True,True,True,shared,shared,shared,shared
5,410,B,0.005,early,True,True,True,True,True,shared,shared,shared,shared
5,418,A,0.005,early,True,True,True,True,True,shared,shared,shared,shared
5,426,A,0.005,early,True,True,True,True,True,shared,shared,shared,shared
5,433,B,0.005,early,True,True,True,True,True,shared,shared,shared,shared
5,444,A,0.005,early,True,True,True,True,True,shared,shared,shared,shared
5,456,B,0.005,early,True,True,True,True,True,shared,shared,shared,shared
5,463,B,0.005,early,True,True,True,True,True,shared,shared,shared,shared
5,478,B,0.005,early,True,True,True,True,True,shared,shared,shared,shared
5,492,B,0.005,early,True,True,True,True,True,shared,shared,shared,shared
6,1,A,0.005,early,True,True,True,True,True,shared,shared,shared,shared
6,2,A,0.005,early,True,True,True,True,True,shared,shared,shared,shared
6,3,B,0.005,early,True,True,True,True,True,shared,shared,shared,shared
6,15,A,0.005,early,True,True,True,True,True,shared,shared,shared,shared
6,23,B,0.005,early,True,True,True,True,True,shared,shared,shared,shared
6,39,A,0.005,early,True,True,True,True,True,shared,shared,shared,shared
6,79,A,0.005,early,True,True,True,True,True,shared,shared,shared,shared
6,82,B,0.005,early,True,True,True,True,True,shared,shared,shared,shared
6,85,B,0.005,early,True,True,True,True,True,shared,shared,shared,shared
6,101,B,0.005,early,True,True,True,True,True,shared,shared,shared,shared
6,113,A,0.005,early,True,True,True,True,True,shared,shared,shared,shared
6,123,B,0.005,early,True,True,True,True,True,shared,shared,shared,shared
6,126,B,0.005,early,True,True,True,True,True,shared,shared,shared,shared
6,130,A,0.005,early,True,True,True,True,True,shared,shared,shared,shared
6,154,A,0.005,early,True,True,True,True,True,shared,shared,shared,shared
6,155,B,0.005,early,True,True,True,True,True,shared,shared,shared,shared
6,168,A,0.005,early,True,True,True,True,True,shared,shared,shared,shared
6,173,B,0.005,early,True,True,True,True,True,shared,shared,shared,shared
6,185,A,0.005,early,True,True,True,True,True,shared,shared,shared,shared
6,196,B,0.005,early,True,True,True,True,True,shared,shared,shared,shared
6,199,A,0.005,early,True,True,True,True,True,shared,shared,shared,shared
6,216,B,0.005,early,True,True,True,True,True,shared,shared,shared,shared
6,218,B,0.005,early,True,True,True,True,True,shared,shared,shared,shared
6,225,A,0.005,early,True,True,True,True,True,shared,shared,shared,shared
6,226,A,0.005,early,True,True,True,True,True,shared,shared,shared,shared
6,257,B,0.005,early,True,True,True,True,True,shared,shared,shared,shared
6,266,A,0.005,early,True,True,True,True,True,shared,shared,shared,shared
6,281,A,0.005,early,True,True,True,True,True,shared,shared,shared,shared
6,310,B,0.005,early,True,True,True,True,True,shared,shared,shared,shared
6,312,B,0.005,early,True,True,True,True,True,shared,shared,shared,shared
6,317,A,0.005,early,True,True,True,True,True,shared,shared,shared,shared
6,321,B,0.005,early,True,True,True,True,True,shared,shared,shared,shared
6,322,A,0.005,early,True,True,True,True,True,shared,shared,shared,shared
6,338,B,0.005,early,True,True,True,True,True,shared,shared,shared,shared
6,377,A,0.005,early,True,True,True,True,True,shared,shared,shared,shared
6,378,B,0.005,early,True,True,True,True,True,shared,shared,shared,shared
6,381,A,0.005,early,True,True,True,True,True,shared,shared,shared,shared
6,384,A,0.005,early,True,True,True,True,True,shared,shared,shared,shared
6,400,A,0.005,early,True,True,True,True,True,shared,shared,shared,shared
6,401,B,0.005,early,True,True,True,True,True,shared,shared,shared,shared
6,405,A,0.005,early,True,True,True,True,True,shared,shared,shared,shared
6,410,B,0.005,early,True,True,True,True,True,shared,shared,shared,shared
6,418,A,0.005,early,True,True,True,True,True,shared,shared,shared,shared
6,426,A,0.005,early,True,True,True,True,True,shared,shared,shared,shared
6,433,B,0.005,early,True,True,True,True,True,shared,shared,shared,shared
6,444,A,0.005,early,True,True,True,True,True,shared,shared,shared,shared
6,456,B,0.005,early,True,True,True,True,True,shared,shared,shared,shared
6,463,B,0.005,early,True,True,True,True,True,shared,shared,shared,shared
6,478,B,0.005,early,True,True,True,True,True,shared,shared,shared,shared
6,492,B,0.005,early,True,True,True,True,True,shared,shared,shared,shared
7,1,A,0.005,early,True,True,True,True,True,shared,shared,shared,shared
7,2,A,0.005,early,True,True,True,True,True,shared,shared,shared,shared
7,3,B,0.005,early,True,True,True,True,True,shared,shared,shared,shared
7,15,A,0.005,early,True,True,True,True,True,shared,shared,shared,shared
7,23,B,0.005,early,True,True,True,True,True,shared,shared,shared,shared
7,39,A,0.005,early,True,True,True,True,True,shared,shared,shared,shared
7,79,A,0.005,early,True,True,True,True,True,shared,shared,shared,shared
7,82,B,0.005,early,True,True,True,True,True,shared,shared,shared,shared
7,85,B,0.005,early,True,True,True,True,True,shared,shared,shared,shared
7,101,B,0.005,early,True,True,True,True,True,shared,shared,shared,shared
7,113,A,0.005,early,True,True,True,True,True,shared,shared,shared,shared
7,123,B,0.005,early,True,True,True,True,True,shared,shared,shared,shared
7,126,B,0.005,early,True,True,True,True,True,shared,shared,shared,shared
7,130,A,0.005,early,True,True,True,True,True,shared,shared,shared,shared
7,154,A,0.005,early,True,True,True,True,True,shared,shared,shared,shared
7,155,B,0.005,early,True,True,True,True,True,shared,shared,shared,shared
7,168,A,0.005,early,True,True,True,True,True,shared,shared,shared,shared
7,173,B,0.005,early,True,True,True,True,True,shared,shared,shared,shared
7,185,A,0.005,early,True,True,True,True,True,shared,shared,shared,shared
7,196,B,0.005,early,True,True,True,True,True,shared,shared,shared,shared
7,199,A,0.005,early,True,True,True,True,True,shared,shared,shared,shared
7,216,B,0.005,early,True,True,True,True,True,shared,shared,shared,shared
7,218,B,0.005,early,True,True,True,True,True,shared,shared,shared,shared
7,225,A,0.005,early,True,True,True,True,True,shared,shared,shared,shared
7,226,A,0.005,early,True,True,True,True,True,shared,shared,shared,shared
7,257,B,0.005,early,True,True,True,True,True,shared,shared,shared,shared
7,266,A,0.005,early,True,True,True,True,True,shared,shared,shared,shared
7,281,A,0.005,early,True,True,True,True,True,shared,shared,shared,shared
7,310,B,0.005,early,True,True,True,True,True,shared,shared,shared,shared
7,312,B,0.005,early,True,True,True,True,True,shared,shared,shared,shared
7,317,A,0.005,early,True,True,True,True,True,shared,shared,shared,shared
7,321,B,0.005,early,True,True,True,True,True,shared,shared,shared,shared
7,322,A,0.005,early,True,True,True,True,True,shared,shared,shared,shared
7,338,B,0.005,early,True,True,True,True,True,shared,shared,shared,shared
7,377,A,0.005,early,True,True,True,True,True,shared,shared,shared,shared
7,378,B,0.005,early,True,True,True,True,True,shared,shared,shared,shared
7,381,A,0.005,early,True,True,True,True,True,shared,shared,shared,shared
7,384,A,0.005,early,True,True,True,True,True,shared,shared,shared,shared
7,400,A,0.005,early,True,True,True,True,True,shared,shared,shared,shared
7,401,B,0.005,early,True,True,True,True,True,shared,shared,shared,shared
7,405,A,0.005,early,True,True,True,True,True,shared,shared,shared,shared
7,410,B,0.005,early,True,True,True,True,True,shared,shared,shared,shared
7,418,A,0.005,early,True,True,True,True,True,shared,shared,shared,shared
7,426,A,0.005,early,True,True,True,True,True,shared,shared,shared,shared
7,433,B,0.005,early,True,True,True,True,True,shared,shared,shared,shared
7,444,A,0.005,early,True,True,True,True,True,shared,shared,shared,shared
7,456,B,0.005,early,True,True,True,True,True,shared,shared,shared,shared
7,463,B,0.005,early,True,True,True,True,True,shared,shared,shared,shared
7,478,B,0.005,early,True,True,True,True,True,shared,shared,shared,shared
7,492,B,0.005,early,True,True,True,True,True,shared,shared,shared,shared
8,1,A,0.005,early,True,True,True,True,True,shared,shared,shared,shared
8,2,A,0.005,early,True,True,True,True,True,shared,shared,shared,shared
8,3,B,0.005,early,True,True,True,True,True,shared,shared,shared,shared
8,15,A,0.005,early,True,True,True,True,True,shared,shared,shared,shared
8,23,B,0.005,early,True,True,True,True,True,shared,shared,shared,shared
8,39,A,0.005,early,True,True,True,True,True,shared,shared,shared,shared
8,79,A,0.005,early,True,True,True,True,True,shared,shared,shared,shared
8,82,B,0.005,early,True,True,True,True,True,shared,shared,shared,shared
8,85,B,0.005,early,True,True,True,True,True,shared,shared,shared,shared
8,101,B,0.005,early,True,True,True,True,True,shared,shared,shared,shared
8,113,A,0.005,early,True,True,True,True,True,shared,shared,shared,shared
8,123,B,0.005,early,True,True,True,True,True,shared,shared,shared,shared
8,126,B,0.005,early,True,True,True,True,True,shared,shared,shared,shared
8,130,A,0.005,early,True,True,True,True,True,shared,shared,shared,shared
8,154,A,0.005,early,True,True,True,True,True,shared,shared,shared,shared
8,155,B,0.005,early,True,True,True,True,True,shared,shared,shared,shared
8,168,A,0.005,early,True,True,True,True,True,shared,shared,shared,shared
8,173,B,0.005,early,True,True,True,True,True,shared,shared,shared,shared
8,185,A,0.005,early,True,True,True,True,True,shared,shared,shared,shared
8,196,B,0.005,early,True,True,True,True,True,shared,shared,shared,shared
8,199,A,0.005,early,True,True,True,True,True,shared,shared,shared,shared
8,216,B,0.005,early,True,True,True,True,True,shared,shared,shared,shared
8,218,B,0.005,early,True,True,True,True,True,shared,shared,shared,shared
8,225,A,0.005,early,True,True,True,True,True,shared,shared,shared,shared
8,226,A,0.005,early,True,True,True,True,True,shared,shared,shared,shared
8,257,B,0.005,early,True,True,True,True,True,shared,shared,shared,shared
8,266,A,0.005,early,True,True,True,True,True,shared,shared,shared,shared
8,281,A,0.005,early,True,True,True,True,True,shared,shared,shared,shared
8,310,B,0.005,early,True,True,True,True,True,shared,shared,shared,shared
8,312,B,0.005,early,True,True,True,True,True,shared,shared,shared,shared
8,317,A,0.005,early,True,True,True,True,True,shared,shared,shared,shared
8,321,B,0.005,early,True,True,True,True,True,shared,shared,shared,shared
8,322,A,0.005,early,True,True,True,True,True,shared,shared,shared,shared
8,338,B,0.005,early,True,True,True,True,True,shared,shared,shared,shared
8,377,A,0.005,early,True,True,True,True,True,shared,shared,shared,shared
8,378,B,0.005,early,True,True,True,True,True,shared,shared,shared,shared
8,381,A,0.005,early,True,True,True,True,True,shared,shared,shared,shared
8,384,A,0.005,early,True,True,True,True,True,shared,shared,shared,shared
8,400,A,0.005,early,True,True,True,True,True,shared,shared,shared,shared
8,401,B,0.005,early,True,True,True,True,True,shared,shared,shared,shared
8,405,A,0.005,early,True,True,True,True,True,shared,shared,shared,shared
8,410,B,0.005,early,True,True,True,True,True,shared,shared,shared,shared
8,418,A,0.005,early,True,True,True,True,True,shared,shared,shared,shared
8,426,A,0.005,early,True,True,True,True,True,shared,shared,shared,shared
8,433,B,0.005,early,True,True,True,True,True,shared,shared,shared,shared
8,444,A,0.005,early,True,True,True,True,True,shared,shared,shared,shared
8,456,B,0.005,early,True,True,True,True,True,shared,shared,shared,shared
8,463,B,0.005,early,True,True,True,True,True,shared,shared,shared,shared
8,478,B,0.005,early,True,True,True,True,True,shared,shared,shared,shared
8,492,B,0.005,early,True,True,True,True,True,shared,shared,shared,shared
9,1,A,0.005,early,False,True,False,True,False,neither,lost,lost,neither
9,2,A,0.005,early,False,False,False,False,False,neither,neither,neither,neither
9,3,B,0.005,early,False,False,False,False,False,neither,neither,neither,neither
9,15,A,0.005,early,False,False,False,False,False,neither,neither,neither,neither
9,23,B,0.005,early,False,False,False,False,False,neither,neither,neither,neither
9,39,A,0.005,early,False,False,True,False,False,gained,gained,gained,gained
9,79,A,0.005,early,False,False,False,False,False,neither,neither,neither,neither
9,82,B,0.005,early,False,False,False,False,False,neither,neither,neither,neither
9,85,B,0.005,early,False,False,False,False,False,neither,neither,neither,neither
9,101,B,0.005,early,False,False,False,False,False,neither,neither,neither,neither
9,113,A,0.005,early,False,False,False,False,False,neither,neither,neither,neither
9,123,B,0.005,early,False,False,False,False,False,neither,neither,neither,neither
9,126,B,0.005,early,False,False,False,False,False,neither,neither,neither,neither
9,130,A,0.005,early,False,False,False,False,False,neither,neither,neither,neither
9,154,A,0.005,early,False,False,False,False,False,neither,neither,neither,neither
9,155,B,0.005,early,False,False,False,False,False,neither,neither,neither,neither
9,168,A,0.005,early,False,False,False,False,False,neither,neither,neither,neither
9,173,B,0.005,early,False,False,False,False,False,neither,neither,neither,neither
9,185,A,0.005,early,False,True,False,True,False,neither,lost,lost,neither
9,196,B,0.005,early,False,False,False,False,False,neither,neither,neither,neither
9,199,A,0.005,early,False,False,False,False,False,neither,neither,neither,neither
9,216,B,0.005,early,False,False,False,False,False,neither,neither,neither,neither
9,218,B,0.005,early,False,False,False,False,False,neither,neither,neither,neither
9,225,A,0.005,early,False,False,False,False,False,neither,neither,neither,neither
9,226,A,0.005,early,False,False,False,False,False,neither,neither,neither,neither
9,257,B,0.005,early,False,False,False,False,False,neither,neither,neither,neither
9,266,A,0.005,early,False,False,False,False,False,neither,neither,neither,neither
9,281,A,0.005,early,False,False,False,False,False,neither,neither,neither,neither
9,310,B,0.005,early,False,False,False,False,False,neither,neither,neither,neither
9,312,B,0.005,early,False,False,False,False,False,neither,neither,neither,neither
9,317,A,0.005,early,False,False,False,False,False,neither,neither,neither,neither
9,321,B,0.005,early,False,False,False,False,False,neither,neither,neither,neither
9,322,A,0.005,early,False,False,False,False,False,neither,neither,neither,neither
9,338,B,0.005,early,False,False,False,False,False,neither,neither,neither,neither
9,377,A,0.005,early,False,True,False,True,False,neither,lost,lost,neither
9,378,B,0.005,early,False,False,False,False,False,neither,neither,neither,neither
9,381,A,0.005,early,False,True,True,True,False,gained,shared,shared,gained
9,384,A,0.005,early,False,False,False,False,False,neither,neither,neither,neither
9,400,A,0.005,early,False,False,False,False,True,neither,neither,neither,lost
9,401,B,0.005,early,True,True,False,True,False,lost,lost,lost,neither
9,405,A,0.005,early,False,False,False,False,False,neither,neither,neither,neither
9,410,B,0.005,early,False,False,False,False,False,neither,neither,neither,neither
9,418,A,0.005,early,False,False,False,False,False,neither,neither,neither,neither
9,426,A,0.005,early,False,False,False,False,False,neither,neither,neither,neither
9,433,B,0.005,early,False,False,False,False,False,neither,neither,neither,neither
9,444,A,0.005,early,False,False,False,False,False,neither,neither,neither,neither
9,456,B,0.005,early,False,False,False,False,False,neither,neither,neither,neither
9,463,B,0.005,early,False,False,False,False,False,neither,neither,neither,neither
9,478,B,0.005,early,False,False,False,False,False,neither,neither,neither,neither
9,492,B,0.005,early,False,False,False,False,False,neither,neither,neither,neither
10,1,A,0.005,early,True,True,True,True,True,shared,shared,shared,shared
10,2,A,0.005,early,False,False,True,True,False,gained,gained,shared,gained
10,3,B,0.005,early,True,True,True,True,True,shared,shared,shared,shared
10,15,A,0.005,early,False,False,False,False,False,neither,neither,neither,neither
10,23,B,0.005,early,False,True,True,True,True,gained,shared,shared,shared
10,39,A,0.005,early,True,True,True,True,True,shared,shared,shared,shared
10,79,A,0.005,early,False,True,True,True,True,gained,shared,shared,shared
10,82,B,0.005,early,True,True,True,True,True,shared,shared,shared,shared
10,85,B,0.005,early,True,True,True,True,True,shared,shared,shared,shared
10,101,B,0.005,early,True,True,True,True,True,shared,shared,shared,shared
10,113,A,0.005,early,False,True,True,True,True,gained,shared,shared,shared
10,123,B,0.005,early,False,True,True,True,True,gained,shared,shared,shared
10,126,B,0.005,early,True,True,True,True,True,shared,shared,shared,shared
10,130,A,0.005,early,False,False,True,True,False,gained,gained,shared,gained
10,154,A,0.005,early,True,True,True,True,True,shared,shared,shared,shared
10,155,B,0.005,early,False,True,True,True,True,gained,shared,shared,shared
10,168,A,0.005,early,True,True,True,True,True,shared,shared,shared,shared
10,173,B,0.005,early,True,True,True,True,True,shared,shared,shared,shared
10,185,A,0.005,early,True,True,True,True,True,shared,shared,shared,shared
10,196,B,0.005,early,True,True,True,True,True,shared,shared,shared,shared
10,199,A,0.005,early,False,True,True,True,True,gained,shared,shared,shared
10,216,B,0.005,early,True,True,True,True,True,shared,shared,shared,shared
10,218,B,0.005,early,True,True,True,True,True,shared,shared,shared,shared
10,225,A,0.005,early,False,True,True,True,False,gained,shared,shared,gained
10,226,A,0.005,early,False,True,True,True,True,gained,shared,shared,shared
10,257,B,0.005,early,False,False,True,True,True,gained,gained,shared,shared
10,266,A,0.005,early,False,True,True,True,True,gained,shared,shared,shared
10,281,A,0.005,early,False,True,True,True,True,gained,shared,shared,shared
10,310,B,0.005,early,True,True,True,True,True,shared,shared,shared,shared
10,312,B,0.005,early,True,True,True,True,True,shared,shared,shared,shared
10,317,A,0.005,early,False,True,True,True,True,gained,shared,shared,shared
10,321,B,0.005,early,False,False,True,True,False,gained,gained,shared,gained
10,322,A,0.005,early,False,False,True,True,False,gained,gained,shared,gained
10,338,B,0.005,early,False,True,True,True,True,gained,shared,shared,shared
10,377,A,0.005,early,False,True,True,True,True,gained,shared,shared,shared
10,378,B,0.005,early,False,True,True,True,True,gained,shared,shared,shared
10,381,A,0.005,early,True,True,True,True,True,shared,shared,shared,shared
10,384,A,0.005,early,False,True,True,True,True,gained,shared,shared,shared
10,400,A,0.005,early,False,False,True,True,True,gained,gained,shared,shared
10,401,B,0.005,early,True,True,True,True,True,shared,shared,shared,shared
10,405,A,0.005,early,False,True,True,True,True,gained,shared,shared,shared
10,410,B,0.005,early,True,True,True,True,True,shared,shared,shared,shared
10,418,A,0.005,early,True,True,True,True,True,shared,shared,shared,shared
10,426,A,0.005,early,False,True,True,True,True,gained,shared,shared,shared
10,433,B,0.005,early,True,True,True,True,True,shared,shared,shared,shared
10,444,A,0.005,early,False,True,True,True,True,gained,shared,shared,shared
10,456,B,0.005,early,False,False,True,True,True,gained,gained,shared,shared
10,463,B,0.005,early,False,True,True,True,True,gained,shared,shared,shared
10,478,B,0.005,early,False,True,True,True,True,gained,shared,shared,shared
10,492,B,0.005,early,False,False,True,True,True,gained,gained,shared,shared
11,1,A,0.005,early,True,True,True,True,True,shared,shared,shared,shared
11,2,A,0.005,early,True,True,True,True,True,shared,shared,shared,shared
11,3,B,0.005,early,True,True,True,True,True,shared,shared,shared,shared
11,15,A,0.005,early,True,True,True,True,True,shared,shared,shared,shared
11,23,B,0.005,early,True,True,True,True,True,shared,shared,shared,shared
11,39,A,0.005,early,True,True,True,True,True,shared,shared,shared,shared
11,79,A,0.005,early,True,True,True,True,True,shared,shared,shared,shared
11,82,B,0.005,early,True,True,True,True,True,shared,shared,shared,shared
11,85,B,0.005,early,True,True,True,True,True,shared,shared,shared,shared
11,101,B,0.005,early,True,True,True,True,True,shared,shared,shared,shared
11,113,A,0.005,early,True,True,True,True,True,shared,shared,shared,shared
11,123,B,0.005,early,True,True,True,True,True,shared,shared,shared,shared
11,126,B,0.005,early,True,True,True,True,True,shared,shared,shared,shared
11,130,A,0.005,early,True,True,True,True,True,shared,shared,shared,shared
11,154,A,0.005,early,True,True,True,True,True,shared,shared,shared,shared
11,155,B,0.005,early,True,True,True,True,True,shared,shared,shared,shared
11,168,A,0.005,early,True,True,True,True,True,shared,shared,shared,shared
11,173,B,0.005,early,True,True,True,True,True,shared,shared,shared,shared
11,185,A,0.005,early,True,True,True,True,True,shared,shared,shared,shared
11,196,B,0.005,early,True,True,True,True,True,shared,shared,shared,shared
11,199,A,0.005,early,True,True,True,True,True,shared,shared,shared,shared
11,216,B,0.005,early,True,True,True,True,True,shared,shared,shared,shared
11,218,B,0.005,early,True,True,True,True,True,shared,shared,shared,shared
11,225,A,0.005,early,True,True,True,True,True,shared,shared,shared,shared
11,226,A,0.005,early,True,True,True,True,True,shared,shared,shared,shared
11,257,B,0.005,early,True,True,True,True,True,shared,shared,shared,shared
11,266,A,0.005,early,True,True,True,True,True,shared,shared,shared,shared
11,281,A,0.005,early,True,True,True,True,True,shared,shared,shared,shared
11,310,B,0.005,early,True,True,True,True,True,shared,shared,shared,shared
11,312,B,0.005,early,True,True,True,True,True,shared,shared,shared,shared
11,317,A,0.005,early,True,True,True,True,True,shared,shared,shared,shared
11,321,B,0.005,early,True,True,True,True,True,shared,shared,shared,shared
11,322,A,0.005,early,True,True,True,True,True,shared,shared,shared,shared
11,338,B,0.005,early,True,True,True,True,True,shared,shared,shared,shared
11,377,A,0.005,early,True,True,True,True,True,shared,shared,shared,shared
11,378,B,0.005,early,True,True,True,True,True,shared,shared,shared,shared
11,381,A,0.005,early,True,True,True,True,True,shared,shared,shared,shared
11,384,A,0.005,early,True,True,True,True,True,shared,shared,shared,shared
11,400,A,0.005,early,True,True,True,True,True,shared,shared,shared,shared
11,401,B,0.005,early,True,True,True,True,True,shared,shared,shared,shared
11,405,A,0.005,early,True,True,True,True,True,shared,shared,shared,shared
11,410,B,0.005,early,True,True,True,True,True,shared,shared,shared,shared
11,418,A,0.005,early,True,True,True,True,True,shared,shared,shared,shared
11,426,A,0.005,early,True,True,True,True,True,shared,shared,shared,shared
11,433,B,0.005,early,True,True,True,True,True,shared,shared,shared,shared
11,444,A,0.005,early,True,True,True,True,True,shared,shared,shared,shared
11,456,B,0.005,early,True,True,True,True,True,shared,shared,shared,shared
11,463,B,0.005,early,True,True,True,True,True,shared,shared,shared,shared
11,478,B,0.005,early,True,True,True,True,True,shared,shared,shared,shared
11,492,B,0.005,early,True,True,True,True,True,shared,shared,shared,shared
12,1,A,0.005,early,True,True,True,True,True,shared,shared,shared,shared
12,2,A,0.005,early,True,True,True,True,True,shared,shared,shared,shared
12,3,B,0.005,early,True,True,True,True,True,shared,shared,shared,shared
12,15,A,0.005,early,True,True,True,True,True,shared,shared,shared,shared
12,23,B,0.005,early,True,True,True,True,True,shared,shared,shared,shared
12,39,A,0.005,early,True,True,True,True,True,shared,shared,shared,shared
12,79,A,0.005,early,True,True,True,True,True,shared,shared,shared,shared
12,82,B,0.005,early,True,True,True,True,True,shared,shared,shared,shared
12,85,B,0.005,early,True,True,True,True,True,shared,shared,shared,shared
12,101,B,0.005,early,True,True,True,True,True,shared,shared,shared,shared
12,113,A,0.005,early,True,True,True,True,True,shared,shared,shared,shared
12,123,B,0.005,early,True,True,True,True,True,shared,shared,shared,shared
12,126,B,0.005,early,True,True,True,True,True,shared,shared,shared,shared
12,130,A,0.005,early,True,True,True,True,True,shared,shared,shared,shared
12,154,A,0.005,early,True,True,True,True,True,shared,shared,shared,shared
12,155,B,0.005,early,True,True,True,True,True,shared,shared,shared,shared
12,168,A,0.005,early,True,True,True,True,True,shared,shared,shared,shared
12,173,B,0.005,early,True,True,True,True,True,shared,shared,shared,shared
12,185,A,0.005,early,True,True,True,True,True,shared,shared,shared,shared
12,196,B,0.005,early,True,True,True,True,True,shared,shared,shared,shared
12,199,A,0.005,early,True,True,True,True,True,shared,shared,shared,shared
12,216,B,0.005,early,True,True,True,True,True,shared,shared,shared,shared
12,218,B,0.005,early,True,True,True,True,True,shared,shared,shared,shared
12,225,A,0.005,early,True,True,True,True,True,shared,shared,shared,shared
12,226,A,0.005,early,True,True,True,True,True,shared,shared,shared,shared
12,257,B,0.005,early,True,True,True,True,True,shared,shared,shared,shared
12,266,A,0.005,early,True,True,True,True,True,shared,shared,shared,shared
12,281,A,0.005,early,True,True,True,True,True,shared,shared,shared,shared
12,310,B,0.005,early,True,True,True,True,True,shared,shared,shared,shared
12,312,B,0.005,early,True,True,True,True,True,shared,shared,shared,shared
12,317,A,0.005,early,True,True,True,True,True,shared,shared,shared,shared
12,321,B,0.005,early,True,True,True,True,True,shared,shared,shared,shared
12,322,A,0.005,early,True,True,True,True,True,shared,shared,shared,shared
12,338,B,0.005,early,True,True,True,True,True,shared,shared,shared,shared
12,377,A,0.005,early,True,True,True,True,True,shared,shared,shared,shared
12,378,B,0.005,early,True,True,True,True,True,shared,shared,shared,shared
12,381,A,0.005,early,True,True,True,True,True,shared,shared,shared,shared
12,384,A,0.005,early,True,True,False,True,True,lost,lost,lost,lost
12,400,A,0.005,early,True,True,True,True,True,shared,shared,shared,shared
12,401,B,0.005,early,True,True,True,True,True,shared,shared,shared,shared
12,405,A,0.005,early,True,True,True,True,True,shared,shared,shared,shared
12,410,B,0.005,early,True,True,True,True,True,shared,shared,shared,shared
12,418,A,0.005,early,True,True,True,True,True,shared,shared,shared,shared
12,426,A,0.005,early,True,True,True,True,True,shared,shared,shared,shared
12,433,B,0.005,early,True,True,True,True,True,shared,shared,shared,shared
12,444,A,0.005,early,True,True,True,True,True,shared,shared,shared,shared
12,456,B,0.005,early,True,True,True,True,True,shared,shared,shared,shared
12,463,B,0.005,early,True,True,True,True,True,shared,shared,shared,shared
12,478,B,0.005,early,True,True,True,True,True,shared,shared,shared,shared
12,492,B,0.005,early,True,True,True,True,True,shared,shared,shared,shared
13,1,A,0.005,early,False,True,True,True,True,gained,shared,shared,shared
13,2,A,0.005,early,True,True,True,True,True,shared,shared,shared,shared
13,3,B,0.005,early,True,True,True,True,True,shared,shared,shared,shared
13,15,A,0.005,early,True,True,True,True,True,shared,shared,shared,shared
13,23,B,0.005,early,True,True,True,True,True,shared,shared,shared,shared
13,39,A,0.005,early,True,True,True,True,True,shared,shared,shared,shared
13,79,A,0.005,early,True,True,True,True,True,shared,shared,shared,shared
13,82,B,0.005,early,True,True,True,True,True,shared,shared,shared,shared
13,85,B,0.005,early,False,True,True,True,False,gained,shared,shared,gained
13,101,B,0.005,early,False,True,True,True,True,gained,shared,shared,shared
13,113,A,0.005,early,True,True,True,True,True,shared,shared,shared,shared
13,123,B,0.005,early,True,True,True,True,True,shared,shared,shared,shared
13,126,B,0.005,early,True,True,True,True,True,shared,shared,shared,shared
13,130,A,0.005,early,True,True,True,True,True,shared,shared,shared,shared
13,154,A,0.005,early,False,True,True,True,True,gained,shared,shared,shared
13,155,B,0.005,early,True,True,True,True,True,shared,shared,shared,shared
13,168,A,0.005,early,True,True,True,True,True,shared,shared,shared,shared
13,173,B,0.005,early,True,True,True,True,True,shared,shared,shared,shared
13,185,A,0.005,early,True,True,True,True,True,shared,shared,shared,shared
13,196,B,0.005,early,True,True,True,True,True,shared,shared,shared,shared
13,199,A,0.005,early,False,True,True,True,True,gained,shared,shared,shared
13,216,B,0.005,early,True,True,True,True,True,shared,shared,shared,shared
13,218,B,0.005,early,True,True,True,True,True,shared,shared,shared,shared
13,225,A,0.005,early,True,True,True,True,True,shared,shared,shared,shared
13,226,A,0.005,early,True,True,True,True,True,shared,shared,shared,shared
13,257,B,0.005,early,True,True,True,True,True,shared,shared,shared,shared
13,266,A,0.005,early,True,True,True,True,True,shared,shared,shared,shared
13,281,A,0.005,early,False,False,False,False,False,neither,neither,neither,neither
13,310,B,0.005,early,True,True,True,True,True,shared,shared,shared,shared
13,312,B,0.005,early,True,True,True,True,True,shared,shared,shared,shared
13,317,A,0.005,early,True,True,True,True,True,shared,shared,shared,shared
13,321,B,0.005,early,False,True,True,True,False,gained,shared,shared,gained
13,322,A,0.005,early,True,True,True,True,True,shared,shared,shared,shared
13,338,B,0.005,early,True,True,True,True,True,shared,shared,shared,shared
13,377,A,0.005,early,True,True,True,True,True,shared,shared,shared,shared
13,378,B,0.005,early,True,True,True,True,True,shared,shared,shared,shared
13,381,A,0.005,early,True,True,True,True,True,shared,shared,shared,shared
13,384,A,0.005,early,True,True,True,True,True,shared,shared,shared,shared
13,400,A,0.005,early,True,True,True,True,True,shared,shared,shared,shared
13,401,B,0.005,early,True,True,True,True,True,shared,shared,shared,shared
13,405,A,0.005,early,True,True,True,True,True,shared,shared,shared,shared
13,410,B,0.005,early,True,True,True,True,True,shared,shared,shared,shared
13,418,A,0.005,early,True,True,True,True,True,shared,shared,shared,shared
13,426,A,0.005,early,True,True,True,True,True,shared,shared,shared,shared
13,433,B,0.005,early,True,True,True,True,True,shared,shared,shared,shared
13,444,A,0.005,early,True,True,True,True,True,shared,shared,shared,shared
13,456,B,0.005,early,True,True,True,True,True,shared,shared,shared,shared
13,463,B,0.005,early,True,True,True,True,True,shared,shared,shared,shared
13,478,B,0.005,early,True,True,True,True,True,shared,shared,shared,shared
13,492,B,0.005,early,True,True,True,True,True,shared,shared,shared,shared
14,1,A,0.005,early,True,True,True,True,True,shared,shared,shared,shared
14,2,A,0.005,early,True,True,True,True,True,shared,shared,shared,shared
14,3,B,0.005,early,True,True,True,True,True,shared,shared,shared,shared
14,15,A,0.005,early,True,True,True,True,True,shared,shared,shared,shared
14,23,B,0.005,early,True,True,True,True,True,shared,shared,shared,shared
14,39,A,0.005,early,True,True,True,True,True,shared,shared,shared,shared
14,79,A,0.005,early,True,True,True,True,True,shared,shared,shared,shared
14,82,B,0.005,early,True,True,True,True,True,shared,shared,shared,shared
14,85,B,0.005,early,True,True,True,True,True,shared,shared,shared,shared
14,101,B,0.005,early,True,True,True,True,True,shared,shared,shared,shared
14,113,A,0.005,early,True,True,True,True,True,shared,shared,shared,shared
14,123,B,0.005,early,True,True,True,True,True,shared,shared,shared,shared
14,126,B,0.005,early,True,True,True,True,True,shared,shared,shared,shared
14,130,A,0.005,early,True,True,True,True,True,shared,shared,shared,shared
14,154,A,0.005,early,True,True,True,True,True,shared,shared,shared,shared
14,155,B,0.005,early,True,True,True,True,True,shared,shared,shared,shared
14,168,A,0.005,early,True,True,True,True,True,shared,shared,shared,shared
14,173,B,0.005,early,True,True,True,True,True,shared,shared,shared,shared
14,185,A,0.005,early,True,True,True,True,True,shared,shared,shared,shared
14,196,B,0.005,early,True,True,True,True,True,shared,shared,shared,shared
14,199,A,0.005,early,True,True,True,True,True,shared,shared,shared,shared
14,216,B,0.005,early,True,True,True,True,True,shared,shared,shared,shared
14,218,B,0.005,early,True,True,True,True,True,shared,shared,shared,shared
14,225,A,0.005,early,True,True,True,True,True,shared,shared,shared,shared
14,226,A,0.005,early,True,True,True,True,True,shared,shared,shared,shared
14,257,B,0.005,early,True,True,True,True,True,shared,shared,shared,shared
14,266,A,0.005,early,True,True,True,True,True,shared,shared,shared,shared
14,281,A,0.005,early,True,True,True,True,True,shared,shared,shared,shared
14,310,B,0.005,early,True,True,True,True,True,shared,shared,shared,shared
14,312,B,0.005,early,True,True,True,True,True,shared,shared,shared,shared
14,317,A,0.005,early,True,True,True,True,True,shared,shared,shared,shared
14,321,B,0.005,early,True,True,True,True,True,shared,shared,shared,shared
14,322,A,0.005,early,True,True,True,True,True,shared,shared,shared,shared
14,338,B,0.005,early,True,True,True,True,True,shared,shared,shared,shared
14,377,A,0.005,early,True,True,True,True,True,shared,shared,shared,shared
14,378,B,0.005,early,True,True,True,True,True,shared,shared,shared,shared
14,381,A,0.005,early,True,True,True,True,True,shared,shared,shared,shared
14,384,A,0.005,early,True,True,True,True,True,shared,shared,shared,shared
14,400,A,0.005,early,True,True,True,True,True,shared,shared,shared,shared
14,401,B,0.005,early,True,True,True,True,True,shared,shared,shared,shared
14,405,A,0.005,early,True,True,True,True,True,shared,shared,shared,shared
14,410,B,0.005,early,True,True,True,True,True,shared,shared,shared,shared
14,418,A,0.005,early,True,True,True,True,True,shared,shared,shared,shared
14,426,A,0.005,early,True,True,True,True,True,shared,shared,shared,shared
14,433,B,0.005,early,True,True,True,True,True,shared,shared,shared,shared
14,444,A,0.005,early,True,True,True,True,True,shared,shared,shared,shared
14,456,B,0.005,early,True,True,True,True,True,shared,shared,shared,shared
14,463,B,0.005,early,True,True,True,True,True,shared,shared,shared,shared
14,478,B,0.005,early,True,True,True,True,True,shared,shared,shared,shared
14,492,B,0.005,early,True,True,True,True,True,shared,shared,shared,shared
15,1,A,0.005,early,False,False,False,False,False,neither,neither,neither,neither
15,2,A,0.005,early,False,False,False,False,False,neither,neither,neither,neither
15,3,B,0.005,early,False,False,False,False,False,neither,neither,neither,neither
15,15,A,0.005,early,False,False,False,False,False,neither,neither,neither,neither
15,23,B,0.005,early,False,False,False,False,False,neither,neither,neither,neither
15,39,A,0.005,early,False,False,False,False,False,neither,neither,neither,neither
15,79,A,0.005,early,False,False,False,False,False,neither,neither,neither,neither
15,82,B,0.005,early,False,False,False,False,False,neither,neither,neither,neither
15,85,B,0.005,early,False,False,False,False,False,neither,neither,neither,neither
15,101,B,0.005,early,False,False,False,False,False,neither,neither,neither,neither
15,113,A,0.005,early,False,False,False,False,False,neither,neither,neither,neither
15,123,B,0.005,early,False,False,False,False,False,neither,neither,neither,neither
15,126,B,0.005,early,False,False,False,False,False,neither,neither,neither,neither
15,130,A,0.005,early,False,False,False,False,False,neither,neither,neither,neither
15,154,A,0.005,early,False,False,False,False,False,neither,neither,neither,neither
15,155,B,0.005,early,False,False,False,False,False,neither,neither,neither,neither
15,168,A,0.005,early,False,False,False,False,False,neither,neither,neither,neither
15,173,B,0.005,early,False,False,False,False,False,neither,neither,neither,neither
15,185,A,0.005,early,False,True,False,True,False,neither,lost,lost,neither
15,196,B,0.005,early,False,False,False,False,False,neither,neither,neither,neither
15,199,A,0.005,early,False,False,False,False,False,neither,neither,neither,neither
15,216,B,0.005,early,False,False,False,False,False,neither,neither,neither,neither
15,218,B,0.005,early,False,False,False,False,False,neither,neither,neither,neither
15,225,A,0.005,early,False,False,False,False,False,neither,neither,neither,neither
15,226,A,0.005,early,False,False,False,False,False,neither,neither,neither,neither
15,257,B,0.005,early,False,False,False,False,False,neither,neither,neither,neither
15,266,A,0.005,early,False,False,False,False,False,neither,neither,neither,neither
15,281,A,0.005,early,False,False,False,False,True,neither,neither,neither,lost
15,310,B,0.005,early,False,False,False,False,False,neither,neither,neither,neither
15,312,B,0.005,early,False,False,False,False,False,neither,neither,neither,neither
15,317,A,0.005,early,False,False,False,False,False,neither,neither,neither,neither
15,321,B,0.005,early,False,False,False,False,False,neither,neither,neither,neither
15,322,A,0.005,early,False,False,False,False,False,neither,neither,neither,neither
15,338,B,0.005,early,False,False,False,False,False,neither,neither,neither,neither
15,377,A,0.005,early,False,False,False,False,False,neither,neither,neither,neither
15,378,B,0.005,early,False,False,False,False,False,neither,neither,neither,neither
15,381,A,0.005,early,False,False,False,False,False,neither,neither,neither,neither
15,384,A,0.005,early,False,False,False,False,False,neither,neither,neither,neither
15,400,A,0.005,early,False,False,False,False,True,neither,neither,neither,lost
15,401,B,0.005,early,True,True,False,True,False,lost,lost,lost,neither
15,405,A,0.005,early,False,False,False,False,False,neither,neither,neither,neither
15,410,B,0.005,early,False,False,False,False,False,neither,neither,neither,neither
15,418,A,0.005,early,False,False,False,False,False,neither,neither,neither,neither
15,426,A,0.005,early,False,False,False,False,False,neither,neither,neither,neither
15,433,B,0.005,early,False,False,False,False,False,neither,neither,neither,neither
15,444,A,0.005,early,False,False,False,False,False,neither,neither,neither,neither
15,456,B,0.005,early,False,False,False,False,False,neither,neither,neither,neither
15,463,B,0.005,early,False,False,False,False,False,neither,neither,neither,neither
15,478,B,0.005,early,False,False,False,False,False,neither,neither,neither,neither
15,492,B,0.005,early,False,False,False,False,False,neither,neither,neither,neither
16,1,A,0.005,early,True,True,True,True,True,shared,shared,shared,shared
16,2,A,0.005,early,False,True,True,True,True,gained,shared,shared,shared
16,3,B,0.005,early,True,True,True,True,True,shared,shared,shared,shared
16,15,A,0.005,early,True,True,True,True,True,shared,shared,shared,shared
16,23,B,0.005,early,True,True,True,True,True,shared,shared,shared,shared
16,39,A,0.005,early,True,True,True,True,True,shared,shared,shared,shared
16,79,A,0.005,early,True,True,True,True,True,shared,shared,shared,shared
16,82,B,0.005,early,False,True,True,True,True,gained,shared,shared,shared
16,85,B,0.005,early,True,True,True,True,True,shared,shared,shared,shared
16,101,B,0.005,early,True,True,True,True,True,shared,shared,shared,shared
16,113,A,0.005,early,True,True,True,True,True,shared,shared,shared,shared
16,123,B,0.005,early,False,True,True,True,True,gained,shared,shared,shared
16,126,B,0.005,early,True,True,True,True,True,shared,shared,shared,shared
16,130,A,0.005,early,False,True,True,True,True,gained,shared,shared,shared
16,154,A,0.005,early,True,True,True,True,True,shared,shared,shared,shared
16,155,B,0.005,early,True,True,True,True,True,shared,shared,shared,shared
16,168,A,0.005,early,True,True,True,True,True,shared,shared,shared,shared
16,173,B,0.005,early,True,True,True,True,True,shared,shared,shared,shared
16,185,A,0.005,early,False,True,True,True,True,gained,shared,shared,shared
16,196,B,0.005,early,False,True,True,True,True,gained,shared,shared,shared
16,199,A,0.005,early,False,True,True,True,True,gained,shared,shared,shared
16,216,B,0.005,early,False,True,True,True,True,gained,shared,shared,shared
16,218,B,0.005,early,False,True,True,True,True,gained,shared,shared,shared
16,225,A,0.005,early,True,True,True,True,True,shared,shared,shared,shared
16,226,A,0.005,early,True,True,True,True,True,shared,shared,shared,shared
16,257,B,0.005,early,True,True,True,True,True,shared,shared,shared,shared
16,266,A,0.005,early,True,True,True,True,True,shared,shared,shared,shared
16,281,A,0.005,early,False,True,True,True,True,gained,shared,shared,shared
16,310,B,0.005,early,True,True,True,True,True,shared,shared,shared,shared
16,312,B,0.005,early,False,True,True,True,True,gained,shared,shared,shared
16,317,A,0.005,early,False,True,True,True,True,gained,shared,shared,shared
16,321,B,0.005,early,False,True,True,True,True,gained,shared,shared,shared
16,322,A,0.005,early,True,True,True,True,True,shared,shared,shared,shared
16,338,B,0.005,early,True,True,True,True,True,shared,shared,shared,shared
16,377,A,0.005,early,True,True,True,True,True,shared,shared,shared,shared
16,378,B,0.005,early,True,True,True,True,True,shared,shared,shared,shared
16,381,A,0.005,early,False,False,True,True,False,gained,gained,shared,gained
16,384,A,0.005,early,True,True,True,True,True,shared,shared,shared,shared
16,400,A,0.005,early,False,True,True,True,True,gained,shared,shared,shared
16,401,B,0.005,early,False,True,True,True,True,gained,shared,shared,shared
16,405,A,0.005,early,True,True,True,True,True,shared,shared,shared,shared
16,410,B,0.005,early,True,True,True,True,True,shared,shared,shared,shared
16,418,A,0.005,early,True,True,True,True,True,shared,shared,shared,shared
16,426,A,0.005,early,True,True,True,True,True,shared,shared,shared,shared
16,433,B,0.005,early,True,True,True,True,True,shared,shared,shared,shared
16,444,A,0.005,early,False,True,True,True,True,gained,shared,shared,shared
16,456,B,0.005,early,False,True,True,True,True,gained,shared,shared,shared
16,463,B,0.005,early,True,True,True,True,True,shared,shared,shared,shared
16,478,B,0.005,early,False,True,True,True,True,gained,shared,shared,shared
16,492,B,0.005,early,True,True,True,True,True,shared,shared,shared,shared
17,1,A,0.005,early,False,True,True,True,True,gained,shared,shared,shared
17,2,A,0.005,early,True,True,True,True,True,shared,shared,shared,shared
17,3,B,0.005,early,True,True,True,True,True,shared,shared,shared,shared
17,15,A,0.005,early,True,True,True,True,True,shared,shared,shared,shared
17,23,B,0.005,early,True,True,True,True,True,shared,shared,shared,shared
17,39,A,0.005,early,True,True,True,True,True,shared,shared,shared,shared
17,79,A,0.005,early,True,True,True,True,True,shared,shared,shared,shared
17,82,B,0.005,early,True,True,True,True,True,shared,shared,shared,shared
17,85,B,0.005,early,True,True,True,True,True,shared,shared,shared,shared
17,101,B,0.005,early,True,True,True,True,True,shared,shared,shared,shared
17,113,A,0.005,early,True,True,True,True,True,shared,shared,shared,shared
17,123,B,0.005,early,True,True,True,True,True,shared,shared,shared,shared
17,126,B,0.005,early,True,True,True,True,True,shared,shared,shared,shared
17,130,A,0.005,early,True,True,True,True,True,shared,shared,shared,shared
17,154,A,0.005,early,True,True,True,True,True,shared,shared,shared,shared
17,155,B,0.005,early,True,True,True,True,True,shared,shared,shared,shared
17,168,A,0.005,early,True,True,True,True,True,shared,shared,shared,shared
17,173,B,0.005,early,True,True,True,True,True,shared,shared,shared,shared
17,185,A,0.005,early,True,True,True,True,True,shared,shared,shared,shared
17,196,B,0.005,early,True,True,True,True,True,shared,shared,shared,shared
17,199,A,0.005,early,True,True,True,True,True,shared,shared,shared,shared
17,216,B,0.005,early,True,True,True,True,True,shared,shared,shared,shared
17,218,B,0.005,early,True,True,True,True,True,shared,shared,shared,shared
17,225,A,0.005,early,True,True,True,True,True,shared,shared,shared,shared
17,226,A,0.005,early,True,True,True,True,True,shared,shared,shared,shared
17,257,B,0.005,early,True,True,True,True,True,shared,shared,shared,shared
17,266,A,0.005,early,True,True,True,True,True,shared,shared,shared,shared
17,281,A,0.005,early,True,True,True,True,True,shared,shared,shared,shared
17,310,B,0.005,early,True,True,True,True,True,shared,shared,shared,shared
17,312,B,0.005,early,True,True,True,True,True,shared,shared,shared,shared
17,317,A,0.005,early,True,True,True,True,True,shared,shared,shared,shared
17,321,B,0.005,early,True,True,True,True,True,shared,shared,shared,shared
17,322,A,0.005,early,True,True,True,True,True,shared,shared,shared,shared
17,338,B,0.005,early,True,True,True,True,True,shared,shared,shared,shared
17,377,A,0.005,early,True,True,True,True,True,shared,shared,shared,shared
17,378,B,0.005,early,True,True,True,True,True,shared,shared,shared,shared
17,381,A,0.005,early,True,True,True,True,True,shared,shared,shared,shared
17,384,A,0.005,early,True,True,True,True,True,shared,shared,shared,shared
17,400,A,0.005,early,True,True,True,True,True,shared,shared,shared,shared
17,401,B,0.005,early,True,True,True,True,True,shared,shared,shared,shared
17,405,A,0.005,early,True,True,True,True,True,shared,shared,shared,shared
17,410,B,0.005,early,True,True,True,True,True,shared,shared,shared,shared
17,418,A,0.005,early,True,True,True,True,True,shared,shared,shared,shared
17,426,A,0.005,early,True,True,True,True,True,shared,shared,shared,shared
17,433,B,0.005,early,True,True,True,True,True,shared,shared,shared,shared
17,444,A,0.005,early,True,True,True,True,True,shared,shared,shared,shared
17,456,B,0.005,early,True,True,True,True,True,shared,shared,shared,shared
17,463,B,0.005,early,True,True,True,True,True,shared,shared,shared,shared
17,478,B,0.005,early,True,True,True,True,True,shared,shared,shared,shared
17,492,B,0.005,early,True,True,True,True,True,shared,shared,shared,shared
18,1,A,0.005,early,True,True,True,True,True,shared,shared,shared,shared
18,2,A,0.005,early,True,True,True,True,True,shared,shared,shared,shared
18,3,B,0.005,early,True,True,True,True,True,shared,shared,shared,shared
18,15,A,0.005,early,True,True,True,True,True,shared,shared,shared,shared
18,23,B,0.005,early,True,True,True,True,True,shared,shared,shared,shared
18,39,A,0.005,early,True,True,True,True,True,shared,shared,shared,shared
18,79,A,0.005,early,True,True,True,True,True,shared,shared,shared,shared
18,82,B,0.005,early,True,True,True,True,True,shared,shared,shared,shared
18,85,B,0.005,early,True,True,True,True,True,shared,shared,shared,shared
18,101,B,0.005,early,True,True,True,True,True,shared,shared,shared,shared
18,113,A,0.005,early,True,True,True,True,True,shared,shared,shared,shared
18,123,B,0.005,early,True,True,True,True,True,shared,shared,shared,shared
18,126,B,0.005,early,False,False,False,False,False,neither,neither,neither,neither
18,130,A,0.005,early,False,False,False,False,False,neither,neither,neither,neither
18,154,A,0.005,early,True,True,True,True,True,shared,shared,shared,shared
18,155,B,0.005,early,True,True,True,True,True,shared,shared,shared,shared
18,168,A,0.005,early,True,True,True,True,True,shared,shared,shared,shared
18,173,B,0.005,early,True,True,True,True,True,shared,shared,shared,shared
18,185,A,0.005,early,True,True,True,True,True,shared,shared,shared,shared
18,196,B,0.005,early,True,True,True,True,True,shared,shared,shared,shared
18,199,A,0.005,early,True,True,True,True,True,shared,shared,shared,shared
18,216,B,0.005,early,True,True,True,True,True,shared,shared,shared,shared
18,218,B,0.005,early,True,True,True,True,True,shared,shared,shared,shared
18,225,A,0.005,early,True,True,True,True,True,shared,shared,shared,shared
18,226,A,0.005,early,True,True,True,True,True,shared,shared,shared,shared
18,257,B,0.005,early,True,True,True,True,True,shared,shared,shared,shared
18,266,A,0.005,early,False,False,False,False,False,neither,neither,neither,neither
18,281,A,0.005,early,True,True,True,True,True,shared,shared,shared,shared
18,310,B,0.005,early,True,True,True,True,True,shared,shared,shared,shared
18,312,B,0.005,early,True,True,True,True,True,shared,shared,shared,shared
18,317,A,0.005,early,True,True,True,True,True,shared,shared,shared,shared
18,321,B,0.005,early,False,False,False,False,False,neither,neither,neither,neither
18,322,A,0.005,early,False,True,True,True,False,gained,shared,shared,gained
18,338,B,0.005,early,False,True,True,True,True,gained,shared,shared,shared
18,377,A,0.005,early,True,True,True,True,True,shared,shared,shared,shared
18,378,B,0.005,early,True,True,True,True,True,shared,shared,shared,shared
18,381,A,0.005,early,True,True,True,True,True,shared,shared,shared,shared
18,384,A,0.005,early,True,True,True,True,True,shared,shared,shared,shared
18,400,A,0.005,early,True,True,True,True,True,shared,shared,shared,shared
18,401,B,0.005,early,True,True,True,True,True,shared,shared,shared,shared
18,405,A,0.005,early,True,True,True,True,True,shared,shared,shared,shared
18,410,B,0.005,early,True,True,True,True,True,shared,shared,shared,shared
18,418,A,0.005,early,True,True,True,True,True,shared,shared,shared,shared
18,426,A,0.005,early,True,True,True,True,True,shared,shared,shared,shared
18,433,B,0.005,early,True,True,True,True,True,shared,shared,shared,shared
18,444,A,0.005,early,True,True,True,True,True,shared,shared,shared,shared
18,456,B,0.005,early,True,True,True,True,True,shared,shared,shared,shared
18,463,B,0.005,early,True,True,True,True,True,shared,shared,shared,shared
18,478,B,0.005,early,False,False,False,False,False,neither,neither,neither,neither
18,492,B,0.005,early,True,True,True,True,True,shared,shared,shared,shared
19,1,A,0.005,early,True,True,True,True,True,shared,shared,shared,shared
19,2,A,0.005,early,True,True,True,True,True,shared,shared,shared,shared
19,3,B,0.005,early,True,True,True,True,True,shared,shared,shared,shared
19,15,A,0.005,early,True,True,True,True,True,shared,shared,shared,shared
19,23,B,0.005,early,True,True,True,True,True,shared,shared,shared,shared
19,39,A,0.005,early,True,True,True,True,True,shared,shared,shared,shared
19,79,A,0.005,early,True,True,True,True,True,shared,shared,shared,shared
19,82,B,0.005,early,True,True,True,True,True,shared,shared,shared,shared
19,85,B,0.005,early,True,True,True,True,True,shared,shared,shared,shared
19,101,B,0.005,early,True,True,True,True,True,shared,shared,shared,shared
19,113,A,0.005,early,True,True,True,True,True,shared,shared,shared,shared
19,123,B,0.005,early,True,True,True,True,True,shared,shared,shared,shared
19,126,B,0.005,early,True,True,True,True,True,shared,shared,shared,shared
19,130,A,0.005,early,True,True,True,True,True,shared,shared,shared,shared
19,154,A,0.005,early,True,True,True,True,True,shared,shared,shared,shared
19,155,B,0.005,early,True,True,True,True,True,shared,shared,shared,shared
19,168,A,0.005,early,True,True,True,True,True,shared,shared,shared,shared
19,173,B,0.005,early,True,True,True,True,True,shared,shared,shared,shared
19,185,A,0.005,early,True,True,True,True,True,shared,shared,shared,shared
19,196,B,0.005,early,True,True,True,True,True,shared,shared,shared,shared
19,199,A,0.005,early,True,True,True,True,True,shared,shared,shared,shared
19,216,B,0.005,early,True,True,True,True,True,shared,shared,shared,shared
19,218,B,0.005,early,True,True,True,True,True,shared,shared,shared,shared
19,225,A,0.005,early,True,True,True,True,True,shared,shared,shared,shared
19,226,A,0.005,early,True,True,True,True,True,shared,shared,shared,shared
19,257,B,0.005,early,True,True,True,True,True,shared,shared,shared,shared
19,266,A,0.005,early,True,True,True,True,True,shared,shared,shared,shared
19,281,A,0.005,early,True,True,True,True,True,shared,shared,shared,shared
19,310,B,0.005,early,True,True,True,True,True,shared,shared,shared,shared
19,312,B,0.005,early,True,True,True,True,True,shared,shared,shared,shared
19,317,A,0.005,early,True,True,True,True,True,shared,shared,shared,shared
19,321,B,0.005,early,True,True,True,True,True,shared,shared,shared,shared
19,322,A,0.005,early,True,True,True,True,True,shared,shared,shared,shared
19,338,B,0.005,early,True,True,True,True,True,shared,shared,shared,shared
19,377,A,0.005,early,True,True,True,True,True,shared,shared,shared,shared
19,378,B,0.005,early,True,True,True,True,True,shared,shared,shared,shared
19,381,A,0.005,early,True,True,True,True,True,shared,shared,shared,shared
19,384,A,0.005,early,True,True,True,True,True,shared,shared,shared,shared
19,400,A,0.005,early,True,True,True,True,True,shared,shared,shared,shared
19,401,B,0.005,early,True,True,True,True,True,shared,shared,shared,shared
19,405,A,0.005,early,True,True,True,True,True,shared,shared,shared,shared
19,410,B,0.005,early,True,True,True,True,True,shared,shared,shared,shared
19,418,A,0.005,early,True,True,True,True,True,shared,shared,shared,shared
19,426,A,0.005,early,True,True,True,True,True,shared,shared,shared,shared
19,433,B,0.005,early,True,True,True,True,True,shared,shared,shared,shared
19,444,A,0.005,early,True,True,True,True,True,shared,shared,shared,shared
19,456,B,0.005,early,True,True,True,True,True,shared,shared,shared,shared
19,463,B,0.005,early,True,True,True,True,True,shared,shared,shared,shared
19,478,B,0.005,early,True,True,True,True,True,shared,shared,shared,shared
19,492,B,0.005,early,True,True,True,True,True,shared,shared,shared,shared
20,1,A,0.005,early,True,True,True,True,True,shared,shared,shared,shared
20,2,A,0.005,early,True,True,True,True,True,shared,shared,shared,shared
20,3,B,0.005,early,True,True,True,True,True,shared,shared,shared,shared
20,15,A,0.005,early,True,True,True,True,True,shared,shared,shared,shared
20,23,B,0.005,early,True,True,True,True,True,shared,shared,shared,shared
20,39,A,0.005,early,True,True,True,True,True,shared,shared,shared,shared
20,79,A,0.005,early,True,True,True,True,True,shared,shared,shared,shared
20,82,B,0.005,early,True,True,True,True,True,shared,shared,shared,shared
20,85,B,0.005,early,True,True,True,True,True,shared,shared,shared,shared
20,101,B,0.005,early,True,True,True,True,True,shared,shared,shared,shared
20,113,A,0.005,early,True,True,True,True,True,shared,shared,shared,shared
20,123,B,0.005,early,True,True,True,True,True,shared,shared,shared,shared
20,126,B,0.005,early,True,True,True,True,True,shared,shared,shared,shared
20,130,A,0.005,early,True,True,True,True,True,shared,shared,shared,shared
20,154,A,0.005,early,True,True,True,True,True,shared,shared,shared,shared
20,155,B,0.005,early,True,True,True,True,True,shared,shared,shared,shared
20,168,A,0.005,early,True,True,True,True,True,shared,shared,shared,shared
20,173,B,0.005,early,True,True,True,True,True,shared,shared,shared,shared
20,185,A,0.005,early,True,True,True,True,True,shared,shared,shared,shared
20,196,B,0.005,early,False,True,True,True,True,gained,shared,shared,shared
20,199,A,0.005,early,True,True,True,True,True,shared,shared,shared,shared
20,216,B,0.005,early,True,True,True,True,True,shared,shared,shared,shared
20,218,B,0.005,early,True,True,True,True,True,shared,shared,shared,shared
20,225,A,0.005,early,False,True,True,True,True,gained,shared,shared,shared
20,226,A,0.005,early,True,True,True,True,True,shared,shared,shared,shared
20,257,B,0.005,early,True,True,True,True,True,shared,shared,shared,shared
20,266,A,0.005,early,True,True,True,True,True,shared,shared,shared,shared
20,281,A,0.005,early,True,True,True,True,True,shared,shared,shared,shared
20,310,B,0.005,early,True,True,True,True,True,shared,shared,shared,shared
20,312,B,0.005,early,False,True,True,True,True,gained,shared,shared,shared
20,317,A,0.005,early,True,True,True,True,True,shared,shared,shared,shared
20,321,B,0.005,early,True,True,True,True,True,shared,shared,shared,shared
20,322,A,0.005,early,True,True,True,True,True,shared,shared,shared,shared
20,338,B,0.005,early,True,True,True,True,True,shared,shared,shared,shared
20,377,A,0.005,early,True,True,True,True,True,shared,shared,shared,shared
20,378,B,0.005,early,True,True,True,True,True,shared,shared,shared,shared
20,381,A,0.005,early,False,True,True,True,True,gained,shared,shared,shared
20,384,A,0.005,early,True,True,True,True,True,shared,shared,shared,shared
20,400,A,0.005,early,True,True,True,True,True,shared,shared,shared,shared
20,401,B,0.005,early,False,True,False,True,False,neither,lost,lost,neither
20,405,A,0.005,early,True,True,True,True,True,shared,shared,shared,shared
20,410,B,0.005,early,True,True,True,True,True,shared,shared,shared,shared
20,418,A,0.005,early,True,True,True,True,True,shared,shared,shared,shared
20,426,A,0.005,early,True,True,True,True,True,shared,shared,shared,shared
20,433,B,0.005,early,True,True,True,True,True,shared,shared,shared,shared
20,444,A,0.005,early,True,True,True,True,True,shared,shared,shared,shared
20,456,B,0.005,early,True,True,True,True,True,shared,shared,shared,shared
20,463,B,0.005,early,True,True,True,True,True,shared,shared,shared,shared
20,478,B,0.005,early,True,True,True,True,True,shared,shared,shared,shared
20,492,B,0.005,early,True,True,True,True,True,shared,shared,shared,shared
1,1,A,0.01,full,True,True,True,True,True,shared,shared,shared,shared
1,2,A,0.01,full,True,True,True,True,True,shared,shared,shared,shared
1,3,B,0.01,full,True,True,True,True,True,shared,shared,shared,shared
1,15,A,0.01,full,True,True,True,True,True,shared,shared,shared,shared
1,23,B,0.01,full,True,True,True,True,True,shared,shared,shared,shared
1,39,A,0.01,full,True,True,True,True,True,shared,shared,shared,shared
1,79,A,0.01,full,True,True,True,True,True,shared,shared,shared,shared
1,82,B,0.01,full,True,True,True,True,True,shared,shared,shared,shared
1,85,B,0.01,full,True,True,True,True,True,shared,shared,shared,shared
1,101,B,0.01,full,True,True,True,True,True,shared,shared,shared,shared
1,113,A,0.01,full,True,True,True,True,True,shared,shared,shared,shared
1,123,B,0.01,full,True,True,True,True,True,shared,shared,shared,shared
1,126,B,0.01,full,True,True,True,True,True,shared,shared,shared,shared
1,130,A,0.01,full,True,True,True,True,True,shared,shared,shared,shared
1,154,A,0.01,full,True,True,True,True,True,shared,shared,shared,shared
1,155,B,0.01,full,True,True,True,True,True,shared,shared,shared,shared
1,168,A,0.01,full,True,True,True,True,True,shared,shared,shared,shared
1,173,B,0.01,full,True,True,True,True,True,shared,shared,shared,shared
1,185,A,0.01,full,True,True,True,True,True,shared,shared,shared,shared
1,196,B,0.01,full,True,True,True,True,True,shared,shared,shared,shared
1,199,A,0.01,full,True,True,True,True,True,shared,shared,shared,shared
1,216,B,0.01,full,True,True,True,True,True,shared,shared,shared,shared
1,218,B,0.01,full,True,True,True,True,True,shared,shared,shared,shared
1,225,A,0.01,full,True,True,True,True,True,shared,shared,shared,shared
1,226,A,0.01,full,True,True,True,True,True,shared,shared,shared,shared
1,257,B,0.01,full,True,True,True,True,True,shared,shared,shared,shared
1,266,A,0.01,full,True,True,True,True,True,shared,shared,shared,shared
1,281,A,0.01,full,True,True,True,True,True,shared,shared,shared,shared
1,310,B,0.01,full,True,True,True,True,True,shared,shared,shared,shared
1,312,B,0.01,full,True,True,True,True,True,shared,shared,shared,shared
1,317,A,0.01,full,True,True,True,True,True,shared,shared,shared,shared
1,321,B,0.01,full,True,True,True,True,True,shared,shared,shared,shared
1,322,A,0.01,full,True,True,True,True,True,shared,shared,shared,shared
1,338,B,0.01,full,True,True,True,True,True,shared,shared,shared,shared
1,377,A,0.01,full,True,True,True,True,True,shared,shared,shared,shared
1,378,B,0.01,full,True,True,True,True,True,shared,shared,shared,shared
1,381,A,0.01,full,True,True,True,True,True,shared,shared,shared,shared
1,384,A,0.01,full,True,True,True,True,True,shared,shared,shared,shared
1,400,A,0.01,full,True,True,True,True,True,shared,shared,shared,shared
1,401,B,0.01,full,True,True,True,True,True,shared,shared,shared,shared
1,405,A,0.01,full,True,True,True,True,True,shared,shared,shared,shared
1,410,B,0.01,full,True,True,True,True,True,shared,shared,shared,shared
1,418,A,0.01,full,True,True,True,True,True,shared,shared,shared,shared
1,426,A,0.01,full,True,True,True,True,True,shared,shared,shared,shared
1,433,B,0.01,full,True,True,True,True,True,shared,shared,shared,shared
1,444,A,0.01,full,True,True,True,True,True,shared,shared,shared,shared
1,456,B,0.01,full,True,True,True,True,True,shared,shared,shared,shared
1,463,B,0.01,full,True,True,True,True,True,shared,shared,shared,shared
1,478,B,0.01,full,True,True,True,True,True,shared,shared,shared,shared
1,492,B,0.01,full,True,True,True,True,True,shared,shared,shared,shared
2,1,A,0.01,full,True,True,True,True,True,shared,shared,shared,shared
2,2,A,0.01,full,True,True,True,True,True,shared,shared,shared,shared
2,3,B,0.01,full,True,True,True,True,True,shared,shared,shared,shared
2,15,A,0.01,full,True,True,True,True,True,shared,shared,shared,shared
2,23,B,0.01,full,True,True,True,True,True,shared,shared,shared,shared
2,39,A,0.01,full,True,True,True,True,True,shared,shared,shared,shared
2,79,A,0.01,full,True,True,True,True,True,shared,shared,shared,shared
2,82,B,0.01,full,True,True,True,True,True,shared,shared,shared,shared
2,85,B,0.01,full,True,True,True,True,True,shared,shared,shared,shared
2,101,B,0.01,full,True,True,True,True,True,shared,shared,shared,shared
2,113,A,0.01,full,True,True,True,True,True,shared,shared,shared,shared
2,123,B,0.01,full,True,True,True,True,True,shared,shared,shared,shared
2,126,B,0.01,full,True,True,True,True,True,shared,shared,shared,shared
2,130,A,0.01,full,True,True,True,True,True,shared,shared,shared,shared
2,154,A,0.01,full,True,True,True,True,True,shared,shared,shared,shared
2,155,B,0.01,full,True,True,True,True,True,shared,shared,shared,shared
2,168,A,0.01,full,True,True,True,True,True,shared,shared,shared,shared
2,173,B,0.01,full,True,True,True,True,True,shared,shared,shared,shared
2,185,A,0.01,full,True,True,True,True,True,shared,shared,shared,shared
2,196,B,0.01,full,True,True,True,True,True,shared,shared,shared,shared
2,199,A,0.01,full,True,True,True,True,True,shared,shared,shared,shared
2,216,B,0.01,full,True,True,True,True,True,shared,shared,shared,shared
2,218,B,0.01,full,True,True,True,True,True,shared,shared,shared,shared
2,225,A,0.01,full,True,True,True,True,True,shared,shared,shared,shared
2,226,A,0.01,full,True,True,True,True,True,shared,shared,shared,shared
2,257,B,0.01,full,True,True,True,True,True,shared,shared,shared,shared
2,266,A,0.01,full,True,True,True,True,True,shared,shared,shared,shared
2,281,A,0.01,full,True,True,True,True,True,shared,shared,shared,shared
2,310,B,0.01,full,True,True,True,True,True,shared,shared,shared,shared
2,312,B,0.01,full,True,True,True,True,True,shared,shared,shared,shared
2,317,A,0.01,full,True,True,True,True,True,shared,shared,shared,shared
2,321,B,0.01,full,True,True,True,True,True,shared,shared,shared,shared
2,322,A,0.01,full,True,True,True,True,True,shared,shared,shared,shared
2,338,B,0.01,full,True,True,True,True,True,shared,shared,shared,shared
2,377,A,0.01,full,True,True,True,True,True,shared,shared,shared,shared
2,378,B,0.01,full,True,True,True,True,True,shared,shared,shared,shared
2,381,A,0.01,full,True,True,True,True,True,shared,shared,shared,shared
2,384,A,0.01,full,True,True,True,True,True,shared,shared,shared,shared
2,400,A,0.01,full,True,True,True,True,True,shared,shared,shared,shared
2,401,B,0.01,full,True,True,True,True,True,shared,shared,shared,shared
2,405,A,0.01,full,True,True,True,True,True,shared,shared,shared,shared
2,410,B,0.01,full,True,True,True,True,True,shared,shared,shared,shared
2,418,A,0.01,full,True,True,True,True,True,shared,shared,shared,shared
2,426,A,0.01,full,True,True,True,True,True,shared,shared,shared,shared
2,433,B,0.01,full,True,True,True,True,True,shared,shared,shared,shared
2,444,A,0.01,full,True,True,True,True,True,shared,shared,shared,shared
2,456,B,0.01,full,True,True,True,True,True,shared,shared,shared,shared
2,463,B,0.01,full,True,True,True,True,True,shared,shared,shared,shared
2,478,B,0.01,full,True,True,True,True,True,shared,shared,shared,shared
2,492,B,0.01,full,True,True,True,True,True,shared,shared,shared,shared
3,1,A,0.01,full,False,False,False,False,True,neither,neither,neither,lost
3,2,A,0.01,full,False,True,False,True,False,neither,lost,lost,neither
3,3,B,0.01,full,False,True,False,True,True,neither,lost,lost,lost
3,15,A,0.01,full,False,False,False,False,False,neither,neither,neither,neither
3,23,B,0.01,full,False,True,True,True,False,gained,shared,shared,gained
3,39,A,0.01,full,False,False,False,False,False,neither,neither,neither,neither
3,79,A,0.01,full,True,True,True,True,True,shared,shared,shared,shared
3,82,B,0.01,full,False,True,True,True,False,gained,shared,shared,gained
3,85,B,0.01,full,False,True,True,True,False,gained,shared,shared,gained
3,101,B,0.01,full,False,True,True,True,True,gained,shared,shared,shared
3,113,A,0.01,full,False,False,False,False,False,neither,neither,neither,neither
3,123,B,0.01,full,True,False,True,False,False,shared,gained,gained,gained
3,126,B,0.01,full,False,False,True,False,True,gained,gained,gained,shared
3,130,A,0.01,full,False,False,True,False,False,gained,gained,gained,gained
3,154,A,0.01,full,True,True,False,True,True,lost,lost,lost,lost
3,155,B,0.01,full,False,True,False,True,True,neither,lost,lost,lost
3,168,A,0.01,full,False,False,True,False,True,gained,gained,gained,shared
3,173,B,0.01,full,False,False,True,False,True,gained,gained,gained,shared
3,185,A,0.01,full,True,True,True,True,True,shared,shared,shared,shared
3,196,B,0.01,full,False,False,True,False,False,gained,gained,gained,gained
3,199,A,0.01,full,False,False,True,False,False,gained,gained,gained,gained
3,216,B,0.01,full,False,True,True,True,False,gained,shared,shared,gained
3,218,B,0.01,full,False,True,True,True,True,gained,shared,shared,shared
3,225,A,0.01,full,True,True,True,True,False,shared,shared,shared,gained
3,226,A,0.01,full,False,True,True,True,False,gained,shared,shared,gained
3,257,B,0.01,full,False,True,False,True,False,neither,lost,lost,neither
3,266,A,0.01,full,False,True,True,True,False,gained,shared,shared,gained
3,281,A,0.01,full,True,True,True,True,True,shared,shared,shared,shared
3,310,B,0.01,full,False,True,True,True,True,gained,shared,shared,shared
3,312,B,0.01,full,False,True,False,False,False,neither,lost,neither,neither
3,317,A,0.01,full,False,False,False,True,True,neither,neither,lost,lost
3,321,B,0.01,full,False,False,False,False,True,neither,neither,neither,lost
3,322,A,0.01,full,True,True,True,True,True,shared,shared,shared,shared
3,338,B,0.01,full,False,False,False,False,True,neither,neither,neither,lost
3,377,A,0.01,full,False,True,True,True,True,gained,shared,shared,shared
3,378,B,0.01,full,False,False,True,False,True,gained,gained,gained,shared
3,381,A,0.01,full,False,True,True,True,False,gained,shared,shared,gained
3,384,A,0.01,full,False,False,True,False,True,gained,gained,gained,shared
3,400,A,0.01,full,False,False,True,True,True,gained,gained,shared,shared
3,401,B,0.01,full,True,True,True,True,True,shared,shared,shared,shared
3,405,A,0.01,full,False,False,True,True,False,gained,gained,shared,gained
3,410,B,0.01,full,False,True,True,True,False,gained,shared,shared,gained
3,418,A,0.01,full,False,False,True,True,False,gained,gained,shared,gained
3,426,A,0.01,full,False,True,False,True,False,neither,lost,lost,neither
3,433,B,0.01,full,False,True,True,True,False,gained,shared,shared,gained
3,444,A,0.01,full,False,False,False,True,False,neither,neither,lost,neither
3,456,B,0.01,full,False,True,True,True,False,gained,shared,shared,gained
3,463,B,0.01,full,False,True,True,True,True,gained,shared,shared,shared
3,478,B,0.01,full,False,False,False,False,False,neither,neither,neither,neither
3,492,B,0.01,full,False,False,True,False,True,gained,gained,gained,shared
4,1,A,0.01,full,True,True,True,True,True,shared,shared,shared,shared
4,2,A,0.01,full,True,True,True,True,True,shared,shared,shared,shared
4,3,B,0.01,full,True,True,True,True,True,shared,shared,shared,shared
4,15,A,0.01,full,True,True,True,True,True,shared,shared,shared,shared
4,23,B,0.01,full,True,True,True,True,True,shared,shared,shared,shared
4,39,A,0.01,full,True,True,True,True,True,shared,shared,shared,shared
4,79,A,0.01,full,True,True,True,True,True,shared,shared,shared,shared
4,82,B,0.01,full,True,True,True,True,True,shared,shared,shared,shared
4,85,B,0.01,full,True,True,True,True,True,shared,shared,shared,shared
4,101,B,0.01,full,True,True,True,True,True,shared,shared,shared,shared
4,113,A,0.01,full,True,True,True,True,True,shared,shared,shared,shared
4,123,B,0.01,full,True,True,True,True,True,shared,shared,shared,shared
4,126,B,0.01,full,True,True,True,True,True,shared,shared,shared,shared
4,130,A,0.01,full,True,True,True,True,True,shared,shared,shared,shared
4,154,A,0.01,full,True,True,True,True,True,shared,shared,shared,shared
4,155,B,0.01,full,True,True,True,True,True,shared,shared,shared,shared
4,168,A,0.01,full,True,True,True,True,True,shared,shared,shared,shared
4,173,B,0.01,full,True,True,True,True,True,shared,shared,shared,shared
4,185,A,0.01,full,True,True,True,True,True,shared,shared,shared,shared
4,196,B,0.01,full,True,True,True,True,True,shared,shared,shared,shared
4,199,A,0.01,full,True,True,True,True,True,shared,shared,shared,shared
4,216,B,0.01,full,True,True,True,True,True,shared,shared,shared,shared
4,218,B,0.01,full,True,True,True,True,True,shared,shared,shared,shared
4,225,A,0.01,full,True,True,True,True,True,shared,shared,shared,shared
4,226,A,0.01,full,True,True,True,True,True,shared,shared,shared,shared
4,257,B,0.01,full,True,True,True,True,True,shared,shared,shared,shared
4,266,A,0.01,full,True,True,True,True,True,shared,shared,shared,shared
4,281,A,0.01,full,True,True,True,True,True,shared,shared,shared,shared
4,310,B,0.01,full,True,True,True,True,True,shared,shared,shared,shared
4,312,B,0.01,full,True,True,True,True,True,shared,shared,shared,shared
4,317,A,0.01,full,True,True,True,True,True,shared,shared,shared,shared
4,321,B,0.01,full,True,True,True,True,True,shared,shared,shared,shared
4,322,A,0.01,full,True,True,True,True,True,shared,shared,shared,shared
4,338,B,0.01,full,True,True,True,True,True,shared,shared,shared,shared
4,377,A,0.01,full,True,True,True,True,True,shared,shared,shared,shared
4,378,B,0.01,full,True,True,True,True,True,shared,shared,shared,shared
4,381,A,0.01,full,True,True,True,True,True,shared,shared,shared,shared
4,384,A,0.01,full,True,True,True,True,True,shared,shared,shared,shared
4,400,A,0.01,full,True,True,True,True,True,shared,shared,shared,shared
4,401,B,0.01,full,True,True,True,True,True,shared,shared,shared,shared
4,405,A,0.01,full,True,True,True,True,True,shared,shared,shared,shared
4,410,B,0.01,full,True,True,True,True,True,shared,shared,shared,shared
4,418,A,0.01,full,True,True,True,True,True,shared,shared,shared,shared
4,426,A,0.01,full,True,True,True,True,True,shared,shared,shared,shared
4,433,B,0.01,full,True,True,True,True,True,shared,shared,shared,shared
4,444,A,0.01,full,True,True,True,True,True,shared,shared,shared,shared
4,456,B,0.01,full,True,True,True,True,True,shared,shared,shared,shared
4,463,B,0.01,full,True,True,True,True,True,shared,shared,shared,shared
4,478,B,0.01,full,True,True,True,True,True,shared,shared,shared,shared
4,492,B,0.01,full,True,True,True,True,True,shared,shared,shared,shared
5,1,A,0.01,full,True,True,True,True,True,shared,shared,shared,shared
5,2,A,0.01,full,True,True,True,True,True,shared,shared,shared,shared
5,3,B,0.01,full,True,True,True,True,True,shared,shared,shared,shared
5,15,A,0.01,full,True,True,True,True,True,shared,shared,shared,shared
5,23,B,0.01,full,True,True,True,True,True,shared,shared,shared,shared
5,39,A,0.01,full,True,True,True,True,True,shared,shared,shared,shared
5,79,A,0.01,full,True,True,True,True,True,shared,shared,shared,shared
5,82,B,0.01,full,True,True,True,True,True,shared,shared,shared,shared
5,85,B,0.01,full,True,True,True,True,True,shared,shared,shared,shared
5,101,B,0.01,full,True,True,True,True,True,shared,shared,shared,shared
5,113,A,0.01,full,True,True,True,True,True,shared,shared,shared,shared
5,123,B,0.01,full,True,True,True,True,True,shared,shared,shared,shared
5,126,B,0.01,full,True,True,True,True,True,shared,shared,shared,shared
5,130,A,0.01,full,True,True,True,True,True,shared,shared,shared,shared
5,154,A,0.01,full,True,True,True,True,True,shared,shared,shared,shared
5,155,B,0.01,full,True,True,True,True,True,shared,shared,shared,shared
5,168,A,0.01,full,True,True,True,True,True,shared,shared,shared,shared
5,173,B,0.01,full,True,True,True,True,True,shared,shared,shared,shared
5,185,A,0.01,full,True,True,True,True,True,shared,shared,shared,shared
5,196,B,0.01,full,True,True,True,True,True,shared,shared,shared,shared
5,199,A,0.01,full,True,True,True,True,True,shared,shared,shared,shared
5,216,B,0.01,full,True,True,True,True,True,shared,shared,shared,shared
5,218,B,0.01,full,True,True,True,True,True,shared,shared,shared,shared
5,225,A,0.01,full,True,True,True,True,True,shared,shared,shared,shared
5,226,A,0.01,full,True,True,True,True,True,shared,shared,shared,shared
5,257,B,0.01,full,True,True,True,True,True,shared,shared,shared,shared
5,266,A,0.01,full,True,True,True,True,True,shared,shared,shared,shared
5,281,A,0.01,full,True,True,True,True,True,shared,shared,shared,shared
5,310,B,0.01,full,True,True,True,True,True,shared,shared,shared,shared
5,312,B,0.01,full,True,True,True,True,True,shared,shared,shared,shared
5,317,A,0.01,full,True,True,True,True,True,shared,shared,shared,shared
5,321,B,0.01,full,True,True,True,True,True,shared,shared,shared,shared
5,322,A,0.01,full,True,True,True,True,True,shared,shared,shared,shared
5,338,B,0.01,full,True,True,True,True,True,shared,shared,shared,shared
5,377,A,0.01,full,True,True,True,True,True,shared,shared,shared,shared
5,378,B,0.01,full,True,True,True,True,True,shared,shared,shared,shared
5,381,A,0.01,full,True,True,True,True,True,shared,shared,shared,shared
5,384,A,0.01,full,True,True,True,True,True,shared,shared,shared,shared
5,400,A,0.01,full,True,True,True,True,True,shared,shared,shared,shared
5,401,B,0.01,full,True,True,True,True,True,shared,shared,shared,shared
5,405,A,0.01,full,True,True,True,True,True,shared,shared,shared,shared
5,410,B,0.01,full,True,True,True,True,True,shared,shared,shared,shared
5,418,A,0.01,full,True,True,True,True,True,shared,shared,shared,shared
5,426,A,0.01,full,True,True,True,True,True,shared,shared,shared,shared
5,433,B,0.01,full,True,True,True,True,True,shared,shared,shared,shared
5,444,A,0.01,full,True,True,True,True,True,shared,shared,shared,shared
5,456,B,0.01,full,True,True,True,True,True,shared,shared,shared,shared
5,463,B,0.01,full,True,True,True,True,True,shared,shared,shared,shared
5,478,B,0.01,full,True,True,True,True,True,shared,shared,shared,shared
5,492,B,0.01,full,True,True,True,True,True,shared,shared,shared,shared
6,1,A,0.01,full,True,True,True,True,True,shared,shared,shared,shared
6,2,A,0.01,full,True,True,True,True,True,shared,shared,shared,shared
6,3,B,0.01,full,True,True,True,True,True,shared,shared,shared,shared
6,15,A,0.01,full,True,True,True,True,True,shared,shared,shared,shared
6,23,B,0.01,full,True,True,True,True,True,shared,shared,shared,shared
6,39,A,0.01,full,True,True,True,True,True,shared,shared,shared,shared
6,79,A,0.01,full,True,True,True,True,True,shared,shared,shared,shared
6,82,B,0.01,full,True,True,True,True,True,shared,shared,shared,shared
6,85,B,0.01,full,True,True,True,True,True,shared,shared,shared,shared
6,101,B,0.01,full,True,True,True,True,True,shared,shared,shared,shared
6,113,A,0.01,full,True,True,True,True,True,shared,shared,shared,shared
6,123,B,0.01,full,True,True,True,True,True,shared,shared,shared,shared
6,126,B,0.01,full,True,True,True,True,True,shared,shared,shared,shared
6,130,A,0.01,full,True,True,True,True,True,shared,shared,shared,shared
6,154,A,0.01,full,True,True,True,True,True,shared,shared,shared,shared
6,155,B,0.01,full,True,True,True,True,True,shared,shared,shared,shared
6,168,A,0.01,full,True,True,True,True,True,shared,shared,shared,shared
6,173,B,0.01,full,True,True,True,True,True,shared,shared,shared,shared
6,185,A,0.01,full,True,True,True,True,True,shared,shared,shared,shared
6,196,B,0.01,full,True,True,True,True,True,shared,shared,shared,shared
6,199,A,0.01,full,True,True,True,True,True,shared,shared,shared,shared
6,216,B,0.01,full,True,True,True,True,True,shared,shared,shared,shared
6,218,B,0.01,full,True,True,True,True,True,shared,shared,shared,shared
6,225,A,0.01,full,True,True,True,True,True,shared,shared,shared,shared
6,226,A,0.01,full,True,True,True,True,True,shared,shared,shared,shared
6,257,B,0.01,full,True,True,True,True,True,shared,shared,shared,shared
6,266,A,0.01,full,True,True,True,True,True,shared,shared,shared,shared
6,281,A,0.01,full,True,True,True,True,True,shared,shared,shared,shared
6,310,B,0.01,full,True,True,True,True,True,shared,shared,shared,shared
6,312,B,0.01,full,True,True,True,True,True,shared,shared,shared,shared
6,317,A,0.01,full,True,True,True,True,True,shared,shared,shared,shared
6,321,B,0.01,full,True,True,True,True,True,shared,shared,shared,shared
6,322,A,0.01,full,True,True,True,True,True,shared,shared,shared,shared
6,338,B,0.01,full,True,True,True,True,True,shared,shared,shared,shared
6,377,A,0.01,full,True,True,True,True,True,shared,shared,shared,shared
6,378,B,0.01,full,True,True,True,True,True,shared,shared,shared,shared
6,381,A,0.01,full,True,True,True,True,True,shared,shared,shared,shared
6,384,A,0.01,full,True,True,True,True,True,shared,shared,shared,shared
6,400,A,0.01,full,True,True,True,True,True,shared,shared,shared,shared
6,401,B,0.01,full,True,True,True,True,True,shared,shared,shared,shared
6,405,A,0.01,full,True,True,True,True,True,shared,shared,shared,shared
6,410,B,0.01,full,True,True,True,True,True,shared,shared,shared,shared
6,418,A,0.01,full,True,True,True,True,True,shared,shared,shared,shared
6,426,A,0.01,full,True,True,True,True,True,shared,shared,shared,shared
6,433,B,0.01,full,True,True,True,True,True,shared,shared,shared,shared
6,444,A,0.01,full,True,True,True,True,True,shared,shared,shared,shared
6,456,B,0.01,full,True,True,True,True,True,shared,shared,shared,shared
6,463,B,0.01,full,True,True,True,True,True,shared,shared,shared,shared
6,478,B,0.01,full,True,True,True,True,True,shared,shared,shared,shared
6,492,B,0.01,full,True,True,True,True,True,shared,shared,shared,shared
7,1,A,0.01,full,True,True,True,True,True,shared,shared,shared,shared
7,2,A,0.01,full,True,True,True,True,True,shared,shared,shared,shared
7,3,B,0.01,full,True,True,True,True,True,shared,shared,shared,shared
7,15,A,0.01,full,True,True,True,True,True,shared,shared,shared,shared
7,23,B,0.01,full,True,True,True,True,True,shared,shared,shared,shared
7,39,A,0.01,full,True,True,True,True,True,shared,shared,shared,shared
7,79,A,0.01,full,True,True,True,True,True,shared,shared,shared,shared
7,82,B,0.01,full,True,True,True,True,True,shared,shared,shared,shared
7,85,B,0.01,full,True,True,True,True,True,shared,shared,shared,shared
7,101,B,0.01,full,True,True,True,True,True,shared,shared,shared,shared
7,113,A,0.01,full,True,True,True,True,True,shared,shared,shared,shared
7,123,B,0.01,full,True,True,True,True,True,shared,shared,shared,shared
7,126,B,0.01,full,True,True,True,True,True,shared,shared,shared,shared
7,130,A,0.01,full,True,True,True,True,True,shared,shared,shared,shared
7,154,A,0.01,full,True,True,True,True,True,shared,shared,shared,shared
7,155,B,0.01,full,True,True,True,True,True,shared,shared,shared,shared
7,168,A,0.01,full,True,True,True,True,True,shared,shared,shared,shared
7,173,B,0.01,full,True,True,True,True,True,shared,shared,shared,shared
7,185,A,0.01,full,True,True,True,True,True,shared,shared,shared,shared
7,196,B,0.01,full,True,True,True,True,True,shared,shared,shared,shared
7,199,A,0.01,full,True,True,True,True,True,shared,shared,shared,shared
7,216,B,0.01,full,True,True,True,True,True,shared,shared,shared,shared
7,218,B,0.01,full,True,True,True,True,True,shared,shared,shared,shared
7,225,A,0.01,full,True,True,True,True,True,shared,shared,shared,shared
7,226,A,0.01,full,True,True,True,True,True,shared,shared,shared,shared
7,257,B,0.01,full,True,True,True,True,True,shared,shared,shared,shared
7,266,A,0.01,full,True,True,True,True,True,shared,shared,shared,shared
7,281,A,0.01,full,True,True,True,True,True,shared,shared,shared,shared
7,310,B,0.01,full,True,True,True,True,True,shared,shared,shared,shared
7,312,B,0.01,full,True,True,True,True,True,shared,shared,shared,shared
7,317,A,0.01,full,True,True,True,True,True,shared,shared,shared,shared
7,321,B,0.01,full,True,True,True,True,True,shared,shared,shared,shared
7,322,A,0.01,full,True,True,True,True,True,shared,shared,shared,shared
7,338,B,0.01,full,True,True,True,True,True,shared,shared,shared,shared
7,377,A,0.01,full,True,True,True,True,True,shared,shared,shared,shared
7,378,B,0.01,full,True,True,True,True,True,shared,shared,shared,shared
7,381,A,0.01,full,True,True,True,True,True,shared,shared,shared,shared
7,384,A,0.01,full,True,True,True,True,True,shared,shared,shared,shared
7,400,A,0.01,full,True,True,True,True,True,shared,shared,shared,shared
7,401,B,0.01,full,True,True,True,True,True,shared,shared,shared,shared
7,405,A,0.01,full,True,True,True,True,True,shared,shared,shared,shared
7,410,B,0.01,full,True,True,True,True,True,shared,shared,shared,shared
7,418,A,0.01,full,True,True,True,True,True,shared,shared,shared,shared
7,426,A,0.01,full,True,True,True,True,True,shared,shared,shared,shared
7,433,B,0.01,full,True,True,True,True,True,shared,shared,shared,shared
7,444,A,0.01,full,True,True,True,True,True,shared,shared,shared,shared
7,456,B,0.01,full,True,True,True,True,True,shared,shared,shared,shared
7,463,B,0.01,full,True,True,True,True,True,shared,shared,shared,shared
7,478,B,0.01,full,True,True,True,True,True,shared,shared,shared,shared
7,492,B,0.01,full,True,True,True,True,True,shared,shared,shared,shared
8,1,A,0.01,full,True,True,True,True,True,shared,shared,shared,shared
8,2,A,0.01,full,True,True,True,True,True,shared,shared,shared,shared
8,3,B,0.01,full,True,True,True,True,True,shared,shared,shared,shared
8,15,A,0.01,full,True,True,True,True,True,shared,shared,shared,shared
8,23,B,0.01,full,True,True,True,True,True,shared,shared,shared,shared
8,39,A,0.01,full,True,True,True,True,True,shared,shared,shared,shared
8,79,A,0.01,full,True,True,True,True,True,shared,shared,shared,shared
8,82,B,0.01,full,True,True,True,True,True,shared,shared,shared,shared
8,85,B,0.01,full,True,True,True,True,True,shared,shared,shared,shared
8,101,B,0.01,full,True,True,True,True,True,shared,shared,shared,shared
8,113,A,0.01,full,True,True,True,True,True,shared,shared,shared,shared
8,123,B,0.01,full,True,True,True,True,True,shared,shared,shared,shared
8,126,B,0.01,full,True,True,True,True,True,shared,shared,shared,shared
8,130,A,0.01,full,True,True,True,True,True,shared,shared,shared,shared
8,154,A,0.01,full,True,True,True,True,True,shared,shared,shared,shared
8,155,B,0.01,full,True,True,True,True,True,shared,shared,shared,shared
8,168,A,0.01,full,True,True,True,True,True,shared,shared,shared,shared
8,173,B,0.01,full,True,True,True,True,True,shared,shared,shared,shared
8,185,A,0.01,full,True,True,True,True,True,shared,shared,shared,shared
8,196,B,0.01,full,True,True,True,True,True,shared,shared,shared,shared
8,199,A,0.01,full,True,True,True,True,True,shared,shared,shared,shared
8,216,B,0.01,full,True,True,True,True,True,shared,shared,shared,shared
8,218,B,0.01,full,True,True,True,True,True,shared,shared,shared,shared
8,225,A,0.01,full,True,True,True,True,True,shared,shared,shared,shared
8,226,A,0.01,full,True,True,True,True,True,shared,shared,shared,shared
8,257,B,0.01,full,True,True,True,True,True,shared,shared,shared,shared
8,266,A,0.01,full,True,True,True,True,True,shared,shared,shared,shared
8,281,A,0.01,full,True,True,True,True,True,shared,shared,shared,shared
8,310,B,0.01,full,True,True,True,True,True,shared,shared,shared,shared
8,312,B,0.01,full,True,True,True,True,True,shared,shared,shared,shared
8,317,A,0.01,full,True,True,True,True,True,shared,shared,shared,shared
8,321,B,0.01,full,True,True,True,True,True,shared,shared,shared,shared
8,322,A,0.01,full,True,True,True,True,True,shared,shared,shared,shared
8,338,B,0.01,full,True,True,True,True,True,shared,shared,shared,shared
8,377,A,0.01,full,True,True,True,True,True,shared,shared,shared,shared
8,378,B,0.01,full,True,True,True,True,True,shared,shared,shared,shared
8,381,A,0.01,full,True,True,True,True,True,shared,shared,shared,shared
8,384,A,0.01,full,True,True,True,True,True,shared,shared,shared,shared
8,400,A,0.01,full,True,True,True,True,True,shared,shared,shared,shared
8,401,B,0.01,full,True,True,True,True,True,shared,shared,shared,shared
8,405,A,0.01,full,True,True,True,True,True,shared,shared,shared,shared
8,410,B,0.01,full,True,True,True,True,True,shared,shared,shared,shared
8,418,A,0.01,full,True,True,True,True,True,shared,shared,shared,shared
8,426,A,0.01,full,True,True,True,True,True,shared,shared,shared,shared
8,433,B,0.01,full,True,True,True,True,True,shared,shared,shared,shared
8,444,A,0.01,full,True,True,True,True,True,shared,shared,shared,shared
8,456,B,0.01,full,True,True,True,True,True,shared,shared,shared,shared
8,463,B,0.01,full,True,True,True,True,True,shared,shared,shared,shared
8,478,B,0.01,full,True,True,True,True,True,shared,shared,shared,shared
8,492,B,0.01,full,True,True,True,True,True,shared,shared,shared,shared
9,1,A,0.01,full,False,True,True,True,True,gained,shared,shared,shared
9,2,A,0.01,full,False,True,True,True,False,gained,shared,shared,gained
9,3,B,0.01,full,False,True,True,True,True,gained,shared,shared,shared
9,15,A,0.01,full,False,True,False,True,False,neither,lost,lost,neither
9,23,B,0.01,full,False,True,True,True,False,gained,shared,shared,gained
9,39,A,0.01,full,False,True,True,True,False,gained,shared,shared,gained
9,79,A,0.01,full,True,True,True,True,True,shared,shared,shared,shared
9,82,B,0.01,full,False,True,True,True,False,gained,shared,shared,gained
9,85,B,0.01,full,False,True,True,True,False,gained,shared,shared,gained
9,101,B,0.01,full,False,True,True,True,True,gained,shared,shared,shared
9,113,A,0.01,full,False,True,False,True,False,neither,lost,lost,neither
9,123,B,0.01,full,True,True,True,True,False,shared,shared,shared,gained
9,126,B,0.01,full,False,True,True,True,True,gained,shared,shared,shared
9,130,A,0.01,full,False,True,False,True,False,neither,lost,lost,neither
9,154,A,0.01,full,True,True,False,True,True,lost,lost,lost,lost
9,155,B,0.01,full,False,True,True,True,True,gained,shared,shared,shared
9,168,A,0.01,full,False,True,True,True,True,gained,shared,shared,shared
9,173,B,0.01,full,False,True,True,True,True,gained,shared,shared,shared
9,185,A,0.01,full,True,True,True,True,True,shared,shared,shared,shared
9,196,B,0.01,full,False,True,True,True,False,gained,shared,shared,gained
9,199,A,0.01,full,False,True,True,True,False,gained,shared,shared,gained
9,216,B,0.01,full,False,True,True,True,True,gained,shared,shared,shared
9,218,B,0.01,full,False,True,True,True,True,gained,shared,shared,shared
9,225,A,0.01,full,True,True,True,True,False,shared,shared,shared,gained
9,226,A,0.01,full,False,True,True,True,False,gained,shared,shared,gained
9,257,B,0.01,full,False,True,True,True,False,gained,shared,shared,gained
9,266,A,0.01,full,False,True,True,True,False,gained,shared,shared,gained
9,281,A,0.01,full,True,True,True,True,True,shared,shared,shared,shared
9,310,B,0.01,full,False,True,True,True,True,gained,shared,shared,shared
9,312,B,0.01,full,False,True,True,True,False,gained,shared,shared,gained
9,317,A,0.01,full,False,True,True,True,True,gained,shared,shared,shared
9,321,B,0.01,full,False,True,True,True,True,gained,shared,shared,shared
9,322,A,0.01,full,True,True,True,True,True,shared,shared,shared,shared
9,338,B,0.01,full,True,True,True,True,True,shared,shared,shared,shared
9,377,A,0.01,full,False,True,False,True,True,neither,lost,lost,lost
9,378,B,0.01,full,False,True,True,True,True,gained,shared,shared,shared
9,381,A,0.01,full,False,True,True,True,False,gained,shared,shared,gained
9,384,A,0.01,full,False,True,True,True,True,gained,shared,shared,shared
9,400,A,0.01,full,False,True,True,True,True,gained,shared,shared,shared
9,401,B,0.01,full,True,True,True,True,True,shared,shared,shared,shared
9,405,A,0.01,full,False,True,True,True,False,gained,shared,shared,gained
9,410,B,0.01,full,False,True,True,True,False,gained,shared,shared,gained
9,418,A,0.01,full,False,True,True,True,False,gained,shared,shared,gained
9,426,A,0.01,full,False,True,True,True,False,gained,shared,shared,gained
9,433,B,0.01,full,False,True,True,True,True,gained,shared,shared,shared
9,444,A,0.01,full,False,True,True,True,False,gained,shared,shared,gained
9,456,B,0.01,full,False,True,True,True,False,gained,shared,shared,gained
9,463,B,0.01,full,False,True,True,True,True,gained,shared,shared,shared
9,478,B,0.01,full,False,True,True,True,False,gained,shared,shared,gained
9,492,B,0.01,full,False,True,True,True,True,gained,shared,shared,shared
10,1,A,0.01,full,True,True,True,True,True,shared,shared,shared,shared
10,2,A,0.01,full,True,True,True,True,True,shared,shared,shared,shared
10,3,B,0.01,full,True,True,True,True,True,shared,shared,shared,shared
10,15,A,0.01,full,True,True,True,True,True,shared,shared,shared,shared
10,23,B,0.01,full,True,True,True,True,True,shared,shared,shared,shared
10,39,A,0.01,full,True,True,True,True,True,shared,shared,shared,shared
10,79,A,0.01,full,True,True,True,True,True,shared,shared,shared,shared
10,82,B,0.01,full,True,True,True,True,True,shared,shared,shared,shared
10,85,B,0.01,full,True,True,True,True,True,shared,shared,shared,shared
10,101,B,0.01,full,True,True,True,True,True,shared,shared,shared,shared
10,113,A,0.01,full,True,True,True,True,True,shared,shared,shared,shared
10,123,B,0.01,full,True,True,True,True,True,shared,shared,shared,shared
10,126,B,0.01,full,True,True,True,True,True,shared,shared,shared,shared
10,130,A,0.01,full,True,True,True,True,True,shared,shared,shared,shared
10,154,A,0.01,full,True,True,True,True,True,shared,shared,shared,shared
10,155,B,0.01,full,True,True,True,True,True,shared,shared,shared,shared
10,168,A,0.01,full,True,True,True,True,True,shared,shared,shared,shared
10,173,B,0.01,full,True,True,True,True,True,shared,shared,shared,shared
10,185,A,0.01,full,True,True,True,True,True,shared,shared,shared,shared
10,196,B,0.01,full,True,True,True,True,True,shared,shared,shared,shared
10,199,A,0.01,full,True,True,True,True,True,shared,shared,shared,shared
10,216,B,0.01,full,True,True,True,True,True,shared,shared,shared,shared
10,218,B,0.01,full,True,True,True,True,True,shared,shared,shared,shared
10,225,A,0.01,full,True,True,True,True,True,shared,shared,shared,shared
10,226,A,0.01,full,True,True,True,True,True,shared,shared,shared,shared
10,257,B,0.01,full,True,True,True,True,True,shared,shared,shared,shared
10,266,A,0.01,full,True,True,True,True,True,shared,shared,shared,shared
10,281,A,0.01,full,True,True,True,True,True,shared,shared,shared,shared
10,310,B,0.01,full,True,True,True,True,True,shared,shared,shared,shared
10,312,B,0.01,full,True,True,True,True,True,shared,shared,shared,shared
10,317,A,0.01,full,True,True,True,True,True,shared,shared,shared,shared
10,321,B,0.01,full,True,True,True,True,True,shared,shared,shared,shared
10,322,A,0.01,full,True,True,True,True,True,shared,shared,shared,shared
10,338,B,0.01,full,True,True,True,True,True,shared,shared,shared,shared
10,377,A,0.01,full,True,True,True,True,True,shared,shared,shared,shared
10,378,B,0.01,full,True,True,True,True,True,shared,shared,shared,shared
10,381,A,0.01,full,True,True,True,True,True,shared,shared,shared,shared
10,384,A,0.01,full,True,True,True,True,True,shared,shared,shared,shared
10,400,A,0.01,full,True,True,True,True,True,shared,shared,shared,shared
10,401,B,0.01,full,True,True,True,True,True,shared,shared,shared,shared
10,405,A,0.01,full,True,True,True,True,True,shared,shared,shared,shared
10,410,B,0.01,full,True,True,True,True,True,shared,shared,shared,shared
10,418,A,0.01,full,True,True,True,True,True,shared,shared,shared,shared
10,426,A,0.01,full,True,True,True,True,True,shared,shared,shared,shared
10,433,B,0.01,full,True,True,True,True,True,shared,shared,shared,shared
10,444,A,0.01,full,True,True,True,True,True,shared,shared,shared,shared
10,456,B,0.01,full,True,True,True,True,True,shared,shared,shared,shared
10,463,B,0.01,full,True,True,True,True,True,shared,shared,shared,shared
10,478,B,0.01,full,True,True,True,True,True,shared,shared,shared,shared
10,492,B,0.01,full,True,True,True,True,True,shared,shared,shared,shared
11,1,A,0.01,full,True,True,True,True,True,shared,shared,shared,shared
11,2,A,0.01,full,True,True,True,True,True,shared,shared,shared,shared
11,3,B,0.01,full,True,True,True,True,True,shared,shared,shared,shared
11,15,A,0.01,full,True,True,True,True,True,shared,shared,shared,shared
11,23,B,0.01,full,True,True,True,True,True,shared,shared,shared,shared
11,39,A,0.01,full,True,True,True,True,True,shared,shared,shared,shared
11,79,A,0.01,full,True,True,True,True,True,shared,shared,shared,shared
11,82,B,0.01,full,True,True,True,True,True,shared,shared,shared,shared
11,85,B,0.01,full,True,True,True,True,True,shared,shared,shared,shared
11,101,B,0.01,full,True,True,True,True,True,shared,shared,shared,shared
11,113,A,0.01,full,True,True,True,True,True,shared,shared,shared,shared
11,123,B,0.01,full,True,True,True,True,True,shared,shared,shared,shared
11,126,B,0.01,full,True,True,True,True,True,shared,shared,shared,shared
11,130,A,0.01,full,True,True,True,True,True,shared,shared,shared,shared
11,154,A,0.01,full,True,True,True,True,True,shared,shared,shared,shared
11,155,B,0.01,full,True,True,True,True,True,shared,shared,shared,shared
11,168,A,0.01,full,True,True,True,True,True,shared,shared,shared,shared
11,173,B,0.01,full,True,True,True,True,True,shared,shared,shared,shared
11,185,A,0.01,full,True,True,True,True,True,shared,shared,shared,shared
11,196,B,0.01,full,True,True,True,True,True,shared,shared,shared,shared
11,199,A,0.01,full,True,True,True,True,True,shared,shared,shared,shared
11,216,B,0.01,full,True,True,True,True,True,shared,shared,shared,shared
11,218,B,0.01,full,True,True,True,True,True,shared,shared,shared,shared
11,225,A,0.01,full,True,True,True,True,True,shared,shared,shared,shared
11,226,A,0.01,full,True,True,True,True,True,shared,shared,shared,shared
11,257,B,0.01,full,True,True,True,True,True,shared,shared,shared,shared
11,266,A,0.01,full,True,True,True,True,True,shared,shared,shared,shared
11,281,A,0.01,full,True,True,True,True,True,shared,shared,shared,shared
11,310,B,0.01,full,True,True,True,True,True,shared,shared,shared,shared
11,312,B,0.01,full,True,True,True,True,True,shared,shared,shared,shared
11,317,A,0.01,full,True,True,True,True,True,shared,shared,shared,shared
11,321,B,0.01,full,True,True,True,True,True,shared,shared,shared,shared
11,322,A,0.01,full,True,True,True,True,True,shared,shared,shared,shared
11,338,B,0.01,full,True,True,True,True,True,shared,shared,shared,shared
11,377,A,0.01,full,True,True,True,True,True,shared,shared,shared,shared
11,378,B,0.01,full,True,True,True,True,True,shared,shared,shared,shared
11,381,A,0.01,full,True,True,True,True,True,shared,shared,shared,shared
11,384,A,0.01,full,True,True,True,True,True,shared,shared,shared,shared
11,400,A,0.01,full,True,True,True,True,True,shared,shared,shared,shared
11,401,B,0.01,full,True,True,True,True,True,shared,shared,shared,shared
11,405,A,0.01,full,True,True,True,True,True,shared,shared,shared,shared
11,410,B,0.01,full,True,True,True,True,True,shared,shared,shared,shared
11,418,A,0.01,full,True,True,True,True,True,shared,shared,shared,shared
11,426,A,0.01,full,True,True,True,True,True,shared,shared,shared,shared
11,433,B,0.01,full,True,True,True,True,True,shared,shared,shared,shared
11,444,A,0.01,full,True,True,True,True,True,shared,shared,shared,shared
11,456,B,0.01,full,True,True,True,True,True,shared,shared,shared,shared
11,463,B,0.01,full,True,True,True,True,True,shared,shared,shared,shared
11,478,B,0.01,full,True,True,True,True,True,shared,shared,shared,shared
11,492,B,0.01,full,True,True,True,True,True,shared,shared,shared,shared
12,1,A,0.01,full,True,True,True,True,True,shared,shared,shared,shared
12,2,A,0.01,full,True,True,True,True,True,shared,shared,shared,shared
12,3,B,0.01,full,True,True,True,True,True,shared,shared,shared,shared
12,15,A,0.01,full,True,True,True,True,True,shared,shared,shared,shared
12,23,B,0.01,full,True,True,True,True,True,shared,shared,shared,shared
12,39,A,0.01,full,True,True,True,True,True,shared,shared,shared,shared
12,79,A,0.01,full,True,True,True,True,True,shared,shared,shared,shared
12,82,B,0.01,full,True,True,True,True,True,shared,shared,shared,shared
12,85,B,0.01,full,True,True,True,True,True,shared,shared,shared,shared
12,101,B,0.01,full,True,True,True,True,True,shared,shared,shared,shared
12,113,A,0.01,full,True,True,True,True,True,shared,shared,shared,shared
12,123,B,0.01,full,True,True,True,True,True,shared,shared,shared,shared
12,126,B,0.01,full,True,True,True,True,True,shared,shared,shared,shared
12,130,A,0.01,full,True,True,True,True,True,shared,shared,shared,shared
12,154,A,0.01,full,True,True,True,True,True,shared,shared,shared,shared
12,155,B,0.01,full,True,True,True,True,True,shared,shared,shared,shared
12,168,A,0.01,full,True,True,True,True,True,shared,shared,shared,shared
12,173,B,0.01,full,True,True,True,True,True,shared,shared,shared,shared
12,185,A,0.01,full,True,True,True,True,True,shared,shared,shared,shared
12,196,B,0.01,full,True,True,True,True,True,shared,shared,shared,shared
12,199,A,0.01,full,True,True,True,True,True,shared,shared,shared,shared
12,216,B,0.01,full,True,True,True,True,True,shared,shared,shared,shared
12,218,B,0.01,full,True,True,True,True,True,shared,shared,shared,shared
12,225,A,0.01,full,True,True,True,True,True,shared,shared,shared,shared
12,226,A,0.01,full,True,True,True,True,True,shared,shared,shared,shared
12,257,B,0.01,full,True,True,True,True,True,shared,shared,shared,shared
12,266,A,0.01,full,True,True,True,True,True,shared,shared,shared,shared
12,281,A,0.01,full,True,True,True,True,True,shared,shared,shared,shared
12,310,B,0.01,full,True,True,True,True,True,shared,shared,shared,shared
12,312,B,0.01,full,True,True,True,True,True,shared,shared,shared,shared
12,317,A,0.01,full,True,True,True,True,True,shared,shared,shared,shared
12,321,B,0.01,full,True,True,True,True,True,shared,shared,shared,shared
12,322,A,0.01,full,True,True,True,True,True,shared,shared,shared,shared
12,338,B,0.01,full,True,True,True,True,True,shared,shared,shared,shared
12,377,A,0.01,full,True,True,True,True,True,shared,shared,shared,shared
12,378,B,0.01,full,True,True,True,True,True,shared,shared,shared,shared
12,381,A,0.01,full,True,True,True,True,True,shared,shared,shared,shared
12,384,A,0.01,full,True,True,True,True,True,shared,shared,shared,shared
12,400,A,0.01,full,True,True,True,True,True,shared,shared,shared,shared
12,401,B,0.01,full,True,True,True,True,True,shared,shared,shared,shared
12,405,A,0.01,full,True,True,True,True,True,shared,shared,shared,shared
12,410,B,0.01,full,True,True,True,True,True,shared,shared,shared,shared
12,418,A,0.01,full,True,True,True,True,True,shared,shared,shared,shared
12,426,A,0.01,full,True,True,True,True,True,shared,shared,shared,shared
12,433,B,0.01,full,True,True,True,True,True,shared,shared,shared,shared
12,444,A,0.01,full,True,True,True,True,True,shared,shared,shared,shared
12,456,B,0.01,full,True,True,True,True,True,shared,shared,shared,shared
12,463,B,0.01,full,True,True,True,True,True,shared,shared,shared,shared
12,478,B,0.01,full,True,True,True,True,True,shared,shared,shared,shared
12,492,B,0.01,full,True,True,True,True,True,shared,shared,shared,shared
13,1,A,0.01,full,True,True,True,True,True,shared,shared,shared,shared
13,2,A,0.01,full,True,True,True,True,True,shared,shared,shared,shared
13,3,B,0.01,full,True,True,True,True,True,shared,shared,shared,shared
13,15,A,0.01,full,True,True,True,True,True,shared,shared,shared,shared
13,23,B,0.01,full,True,True,True,True,True,shared,shared,shared,shared
13,39,A,0.01,full,True,True,True,True,True,shared,shared,shared,shared
13,79,A,0.01,full,True,True,True,True,True,shared,shared,shared,shared
13,82,B,0.01,full,True,True,True,True,True,shared,shared,shared,shared
13,85,B,0.01,full,True,True,True,True,True,shared,shared,shared,shared
13,101,B,0.01,full,True,True,True,True,True,shared,shared,shared,shared
13,113,A,0.01,full,True,True,True,True,True,shared,shared,shared,shared
13,123,B,0.01,full,True,True,True,True,True,shared,shared,shared,shared
13,126,B,0.01,full,True,True,True,True,True,shared,shared,shared,shared
13,130,A,0.01,full,True,True,True,True,True,shared,shared,shared,shared
13,154,A,0.01,full,True,True,True,True,True,shared,shared,shared,shared
13,155,B,0.01,full,True,True,True,True,True,shared,shared,shared,shared
13,168,A,0.01,full,True,True,True,True,True,shared,shared,shared,shared
13,173,B,0.01,full,True,True,True,True,True,shared,shared,shared,shared
13,185,A,0.01,full,True,True,True,True,True,shared,shared,shared,shared
13,196,B,0.01,full,True,True,True,True,True,shared,shared,shared,shared
13,199,A,0.01,full,True,True,True,True,True,shared,shared,shared,shared
13,216,B,0.01,full,True,True,True,True,True,shared,shared,shared,shared
13,218,B,0.01,full,True,True,True,True,True,shared,shared,shared,shared
13,225,A,0.01,full,True,True,True,True,True,shared,shared,shared,shared
13,226,A,0.01,full,True,True,True,True,True,shared,shared,shared,shared
13,257,B,0.01,full,True,True,True,True,True,shared,shared,shared,shared
13,266,A,0.01,full,True,True,True,True,True,shared,shared,shared,shared
13,281,A,0.01,full,True,True,True,True,True,shared,shared,shared,shared
13,310,B,0.01,full,True,True,True,True,True,shared,shared,shared,shared
13,312,B,0.01,full,True,True,True,True,True,shared,shared,shared,shared
13,317,A,0.01,full,True,True,True,True,True,shared,shared,shared,shared
13,321,B,0.01,full,True,True,True,True,True,shared,shared,shared,shared
13,322,A,0.01,full,True,True,True,True,True,shared,shared,shared,shared
13,338,B,0.01,full,True,True,True,True,True,shared,shared,shared,shared
13,377,A,0.01,full,True,True,True,True,True,shared,shared,shared,shared
13,378,B,0.01,full,True,True,True,True,True,shared,shared,shared,shared
13,381,A,0.01,full,True,True,True,True,True,shared,shared,shared,shared
13,384,A,0.01,full,True,True,True,True,True,shared,shared,shared,shared
13,400,A,0.01,full,True,True,True,True,True,shared,shared,shared,shared
13,401,B,0.01,full,True,True,True,True,True,shared,shared,shared,shared
13,405,A,0.01,full,True,True,True,True,True,shared,shared,shared,shared
13,410,B,0.01,full,True,True,True,True,True,shared,shared,shared,shared
13,418,A,0.01,full,True,True,True,True,True,shared,shared,shared,shared
13,426,A,0.01,full,True,True,True,True,True,shared,shared,shared,shared
13,433,B,0.01,full,True,True,True,True,True,shared,shared,shared,shared
13,444,A,0.01,full,True,True,True,True,True,shared,shared,shared,shared
13,456,B,0.01,full,True,True,True,True,True,shared,shared,shared,shared
13,463,B,0.01,full,True,True,True,True,True,shared,shared,shared,shared
13,478,B,0.01,full,True,True,True,True,True,shared,shared,shared,shared
13,492,B,0.01,full,True,True,True,True,True,shared,shared,shared,shared
14,1,A,0.01,full,True,True,True,True,True,shared,shared,shared,shared
14,2,A,0.01,full,True,True,True,True,True,shared,shared,shared,shared
14,3,B,0.01,full,True,True,True,True,True,shared,shared,shared,shared
14,15,A,0.01,full,True,True,True,True,True,shared,shared,shared,shared
14,23,B,0.01,full,True,True,True,True,True,shared,shared,shared,shared
14,39,A,0.01,full,True,True,True,True,True,shared,shared,shared,shared
14,79,A,0.01,full,True,True,True,True,True,shared,shared,shared,shared
14,82,B,0.01,full,True,True,True,True,True,shared,shared,shared,shared
14,85,B,0.01,full,True,True,True,True,True,shared,shared,shared,shared
14,101,B,0.01,full,True,True,True,True,True,shared,shared,shared,shared
14,113,A,0.01,full,True,True,True,True,True,shared,shared,shared,shared
14,123,B,0.01,full,True,True,True,True,True,shared,shared,shared,shared
14,126,B,0.01,full,True,True,True,True,True,shared,shared,shared,shared
14,130,A,0.01,full,True,True,True,True,True,shared,shared,shared,shared
14,154,A,0.01,full,True,True,True,True,True,shared,shared,shared,shared
14,155,B,0.01,full,True,True,True,True,True,shared,shared,shared,shared
14,168,A,0.01,full,True,True,True,True,True,shared,shared,shared,shared
14,173,B,0.01,full,True,True,True,True,True,shared,shared,shared,shared
14,185,A,0.01,full,True,True,True,True,True,shared,shared,shared,shared
14,196,B,0.01,full,True,True,True,True,True,shared,shared,shared,shared
14,199,A,0.01,full,True,True,True,True,True,shared,shared,shared,shared
14,216,B,0.01,full,True,True,True,True,True,shared,shared,shared,shared
14,218,B,0.01,full,True,True,True,True,True,shared,shared,shared,shared
14,225,A,0.01,full,True,True,True,True,True,shared,shared,shared,shared
14,226,A,0.01,full,True,True,True,True,True,shared,shared,shared,shared
14,257,B,0.01,full,True,True,True,True,True,shared,shared,shared,shared
14,266,A,0.01,full,True,True,True,True,True,shared,shared,shared,shared
14,281,A,0.01,full,True,True,True,True,True,shared,shared,shared,shared
14,310,B,0.01,full,True,True,True,True,True,shared,shared,shared,shared
14,312,B,0.01,full,True,True,True,True,True,shared,shared,shared,shared
14,317,A,0.01,full,True,True,True,True,True,shared,shared,shared,shared
14,321,B,0.01,full,True,True,True,True,True,shared,shared,shared,shared
14,322,A,0.01,full,True,True,True,True,True,shared,shared,shared,shared
14,338,B,0.01,full,True,True,True,True,True,shared,shared,shared,shared
14,377,A,0.01,full,True,True,True,True,True,shared,shared,shared,shared
14,378,B,0.01,full,True,True,True,True,True,shared,shared,shared,shared
14,381,A,0.01,full,True,True,True,True,True,shared,shared,shared,shared
14,384,A,0.01,full,True,True,True,True,True,shared,shared,shared,shared
14,400,A,0.01,full,True,True,True,True,True,shared,shared,shared,shared
14,401,B,0.01,full,True,True,True,True,True,shared,shared,shared,shared
14,405,A,0.01,full,True,True,True,True,True,shared,shared,shared,shared
14,410,B,0.01,full,True,True,True,True,True,shared,shared,shared,shared
14,418,A,0.01,full,True,True,True,True,True,shared,shared,shared,shared
14,426,A,0.01,full,True,True,True,True,True,shared,shared,shared,shared
14,433,B,0.01,full,True,True,True,True,True,shared,shared,shared,shared
14,444,A,0.01,full,True,True,True,True,True,shared,shared,shared,shared
14,456,B,0.01,full,True,True,True,True,True,shared,shared,shared,shared
14,463,B,0.01,full,True,True,True,True,True,shared,shared,shared,shared
14,478,B,0.01,full,True,True,True,True,True,shared,shared,shared,shared
14,492,B,0.01,full,True,True,True,True,True,shared,shared,shared,shared
15,1,A,0.01,full,False,False,False,False,True,neither,neither,neither,lost
15,2,A,0.01,full,False,False,False,False,False,neither,neither,neither,neither
15,3,B,0.01,full,False,False,False,False,True,neither,neither,neither,lost
15,15,A,0.01,full,False,False,False,False,False,neither,neither,neither,neither
15,23,B,0.01,full,False,False,True,False,True,gained,gained,gained,shared
15,39,A,0.01,full,False,False,False,False,False,neither,neither,neither,neither
15,79,A,0.01,full,True,True,True,True,True,shared,shared,shared,shared
15,82,B,0.01,full,False,False,True,False,False,gained,gained,gained,gained
15,85,B,0.01,full,False,False,False,False,False,neither,neither,neither,neither
15,101,B,0.01,full,False,False,False,False,True,neither,neither,neither,lost
15,113,A,0.01,full,False,False,False,False,False,neither,neither,neither,neither
15,123,B,0.01,full,True,False,True,False,False,shared,gained,gained,gained
15,126,B,0.01,full,False,False,True,False,True,gained,gained,gained,shared
15,130,A,0.01,full,False,False,False,False,False,neither,neither,neither,neither
15,154,A,0.01,full,True,True,False,True,True,lost,lost,lost,lost
15,155,B,0.01,full,False,False,False,False,True,neither,neither,neither,lost
15,168,A,0.01,full,False,False,False,False,True,neither,neither,neither,lost
15,173,B,0.01,full,False,False,False,False,True,neither,neither,neither,lost
15,185,A,0.01,full,True,True,True,True,True,shared,shared,shared,shared
15,196,B,0.01,full,False,False,False,False,False,neither,neither,neither,neither
15,199,A,0.01,full,False,False,True,False,True,gained,gained,gained,shared
15,216,B,0.01,full,False,False,False,False,True,neither,neither,neither,lost
15,218,B,0.01,full,False,False,False,False,True,neither,neither,neither,lost
15,225,A,0.01,full,True,True,True,True,False,shared,shared,shared,gained
15,226,A,0.01,full,False,True,True,True,False,gained,shared,shared,gained
15,257,B,0.01,full,False,False,False,False,True,neither,neither,neither,lost
15,266,A,0.01,full,False,False,True,False,False,gained,gained,gained,gained
15,281,A,0.01,full,True,True,True,True,True,shared,shared,shared,shared
15,310,B,0.01,full,False,False,True,False,True,gained,gained,gained,shared
15,312,B,0.01,full,False,False,False,False,False,neither,neither,neither,neither
15,317,A,0.01,full,False,False,False,False,True,neither,neither,neither,lost
15,321,B,0.01,full,False,False,False,False,True,neither,neither,neither,lost
15,322,A,0.01,full,True,True,True,True,True,shared,shared,shared,shared
15,338,B,0.01,full,False,False,False,False,True,neither,neither,neither,lost
15,377,A,0.01,full,True,True,False,True,True,lost,lost,lost,lost
15,378,B,0.01,full,False,False,True,False,False,gained,gained,gained,gained
15,381,A,0.01,full,False,False,False,False,False,neither,neither,neither,neither
15,384,A,0.01,full,False,False,True,False,True,gained,gained,gained,shared
15,400,A,0.01,full,False,False,True,False,True,gained,gained,gained,shared
15,401,B,0.01,full,True,True,True,True,True,shared,shared,shared,shared
15,405,A,0.01,full,False,False,False,False,False,neither,neither,neither,neither
15,410,B,0.01,full,False,False,False,False,False,neither,neither,neither,neither
15,418,A,0.01,full,False,False,False,False,False,neither,neither,neither,neither
15,426,A,0.01,full,False,False,False,False,False,neither,neither,neither,neither
15,433,B,0.01,full,False,False,True,False,True,gained,gained,gained,shared
15,444,A,0.01,full,False,False,False,False,False,neither,neither,neither,neither
15,456,B,0.01,full,False,False,False,False,False,neither,neither,neither,neither
15,463,B,0.01,full,False,False,True,False,True,gained,gained,gained,shared
15,478,B,0.01,full,False,False,False,False,False,neither,neither,neither,neither
15,492,B,0.01,full,False,False,False,False,False,neither,neither,neither,neither
16,1,A,0.01,full,True,True,True,True,True,shared,shared,shared,shared
16,2,A,0.01,full,True,True,True,True,True,shared,shared,shared,shared
16,3,B,0.01,full,True,True,True,True,True,shared,shared,shared,shared
16,15,A,0.01,full,True,True,True,True,True,shared,shared,shared,shared
16,23,B,0.01,full,True,True,True,True,True,shared,shared,shared,shared
16,39,A,0.01,full,True,True,True,True,True,shared,shared,shared,shared
16,79,A,0.01,full,True,True,True,True,True,shared,shared,shared,shared
16,82,B,0.01,full,True,True,True,True,True,shared,shared,shared,shared
16,85,B,0.01,full,True,True,True,True,True,shared,shared,shared,shared
16,101,B,0.01,full,True,True,True,True,True,shared,shared,shared,shared
16,113,A,0.01,full,True,True,True,True,True,shared,shared,shared,shared
16,123,B,0.01,full,True,True,True,True,True,shared,shared,shared,shared
16,126,B,0.01,full,True,True,True,True,True,shared,shared,shared,shared
16,130,A,0.01,full,True,True,True,True,True,shared,shared,shared,shared
16,154,A,0.01,full,True,True,True,True,True,shared,shared,shared,shared
16,155,B,0.01,full,True,True,True,True,True,shared,shared,shared,shared
16,168,A,0.01,full,True,True,True,True,True,shared,shared,shared,shared
16,173,B,0.01,full,True,True,True,True,True,shared,shared,shared,shared
16,185,A,0.01,full,True,True,True,True,True,shared,shared,shared,shared
16,196,B,0.01,full,True,True,True,True,True,shared,shared,shared,shared
16,199,A,0.01,full,True,True,True,True,True,shared,shared,shared,shared
16,216,B,0.01,full,True,True,True,True,True,shared,shared,shared,shared
16,218,B,0.01,full,True,True,True,True,True,shared,shared,shared,shared
16,225,A,0.01,full,True,True,True,True,True,shared,shared,shared,shared
16,226,A,0.01,full,True,True,True,True,True,shared,shared,shared,shared
16,257,B,0.01,full,True,True,True,True,True,shared,shared,shared,shared
16,266,A,0.01,full,True,True,True,True,True,shared,shared,shared,shared
16,281,A,0.01,full,True,True,True,True,True,shared,shared,shared,shared
16,310,B,0.01,full,True,True,True,True,True,shared,shared,shared,shared
16,312,B,0.01,full,True,True,True,True,True,shared,shared,shared,shared
16,317,A,0.01,full,True,True,True,True,True,shared,shared,shared,shared
16,321,B,0.01,full,True,True,True,True,True,shared,shared,shared,shared
16,322,A,0.01,full,True,True,True,True,True,shared,shared,shared,shared
16,338,B,0.01,full,True,True,True,True,True,shared,shared,shared,shared
16,377,A,0.01,full,True,True,True,True,True,shared,shared,shared,shared
16,378,B,0.01,full,True,True,True,True,True,shared,shared,shared,shared
16,381,A,0.01,full,True,True,True,True,True,shared,shared,shared,shared
16,384,A,0.01,full,True,True,True,True,True,shared,shared,shared,shared
16,400,A,0.01,full,True,True,True,True,True,shared,shared,shared,shared
16,401,B,0.01,full,True,True,True,True,True,shared,shared,shared,shared
16,405,A,0.01,full,True,True,True,True,True,shared,shared,shared,shared
16,410,B,0.01,full,True,True,True,True,True,shared,shared,shared,shared
16,418,A,0.01,full,True,True,True,True,True,shared,shared,shared,shared
16,426,A,0.01,full,True,True,True,True,True,shared,shared,shared,shared
16,433,B,0.01,full,True,True,True,True,True,shared,shared,shared,shared
16,444,A,0.01,full,True,True,True,True,True,shared,shared,shared,shared
16,456,B,0.01,full,True,True,True,True,True,shared,shared,shared,shared
16,463,B,0.01,full,True,True,True,True,True,shared,shared,shared,shared
16,478,B,0.01,full,True,True,True,True,True,shared,shared,shared,shared
16,492,B,0.01,full,True,True,True,True,True,shared,shared,shared,shared
17,1,A,0.01,full,True,True,True,True,True,shared,shared,shared,shared
17,2,A,0.01,full,True,True,True,True,True,shared,shared,shared,shared
17,3,B,0.01,full,True,True,True,True,True,shared,shared,shared,shared
17,15,A,0.01,full,True,True,True,True,True,shared,shared,shared,shared
17,23,B,0.01,full,True,True,True,True,True,shared,shared,shared,shared
17,39,A,0.01,full,True,True,True,True,True,shared,shared,shared,shared
17,79,A,0.01,full,True,True,True,True,True,shared,shared,shared,shared
17,82,B,0.01,full,True,True,True,True,True,shared,shared,shared,shared
17,85,B,0.01,full,True,True,True,True,True,shared,shared,shared,shared
17,101,B,0.01,full,True,True,True,True,True,shared,shared,shared,shared
17,113,A,0.01,full,True,True,True,True,True,shared,shared,shared,shared
17,123,B,0.01,full,True,True,True,True,True,shared,shared,shared,shared
17,126,B,0.01,full,True,True,True,True,True,shared,shared,shared,shared
17,130,A,0.01,full,True,True,True,True,True,shared,shared,shared,shared
17,154,A,0.01,full,True,True,True,True,True,shared,shared,shared,shared
17,155,B,0.01,full,True,True,True,True,True,shared,shared,shared,shared
17,168,A,0.01,full,True,True,True,True,True,shared,shared,shared,shared
17,173,B,0.01,full,True,True,True,True,True,shared,shared,shared,shared
17,185,A,0.01,full,True,True,True,True,True,shared,shared,shared,shared
17,196,B,0.01,full,True,True,True,True,True,shared,shared,shared,shared
17,199,A,0.01,full,True,True,True,True,True,shared,shared,shared,shared
17,216,B,0.01,full,True,True,True,True,True,shared,shared,shared,shared
17,218,B,0.01,full,True,True,True,True,True,shared,shared,shared,shared
17,225,A,0.01,full,True,True,True,True,True,shared,shared,shared,shared
17,226,A,0.01,full,True,True,True,True,True,shared,shared,shared,shared
17,257,B,0.01,full,True,True,True,True,True,shared,shared,shared,shared
17,266,A,0.01,full,True,True,True,True,True,shared,shared,shared,shared
17,281,A,0.01,full,True,True,True,True,True,shared,shared,shared,shared
17,310,B,0.01,full,True,True,True,True,True,shared,shared,shared,shared
17,312,B,0.01,full,True,True,True,True,True,shared,shared,shared,shared
17,317,A,0.01,full,True,True,True,True,True,shared,shared,shared,shared
17,321,B,0.01,full,True,True,True,True,True,shared,shared,shared,shared
17,322,A,0.01,full,True,True,True,True,True,shared,shared,shared,shared
17,338,B,0.01,full,True,True,True,True,True,shared,shared,shared,shared
17,377,A,0.01,full,True,True,True,True,True,shared,shared,shared,shared
17,378,B,0.01,full,True,True,True,True,True,shared,shared,shared,shared
17,381,A,0.01,full,True,True,True,True,True,shared,shared,shared,shared
17,384,A,0.01,full,True,True,True,True,True,shared,shared,shared,shared
17,400,A,0.01,full,True,True,True,True,True,shared,shared,shared,shared
17,401,B,0.01,full,True,True,True,True,True,shared,shared,shared,shared
17,405,A,0.01,full,True,True,True,True,True,shared,shared,shared,shared
17,410,B,0.01,full,True,True,True,True,True,shared,shared,shared,shared
17,418,A,0.01,full,True,True,True,True,True,shared,shared,shared,shared
17,426,A,0.01,full,True,True,True,True,True,shared,shared,shared,shared
17,433,B,0.01,full,True,True,True,True,True,shared,shared,shared,shared
17,444,A,0.01,full,True,True,True,True,True,shared,shared,shared,shared
17,456,B,0.01,full,True,True,True,True,True,shared,shared,shared,shared
17,463,B,0.01,full,True,True,True,True,True,shared,shared,shared,shared
17,478,B,0.01,full,True,True,True,True,True,shared,shared,shared,shared
17,492,B,0.01,full,True,True,True,True,True,shared,shared,shared,shared
18,1,A,0.01,full,True,True,True,True,True,shared,shared,shared,shared
18,2,A,0.01,full,True,True,True,True,True,shared,shared,shared,shared
18,3,B,0.01,full,True,True,True,True,True,shared,shared,shared,shared
18,15,A,0.01,full,True,True,True,True,True,shared,shared,shared,shared
18,23,B,0.01,full,True,True,True,True,True,shared,shared,shared,shared
18,39,A,0.01,full,True,True,True,True,True,shared,shared,shared,shared
18,79,A,0.01,full,True,True,True,True,True,shared,shared,shared,shared
18,82,B,0.01,full,True,True,True,True,True,shared,shared,shared,shared
18,85,B,0.01,full,True,True,True,True,True,shared,shared,shared,shared
18,101,B,0.01,full,True,True,True,True,True,shared,shared,shared,shared
18,113,A,0.01,full,True,True,True,True,True,shared,shared,shared,shared
18,123,B,0.01,full,True,True,True,True,True,shared,shared,shared,shared
18,126,B,0.01,full,True,True,True,True,True,shared,shared,shared,shared
18,130,A,0.01,full,True,True,True,True,True,shared,shared,shared,shared
18,154,A,0.01,full,True,True,True,True,True,shared,shared,shared,shared
18,155,B,0.01,full,True,True,True,True,True,shared,shared,shared,shared
18,168,A,0.01,full,True,True,True,True,True,shared,shared,shared,shared
18,173,B,0.01,full,True,True,True,True,True,shared,shared,shared,shared
18,185,A,0.01,full,True,True,True,True,True,shared,shared,shared,shared
18,196,B,0.01,full,True,True,True,True,True,shared,shared,shared,shared
18,199,A,0.01,full,True,True,True,True,True,shared,shared,shared,shared
18,216,B,0.01,full,True,True,True,True,True,shared,shared,shared,shared
18,218,B,0.01,full,True,True,True,True,True,shared,shared,shared,shared
18,225,A,0.01,full,True,True,True,True,True,shared,shared,shared,shared
18,226,A,0.01,full,True,True,True,True,True,shared,shared,shared,shared
18,257,B,0.01,full,True,True,True,True,True,shared,shared,shared,shared
18,266,A,0.01,full,True,True,True,True,True,shared,shared,shared,shared
18,281,A,0.01,full,True,True,True,True,True,shared,shared,shared,shared
18,310,B,0.01,full,True,True,True,True,True,shared,shared,shared,shared
18,312,B,0.01,full,True,True,True,True,True,shared,shared,shared,shared
18,317,A,0.01,full,True,True,True,True,True,shared,shared,shared,shared
18,321,B,0.01,full,True,True,True,True,True,shared,shared,shared,shared
18,322,A,0.01,full,True,True,True,True,True,shared,shared,shared,shared
18,338,B,0.01,full,True,True,True,True,True,shared,shared,shared,shared
18,377,A,0.01,full,True,True,True,True,True,shared,shared,shared,shared
18,378,B,0.01,full,True,True,True,True,True,shared,shared,shared,shared
18,381,A,0.01,full,True,True,True,True,True,shared,shared,shared,shared
18,384,A,0.01,full,True,True,True,True,True,shared,shared,shared,shared
18,400,A,0.01,full,True,True,True,True,True,shared,shared,shared,shared
18,401,B,0.01,full,True,True,True,True,True,shared,shared,shared,shared
18,405,A,0.01,full,True,True,True,True,True,shared,shared,shared,shared
18,410,B,0.01,full,True,True,True,True,True,shared,shared,shared,shared
18,418,A,0.01,full,True,True,True,True,True,shared,shared,shared,shared
18,426,A,0.01,full,True,True,True,True,True,shared,shared,shared,shared
18,433,B,0.01,full,True,True,True,True,True,shared,shared,shared,shared
18,444,A,0.01,full,True,True,True,True,True,shared,shared,shared,shared
18,456,B,0.01,full,True,True,True,True,True,shared,shared,shared,shared
18,463,B,0.01,full,True,True,True,True,True,shared,shared,shared,shared
18,478,B,0.01,full,True,True,True,True,True,shared,shared,shared,shared
18,492,B,0.01,full,True,True,True,True,True,shared,shared,shared,shared
19,1,A,0.01,full,True,True,True,True,True,shared,shared,shared,shared
19,2,A,0.01,full,True,True,True,True,True,shared,shared,shared,shared
19,3,B,0.01,full,True,True,True,True,True,shared,shared,shared,shared
19,15,A,0.01,full,True,True,True,True,True,shared,shared,shared,shared
19,23,B,0.01,full,True,True,True,True,True,shared,shared,shared,shared
19,39,A,0.01,full,True,True,True,True,True,shared,shared,shared,shared
19,79,A,0.01,full,True,True,True,True,True,shared,shared,shared,shared
19,82,B,0.01,full,True,True,True,True,True,shared,shared,shared,shared
19,85,B,0.01,full,True,True,True,True,True,shared,shared,shared,shared
19,101,B,0.01,full,True,True,True,True,True,shared,shared,shared,shared
19,113,A,0.01,full,True,True,True,True,True,shared,shared,shared,shared
19,123,B,0.01,full,True,True,True,True,True,shared,shared,shared,shared
19,126,B,0.01,full,True,True,True,True,True,shared,shared,shared,shared
19,130,A,0.01,full,True,True,True,True,True,shared,shared,shared,shared
19,154,A,0.01,full,True,True,True,True,True,shared,shared,shared,shared
19,155,B,0.01,full,True,True,True,True,True,shared,shared,shared,shared
19,168,A,0.01,full,True,True,True,True,True,shared,shared,shared,shared
19,173,B,0.01,full,True,True,True,True,True,shared,shared,shared,shared
19,185,A,0.01,full,True,True,True,True,True,shared,shared,shared,shared
19,196,B,0.01,full,True,True,True,True,True,shared,shared,shared,shared
19,199,A,0.01,full,True,True,True,True,True,shared,shared,shared,shared
19,216,B,0.01,full,True,True,True,True,True,shared,shared,shared,shared
19,218,B,0.01,full,True,True,True,True,True,shared,shared,shared,shared
19,225,A,0.01,full,True,True,True,True,True,shared,shared,shared,shared
19,226,A,0.01,full,True,True,True,True,True,shared,shared,shared,shared
19,257,B,0.01,full,True,True,True,True,True,shared,shared,shared,shared
19,266,A,0.01,full,True,True,True,True,True,shared,shared,shared,shared
19,281,A,0.01,full,True,True,True,True,True,shared,shared,shared,shared
19,310,B,0.01,full,True,True,True,True,True,shared,shared,shared,shared
19,312,B,0.01,full,True,True,True,True,True,shared,shared,shared,shared
19,317,A,0.01,full,True,True,True,True,True,shared,shared,shared,shared
19,321,B,0.01,full,True,True,True,True,True,shared,shared,shared,shared
19,322,A,0.01,full,True,True,True,True,True,shared,shared,shared,shared
19,338,B,0.01,full,True,True,True,True,True,shared,shared,shared,shared
19,377,A,0.01,full,True,True,True,True,True,shared,shared,shared,shared
19,378,B,0.01,full,True,True,True,True,True,shared,shared,shared,shared
19,381,A,0.01,full,True,True,True,True,True,shared,shared,shared,shared
19,384,A,0.01,full,True,True,True,True,True,shared,shared,shared,shared
19,400,A,0.01,full,True,True,True,True,True,shared,shared,shared,shared
19,401,B,0.01,full,True,True,True,True,True,shared,shared,shared,shared
19,405,A,0.01,full,True,True,True,True,True,shared,shared,shared,shared
19,410,B,0.01,full,True,True,True,True,True,shared,shared,shared,shared
19,418,A,0.01,full,True,True,True,True,True,shared,shared,shared,shared
19,426,A,0.01,full,True,True,True,True,True,shared,shared,shared,shared
19,433,B,0.01,full,True,True,True,True,True,shared,shared,shared,shared
19,444,A,0.01,full,True,True,True,True,True,shared,shared,shared,shared
19,456,B,0.01,full,True,True,True,True,True,shared,shared,shared,shared
19,463,B,0.01,full,True,True,True,True,True,shared,shared,shared,shared
19,478,B,0.01,full,True,True,True,True,True,shared,shared,shared,shared
19,492,B,0.01,full,True,True,True,True,True,shared,shared,shared,shared
20,1,A,0.01,full,True,True,True,True,True,shared,shared,shared,shared
20,2,A,0.01,full,True,True,True,True,True,shared,shared,shared,shared
20,3,B,0.01,full,True,True,True,True,True,shared,shared,shared,shared
20,15,A,0.01,full,True,True,True,True,True,shared,shared,shared,shared
20,23,B,0.01,full,True,True,True,True,True,shared,shared,shared,shared
20,39,A,0.01,full,True,True,True,True,True,shared,shared,shared,shared
20,79,A,0.01,full,True,True,True,True,True,shared,shared,shared,shared
20,82,B,0.01,full,True,True,True,True,True,shared,shared,shared,shared
20,85,B,0.01,full,True,True,True,True,True,shared,shared,shared,shared
20,101,B,0.01,full,True,True,True,True,True,shared,shared,shared,shared
20,113,A,0.01,full,True,True,True,True,True,shared,shared,shared,shared
20,123,B,0.01,full,True,True,True,True,True,shared,shared,shared,shared
20,126,B,0.01,full,True,True,True,True,True,shared,shared,shared,shared
20,130,A,0.01,full,True,True,True,True,True,shared,shared,shared,shared
20,154,A,0.01,full,True,True,True,True,True,shared,shared,shared,shared
20,155,B,0.01,full,True,True,True,True,True,shared,shared,shared,shared
20,168,A,0.01,full,True,True,True,True,True,shared,shared,shared,shared
20,173,B,0.01,full,True,True,True,True,True,shared,shared,shared,shared
20,185,A,0.01,full,True,True,True,True,True,shared,shared,shared,shared
20,196,B,0.01,full,True,True,True,True,True,shared,shared,shared,shared
20,199,A,0.01,full,True,True,True,True,True,shared,shared,shared,shared
20,216,B,0.01,full,True,True,True,True,True,shared,shared,shared,shared
20,218,B,0.01,full,True,True,True,True,True,shared,shared,shared,shared
20,225,A,0.01,full,True,True,True,True,True,shared,shared,shared,shared
20,226,A,0.01,full,True,True,True,True,True,shared,shared,shared,shared
20,257,B,0.01,full,True,True,True,True,True,shared,shared,shared,shared
20,266,A,0.01,full,True,True,True,True,True,shared,shared,shared,shared
20,281,A,0.01,full,True,True,True,True,True,shared,shared,shared,shared
20,310,B,0.01,full,True,True,True,True,True,shared,shared,shared,shared
20,312,B,0.01,full,True,True,True,True,True,shared,shared,shared,shared
20,317,A,0.01,full,True,True,True,True,True,shared,shared,shared,shared
20,321,B,0.01,full,True,True,True,True,True,shared,shared,shared,shared
20,322,A,0.01,full,True,True,True,True,True,shared,shared,shared,shared
20,338,B,0.01,full,True,True,True,True,True,shared,shared,shared,shared
20,377,A,0.01,full,True,True,True,True,True,shared,shared,shared,shared
20,378,B,0.01,full,True,True,True,True,True,shared,shared,shared,shared
20,381,A,0.01,full,True,True,True,True,True,shared,shared,shared,shared
20,384,A,0.01,full,True,True,True,True,True,shared,shared,shared,shared
20,400,A,0.01,full,True,True,True,True,True,shared,shared,shared,shared
20,401,B,0.01,full,True,True,True,True,True,shared,shared,shared,shared
20,405,A,0.01,full,True,True,True,True,True,shared,shared,shared,shared
20,410,B,0.01,full,True,True,True,True,True,shared,shared,shared,shared
20,418,A,0.01,full,True,True,True,True,True,shared,shared,shared,shared
20,426,A,0.01,full,True,True,True,True,True,shared,shared,shared,shared
20,433,B,0.01,full,True,True,True,True,True,shared,shared,shared,shared
20,444,A,0.01,full,True,True,True,True,True,shared,shared,shared,shared
20,456,B,0.01,full,True,True,True,True,True,shared,shared,shared,shared
20,463,B,0.01,full,True,True,True,True,True,shared,shared,shared,shared
20,478,B,0.01,full,True,True,True,True,True,shared,shared,shared,shared
20,492,B,0.01,full,True,True,True,True,True,shared,shared,shared,shared
1,1,A,0.01,early,True,True,True,True,True,shared,shared,shared,shared
1,2,A,0.01,early,True,True,True,True,True,shared,shared,shared,shared
1,3,B,0.01,early,True,True,True,True,True,shared,shared,shared,shared
1,15,A,0.01,early,True,True,True,True,True,shared,shared,shared,shared
1,23,B,0.01,early,True,True,True,True,True,shared,shared,shared,shared
1,39,A,0.01,early,True,True,True,True,True,shared,shared,shared,shared
1,79,A,0.01,early,True,True,True,True,True,shared,shared,shared,shared
1,82,B,0.01,early,True,True,True,True,True,shared,shared,shared,shared
1,85,B,0.01,early,True,True,True,True,True,shared,shared,shared,shared
1,101,B,0.01,early,True,True,True,True,True,shared,shared,shared,shared
1,113,A,0.01,early,True,True,True,True,True,shared,shared,shared,shared
1,123,B,0.01,early,True,True,True,True,True,shared,shared,shared,shared
1,126,B,0.01,early,True,True,True,True,True,shared,shared,shared,shared
1,130,A,0.01,early,True,True,True,True,True,shared,shared,shared,shared
1,154,A,0.01,early,True,True,True,True,True,shared,shared,shared,shared
1,155,B,0.01,early,True,True,True,True,True,shared,shared,shared,shared
1,168,A,0.01,early,True,True,True,True,True,shared,shared,shared,shared
1,173,B,0.01,early,True,True,True,True,True,shared,shared,shared,shared
1,185,A,0.01,early,True,True,True,True,True,shared,shared,shared,shared
1,196,B,0.01,early,True,True,True,True,True,shared,shared,shared,shared
1,199,A,0.01,early,True,True,True,True,True,shared,shared,shared,shared
1,216,B,0.01,early,True,True,True,True,True,shared,shared,shared,shared
1,218,B,0.01,early,True,True,True,True,True,shared,shared,shared,shared
1,225,A,0.01,early,True,True,True,True,True,shared,shared,shared,shared
1,226,A,0.01,early,True,True,True,True,True,shared,shared,shared,shared
1,257,B,0.01,early,True,True,True,True,True,shared,shared,shared,shared
1,266,A,0.01,early,True,True,True,True,True,shared,shared,shared,shared
1,281,A,0.01,early,True,True,True,True,True,shared,shared,shared,shared
1,310,B,0.01,early,True,True,True,True,True,shared,shared,shared,shared
1,312,B,0.01,early,True,True,True,True,True,shared,shared,shared,shared
1,317,A,0.01,early,True,True,True,True,True,shared,shared,shared,shared
1,321,B,0.01,early,True,True,True,True,True,shared,shared,shared,shared
1,322,A,0.01,early,True,True,True,True,True,shared,shared,shared,shared
1,338,B,0.01,early,True,True,True,True,True,shared,shared,shared,shared
1,377,A,0.01,early,True,True,True,True,True,shared,shared,shared,shared
1,378,B,0.01,early,True,True,True,True,True,shared,shared,shared,shared
1,381,A,0.01,early,True,True,True,True,True,shared,shared,shared,shared
1,384,A,0.01,early,True,True,True,True,True,shared,shared,shared,shared
1,400,A,0.01,early,True,True,True,True,True,shared,shared,shared,shared
1,401,B,0.01,early,True,True,True,True,True,shared,shared,shared,shared
1,405,A,0.01,early,True,True,True,True,True,shared,shared,shared,shared
1,410,B,0.01,early,True,True,True,True,True,shared,shared,shared,shared
1,418,A,0.01,early,True,True,True,True,True,shared,shared,shared,shared
1,426,A,0.01,early,True,True,True,True,True,shared,shared,shared,shared
1,433,B,0.01,early,True,True,True,True,True,shared,shared,shared,shared
1,444,A,0.01,early,True,True,True,True,True,shared,shared,shared,shared
1,456,B,0.01,early,True,True,True,True,True,shared,shared,shared,shared
1,463,B,0.01,early,True,True,True,True,True,shared,shared,shared,shared
1,478,B,0.01,early,True,True,True,True,True,shared,shared,shared,shared
1,492,B,0.01,early,True,True,True,True,True,shared,shared,shared,shared
2,1,A,0.01,early,True,True,True,True,True,shared,shared,shared,shared
2,2,A,0.01,early,True,True,True,True,True,shared,shared,shared,shared
2,3,B,0.01,early,True,True,True,True,True,shared,shared,shared,shared
2,15,A,0.01,early,True,True,True,True,True,shared,shared,shared,shared
2,23,B,0.01,early,True,True,True,True,True,shared,shared,shared,shared
2,39,A,0.01,early,True,True,True,True,True,shared,shared,shared,shared
2,79,A,0.01,early,True,True,True,True,True,shared,shared,shared,shared
2,82,B,0.01,early,True,True,True,True,True,shared,shared,shared,shared
2,85,B,0.01,early,True,True,True,True,True,shared,shared,shared,shared
2,101,B,0.01,early,True,True,True,True,True,shared,shared,shared,shared
2,113,A,0.01,early,True,True,True,True,True,shared,shared,shared,shared
2,123,B,0.01,early,True,True,True,True,True,shared,shared,shared,shared
2,126,B,0.01,early,True,True,True,True,True,shared,shared,shared,shared
2,130,A,0.01,early,True,True,True,True,True,shared,shared,shared,shared
2,154,A,0.01,early,True,True,True,True,True,shared,shared,shared,shared
2,155,B,0.01,early,True,True,True,True,True,shared,shared,shared,shared
2,168,A,0.01,early,True,True,True,True,True,shared,shared,shared,shared
2,173,B,0.01,early,True,True,True,True,True,shared,shared,shared,shared
2,185,A,0.01,early,True,True,True,True,True,shared,shared,shared,shared
2,196,B,0.01,early,True,True,True,True,True,shared,shared,shared,shared
2,199,A,0.01,early,True,True,True,True,True,shared,shared,shared,shared
2,216,B,0.01,early,True,True,True,True,True,shared,shared,shared,shared
2,218,B,0.01,early,True,True,True,True,True,shared,shared,shared,shared
2,225,A,0.01,early,True,True,True,True,True,shared,shared,shared,shared
2,226,A,0.01,early,True,True,True,True,True,shared,shared,shared,shared
2,257,B,0.01,early,True,True,True,True,True,shared,shared,shared,shared
2,266,A,0.01,early,True,True,True,True,True,shared,shared,shared,shared
2,281,A,0.01,early,True,True,True,True,True,shared,shared,shared,shared
2,310,B,0.01,early,True,True,True,True,True,shared,shared,shared,shared
2,312,B,0.01,early,True,True,True,True,True,shared,shared,shared,shared
2,317,A,0.01,early,True,True,True,True,True,shared,shared,shared,shared
2,321,B,0.01,early,True,True,True,True,True,shared,shared,shared,shared
2,322,A,0.01,early,True,True,True,True,True,shared,shared,shared,shared
2,338,B,0.01,early,True,True,True,True,True,shared,shared,shared,shared
2,377,A,0.01,early,True,True,True,True,True,shared,shared,shared,shared
2,378,B,0.01,early,True,True,True,True,True,shared,shared,shared,shared
2,381,A,0.01,early,True,True,True,True,True,shared,shared,shared,shared
2,384,A,0.01,early,True,True,True,True,True,shared,shared,shared,shared
2,400,A,0.01,early,True,True,True,True,True,shared,shared,shared,shared
2,401,B,0.01,early,True,True,True,True,True,shared,shared,shared,shared
2,405,A,0.01,early,True,True,True,True,True,shared,shared,shared,shared
2,410,B,0.01,early,True,True,True,True,True,shared,shared,shared,shared
2,418,A,0.01,early,True,True,True,True,True,shared,shared,shared,shared
2,426,A,0.01,early,True,True,True,True,True,shared,shared,shared,shared
2,433,B,0.01,early,True,True,True,True,True,shared,shared,shared,shared
2,444,A,0.01,early,True,True,True,True,True,shared,shared,shared,shared
2,456,B,0.01,early,True,True,True,True,True,shared,shared,shared,shared
2,463,B,0.01,early,True,True,True,True,True,shared,shared,shared,shared
2,478,B,0.01,early,True,True,True,True,True,shared,shared,shared,shared
2,492,B,0.01,early,True,True,True,True,True,shared,shared,shared,shared
3,1,A,0.01,early,False,False,False,False,True,neither,neither,neither,lost
3,2,A,0.01,early,False,False,False,False,False,neither,neither,neither,neither
3,3,B,0.01,early,False,False,False,False,True,neither,neither,neither,lost
3,15,A,0.01,early,False,False,False,False,False,neither,neither,neither,neither
3,23,B,0.01,early,False,False,False,False,False,neither,neither,neither,neither
3,39,A,0.01,early,False,False,False,False,False,neither,neither,neither,neither
3,79,A,0.01,early,False,False,True,False,True,gained,gained,gained,shared
3,82,B,0.01,early,False,False,True,False,False,gained,gained,gained,gained
3,85,B,0.01,early,False,False,False,False,False,neither,neither,neither,neither
3,101,B,0.01,early,False,False,False,False,False,neither,neither,neither,neither
3,113,A,0.01,early,False,False,False,False,False,neither,neither,neither,neither
3,123,B,0.01,early,False,False,False,False,False,neither,neither,neither,neither
3,126,B,0.01,early,False,False,False,False,False,neither,neither,neither,neither
3,130,A,0.01,early,False,False,False,False,False,neither,neither,neither,neither
3,154,A,0.01,early,False,False,False,False,False,neither,neither,neither,neither
3,155,B,0.01,early,False,False,False,False,False,neither,neither,neither,neither
3,168,A,0.01,early,False,False,False,False,False,neither,neither,neither,neither
3,173,B,0.01,early,False,False,False,False,False,neither,neither,neither,neither
3,185,A,0.01,early,True,True,True,True,False,shared,shared,shared,gained
3,196,B,0.01,early,False,False,False,False,False,neither,neither,neither,neither
3,199,A,0.01,early,False,False,True,False,False,gained,gained,gained,gained
3,216,B,0.01,early,False,False,False,False,False,neither,neither,neither,neither
3,218,B,0.01,early,False,False,False,False,False,neither,neither,neither,neither
3,225,A,0.01,early,False,False,False,False,False,neither,neither,neither,neither
3,226,A,0.01,early,False,False,False,False,False,neither,neither,neither,neither
3,257,B,0.01,early,False,False,False,False,False,neither,neither,neither,neither
3,266,A,0.01,early,False,False,False,False,False,neither,neither,neither,neither
3,281,A,0.01,early,False,False,False,False,True,neither,neither,neither,lost
3,310,B,0.01,early,False,False,True,False,False,gained,gained,gained,gained
3,312,B,0.01,early,False,False,False,False,False,neither,neither,neither,neither
3,317,A,0.01,early,False,False,False,False,False,neither,neither,neither,neither
3,321,B,0.01,early,False,False,False,False,False,neither,neither,neither,neither
3,322,A,0.01,early,False,False,False,False,False,neither,neither,neither,neither
3,338,B,0.01,early,False,False,False,False,False,neither,neither,neither,neither
3,377,A,0.01,early,False,False,False,False,False,neither,neither,neither,neither
3,378,B,0.01,early,False,False,False,False,False,neither,neither,neither,neither
3,381,A,0.01,early,False,False,False,False,False,neither,neither,neither,neither
3,384,A,0.01,early,False,False,False,False,False,neither,neither,neither,neither
3,400,A,0.01,early,False,False,False,False,True,neither,neither,neither,lost
3,401,B,0.01,early,True,True,False,True,False,lost,lost,lost,neither
3,405,A,0.01,early,False,False,False,False,False,neither,neither,neither,neither
3,410,B,0.01,early,False,False,False,False,False,neither,neither,neither,neither
3,418,A,0.01,early,False,False,False,False,False,neither,neither,neither,neither
3,426,A,0.01,early,False,False,False,False,False,neither,neither,neither,neither
3,433,B,0.01,early,False,False,False,False,False,neither,neither,neither,neither
3,444,A,0.01,early,False,False,False,False,False,neither,neither,neither,neither
3,456,B,0.01,early,False,False,False,False,False,neither,neither,neither,neither
3,463,B,0.01,early,False,False,False,False,False,neither,neither,neither,neither
3,478,B,0.01,early,False,False,False,False,False,neither,neither,neither,neither
3,492,B,0.01,early,False,False,False,False,False,neither,neither,neither,neither
4,1,A,0.01,early,True,True,True,True,True,shared,shared,shared,shared
4,2,A,0.01,early,True,True,True,True,True,shared,shared,shared,shared
4,3,B,0.01,early,True,True,True,True,True,shared,shared,shared,shared
4,15,A,0.01,early,True,True,True,True,True,shared,shared,shared,shared
4,23,B,0.01,early,True,True,True,True,True,shared,shared,shared,shared
4,39,A,0.01,early,True,True,True,True,True,shared,shared,shared,shared
4,79,A,0.01,early,True,True,True,True,True,shared,shared,shared,shared
4,82,B,0.01,early,True,True,True,True,True,shared,shared,shared,shared
4,85,B,0.01,early,True,True,True,True,True,shared,shared,shared,shared
4,101,B,0.01,early,True,True,True,True,True,shared,shared,shared,shared
4,113,A,0.01,early,True,True,True,True,True,shared,shared,shared,shared
4,123,B,0.01,early,True,True,True,True,True,shared,shared,shared,shared
4,126,B,0.01,early,True,True,True,True,True,shared,shared,shared,shared
4,130,A,0.01,early,True,True,True,True,True,shared,shared,shared,shared
4,154,A,0.01,early,True,True,True,True,True,shared,shared,shared,shared
4,155,B,0.01,early,True,True,True,True,True,shared,shared,shared,shared
4,168,A,0.01,early,True,True,True,True,True,shared,shared,shared,shared
4,173,B,0.01,early,True,True,True,True,True,shared,shared,shared,shared
4,185,A,0.01,early,True,True,True,True,True,shared,shared,shared,shared
4,196,B,0.01,early,True,True,True,True,True,shared,shared,shared,shared
4,199,A,0.01,early,True,True,True,True,True,shared,shared,shared,shared
4,216,B,0.01,early,True,True,True,True,True,shared,shared,shared,shared
4,218,B,0.01,early,True,True,True,True,True,shared,shared,shared,shared
4,225,A,0.01,early,True,True,True,True,True,shared,shared,shared,shared
4,226,A,0.01,early,True,True,True,True,True,shared,shared,shared,shared
4,257,B,0.01,early,True,True,True,True,True,shared,shared,shared,shared
4,266,A,0.01,early,True,True,True,True,True,shared,shared,shared,shared
4,281,A,0.01,early,True,True,True,True,True,shared,shared,shared,shared
4,310,B,0.01,early,True,True,True,True,True,shared,shared,shared,shared
4,312,B,0.01,early,True,True,True,True,True,shared,shared,shared,shared
4,317,A,0.01,early,True,True,True,True,True,shared,shared,shared,shared
4,321,B,0.01,early,True,True,True,True,True,shared,shared,shared,shared
4,322,A,0.01,early,True,True,True,True,True,shared,shared,shared,shared
4,338,B,0.01,early,True,True,True,True,True,shared,shared,shared,shared
4,377,A,0.01,early,True,True,True,True,True,shared,shared,shared,shared
4,378,B,0.01,early,True,True,True,True,True,shared,shared,shared,shared
4,381,A,0.01,early,True,True,True,True,True,shared,shared,shared,shared
4,384,A,0.01,early,True,True,True,True,True,shared,shared,shared,shared
4,400,A,0.01,early,True,True,True,True,True,shared,shared,shared,shared
4,401,B,0.01,early,True,True,True,True,True,shared,shared,shared,shared
4,405,A,0.01,early,True,True,True,True,True,shared,shared,shared,shared
4,410,B,0.01,early,True,True,True,True,True,shared,shared,shared,shared
4,418,A,0.01,early,True,True,True,True,True,shared,shared,shared,shared
4,426,A,0.01,early,True,True,True,True,True,shared,shared,shared,shared
4,433,B,0.01,early,True,True,True,True,True,shared,shared,shared,shared
4,444,A,0.01,early,True,True,True,True,True,shared,shared,shared,shared
4,456,B,0.01,early,True,True,True,True,True,shared,shared,shared,shared
4,463,B,0.01,early,True,True,True,True,True,shared,shared,shared,shared
4,478,B,0.01,early,True,True,True,True,True,shared,shared,shared,shared
4,492,B,0.01,early,True,True,True,True,True,shared,shared,shared,shared
5,1,A,0.01,early,True,True,True,True,True,shared,shared,shared,shared
5,2,A,0.01,early,True,True,True,True,True,shared,shared,shared,shared
5,3,B,0.01,early,True,True,True,True,True,shared,shared,shared,shared
5,15,A,0.01,early,True,True,True,True,True,shared,shared,shared,shared
5,23,B,0.01,early,True,True,True,True,True,shared,shared,shared,shared
5,39,A,0.01,early,True,True,True,True,True,shared,shared,shared,shared
5,79,A,0.01,early,True,True,True,True,True,shared,shared,shared,shared
5,82,B,0.01,early,True,True,True,True,True,shared,shared,shared,shared
5,85,B,0.01,early,True,True,True,True,True,shared,shared,shared,shared
5,101,B,0.01,early,True,True,True,True,True,shared,shared,shared,shared
5,113,A,0.01,early,True,True,True,True,True,shared,shared,shared,shared
5,123,B,0.01,early,True,True,True,True,True,shared,shared,shared,shared
5,126,B,0.01,early,True,True,True,True,True,shared,shared,shared,shared
5,130,A,0.01,early,True,True,True,True,True,shared,shared,shared,shared
5,154,A,0.01,early,True,True,True,True,True,shared,shared,shared,shared
5,155,B,0.01,early,True,True,True,True,True,shared,shared,shared,shared
5,168,A,0.01,early,True,True,True,True,True,shared,shared,shared,shared
5,173,B,0.01,early,True,True,True,True,True,shared,shared,shared,shared
5,185,A,0.01,early,True,True,True,True,True,shared,shared,shared,shared
5,196,B,0.01,early,True,True,True,True,True,shared,shared,shared,shared
5,199,A,0.01,early,True,True,True,True,True,shared,shared,shared,shared
5,216,B,0.01,early,True,True,True,True,True,shared,shared,shared,shared
5,218,B,0.01,early,True,True,True,True,True,shared,shared,shared,shared
5,225,A,0.01,early,True,True,True,True,True,shared,shared,shared,shared
5,226,A,0.01,early,True,True,True,True,True,shared,shared,shared,shared
5,257,B,0.01,early,True,True,True,True,True,shared,shared,shared,shared
5,266,A,0.01,early,True,True,True,True,True,shared,shared,shared,shared
5,281,A,0.01,early,True,True,True,True,True,shared,shared,shared,shared
5,310,B,0.01,early,True,True,True,True,True,shared,shared,shared,shared
5,312,B,0.01,early,True,True,True,True,True,shared,shared,shared,shared
5,317,A,0.01,early,True,True,True,True,True,shared,shared,shared,shared
5,321,B,0.01,early,True,True,True,True,True,shared,shared,shared,shared
5,322,A,0.01,early,True,True,True,True,True,shared,shared,shared,shared
5,338,B,0.01,early,True,True,True,True,True,shared,shared,shared,shared
5,377,A,0.01,early,True,True,True,True,True,shared,shared,shared,shared
5,378,B,0.01,early,True,True,True,True,True,shared,shared,shared,shared
5,381,A,0.01,early,True,True,True,True,True,shared,shared,shared,shared
5,384,A,0.01,early,True,True,True,True,True,shared,shared,shared,shared
5,400,A,0.01,early,True,True,True,True,True,shared,shared,shared,shared
5,401,B,0.01,early,True,True,True,True,True,shared,shared,shared,shared
5,405,A,0.01,early,True,True,True,True,True,shared,shared,shared,shared
5,410,B,0.01,early,True,True,True,True,True,shared,shared,shared,shared
5,418,A,0.01,early,True,True,True,True,True,shared,shared,shared,shared
5,426,A,0.01,early,True,True,True,True,True,shared,shared,shared,shared
5,433,B,0.01,early,True,True,True,True,True,shared,shared,shared,shared
5,444,A,0.01,early,True,True,True,True,True,shared,shared,shared,shared
5,456,B,0.01,early,True,True,True,True,True,shared,shared,shared,shared
5,463,B,0.01,early,True,True,True,True,True,shared,shared,shared,shared
5,478,B,0.01,early,True,True,True,True,True,shared,shared,shared,shared
5,492,B,0.01,early,True,True,True,True,True,shared,shared,shared,shared
6,1,A,0.01,early,True,True,True,True,True,shared,shared,shared,shared
6,2,A,0.01,early,True,True,True,True,True,shared,shared,shared,shared
6,3,B,0.01,early,True,True,True,True,True,shared,shared,shared,shared
6,15,A,0.01,early,True,True,True,True,True,shared,shared,shared,shared
6,23,B,0.01,early,True,True,True,True,True,shared,shared,shared,shared
6,39,A,0.01,early,True,True,True,True,True,shared,shared,shared,shared
6,79,A,0.01,early,True,True,True,True,True,shared,shared,shared,shared
6,82,B,0.01,early,True,True,True,True,True,shared,shared,shared,shared
6,85,B,0.01,early,True,True,True,True,True,shared,shared,shared,shared
6,101,B,0.01,early,True,True,True,True,True,shared,shared,shared,shared
6,113,A,0.01,early,True,True,True,True,True,shared,shared,shared,shared
6,123,B,0.01,early,True,True,True,True,True,shared,shared,shared,shared
6,126,B,0.01,early,True,True,True,True,True,shared,shared,shared,shared
6,130,A,0.01,early,True,True,True,True,True,shared,shared,shared,shared
6,154,A,0.01,early,True,True,True,True,True,shared,shared,shared,shared
6,155,B,0.01,early,True,True,True,True,True,shared,shared,shared,shared
6,168,A,0.01,early,True,True,True,True,True,shared,shared,shared,shared
6,173,B,0.01,early,True,True,True,True,True,shared,shared,shared,shared
6,185,A,0.01,early,True,True,True,True,True,shared,shared,shared,shared
6,196,B,0.01,early,True,True,True,True,True,shared,shared,shared,shared
6,199,A,0.01,early,True,True,True,True,True,shared,shared,shared,shared
6,216,B,0.01,early,True,True,True,True,True,shared,shared,shared,shared
6,218,B,0.01,early,True,True,True,True,True,shared,shared,shared,shared
6,225,A,0.01,early,True,True,True,True,True,shared,shared,shared,shared
6,226,A,0.01,early,True,True,True,True,True,shared,shared,shared,shared
6,257,B,0.01,early,True,True,True,True,True,shared,shared,shared,shared
6,266,A,0.01,early,True,True,True,True,True,shared,shared,shared,shared
6,281,A,0.01,early,True,True,True,True,True,shared,shared,shared,shared
6,310,B,0.01,early,True,True,True,True,True,shared,shared,shared,shared
6,312,B,0.01,early,True,True,True,True,True,shared,shared,shared,shared
6,317,A,0.01,early,True,True,True,True,True,shared,shared,shared,shared
6,321,B,0.01,early,True,True,True,True,True,shared,shared,shared,shared
6,322,A,0.01,early,True,True,True,True,True,shared,shared,shared,shared
6,338,B,0.01,early,True,True,True,True,True,shared,shared,shared,shared
6,377,A,0.01,early,True,True,True,True,True,shared,shared,shared,shared
6,378,B,0.01,early,True,True,True,True,True,shared,shared,shared,shared
6,381,A,0.01,early,True,True,True,True,True,shared,shared,shared,shared
6,384,A,0.01,early,True,True,True,True,True,shared,shared,shared,shared
6,400,A,0.01,early,True,True,True,True,True,shared,shared,shared,shared
6,401,B,0.01,early,True,True,True,True,True,shared,shared,shared,shared
6,405,A,0.01,early,True,True,True,True,True,shared,shared,shared,shared
6,410,B,0.01,early,True,True,True,True,True,shared,shared,shared,shared
6,418,A,0.01,early,True,True,True,True,True,shared,shared,shared,shared
6,426,A,0.01,early,True,True,True,True,True,shared,shared,shared,shared
6,433,B,0.01,early,True,True,True,True,True,shared,shared,shared,shared
6,444,A,0.01,early,True,True,True,True,True,shared,shared,shared,shared
6,456,B,0.01,early,True,True,True,True,True,shared,shared,shared,shared
6,463,B,0.01,early,True,True,True,True,True,shared,shared,shared,shared
6,478,B,0.01,early,True,True,True,True,True,shared,shared,shared,shared
6,492,B,0.01,early,True,True,True,True,True,shared,shared,shared,shared
7,1,A,0.01,early,True,True,True,True,True,shared,shared,shared,shared
7,2,A,0.01,early,True,True,True,True,True,shared,shared,shared,shared
7,3,B,0.01,early,True,True,True,True,True,shared,shared,shared,shared
7,15,A,0.01,early,True,True,True,True,True,shared,shared,shared,shared
7,23,B,0.01,early,True,True,True,True,True,shared,shared,shared,shared
7,39,A,0.01,early,True,True,True,True,True,shared,shared,shared,shared
7,79,A,0.01,early,True,True,True,True,True,shared,shared,shared,shared
7,82,B,0.01,early,True,True,True,True,True,shared,shared,shared,shared
7,85,B,0.01,early,True,True,True,True,True,shared,shared,shared,shared
7,101,B,0.01,early,True,True,True,True,True,shared,shared,shared,shared
7,113,A,0.01,early,True,True,True,True,True,shared,shared,shared,shared
7,123,B,0.01,early,True,True,True,True,True,shared,shared,shared,shared
7,126,B,0.01,early,True,True,True,True,True,shared,shared,shared,shared
7,130,A,0.01,early,True,True,True,True,True,shared,shared,shared,shared
7,154,A,0.01,early,True,True,True,True,True,shared,shared,shared,shared
7,155,B,0.01,early,True,True,True,True,True,shared,shared,shared,shared
7,168,A,0.01,early,True,True,True,True,True,shared,shared,shared,shared
7,173,B,0.01,early,True,True,True,True,True,shared,shared,shared,shared
7,185,A,0.01,early,True,True,True,True,True,shared,shared,shared,shared
7,196,B,0.01,early,True,True,True,True,True,shared,shared,shared,shared
7,199,A,0.01,early,True,True,True,True,True,shared,shared,shared,shared
7,216,B,0.01,early,True,True,True,True,True,shared,shared,shared,shared
7,218,B,0.01,early,True,True,True,True,True,shared,shared,shared,shared
7,225,A,0.01,early,True,True,True,True,True,shared,shared,shared,shared
7,226,A,0.01,early,True,True,True,True,True,shared,shared,shared,shared
7,257,B,0.01,early,True,True,True,True,True,shared,shared,shared,shared
7,266,A,0.01,early,True,True,True,True,True,shared,shared,shared,shared
7,281,A,0.01,early,True,True,True,True,True,shared,shared,shared,shared
7,310,B,0.01,early,True,True,True,True,True,shared,shared,shared,shared
7,312,B,0.01,early,True,True,True,True,True,shared,shared,shared,shared
7,317,A,0.01,early,True,True,True,True,True,shared,shared,shared,shared
7,321,B,0.01,early,True,True,True,True,True,shared,shared,shared,shared
7,322,A,0.01,early,True,True,True,True,True,shared,shared,shared,shared
7,338,B,0.01,early,True,True,True,True,True,shared,shared,shared,shared
7,377,A,0.01,early,True,True,True,True,True,shared,shared,shared,shared
7,378,B,0.01,early,True,True,True,True,True,shared,shared,shared,shared
7,381,A,0.01,early,True,True,True,True,True,shared,shared,shared,shared
7,384,A,0.01,early,True,True,True,True,True,shared,shared,shared,shared
7,400,A,0.01,early,True,True,True,True,True,shared,shared,shared,shared
7,401,B,0.01,early,True,True,True,True,True,shared,shared,shared,shared
7,405,A,0.01,early,True,True,True,True,True,shared,shared,shared,shared
7,410,B,0.01,early,True,True,True,True,True,shared,shared,shared,shared
7,418,A,0.01,early,True,True,True,True,True,shared,shared,shared,shared
7,426,A,0.01,early,True,True,True,True,True,shared,shared,shared,shared
7,433,B,0.01,early,True,True,True,True,True,shared,shared,shared,shared
7,444,A,0.01,early,True,True,True,True,True,shared,shared,shared,shared
7,456,B,0.01,early,True,True,True,True,True,shared,shared,shared,shared
7,463,B,0.01,early,True,True,True,True,True,shared,shared,shared,shared
7,478,B,0.01,early,True,True,True,True,True,shared,shared,shared,shared
7,492,B,0.01,early,True,True,True,True,True,shared,shared,shared,shared
8,1,A,0.01,early,True,True,True,True,True,shared,shared,shared,shared
8,2,A,0.01,early,True,True,True,True,True,shared,shared,shared,shared
8,3,B,0.01,early,True,True,True,True,True,shared,shared,shared,shared
8,15,A,0.01,early,True,True,True,True,True,shared,shared,shared,shared
8,23,B,0.01,early,True,True,True,True,True,shared,shared,shared,shared
8,39,A,0.01,early,True,True,True,True,True,shared,shared,shared,shared
8,79,A,0.01,early,True,True,True,True,True,shared,shared,shared,shared
8,82,B,0.01,early,True,True,True,True,True,shared,shared,shared,shared
8,85,B,0.01,early,True,True,True,True,True,shared,shared,shared,shared
8,101,B,0.01,early,True,True,True,True,True,shared,shared,shared,shared
8,113,A,0.01,early,True,True,True,True,True,shared,shared,shared,shared
8,123,B,0.01,early,True,True,True,True,True,shared,shared,shared,shared
8,126,B,0.01,early,True,True,True,True,True,shared,shared,shared,shared
8,130,A,0.01,early,True,True,True,True,True,shared,shared,shared,shared
8,154,A,0.01,early,True,True,True,True,True,shared,shared,shared,shared
8,155,B,0.01,early,True,True,True,True,True,shared,shared,shared,shared
8,168,A,0.01,early,True,True,True,True,True,shared,shared,shared,shared
8,173,B,0.01,early,True,True,True,True,True,shared,shared,shared,shared
8,185,A,0.01,early,True,True,True,True,True,shared,shared,shared,shared
8,196,B,0.01,early,True,True,True,True,True,shared,shared,shared,shared
8,199,A,0.01,early,True,True,True,True,True,shared,shared,shared,shared
8,216,B,0.01,early,True,True,True,True,True,shared,shared,shared,shared
8,218,B,0.01,early,True,True,True,True,True,shared,shared,shared,shared
8,225,A,0.01,early,True,True,True,True,True,shared,shared,shared,shared
8,226,A,0.01,early,True,True,True,True,True,shared,shared,shared,shared
8,257,B,0.01,early,True,True,True,True,True,shared,shared,shared,shared
8,266,A,0.01,early,True,True,True,True,True,shared,shared,shared,shared
8,281,A,0.01,early,True,True,True,True,True,shared,shared,shared,shared
8,310,B,0.01,early,True,True,True,True,True,shared,shared,shared,shared
8,312,B,0.01,early,True,True,True,True,True,shared,shared,shared,shared
8,317,A,0.01,early,True,True,True,True,True,shared,shared,shared,shared
8,321,B,0.01,early,True,True,True,True,True,shared,shared,shared,shared
8,322,A,0.01,early,True,True,True,True,True,shared,shared,shared,shared
8,338,B,0.01,early,True,True,True,True,True,shared,shared,shared,shared
8,377,A,0.01,early,True,True,True,True,True,shared,shared,shared,shared
8,378,B,0.01,early,True,True,True,True,True,shared,shared,shared,shared
8,381,A,0.01,early,True,True,True,True,True,shared,shared,shared,shared
8,384,A,0.01,early,True,True,True,True,True,shared,shared,shared,shared
8,400,A,0.01,early,True,True,True,True,True,shared,shared,shared,shared
8,401,B,0.01,early,True,True,True,True,True,shared,shared,shared,shared
8,405,A,0.01,early,True,True,True,True,True,shared,shared,shared,shared
8,410,B,0.01,early,True,True,True,True,True,shared,shared,shared,shared
8,418,A,0.01,early,True,True,True,True,True,shared,shared,shared,shared
8,426,A,0.01,early,True,True,True,True,True,shared,shared,shared,shared
8,433,B,0.01,early,True,True,True,True,True,shared,shared,shared,shared
8,444,A,0.01,early,True,True,True,True,True,shared,shared,shared,shared
8,456,B,0.01,early,True,True,True,True,True,shared,shared,shared,shared
8,463,B,0.01,early,True,True,True,True,True,shared,shared,shared,shared
8,478,B,0.01,early,True,True,True,True,True,shared,shared,shared,shared
8,492,B,0.01,early,True,True,True,True,True,shared,shared,shared,shared
9,1,A,0.01,early,False,True,False,True,True,neither,lost,lost,lost
9,2,A,0.01,early,False,False,False,False,False,neither,neither,neither,neither
9,3,B,0.01,early,False,False,False,False,True,neither,neither,neither,lost
9,15,A,0.01,early,False,False,False,False,False,neither,neither,neither,neither
9,23,B,0.01,early,False,False,False,False,False,neither,neither,neither,neither
9,39,A,0.01,early,False,False,True,False,False,gained,gained,gained,gained
9,79,A,0.01,early,False,False,True,False,False,gained,gained,gained,gained
9,82,B,0.01,early,False,False,False,False,False,neither,neither,neither,neither
9,85,B,0.01,early,False,False,False,False,False,neither,neither,neither,neither
9,101,B,0.01,early,False,False,False,False,False,neither,neither,neither,neither
9,113,A,0.01,early,False,True,False,True,False,neither,lost,lost,neither
9,123,B,0.01,early,False,False,False,False,False,neither,neither,neither,neither
9,126,B,0.01,early,False,False,False,False,False,neither,neither,neither,neither
9,130,A,0.01,early,False,False,False,False,False,neither,neither,neither,neither
9,154,A,0.01,early,False,False,False,False,False,neither,neither,neither,neither
9,155,B,0.01,early,False,False,False,False,False,neither,neither,neither,neither
9,168,A,0.01,early,False,False,False,False,False,neither,neither,neither,neither
9,173,B,0.01,early,False,False,False,False,False,neither,neither,neither,neither
9,185,A,0.01,early,True,True,False,True,False,lost,lost,lost,neither
9,196,B,0.01,early,False,False,False,False,False,neither,neither,neither,neither
9,199,A,0.01,early,False,False,True,False,False,gained,gained,gained,gained
9,216,B,0.01,early,False,True,False,True,False,neither,lost,lost,neither
9,218,B,0.01,early,False,False,False,False,False,neither,neither,neither,neither
9,225,A,0.01,early,False,False,False,False,False,neither,neither,neither,neither
9,226,A,0.01,early,False,False,False,False,False,neither,neither,neither,neither
9,257,B,0.01,early,False,False,False,False,False,neither,neither,neither,neither
9,266,A,0.01,early,False,False,False,False,False,neither,neither,neither,neither
9,281,A,0.01,early,False,False,False,False,True,neither,neither,neither,lost
9,310,B,0.01,early,False,True,True,True,False,gained,shared,shared,gained
9,312,B,0.01,early,False,False,False,False,False,neither,neither,neither,neither
9,317,A,0.01,early,False,False,False,False,False,neither,neither,neither,neither
9,321,B,0.01,early,False,False,False,False,False,neither,neither,neither,neither
9,322,A,0.01,early,False,False,False,False,False,neither,neither,neither,neither
9,338,B,0.01,early,False,False,False,True,False,neither,neither,lost,neither
9,377,A,0.01,early,False,True,False,True,False,neither,lost,lost,neither
9,378,B,0.01,early,False,False,False,False,False,neither,neither,neither,neither
9,381,A,0.01,early,False,True,True,True,False,gained,shared,shared,gained
9,384,A,0.01,early,False,True,False,True,False,neither,lost,lost,neither
9,400,A,0.01,early,False,False,False,False,True,neither,neither,neither,lost
9,401,B,0.01,early,True,True,False,True,False,lost,lost,lost,neither
9,405,A,0.01,early,False,False,False,False,False,neither,neither,neither,neither
9,410,B,0.01,early,False,False,False,False,False,neither,neither,neither,neither
9,418,A,0.01,early,False,True,False,True,False,neither,lost,lost,neither
9,426,A,0.01,early,False,False,False,False,False,neither,neither,neither,neither
9,433,B,0.01,early,False,False,False,False,False,neither,neither,neither,neither
9,444,A,0.01,early,False,False,False,False,False,neither,neither,neither,neither
9,456,B,0.01,early,False,False,False,False,False,neither,neither,neither,neither
9,463,B,0.01,early,False,False,False,False,False,neither,neither,neither,neither
9,478,B,0.01,early,False,False,False,False,False,neither,neither,neither,neither
9,492,B,0.01,early,False,False,False,False,False,neither,neither,neither,neither
10,1,A,0.01,early,True,True,True,True,True,shared,shared,shared,shared
10,2,A,0.01,early,False,False,True,True,False,gained,gained,shared,gained
10,3,B,0.01,early,True,True,True,True,True,shared,shared,shared,shared
10,15,A,0.01,early,False,False,False,False,False,neither,neither,neither,neither
10,23,B,0.01,early,False,True,True,True,True,gained,shared,shared,shared
10,39,A,0.01,early,True,True,True,True,True,shared,shared,shared,shared
10,79,A,0.01,early,True,True,True,True,True,shared,shared,shared,shared
10,82,B,0.01,early,True,True,True,True,True,shared,shared,shared,shared
10,85,B,0.01,early,True,True,True,True,True,shared,shared,shared,shared
10,101,B,0.01,early,True,True,True,True,True,shared,shared,shared,shared
10,113,A,0.01,early,False,True,True,True,True,gained,shared,shared,shared
10,123,B,0.01,early,False,True,True,True,True,gained,shared,shared,shared
10,126,B,0.01,early,True,True,True,True,True,shared,shared,shared,shared
10,130,A,0.01,early,False,True,True,True,True,gained,shared,shared,shared
10,154,A,0.01,early,True,True,True,True,True,shared,shared,shared,shared
10,155,B,0.01,early,False,True,True,True,True,gained,shared,shared,shared
10,168,A,0.01,early,True,True,True,True,True,shared,shared,shared,shared
10,173,B,0.01,early,True,True,True,True,True,shared,shared,shared,shared
10,185,A,0.01,early,True,True,True,True,True,shared,shared,shared,shared
10,196,B,0.01,early,True,True,True,True,True,shared,shared,shared,shared
10,199,A,0.01,early,True,True,True,True,True,shared,shared,shared,shared
10,216,B,0.01,early,True,True,True,True,True,shared,shared,shared,shared
10,218,B,0.01,early,True,True,True,True,True,shared,shared,shared,shared
10,225,A,0.01,early,False,True,True,True,True,gained,shared,shared,shared
10,226,A,0.01,early,True,True,True,True,True,shared,shared,shared,shared
10,257,B,0.01,early,False,True,True,True,True,gained,shared,shared,shared
10,266,A,0.01,early,False,True,True,True,True,gained,shared,shared,shared
10,281,A,0.01,early,True,True,True,True,True,shared,shared,shared,shared
10,310,B,0.01,early,True,True,True,True,True,shared,shared,shared,shared
10,312,B,0.01,early,True,True,True,True,True,shared,shared,shared,shared
10,317,A,0.01,early,True,True,True,True,True,shared,shared,shared,shared
10,321,B,0.01,early,False,False,True,True,False,gained,gained,shared,gained
10,322,A,0.01,early,False,False,True,True,False,gained,gained,shared,gained
10,338,B,0.01,early,False,True,True,True,True,gained,shared,shared,shared
10,377,A,0.01,early,False,True,True,True,True,gained,shared,shared,shared
10,378,B,0.01,early,False,True,True,True,True,gained,shared,shared,shared
10,381,A,0.01,early,True,True,True,True,True,shared,shared,shared,shared
10,384,A,0.01,early,True,True,True,True,True,shared,shared,shared,shared
10,400,A,0.01,early,False,False,True,True,True,gained,gained,shared,shared
10,401,B,0.01,early,True,True,True,True,True,shared,shared,shared,shared
10,405,A,0.01,early,False,True,True,True,True,gained,shared,shared,shared
10,410,B,0.01,early,True,True,True,True,True,shared,shared,shared,shared
10,418,A,0.01,early,True,True,True,True,True,shared,shared,shared,shared
10,426,A,0.01,early,False,True,True,True,True,gained,shared,shared,shared
10,433,B,0.01,early,True,True,True,True,True,shared,shared,shared,shared
10,444,A,0.01,early,True,True,True,True,True,shared,shared,shared,shared
10,456,B,0.01,early,False,True,True,True,True,gained,shared,shared,shared
10,463,B,0.01,early,True,True,True,True,True,shared,shared,shared,shared
10,478,B,0.01,early,False,True,True,True,True,gained,shared,shared,shared
10,492,B,0.01,early,False,True,True,True,True,gained,shared,shared,shared
11,1,A,0.01,early,True,True,True,True,True,shared,shared,shared,shared
11,2,A,0.01,early,True,True,True,True,True,shared,shared,shared,shared
11,3,B,0.01,early,True,True,True,True,True,shared,shared,shared,shared
11,15,A,0.01,early,True,True,True,True,True,shared,shared,shared,shared
11,23,B,0.01,early,True,True,True,True,True,shared,shared,shared,shared
11,39,A,0.01,early,True,True,True,True,True,shared,shared,shared,shared
11,79,A,0.01,early,True,True,True,True,True,shared,shared,shared,shared
11,82,B,0.01,early,True,True,True,True,True,shared,shared,shared,shared
11,85,B,0.01,early,True,True,True,True,True,shared,shared,shared,shared
11,101,B,0.01,early,True,True,True,True,True,shared,shared,shared,shared
11,113,A,0.01,early,True,True,True,True,True,shared,shared,shared,shared
11,123,B,0.01,early,True,True,True,True,True,shared,shared,shared,shared
11,126,B,0.01,early,True,True,True,True,True,shared,shared,shared,shared
11,130,A,0.01,early,True,True,True,True,True,shared,shared,shared,shared
11,154,A,0.01,early,True,True,True,True,True,shared,shared,shared,shared
11,155,B,0.01,early,True,True,True,True,True,shared,shared,shared,shared
11,168,A,0.01,early,True,True,True,True,True,shared,shared,shared,shared
11,173,B,0.01,early,True,True,True,True,True,shared,shared,shared,shared
11,185,A,0.01,early,True,True,True,True,True,shared,shared,shared,shared
11,196,B,0.01,early,True,True,True,True,True,shared,shared,shared,shared
11,199,A,0.01,early,True,True,True,True,True,shared,shared,shared,shared
11,216,B,0.01,early,True,True,True,True,True,shared,shared,shared,shared
11,218,B,0.01,early,True,True,True,True,True,shared,shared,shared,shared
11,225,A,0.01,early,True,True,True,True,True,shared,shared,shared,shared
11,226,A,0.01,early,True,True,True,True,True,shared,shared,shared,shared
11,257,B,0.01,early,True,True,True,True,True,shared,shared,shared,shared
11,266,A,0.01,early,True,True,True,True,True,shared,shared,shared,shared
11,281,A,0.01,early,True,True,True,True,True,shared,shared,shared,shared
11,310,B,0.01,early,True,True,True,True,True,shared,shared,shared,shared
11,312,B,0.01,early,True,True,True,True,True,shared,shared,shared,shared
11,317,A,0.01,early,True,True,True,True,True,shared,shared,shared,shared
11,321,B,0.01,early,True,True,True,True,True,shared,shared,shared,shared
11,322,A,0.01,early,True,True,True,True,True,shared,shared,shared,shared
11,338,B,0.01,early,True,True,True,True,True,shared,shared,shared,shared
11,377,A,0.01,early,True,True,True,True,True,shared,shared,shared,shared
11,378,B,0.01,early,True,True,True,True,True,shared,shared,shared,shared
11,381,A,0.01,early,True,True,True,True,True,shared,shared,shared,shared
11,384,A,0.01,early,True,True,True,True,True,shared,shared,shared,shared
11,400,A,0.01,early,True,True,True,True,True,shared,shared,shared,shared
11,401,B,0.01,early,True,True,True,True,True,shared,shared,shared,shared
11,405,A,0.01,early,True,True,True,True,True,shared,shared,shared,shared
11,410,B,0.01,early,True,True,True,True,True,shared,shared,shared,shared
11,418,A,0.01,early,True,True,True,True,True,shared,shared,shared,shared
11,426,A,0.01,early,True,True,True,True,True,shared,shared,shared,shared
11,433,B,0.01,early,True,True,True,True,True,shared,shared,shared,shared
11,444,A,0.01,early,True,True,True,True,True,shared,shared,shared,shared
11,456,B,0.01,early,True,True,True,True,True,shared,shared,shared,shared
11,463,B,0.01,early,True,True,True,True,True,shared,shared,shared,shared
11,478,B,0.01,early,True,True,True,True,True,shared,shared,shared,shared
11,492,B,0.01,early,True,True,True,True,True,shared,shared,shared,shared
12,1,A,0.01,early,True,True,True,True,True,shared,shared,shared,shared
12,2,A,0.01,early,True,True,True,True,True,shared,shared,shared,shared
12,3,B,0.01,early,True,True,True,True,True,shared,shared,shared,shared
12,15,A,0.01,early,True,True,True,True,True,shared,shared,shared,shared
12,23,B,0.01,early,True,True,True,True,True,shared,shared,shared,shared
12,39,A,0.01,early,True,True,True,True,True,shared,shared,shared,shared
12,79,A,0.01,early,True,True,True,True,True,shared,shared,shared,shared
12,82,B,0.01,early,True,True,True,True,True,shared,shared,shared,shared
12,85,B,0.01,early,True,True,True,True,True,shared,shared,shared,shared
12,101,B,0.01,early,True,True,True,True,True,shared,shared,shared,shared
12,113,A,0.01,early,True,True,True,True,True,shared,shared,shared,shared
12,123,B,0.01,early,True,True,True,True,True,shared,shared,shared,shared
12,126,B,0.01,early,True,True,True,True,True,shared,shared,shared,shared
12,130,A,0.01,early,True,True,True,True,True,shared,shared,shared,shared
12,154,A,0.01,early,True,True,True,True,True,shared,shared,shared,shared
12,155,B,0.01,early,True,True,True,True,True,shared,shared,shared,shared
12,168,A,0.01,early,True,True,True,True,True,shared,shared,shared,shared
12,173,B,0.01,early,True,True,True,True,True,shared,shared,shared,shared
12,185,A,0.01,early,True,True,True,True,True,shared,shared,shared,shared
12,196,B,0.01,early,True,True,True,True,True,shared,shared,shared,shared
12,199,A,0.01,early,True,True,True,True,True,shared,shared,shared,shared
12,216,B,0.01,early,True,True,True,True,True,shared,shared,shared,shared
12,218,B,0.01,early,True,True,True,True,True,shared,shared,shared,shared
12,225,A,0.01,early,True,True,True,True,True,shared,shared,shared,shared
12,226,A,0.01,early,True,True,True,True,True,shared,shared,shared,shared
12,257,B,0.01,early,True,True,True,True,True,shared,shared,shared,shared
12,266,A,0.01,early,True,True,True,True,True,shared,shared,shared,shared
12,281,A,0.01,early,True,True,True,True,True,shared,shared,shared,shared
12,310,B,0.01,early,True,True,True,True,True,shared,shared,shared,shared
12,312,B,0.01,early,True,True,True,True,True,shared,shared,shared,shared
12,317,A,0.01,early,True,True,True,True,True,shared,shared,shared,shared
12,321,B,0.01,early,True,True,True,True,True,shared,shared,shared,shared
12,322,A,0.01,early,True,True,True,True,True,shared,shared,shared,shared
12,338,B,0.01,early,True,True,True,True,True,shared,shared,shared,shared
12,377,A,0.01,early,True,True,True,True,True,shared,shared,shared,shared
12,378,B,0.01,early,True,True,True,True,True,shared,shared,shared,shared
12,381,A,0.01,early,True,True,True,True,True,shared,shared,shared,shared
12,384,A,0.01,early,True,True,False,True,True,lost,lost,lost,lost
12,400,A,0.01,early,True,True,True,True,True,shared,shared,shared,shared
12,401,B,0.01,early,True,True,True,True,True,shared,shared,shared,shared
12,405,A,0.01,early,True,True,True,True,True,shared,shared,shared,shared
12,410,B,0.01,early,True,True,True,True,True,shared,shared,shared,shared
12,418,A,0.01,early,True,True,True,True,True,shared,shared,shared,shared
12,426,A,0.01,early,True,True,True,True,True,shared,shared,shared,shared
12,433,B,0.01,early,True,True,True,True,True,shared,shared,shared,shared
12,444,A,0.01,early,True,True,True,True,True,shared,shared,shared,shared
12,456,B,0.01,early,True,True,True,True,True,shared,shared,shared,shared
12,463,B,0.01,early,True,True,True,True,True,shared,shared,shared,shared
12,478,B,0.01,early,True,True,True,True,True,shared,shared,shared,shared
12,492,B,0.01,early,True,True,True,True,True,shared,shared,shared,shared
13,1,A,0.01,early,False,True,True,True,True,gained,shared,shared,shared
13,2,A,0.01,early,True,True,True,True,True,shared,shared,shared,shared
13,3,B,0.01,early,True,True,True,True,True,shared,shared,shared,shared
13,15,A,0.01,early,True,True,True,True,True,shared,shared,shared,shared
13,23,B,0.01,early,True,True,True,True,True,shared,shared,shared,shared
13,39,A,0.01,early,True,True,True,True,True,shared,shared,shared,shared
13,79,A,0.01,early,True,True,True,True,True,shared,shared,shared,shared
13,82,B,0.01,early,True,True,True,True,True,shared,shared,shared,shared
13,85,B,0.01,early,True,True,True,True,False,shared,shared,shared,gained
13,101,B,0.01,early,True,True,True,True,True,shared,shared,shared,shared
13,113,A,0.01,early,True,True,True,True,True,shared,shared,shared,shared
13,123,B,0.01,early,True,True,True,True,True,shared,shared,shared,shared
13,126,B,0.01,early,True,True,True,True,True,shared,shared,shared,shared
13,130,A,0.01,early,True,True,True,True,True,shared,shared,shared,shared
13,154,A,0.01,early,True,True,True,True,True,shared,shared,shared,shared
13,155,B,0.01,early,True,True,True,True,True,shared,shared,shared,shared
13,168,A,0.01,early,True,True,True,True,True,shared,shared,shared,shared
13,173,B,0.01,early,True,True,True,True,True,shared,shared,shared,shared
13,185,A,0.01,early,True,True,True,True,True,shared,shared,shared,shared
13,196,B,0.01,early,True,True,True,True,True,shared,shared,shared,shared
13,199,A,0.01,early,False,True,True,True,True,gained,shared,shared,shared
13,216,B,0.01,early,True,True,True,True,True,shared,shared,shared,shared
13,218,B,0.01,early,True,True,True,True,True,shared,shared,shared,shared
13,225,A,0.01,early,True,True,True,True,True,shared,shared,shared,shared
13,226,A,0.01,early,True,True,True,True,True,shared,shared,shared,shared
13,257,B,0.01,early,True,True,True,True,True,shared,shared,shared,shared
13,266,A,0.01,early,True,True,True,True,True,shared,shared,shared,shared
13,281,A,0.01,early,False,False,False,False,True,neither,neither,neither,lost
13,310,B,0.01,early,True,True,True,True,True,shared,shared,shared,shared
13,312,B,0.01,early,True,True,True,True,True,shared,shared,shared,shared
13,317,A,0.01,early,True,True,True,True,True,shared,shared,shared,shared
13,321,B,0.01,early,False,True,True,True,False,gained,shared,shared,gained
13,322,A,0.01,early,True,True,True,True,True,shared,shared,shared,shared
13,338,B,0.01,early,True,True,True,True,True,shared,shared,shared,shared
13,377,A,0.01,early,True,True,True,True,True,shared,shared,shared,shared
13,378,B,0.01,early,True,True,True,True,True,shared,shared,shared,shared
13,381,A,0.01,early,True,True,True,True,True,shared,shared,shared,shared
13,384,A,0.01,early,True,True,True,True,True,shared,shared,shared,shared
13,400,A,0.01,early,True,True,True,True,True,shared,shared,shared,shared
13,401,B,0.01,early,True,True,True,True,True,shared,shared,shared,shared
13,405,A,0.01,early,True,True,True,True,True,shared,shared,shared,shared
13,410,B,0.01,early,True,True,True,True,True,shared,shared,shared,shared
13,418,A,0.01,early,True,True,True,True,True,shared,shared,shared,shared
13,426,A,0.01,early,True,True,True,True,True,shared,shared,shared,shared
13,433,B,0.01,early,True,True,True,True,True,shared,shared,shared,shared
13,444,A,0.01,early,True,True,True,True,True,shared,shared,shared,shared
13,456,B,0.01,early,True,True,True,True,True,shared,shared,shared,shared
13,463,B,0.01,early,True,True,True,True,True,shared,shared,shared,shared
13,478,B,0.01,early,True,True,True,True,True,shared,shared,shared,shared
13,492,B,0.01,early,True,True,True,True,True,shared,shared,shared,shared
14,1,A,0.01,early,True,True,True,True,True,shared,shared,shared,shared
14,2,A,0.01,early,True,True,True,True,True,shared,shared,shared,shared
14,3,B,0.01,early,True,True,True,True,True,shared,shared,shared,shared
14,15,A,0.01,early,True,True,True,True,True,shared,shared,shared,shared
14,23,B,0.01,early,True,True,True,True,True,shared,shared,shared,shared
14,39,A,0.01,early,True,True,True,True,True,shared,shared,shared,shared
14,79,A,0.01,early,True,True,True,True,True,shared,shared,shared,shared
14,82,B,0.01,early,True,True,True,True,True,shared,shared,shared,shared
14,85,B,0.01,early,True,True,True,True,True,shared,shared,shared,shared
14,101,B,0.01,early,True,True,True,True,True,shared,shared,shared,shared
14,113,A,0.01,early,True,True,True,True,True,shared,shared,shared,shared
14,123,B,0.01,early,True,True,True,True,True,shared,shared,shared,shared
14,126,B,0.01,early,True,True,True,True,True,shared,shared,shared,shared
14,130,A,0.01,early,True,True,True,True,True,shared,shared,shared,shared
14,154,A,0.01,early,True,True,True,True,True,shared,shared,shared,shared
14,155,B,0.01,early,True,True,True,True,True,shared,shared,shared,shared
14,168,A,0.01,early,True,True,True,True,True,shared,shared,shared,shared
14,173,B,0.01,early,True,True,True,True,True,shared,shared,shared,shared
14,185,A,0.01,early,True,True,True,True,True,shared,shared,shared,shared
14,196,B,0.01,early,True,True,True,True,True,shared,shared,shared,shared
14,199,A,0.01,early,True,True,True,True,True,shared,shared,shared,shared
14,216,B,0.01,early,True,True,True,True,True,shared,shared,shared,shared
14,218,B,0.01,early,True,True,True,True,True,shared,shared,shared,shared
14,225,A,0.01,early,True,True,True,True,True,shared,shared,shared,shared
14,226,A,0.01,early,True,True,True,True,True,shared,shared,shared,shared
14,257,B,0.01,early,True,True,True,True,True,shared,shared,shared,shared
14,266,A,0.01,early,True,True,True,True,True,shared,shared,shared,shared
14,281,A,0.01,early,True,True,True,True,True,shared,shared,shared,shared
14,310,B,0.01,early,True,True,True,True,True,shared,shared,shared,shared
14,312,B,0.01,early,True,True,True,True,True,shared,shared,shared,shared
14,317,A,0.01,early,True,True,True,True,True,shared,shared,shared,shared
14,321,B,0.01,early,True,True,True,True,True,shared,shared,shared,shared
14,322,A,0.01,early,True,True,True,True,True,shared,shared,shared,shared
14,338,B,0.01,early,True,True,True,True,True,shared,shared,shared,shared
14,377,A,0.01,early,True,True,True,True,True,shared,shared,shared,shared
14,378,B,0.01,early,True,True,True,True,True,shared,shared,shared,shared
14,381,A,0.01,early,True,True,True,True,True,shared,shared,shared,shared
14,384,A,0.01,early,True,True,True,True,True,shared,shared,shared,shared
14,400,A,0.01,early,True,True,True,True,True,shared,shared,shared,shared
14,401,B,0.01,early,True,True,True,True,True,shared,shared,shared,shared
14,405,A,0.01,early,True,True,True,True,True,shared,shared,shared,shared
14,410,B,0.01,early,True,True,True,True,True,shared,shared,shared,shared
14,418,A,0.01,early,True,True,True,True,True,shared,shared,shared,shared
14,426,A,0.01,early,True,True,True,True,True,shared,shared,shared,shared
14,433,B,0.01,early,True,True,True,True,True,shared,shared,shared,shared
14,444,A,0.01,early,True,True,True,True,True,shared,shared,shared,shared
14,456,B,0.01,early,True,True,True,True,True,shared,shared,shared,shared
14,463,B,0.01,early,True,True,True,True,True,shared,shared,shared,shared
14,478,B,0.01,early,True,True,True,True,True,shared,shared,shared,shared
14,492,B,0.01,early,True,True,True,True,True,shared,shared,shared,shared
15,1,A,0.01,early,False,False,False,False,True,neither,neither,neither,lost
15,2,A,0.01,early,False,False,False,False,False,neither,neither,neither,neither
15,3,B,0.01,early,False,False,False,False,True,neither,neither,neither,lost
15,15,A,0.01,early,False,False,False,False,False,neither,neither,neither,neither
15,23,B,0.01,early,False,False,False,False,False,neither,neither,neither,neither
15,39,A,0.01,early,False,False,False,False,False,neither,neither,neither,neither
15,79,A,0.01,early,False,False,True,False,False,gained,gained,gained,gained
15,82,B,0.01,early,False,False,False,False,False,neither,neither,neither,neither
15,85,B,0.01,early,False,False,False,False,False,neither,neither,neither,neither
15,101,B,0.01,early,False,False,False,False,False,neither,neither,neither,neither
15,113,A,0.01,early,False,False,False,False,False,neither,neither,neither,neither
15,123,B,0.01,early,False,False,False,False,False,neither,neither,neither,neither
15,126,B,0.01,early,False,False,False,False,False,neither,neither,neither,neither
15,130,A,0.01,early,False,False,False,False,False,neither,neither,neither,neither
15,154,A,0.01,early,False,False,False,False,False,neither,neither,neither,neither
15,155,B,0.01,early,False,False,False,False,False,neither,neither,neither,neither
15,168,A,0.01,early,False,False,False,False,False,neither,neither,neither,neither
15,173,B,0.01,early,False,False,False,False,False,neither,neither,neither,neither
15,185,A,0.01,early,True,True,False,True,False,lost,lost,lost,neither
15,196,B,0.01,early,False,False,False,False,False,neither,neither,neither,neither
15,199,A,0.01,early,False,False,True,False,False,gained,gained,gained,gained
15,216,B,0.01,early,False,False,False,False,False,neither,neither,neither,neither
15,218,B,0.01,early,False,False,False,False,False,neither,neither,neither,neither
15,225,A,0.01,early,False,False,False,False,False,neither,neither,neither,neither
15,226,A,0.01,early,False,False,False,False,False,neither,neither,neither,neither
15,257,B,0.01,early,False,False,False,False,False,neither,neither,neither,neither
15,266,A,0.01,early,False,False,False,False,False,neither,neither,neither,neither
15,281,A,0.01,early,False,False,False,False,True,neither,neither,neither,lost
15,310,B,0.01,early,False,False,True,False,False,gained,gained,gained,gained
15,312,B,0.01,early,False,False,False,False,False,neither,neither,neither,neither
15,317,A,0.01,early,False,False,False,False,False,neither,neither,neither,neither
15,321,B,0.01,early,False,False,False,False,False,neither,neither,neither,neither
15,322,A,0.01,early,False,False,False,False,False,neither,neither,neither,neither
15,338,B,0.01,early,False,False,False,False,False,neither,neither,neither,neither
15,377,A,0.01,early,False,False,False,False,False,neither,neither,neither,neither
15,378,B,0.01,early,False,False,False,False,False,neither,neither,neither,neither
15,381,A,0.01,early,False,False,False,False,False,neither,neither,neither,neither
15,384,A,0.01,early,False,False,False,False,False,neither,neither,neither,neither
15,400,A,0.01,early,False,False,False,False,True,neither,neither,neither,lost
15,401,B,0.01,early,True,True,False,True,False,lost,lost,lost,neither
15,405,A,0.01,early,False,False,False,False,False,neither,neither,neither,neither
15,410,B,0.01,early,False,False,False,False,False,neither,neither,neither,neither
15,418,A,0.01,early,False,False,False,False,False,neither,neither,neither,neither
15,426,A,0.01,early,False,False,False,False,False,neither,neither,neither,neither
15,433,B,0.01,early,False,False,False,False,False,neither,neither,neither,neither
15,444,A,0.01,early,False,False,False,False,False,neither,neither,neither,neither
15,456,B,0.01,early,False,False,False,False,False,neither,neither,neither,neither
15,463,B,0.01,early,False,False,False,False,False,neither,neither,neither,neither
15,478,B,0.01,early,False,False,False,False,False,neither,neither,neither,neither
15,492,B,0.01,early,False,False,False,False,False,neither,neither,neither,neither
16,1,A,0.01,early,True,True,True,True,True,shared,shared,shared,shared
16,2,A,0.01,early,False,True,True,True,True,gained,shared,shared,shared
16,3,B,0.01,early,True,True,True,True,True,shared,shared,shared,shared
16,15,A,0.01,early,True,True,True,True,True,shared,shared,shared,shared
16,23,B,0.01,early,True,True,True,True,True,shared,shared,shared,shared
16,39,A,0.01,early,True,True,True,True,True,shared,shared,shared,shared
16,79,A,0.01,early,True,True,True,True,True,shared,shared,shared,shared
16,82,B,0.01,early,True,True,True,True,True,shared,shared,shared,shared
16,85,B,0.01,early,True,True,True,True,True,shared,shared,shared,shared
16,101,B,0.01,early,True,True,True,True,True,shared,shared,shared,shared
16,113,A,0.01,early,True,True,True,True,True,shared,shared,shared,shared
16,123,B,0.01,early,True,True,True,True,True,shared,shared,shared,shared
16,126,B,0.01,early,True,True,True,True,True,shared,shared,shared,shared
16,130,A,0.01,early,True,True,True,True,True,shared,shared,shared,shared
16,154,A,0.01,early,True,True,True,True,True,shared,shared,shared,shared
16,155,B,0.01,early,True,True,True,True,True,shared,shared,shared,shared
16,168,A,0.01,early,True,True,True,True,True,shared,shared,shared,shared
16,173,B,0.01,early,True,True,True,True,True,shared,shared,shared,shared
16,185,A,0.01,early,True,True,True,True,True,shared,shared,shared,shared
16,196,B,0.01,early,False,True,True,True,True,gained,shared,shared,shared
16,199,A,0.01,early,True,True,True,True,True,shared,shared,shared,shared
16,216,B,0.01,early,True,True,True,True,True,shared,shared,shared,shared
16,218,B,0.01,early,True,True,True,True,True,shared,shared,shared,shared
16,225,A,0.01,early,True,True,True,True,True,shared,shared,shared,shared
16,226,A,0.01,early,True,True,True,True,True,shared,shared,shared,shared
16,257,B,0.01,early,True,True,True,True,True,shared,shared,shared,shared
16,266,A,0.01,early,True,True,True,True,True,shared,shared,shared,shared
16,281,A,0.01,early,True,True,True,True,True,shared,shared,shared,shared
16,310,B,0.01,early,True,True,True,True,True,shared,shared,shared,shared
16,312,B,0.01,early,False,True,True,True,True,gained,shared,shared,shared
16,317,A,0.01,early,True,True,True,True,True,shared,shared,shared,shared
16,321,B,0.01,early,True,True,True,True,True,shared,shared,shared,shared
16,322,A,0.01,early,True,True,True,True,True,shared,shared,shared,shared
16,338,B,0.01,early,True,True,True,True,True,shared,shared,shared,shared
16,377,A,0.01,early,True,True,True,True,True,shared,shared,shared,shared
16,378,B,0.01,early,True,True,True,True,True,shared,shared,shared,shared
16,381,A,0.01,early,False,True,True,True,False,gained,shared,shared,gained
16,384,A,0.01,early,True,True,True,True,True,shared,shared,shared,shared
16,400,A,0.01,early,True,True,True,True,True,shared,shared,shared,shared
16,401,B,0.01,early,True,True,True,True,True,shared,shared,shared,shared
16,405,A,0.01,early,True,True,True,True,True,shared,shared,shared,shared
16,410,B,0.01,early,True,True,True,True,True,shared,shared,shared,shared
16,418,A,0.01,early,True,True,True,True,True,shared,shared,shared,shared
16,426,A,0.01,early,True,True,True,True,True,shared,shared,shared,shared
16,433,B,0.01,early,True,True,True,True,True,shared,shared,shared,shared
16,444,A,0.01,early,True,True,True,True,True,shared,shared,shared,shared
16,456,B,0.01,early,True,True,True,True,True,shared,shared,shared,shared
16,463,B,0.01,early,True,True,True,True,True,shared,shared,shared,shared
16,478,B,0.01,early,True,True,True,True,True,shared,shared,shared,shared
16,492,B,0.01,early,True,True,True,True,True,shared,shared,shared,shared
17,1,A,0.01,early,False,True,True,True,True,gained,shared,shared,shared
17,2,A,0.01,early,True,True,True,True,True,shared,shared,shared,shared
17,3,B,0.01,early,True,True,True,True,True,shared,shared,shared,shared
17,15,A,0.01,early,True,True,True,True,True,shared,shared,shared,shared
17,23,B,0.01,early,True,True,True,True,True,shared,shared,shared,shared
17,39,A,0.01,early,True,True,True,True,True,shared,shared,shared,shared
17,79,A,0.01,early,True,True,True,True,True,shared,shared,shared,shared
17,82,B,0.01,early,True,True,True,True,True,shared,shared,shared,shared
17,85,B,0.01,early,True,True,True,True,True,shared,shared,shared,shared
17,101,B,0.01,early,True,True,True,True,True,shared,shared,shared,shared
17,113,A,0.01,early,True,True,True,True,True,shared,shared,shared,shared
17,123,B,0.01,early,True,True,True,True,True,shared,shared,shared,shared
17,126,B,0.01,early,True,True,True,True,True,shared,shared,shared,shared
17,130,A,0.01,early,True,True,True,True,True,shared,shared,shared,shared
17,154,A,0.01,early,True,True,True,True,True,shared,shared,shared,shared
17,155,B,0.01,early,True,True,True,True,True,shared,shared,shared,shared
17,168,A,0.01,early,True,True,True,True,True,shared,shared,shared,shared
17,173,B,0.01,early,True,True,True,True,True,shared,shared,shared,shared
17,185,A,0.01,early,True,True,True,True,True,shared,shared,shared,shared
17,196,B,0.01,early,True,True,True,True,True,shared,shared,shared,shared
17,199,A,0.01,early,True,True,True,True,True,shared,shared,shared,shared
17,216,B,0.01,early,True,True,True,True,True,shared,shared,shared,shared
17,218,B,0.01,early,True,True,True,True,True,shared,shared,shared,shared
17,225,A,0.01,early,True,True,True,True,True,shared,shared,shared,shared
17,226,A,0.01,early,True,True,True,True,True,shared,shared,shared,shared
17,257,B,0.01,early,True,True,True,True,True,shared,shared,shared,shared
17,266,A,0.01,early,True,True,True,True,True,shared,shared,shared,shared
17,281,A,0.01,early,True,True,True,True,True,shared,shared,shared,shared
17,310,B,0.01,early,True,True,True,True,True,shared,shared,shared,shared
17,312,B,0.01,early,True,True,True,True,True,shared,shared,shared,shared
17,317,A,0.01,early,True,True,True,True,True,shared,shared,shared,shared
17,321,B,0.01,early,True,True,True,True,True,shared,shared,shared,shared
17,322,A,0.01,early,True,True,True,True,True,shared,shared,shared,shared
17,338,B,0.01,early,True,True,True,True,True,shared,shared,shared,shared
17,377,A,0.01,early,True,True,True,True,True,shared,shared,shared,shared
17,378,B,0.01,early,True,True,True,True,True,shared,shared,shared,shared
17,381,A,0.01,early,True,True,True,True,True,shared,shared,shared,shared
17,384,A,0.01,early,True,True,True,True,True,shared,shared,shared,shared
17,400,A,0.01,early,True,True,True,True,True,shared,shared,shared,shared
17,401,B,0.01,early,True,True,True,True,True,shared,shared,shared,shared
17,405,A,0.01,early,True,True,True,True,True,shared,shared,shared,shared
17,410,B,0.01,early,True,True,True,True,True,shared,shared,shared,shared
17,418,A,0.01,early,True,True,True,True,True,shared,shared,shared,shared
17,426,A,0.01,early,True,True,True,True,True,shared,shared,shared,shared
17,433,B,0.01,early,True,True,True,True,True,shared,shared,shared,shared
17,444,A,0.01,early,True,True,True,True,True,shared,shared,shared,shared
17,456,B,0.01,early,True,True,True,True,True,shared,shared,shared,shared
17,463,B,0.01,early,True,True,True,True,True,shared,shared,shared,shared
17,478,B,0.01,early,True,True,True,True,True,shared,shared,shared,shared
17,492,B,0.01,early,True,True,True,True,True,shared,shared,shared,shared
18,1,A,0.01,early,True,True,True,True,True,shared,shared,shared,shared
18,2,A,0.01,early,True,True,True,True,True,shared,shared,shared,shared
18,3,B,0.01,early,True,True,True,True,True,shared,shared,shared,shared
18,15,A,0.01,early,True,True,True,True,True,shared,shared,shared,shared
18,23,B,0.01,early,True,True,True,True,True,shared,shared,shared,shared
18,39,A,0.01,early,True,True,True,True,True,shared,shared,shared,shared
18,79,A,0.01,early,True,True,True,True,True,shared,shared,shared,shared
18,82,B,0.01,early,True,True,True,True,True,shared,shared,shared,shared
18,85,B,0.01,early,True,True,True,True,True,shared,shared,shared,shared
18,101,B,0.01,early,True,True,True,True,True,shared,shared,shared,shared
18,113,A,0.01,early,True,True,True,True,True,shared,shared,shared,shared
18,123,B,0.01,early,True,True,True,True,True,shared,shared,shared,shared
18,126,B,0.01,early,False,False,False,False,False,neither,neither,neither,neither
18,130,A,0.01,early,False,False,False,False,False,neither,neither,neither,neither
18,154,A,0.01,early,True,True,True,True,True,shared,shared,shared,shared
18,155,B,0.01,early,True,True,True,True,True,shared,shared,shared,shared
18,168,A,0.01,early,True,True,True,True,True,shared,shared,shared,shared
18,173,B,0.01,early,True,True,True,True,True,shared,shared,shared,shared
18,185,A,0.01,early,True,True,True,True,True,shared,shared,shared,shared
18,196,B,0.01,early,True,True,True,True,True,shared,shared,shared,shared
18,199,A,0.01,early,True,True,True,True,True,shared,shared,shared,shared
18,216,B,0.01,early,True,True,True,True,True,shared,shared,shared,shared
18,218,B,0.01,early,True,True,True,True,True,shared,shared,shared,shared
18,225,A,0.01,early,True,True,True,True,True,shared,shared,shared,shared
18,226,A,0.01,early,True,True,True,True,True,shared,shared,shared,shared
18,257,B,0.01,early,True,True,True,True,True,shared,shared,shared,shared
18,266,A,0.01,early,False,False,False,False,False,neither,neither,neither,neither
18,281,A,0.01,early,True,True,True,True,True,shared,shared,shared,shared
18,310,B,0.01,early,True,True,True,True,True,shared,shared,shared,shared
18,312,B,0.01,early,True,True,True,True,True,shared,shared,shared,shared
18,317,A,0.01,early,True,True,True,True,True,shared,shared,shared,shared
18,321,B,0.01,early,False,False,False,False,False,neither,neither,neither,neither
18,322,A,0.01,early,False,True,True,True,False,gained,shared,shared,gained
18,338,B,0.01,early,True,True,True,True,True,shared,shared,shared,shared
18,377,A,0.01,early,True,True,True,True,True,shared,shared,shared,shared
18,378,B,0.01,early,True,True,True,True,True,shared,shared,shared,shared
18,381,A,0.01,early,True,True,True,True,True,shared,shared,shared,shared
18,384,A,0.01,early,True,True,True,True,True,shared,shared,shared,shared
18,400,A,0.01,early,True,True,True,True,True,shared,shared,shared,shared
18,401,B,0.01,early,True,True,True,True,True,shared,shared,shared,shared
18,405,A,0.01,early,True,True,True,True,True,shared,shared,shared,shared
18,410,B,0.01,early,True,True,True,True,True,shared,shared,shared,shared
18,418,A,0.01,early,True,True,True,True,True,shared,shared,shared,shared
18,426,A,0.01,early,True,True,True,True,True,shared,shared,shared,shared
18,433,B,0.01,early,True,True,True,True,True,shared,shared,shared,shared
18,444,A,0.01,early,True,True,True,True,True,shared,shared,shared,shared
18,456,B,0.01,early,True,True,True,True,True,shared,shared,shared,shared
18,463,B,0.01,early,True,True,True,True,True,shared,shared,shared,shared
18,478,B,0.01,early,False,False,False,False,False,neither,neither,neither,neither
18,492,B,0.01,early,True,True,True,True,True,shared,shared,shared,shared
19,1,A,0.01,early,True,True,True,True,True,shared,shared,shared,shared
19,2,A,0.01,early,True,True,True,True,True,shared,shared,shared,shared
19,3,B,0.01,early,True,True,True,True,True,shared,shared,shared,shared
19,15,A,0.01,early,True,True,True,True,True,shared,shared,shared,shared
19,23,B,0.01,early,True,True,True,True,True,shared,shared,shared,shared
19,39,A,0.01,early,True,True,True,True,True,shared,shared,shared,shared
19,79,A,0.01,early,True,True,True,True,True,shared,shared,shared,shared
19,82,B,0.01,early,True,True,True,True,True,shared,shared,shared,shared
19,85,B,0.01,early,True,True,True,True,True,shared,shared,shared,shared
19,101,B,0.01,early,True,True,True,True,True,shared,shared,shared,shared
19,113,A,0.01,early,True,True,True,True,True,shared,shared,shared,shared
19,123,B,0.01,early,True,True,True,True,True,shared,shared,shared,shared
19,126,B,0.01,early,True,True,True,True,True,shared,shared,shared,shared
19,130,A,0.01,early,True,True,True,True,True,shared,shared,shared,shared
19,154,A,0.01,early,True,True,True,True,True,shared,shared,shared,shared
19,155,B,0.01,early,True,True,True,True,True,shared,shared,shared,shared
19,168,A,0.01,early,True,True,True,True,True,shared,shared,shared,shared
19,173,B,0.01,early,True,True,True,True,True,shared,shared,shared,shared
19,185,A,0.01,early,True,True,True,True,True,shared,shared,shared,shared
19,196,B,0.01,early,True,True,True,True,True,shared,shared,shared,shared
19,199,A,0.01,early,True,True,True,True,True,shared,shared,shared,shared
19,216,B,0.01,early,True,True,True,True,True,shared,shared,shared,shared
19,218,B,0.01,early,True,True,True,True,True,shared,shared,shared,shared
19,225,A,0.01,early,True,True,True,True,True,shared,shared,shared,shared
19,226,A,0.01,early,True,True,True,True,True,shared,shared,shared,shared
19,257,B,0.01,early,True,True,True,True,True,shared,shared,shared,shared
19,266,A,0.01,early,True,True,True,True,True,shared,shared,shared,shared
19,281,A,0.01,early,True,True,True,True,True,shared,shared,shared,shared
19,310,B,0.01,early,True,True,True,True,True,shared,shared,shared,shared
19,312,B,0.01,early,True,True,True,True,True,shared,shared,shared,shared
19,317,A,0.01,early,True,True,True,True,True,shared,shared,shared,shared
19,321,B,0.01,early,True,True,True,True,True,shared,shared,shared,shared
19,322,A,0.01,early,True,True,True,True,True,shared,shared,shared,shared
19,338,B,0.01,early,True,True,True,True,True,shared,shared,shared,shared
19,377,A,0.01,early,True,True,True,True,True,shared,shared,shared,shared
19,378,B,0.01,early,True,True,True,True,True,shared,shared,shared,shared
19,381,A,0.01,early,True,True,True,True,True,shared,shared,shared,shared
19,384,A,0.01,early,True,True,True,True,True,shared,shared,shared,shared
19,400,A,0.01,early,True,True,True,True,True,shared,shared,shared,shared
19,401,B,0.01,early,True,True,True,True,True,shared,shared,shared,shared
19,405,A,0.01,early,True,True,True,True,True,shared,shared,shared,shared
19,410,B,0.01,early,True,True,True,True,True,shared,shared,shared,shared
19,418,A,0.01,early,True,True,True,True,True,shared,shared,shared,shared
19,426,A,0.01,early,True,True,True,True,True,shared,shared,shared,shared
19,433,B,0.01,early,True,True,True,True,True,shared,shared,shared,shared
19,444,A,0.01,early,True,True,True,True,True,shared,shared,shared,shared
19,456,B,0.01,early,True,True,True,True,True,shared,shared,shared,shared
19,463,B,0.01,early,True,True,True,True,True,shared,shared,shared,shared
19,478,B,0.01,early,True,True,True,True,True,shared,shared,shared,shared
19,492,B,0.01,early,True,True,True,True,True,shared,shared,shared,shared
20,1,A,0.01,early,True,True,True,True,True,shared,shared,shared,shared
20,2,A,0.01,early,True,True,True,True,True,shared,shared,shared,shared
20,3,B,0.01,early,True,True,True,True,True,shared,shared,shared,shared
20,15,A,0.01,early,True,True,True,True,True,shared,shared,shared,shared
20,23,B,0.01,early,True,True,True,True,True,shared,shared,shared,shared
20,39,A,0.01,early,True,True,True,True,True,shared,shared,shared,shared
20,79,A,0.01,early,True,True,True,True,True,shared,shared,shared,shared
20,82,B,0.01,early,True,True,True,True,True,shared,shared,shared,shared
20,85,B,0.01,early,True,True,True,True,True,shared,shared,shared,shared
20,101,B,0.01,early,True,True,True,True,True,shared,shared,shared,shared
20,113,A,0.01,early,True,True,True,True,True,shared,shared,shared,shared
20,123,B,0.01,early,True,True,True,True,True,shared,shared,shared,shared
20,126,B,0.01,early,True,True,True,True,True,shared,shared,shared,shared
20,130,A,0.01,early,True,True,True,True,True,shared,shared,shared,shared
20,154,A,0.01,early,True,True,True,True,True,shared,shared,shared,shared
20,155,B,0.01,early,True,True,True,True,True,shared,shared,shared,shared
20,168,A,0.01,early,True,True,True,True,True,shared,shared,shared,shared
20,173,B,0.01,early,True,True,True,True,True,shared,shared,shared,shared
20,185,A,0.01,early,True,True,True,True,True,shared,shared,shared,shared
20,196,B,0.01,early,False,True,True,True,True,gained,shared,shared,shared
20,199,A,0.01,early,True,True,True,True,True,shared,shared,shared,shared
20,216,B,0.01,early,True,True,True,True,True,shared,shared,shared,shared
20,218,B,0.01,early,True,True,True,True,True,shared,shared,shared,shared
20,225,A,0.01,early,False,True,True,True,True,gained,shared,shared,shared
20,226,A,0.01,early,True,True,True,True,True,shared,shared,shared,shared
20,257,B,0.01,early,True,True,True,True,True,shared,shared,shared,shared
20,266,A,0.01,early,True,True,True,True,True,shared,shared,shared,shared
20,281,A,0.01,early,True,True,True,True,True,shared,shared,shared,shared
20,310,B,0.01,early,True,True,True,True,True,shared,shared,shared,shared
20,312,B,0.01,early,True,True,True,True,True,shared,shared,shared,shared
20,317,A,0.01,early,True,True,True,True,True,shared,shared,shared,shared
20,321,B,0.01,early,True,True,True,True,True,shared,shared,shared,shared
20,322,A,0.01,early,True,True,True,True,True,shared,shared,shared,shared
20,338,B,0.01,early,True,True,True,True,True,shared,shared,shared,shared
20,377,A,0.01,early,True,True,True,True,True,shared,shared,shared,shared
20,378,B,0.01,early,True,True,True,True,True,shared,shared,shared,shared
20,381,A,0.01,early,True,True,True,True,True,shared,shared,shared,shared
20,384,A,0.01,early,True,True,True,True,True,shared,shared,shared,shared
20,400,A,0.01,early,True,True,True,True,True,shared,shared,shared,shared
20,401,B,0.01,early,True,True,False,True,False,lost,lost,lost,neither
20,405,A,0.01,early,True,True,True,True,True,shared,shared,shared,shared
20,410,B,0.01,early,True,True,True,True,True,shared,shared,shared,shared
20,418,A,0.01,early,True,True,True,True,True,shared,shared,shared,shared
20,426,A,0.01,early,True,True,True,True,True,shared,shared,shared,shared
20,433,B,0.01,early,True,True,True,True,True,shared,shared,shared,shared
20,444,A,0.01,early,True,True,True,True,True,shared,shared,shared,shared
20,456,B,0.01,early,True,True,True,True,True,shared,shared,shared,shared
20,463,B,0.01,early,True,True,True,True,True,shared,shared,shared,shared
20,478,B,0.01,early,True,True,True,True,True,shared,shared,shared,shared
20,492,B,0.01,early,True,True,True,True,True,shared,shared,shared,shared
1,1,A,0.02,full,True,True,True,True,True,shared,shared,shared,shared
1,2,A,0.02,full,True,True,True,True,True,shared,shared,shared,shared
1,3,B,0.02,full,True,True,True,True,True,shared,shared,shared,shared
1,15,A,0.02,full,True,True,True,True,True,shared,shared,shared,shared
1,23,B,0.02,full,True,True,True,True,True,shared,shared,shared,shared
1,39,A,0.02,full,True,True,True,True,True,shared,shared,shared,shared
1,79,A,0.02,full,True,True,True,True,True,shared,shared,shared,shared
1,82,B,0.02,full,True,True,True,True,True,shared,shared,shared,shared
1,85,B,0.02,full,True,True,True,True,True,shared,shared,shared,shared
1,101,B,0.02,full,True,True,True,True,True,shared,shared,shared,shared
1,113,A,0.02,full,True,True,True,True,True,shared,shared,shared,shared
1,123,B,0.02,full,True,True,True,True,True,shared,shared,shared,shared
1,126,B,0.02,full,True,True,True,True,True,shared,shared,shared,shared
1,130,A,0.02,full,True,True,True,True,True,shared,shared,shared,shared
1,154,A,0.02,full,True,True,True,True,True,shared,shared,shared,shared
1,155,B,0.02,full,True,True,True,True,True,shared,shared,shared,shared
1,168,A,0.02,full,True,True,True,True,True,shared,shared,shared,shared
1,173,B,0.02,full,True,True,True,True,True,shared,shared,shared,shared
1,185,A,0.02,full,True,True,True,True,True,shared,shared,shared,shared
1,196,B,0.02,full,True,True,True,True,True,shared,shared,shared,shared
1,199,A,0.02,full,True,True,True,True,True,shared,shared,shared,shared
1,216,B,0.02,full,True,True,True,True,True,shared,shared,shared,shared
1,218,B,0.02,full,True,True,True,True,True,shared,shared,shared,shared
1,225,A,0.02,full,True,True,True,True,True,shared,shared,shared,shared
1,226,A,0.02,full,True,True,True,True,True,shared,shared,shared,shared
1,257,B,0.02,full,True,True,True,True,True,shared,shared,shared,shared
1,266,A,0.02,full,True,True,True,True,True,shared,shared,shared,shared
1,281,A,0.02,full,True,True,True,True,True,shared,shared,shared,shared
1,310,B,0.02,full,True,True,True,True,True,shared,shared,shared,shared
1,312,B,0.02,full,True,True,True,True,True,shared,shared,shared,shared
1,317,A,0.02,full,True,True,True,True,True,shared,shared,shared,shared
1,321,B,0.02,full,True,True,True,True,True,shared,shared,shared,shared
1,322,A,0.02,full,True,True,True,True,True,shared,shared,shared,shared
1,338,B,0.02,full,True,True,True,True,True,shared,shared,shared,shared
1,377,A,0.02,full,True,True,True,True,True,shared,shared,shared,shared
1,378,B,0.02,full,True,True,True,True,True,shared,shared,shared,shared
1,381,A,0.02,full,True,True,True,True,True,shared,shared,shared,shared
1,384,A,0.02,full,True,True,True,True,True,shared,shared,shared,shared
1,400,A,0.02,full,True,True,True,True,True,shared,shared,shared,shared
1,401,B,0.02,full,True,True,True,True,True,shared,shared,shared,shared
1,405,A,0.02,full,True,True,True,True,True,shared,shared,shared,shared
1,410,B,0.02,full,True,True,True,True,True,shared,shared,shared,shared
1,418,A,0.02,full,True,True,True,True,True,shared,shared,shared,shared
1,426,A,0.02,full,True,True,True,True,True,shared,shared,shared,shared
1,433,B,0.02,full,True,True,True,True,True,shared,shared,shared,shared
1,444,A,0.02,full,True,True,True,True,True,shared,shared,shared,shared
1,456,B,0.02,full,True,True,True,True,True,shared,shared,shared,shared
1,463,B,0.02,full,True,True,True,True,True,shared,shared,shared,shared
1,478,B,0.02,full,True,True,True,True,True,shared,shared,shared,shared
1,492,B,0.02,full,True,True,True,True,True,shared,shared,shared,shared
2,1,A,0.02,full,True,True,True,True,True,shared,shared,shared,shared
2,2,A,0.02,full,True,True,True,True,True,shared,shared,shared,shared
2,3,B,0.02,full,True,True,True,True,True,shared,shared,shared,shared
2,15,A,0.02,full,True,True,True,True,True,shared,shared,shared,shared
2,23,B,0.02,full,True,True,True,True,True,shared,shared,shared,shared
2,39,A,0.02,full,True,True,True,True,True,shared,shared,shared,shared
2,79,A,0.02,full,True,True,True,True,True,shared,shared,shared,shared
2,82,B,0.02,full,True,True,True,True,True,shared,shared,shared,shared
2,85,B,0.02,full,True,True,True,True,True,shared,shared,shared,shared
2,101,B,0.02,full,True,True,True,True,True,shared,shared,shared,shared
2,113,A,0.02,full,True,True,True,True,True,shared,shared,shared,shared
2,123,B,0.02,full,True,True,True,True,True,shared,shared,shared,shared
2,126,B,0.02,full,True,True,True,True,True,shared,shared,shared,shared
2,130,A,0.02,full,True,True,True,True,True,shared,shared,shared,shared
2,154,A,0.02,full,True,True,True,True,True,shared,shared,shared,shared
2,155,B,0.02,full,True,True,True,True,True,shared,shared,shared,shared
2,168,A,0.02,full,True,True,True,True,True,shared,shared,shared,shared
2,173,B,0.02,full,True,True,True,True,True,shared,shared,shared,shared
2,185,A,0.02,full,True,True,True,True,True,shared,shared,shared,shared
2,196,B,0.02,full,True,True,True,True,True,shared,shared,shared,shared
2,199,A,0.02,full,True,True,True,True,True,shared,shared,shared,shared
2,216,B,0.02,full,True,True,True,True,True,shared,shared,shared,shared
2,218,B,0.02,full,True,True,True,True,True,shared,shared,shared,shared
2,225,A,0.02,full,True,True,True,True,True,shared,shared,shared,shared
2,226,A,0.02,full,True,True,True,True,True,shared,shared,shared,shared
2,257,B,0.02,full,True,True,True,True,True,shared,shared,shared,shared
2,266,A,0.02,full,True,True,True,True,True,shared,shared,shared,shared
2,281,A,0.02,full,True,True,True,True,True,shared,shared,shared,shared
2,310,B,0.02,full,True,True,True,True,True,shared,shared,shared,shared
2,312,B,0.02,full,True,True,True,True,True,shared,shared,shared,shared
2,317,A,0.02,full,True,True,True,True,True,shared,shared,shared,shared
2,321,B,0.02,full,True,True,True,True,True,shared,shared,shared,shared
2,322,A,0.02,full,True,True,True,True,True,shared,shared,shared,shared
2,338,B,0.02,full,True,True,True,True,True,shared,shared,shared,shared
2,377,A,0.02,full,True,True,True,True,True,shared,shared,shared,shared
2,378,B,0.02,full,True,True,True,True,True,shared,shared,shared,shared
2,381,A,0.02,full,True,True,True,True,True,shared,shared,shared,shared
2,384,A,0.02,full,True,True,True,True,True,shared,shared,shared,shared
2,400,A,0.02,full,True,True,True,True,True,shared,shared,shared,shared
2,401,B,0.02,full,True,True,True,True,True,shared,shared,shared,shared
2,405,A,0.02,full,True,True,True,True,True,shared,shared,shared,shared
2,410,B,0.02,full,True,True,True,True,True,shared,shared,shared,shared
2,418,A,0.02,full,True,True,True,True,True,shared,shared,shared,shared
2,426,A,0.02,full,True,True,True,True,True,shared,shared,shared,shared
2,433,B,0.02,full,True,True,True,True,True,shared,shared,shared,shared
2,444,A,0.02,full,True,True,True,True,True,shared,shared,shared,shared
2,456,B,0.02,full,True,True,True,True,True,shared,shared,shared,shared
2,463,B,0.02,full,True,True,True,True,True,shared,shared,shared,shared
2,478,B,0.02,full,True,True,True,True,True,shared,shared,shared,shared
2,492,B,0.02,full,True,True,True,True,True,shared,shared,shared,shared
3,1,A,0.02,full,False,True,False,True,True,neither,lost,lost,lost
3,2,A,0.02,full,False,True,True,True,False,gained,shared,shared,gained
3,3,B,0.02,full,False,True,True,True,True,gained,shared,shared,shared
3,15,A,0.02,full,False,True,False,True,False,neither,lost,lost,neither
3,23,B,0.02,full,False,True,True,True,True,gained,shared,shared,shared
3,39,A,0.02,full,False,True,True,True,False,gained,shared,shared,gained
3,79,A,0.02,full,True,True,True,True,True,shared,shared,shared,shared
3,82,B,0.02,full,False,True,True,True,False,gained,shared,shared,gained
3,85,B,0.02,full,False,True,True,True,False,gained,shared,shared,gained
3,101,B,0.02,full,False,True,True,True,True,gained,shared,shared,shared
3,113,A,0.02,full,False,True,False,True,False,neither,lost,lost,neither
3,123,B,0.02,full,True,True,True,True,False,shared,shared,shared,gained
3,126,B,0.02,full,False,True,True,True,True,gained,shared,shared,shared
3,130,A,0.02,full,False,True,True,True,False,gained,shared,shared,gained
3,154,A,0.02,full,True,True,True,True,True,shared,shared,shared,shared
3,155,B,0.02,full,False,True,True,True,True,gained,shared,shared,shared
3,168,A,0.02,full,False,True,True,False,True,gained,shared,gained,shared
3,173,B,0.02,full,False,True,True,True,True,gained,shared,shared,shared
3,185,A,0.02,full,True,True,True,True,True,shared,shared,shared,shared
3,196,B,0.02,full,True,True,True,True,True,shared,shared,shared,shared
3,199,A,0.02,full,True,True,True,True,True,shared,shared,shared,shared
3,216,B,0.02,full,True,True,True,True,True,shared,shared,shared,shared
3,218,B,0.02,full,False,True,True,True,True,gained,shared,shared,shared
3,225,A,0.02,full,True,True,True,True,False,shared,shared,shared,gained
3,226,A,0.02,full,False,True,True,True,False,gained,shared,shared,gained
3,257,B,0.02,full,False,True,True,True,False,gained,shared,shared,gained
3,266,A,0.02,full,True,True,True,True,False,shared,shared,shared,gained
3,281,A,0.02,full,True,True,True,True,True,shared,shared,shared,shared
3,310,B,0.02,full,True,True,True,True,True,shared,shared,shared,shared
3,312,B,0.02,full,False,True,True,True,False,gained,shared,shared,gained
3,317,A,0.02,full,True,True,True,True,True,shared,shared,shared,shared
3,321,B,0.02,full,False,True,True,True,True,gained,shared,shared,shared
3,322,A,0.02,full,True,True,True,True,True,shared,shared,shared,shared
3,338,B,0.02,full,True,True,True,True,True,shared,shared,shared,shared
3,377,A,0.02,full,False,True,True,True,True,gained,shared,shared,shared
3,378,B,0.02,full,False,True,True,True,True,gained,shared,shared,shared
3,381,A,0.02,full,False,True,True,True,False,gained,shared,shared,gained
3,384,A,0.02,full,False,True,True,True,True,gained,shared,shared,shared
3,400,A,0.02,full,False,True,True,True,True,gained,shared,shared,shared
3,401,B,0.02,full,True,True,True,True,True,shared,shared,shared,shared
3,405,A,0.02,full,True,True,True,True,False,shared,shared,shared,gained
3,410,B,0.02,full,True,True,True,True,False,shared,shared,shared,gained
3,418,A,0.02,full,False,True,True,True,True,gained,shared,shared,shared
3,426,A,0.02,full,False,True,True,True,True,gained,shared,shared,shared
3,433,B,0.02,full,False,True,True,True,True,gained,shared,shared,shared
3,444,A,0.02,full,False,True,True,True,True,gained,shared,shared,shared
3,456,B,0.02,full,False,True,True,True,False,gained,shared,shared,gained
3,463,B,0.02,full,False,True,True,True,True,gained,shared,shared,shared
3,478,B,0.02,full,False,True,True,True,False,gained,shared,shared,gained
3,492,B,0.02,full,False,True,True,True,True,gained,shared,shared,shared
4,1,A,0.02,full,True,True,True,True,True,shared,shared,shared,shared
4,2,A,0.02,full,True,True,True,True,True,shared,shared,shared,shared
4,3,B,0.02,full,True,True,True,True,True,shared,shared,shared,shared
4,15,A,0.02,full,True,True,True,True,True,shared,shared,shared,shared
4,23,B,0.02,full,True,True,True,True,True,shared,shared,shared,shared
4,39,A,0.02,full,True,True,True,True,True,shared,shared,shared,shared
4,79,A,0.02,full,True,True,True,True,True,shared,shared,shared,shared
4,82,B,0.02,full,True,True,True,True,True,shared,shared,shared,shared
4,85,B,0.02,full,True,True,True,True,True,shared,shared,shared,shared
4,101,B,0.02,full,True,True,True,True,True,shared,shared,shared,shared
4,113,A,0.02,full,True,True,True,True,True,shared,shared,shared,shared
4,123,B,0.02,full,True,True,True,True,True,shared,shared,shared,shared
4,126,B,0.02,full,True,True,True,True,True,shared,shared,shared,shared
4,130,A,0.02,full,True,True,True,True,True,shared,shared,shared,shared
4,154,A,0.02,full,True,True,True,True,True,shared,shared,shared,shared
4,155,B,0.02,full,True,True,True,True,True,shared,shared,shared,shared
4,168,A,0.02,full,True,True,True,True,True,shared,shared,shared,shared
4,173,B,0.02,full,True,True,True,True,True,shared,shared,shared,shared
4,185,A,0.02,full,True,True,True,True,True,shared,shared,shared,shared
4,196,B,0.02,full,True,True,True,True,True,shared,shared,shared,shared
4,199,A,0.02,full,True,True,True,True,True,shared,shared,shared,shared
4,216,B,0.02,full,True,True,True,True,True,shared,shared,shared,shared
4,218,B,0.02,full,True,True,True,True,True,shared,shared,shared,shared
4,225,A,0.02,full,True,True,True,True,True,shared,shared,shared,shared
4,226,A,0.02,full,True,True,True,True,True,shared,shared,shared,shared
4,257,B,0.02,full,True,True,True,True,True,shared,shared,shared,shared
4,266,A,0.02,full,True,True,True,True,True,shared,shared,shared,shared
4,281,A,0.02,full,True,True,True,True,True,shared,shared,shared,shared
4,310,B,0.02,full,True,True,True,True,True,shared,shared,shared,shared
4,312,B,0.02,full,True,True,True,True,True,shared,shared,shared,shared
4,317,A,0.02,full,True,True,True,True,True,shared,shared,shared,shared
4,321,B,0.02,full,True,True,True,True,True,shared,shared,shared,shared
4,322,A,0.02,full,True,True,True,True,True,shared,shared,shared,shared
4,338,B,0.02,full,True,True,True,True,True,shared,shared,shared,shared
4,377,A,0.02,full,True,True,True,True,True,shared,shared,shared,shared
4,378,B,0.02,full,True,True,True,True,True,shared,shared,shared,shared
4,381,A,0.02,full,True,True,True,True,True,shared,shared,shared,shared
4,384,A,0.02,full,True,True,True,True,True,shared,shared,shared,shared
4,400,A,0.02,full,True,True,True,True,True,shared,shared,shared,shared
4,401,B,0.02,full,True,True,True,True,True,shared,shared,shared,shared
4,405,A,0.02,full,True,True,True,True,True,shared,shared,shared,shared
4,410,B,0.02,full,True,True,True,True,True,shared,shared,shared,shared
4,418,A,0.02,full,True,True,True,True,True,shared,shared,shared,shared
4,426,A,0.02,full,True,True,True,True,True,shared,shared,shared,shared
4,433,B,0.02,full,True,True,True,True,True,shared,shared,shared,shared
4,444,A,0.02,full,True,True,True,True,True,shared,shared,shared,shared
4,456,B,0.02,full,True,True,True,True,True,shared,shared,shared,shared
4,463,B,0.02,full,True,True,True,True,True,shared,shared,shared,shared
4,478,B,0.02,full,True,True,True,True,True,shared,shared,shared,shared
4,492,B,0.02,full,True,True,True,True,True,shared,shared,shared,shared
5,1,A,0.02,full,True,True,True,True,True,shared,shared,shared,shared
5,2,A,0.02,full,True,True,True,True,True,shared,shared,shared,shared
5,3,B,0.02,full,True,True,True,True,True,shared,shared,shared,shared
5,15,A,0.02,full,True,True,True,True,True,shared,shared,shared,shared
5,23,B,0.02,full,True,True,True,True,True,shared,shared,shared,shared
5,39,A,0.02,full,True,True,True,True,True,shared,shared,shared,shared
5,79,A,0.02,full,True,True,True,True,True,shared,shared,shared,shared
5,82,B,0.02,full,True,True,True,True,True,shared,shared,shared,shared
5,85,B,0.02,full,True,True,True,True,True,shared,shared,shared,shared
5,101,B,0.02,full,True,True,True,True,True,shared,shared,shared,shared
5,113,A,0.02,full,True,True,True,True,True,shared,shared,shared,shared
5,123,B,0.02,full,True,True,True,True,True,shared,shared,shared,shared
5,126,B,0.02,full,True,True,True,True,True,shared,shared,shared,shared
5,130,A,0.02,full,True,True,True,True,True,shared,shared,shared,shared
5,154,A,0.02,full,True,True,True,True,True,shared,shared,shared,shared
5,155,B,0.02,full,True,True,True,True,True,shared,shared,shared,shared
5,168,A,0.02,full,True,True,True,True,True,shared,shared,shared,shared
5,173,B,0.02,full,True,True,True,True,True,shared,shared,shared,shared
5,185,A,0.02,full,True,True,True,True,True,shared,shared,shared,shared
5,196,B,0.02,full,True,True,True,True,True,shared,shared,shared,shared
5,199,A,0.02,full,True,True,True,True,True,shared,shared,shared,shared
5,216,B,0.02,full,True,True,True,True,True,shared,shared,shared,shared
5,218,B,0.02,full,True,True,True,True,True,shared,shared,shared,shared
5,225,A,0.02,full,True,True,True,True,True,shared,shared,shared,shared
5,226,A,0.02,full,True,True,True,True,True,shared,shared,shared,shared
5,257,B,0.02,full,True,True,True,True,True,shared,shared,shared,shared
5,266,A,0.02,full,True,True,True,True,True,shared,shared,shared,shared
5,281,A,0.02,full,True,True,True,True,True,shared,shared,shared,shared
5,310,B,0.02,full,True,True,True,True,True,shared,shared,shared,shared
5,312,B,0.02,full,True,True,True,True,True,shared,shared,shared,shared
5,317,A,0.02,full,True,True,True,True,True,shared,shared,shared,shared
5,321,B,0.02,full,True,True,True,True,True,shared,shared,shared,shared
5,322,A,0.02,full,True,True,True,True,True,shared,shared,shared,shared
5,338,B,0.02,full,True,True,True,True,True,shared,shared,shared,shared
5,377,A,0.02,full,True,True,True,True,True,shared,shared,shared,shared
5,378,B,0.02,full,True,True,True,True,True,shared,shared,shared,shared
5,381,A,0.02,full,True,True,True,True,True,shared,shared,shared,shared
5,384,A,0.02,full,True,True,True,True,True,shared,shared,shared,shared
5,400,A,0.02,full,True,True,True,True,True,shared,shared,shared,shared
5,401,B,0.02,full,True,True,True,True,True,shared,shared,shared,shared
5,405,A,0.02,full,True,True,True,True,True,shared,shared,shared,shared
5,410,B,0.02,full,True,True,True,True,True,shared,shared,shared,shared
5,418,A,0.02,full,True,True,True,True,True,shared,shared,shared,shared
5,426,A,0.02,full,True,True,True,True,True,shared,shared,shared,shared
5,433,B,0.02,full,True,True,True,True,True,shared,shared,shared,shared
5,444,A,0.02,full,True,True,True,True,True,shared,shared,shared,shared
5,456,B,0.02,full,True,True,True,True,True,shared,shared,shared,shared
5,463,B,0.02,full,True,True,True,True,True,shared,shared,shared,shared
5,478,B,0.02,full,True,True,True,True,True,shared,shared,shared,shared
5,492,B,0.02,full,True,True,True,True,True,shared,shared,shared,shared
6,1,A,0.02,full,True,True,True,True,True,shared,shared,shared,shared
6,2,A,0.02,full,True,True,True,True,True,shared,shared,shared,shared
6,3,B,0.02,full,True,True,True,True,True,shared,shared,shared,shared
6,15,A,0.02,full,True,True,True,True,True,shared,shared,shared,shared
6,23,B,0.02,full,True,True,True,True,True,shared,shared,shared,shared
6,39,A,0.02,full,True,True,True,True,True,shared,shared,shared,shared
6,79,A,0.02,full,True,True,True,True,True,shared,shared,shared,shared
6,82,B,0.02,full,True,True,True,True,True,shared,shared,shared,shared
6,85,B,0.02,full,True,True,True,True,True,shared,shared,shared,shared
6,101,B,0.02,full,True,True,True,True,True,shared,shared,shared,shared
6,113,A,0.02,full,True,True,True,True,True,shared,shared,shared,shared
6,123,B,0.02,full,True,True,True,True,True,shared,shared,shared,shared
6,126,B,0.02,full,True,True,True,True,True,shared,shared,shared,shared
6,130,A,0.02,full,True,True,True,True,True,shared,shared,shared,shared
6,154,A,0.02,full,True,True,True,True,True,shared,shared,shared,shared
6,155,B,0.02,full,True,True,True,True,True,shared,shared,shared,shared
6,168,A,0.02,full,True,True,True,True,True,shared,shared,shared,shared
6,173,B,0.02,full,True,True,True,True,True,shared,shared,shared,shared
6,185,A,0.02,full,True,True,True,True,True,shared,shared,shared,shared
6,196,B,0.02,full,True,True,True,True,True,shared,shared,shared,shared
6,199,A,0.02,full,True,True,True,True,True,shared,shared,shared,shared
6,216,B,0.02,full,True,True,True,True,True,shared,shared,shared,shared
6,218,B,0.02,full,True,True,True,True,True,shared,shared,shared,shared
6,225,A,0.02,full,True,True,True,True,True,shared,shared,shared,shared
6,226,A,0.02,full,True,True,True,True,True,shared,shared,shared,shared
6,257,B,0.02,full,True,True,True,True,True,shared,shared,shared,shared
6,266,A,0.02,full,True,True,True,True,True,shared,shared,shared,shared
6,281,A,0.02,full,True,True,True,True,True,shared,shared,shared,shared
6,310,B,0.02,full,True,True,True,True,True,shared,shared,shared,shared
6,312,B,0.02,full,True,True,True,True,True,shared,shared,shared,shared
6,317,A,0.02,full,True,True,True,True,True,shared,shared,shared,shared
6,321,B,0.02,full,True,True,True,True,True,shared,shared,shared,shared
6,322,A,0.02,full,True,True,True,True,True,shared,shared,shared,shared
6,338,B,0.02,full,True,True,True,True,True,shared,shared,shared,shared
6,377,A,0.02,full,True,True,True,True,True,shared,shared,shared,shared
6,378,B,0.02,full,True,True,False,True,True,lost,lost,lost,lost
6,381,A,0.02,full,True,True,True,True,True,shared,shared,shared,shared
6,384,A,0.02,full,True,True,True,True,True,shared,shared,shared,shared
6,400,A,0.02,full,True,True,True,True,True,shared,shared,shared,shared
6,401,B,0.02,full,True,True,True,True,True,shared,shared,shared,shared
6,405,A,0.02,full,True,True,True,True,True,shared,shared,shared,shared
6,410,B,0.02,full,True,True,True,True,True,shared,shared,shared,shared
6,418,A,0.02,full,True,True,True,True,True,shared,shared,shared,shared
6,426,A,0.02,full,True,True,True,True,True,shared,shared,shared,shared
6,433,B,0.02,full,True,True,True,True,True,shared,shared,shared,shared
6,444,A,0.02,full,True,True,True,True,True,shared,shared,shared,shared
6,456,B,0.02,full,True,True,True,True,True,shared,shared,shared,shared
6,463,B,0.02,full,True,True,True,True,True,shared,shared,shared,shared
6,478,B,0.02,full,True,True,True,True,True,shared,shared,shared,shared
6,492,B,0.02,full,True,True,True,True,True,shared,shared,shared,shared
7,1,A,0.02,full,True,True,True,True,True,shared,shared,shared,shared
7,2,A,0.02,full,True,True,True,True,True,shared,shared,shared,shared
7,3,B,0.02,full,True,True,True,True,True,shared,shared,shared,shared
7,15,A,0.02,full,True,True,True,True,True,shared,shared,shared,shared
7,23,B,0.02,full,True,True,True,True,True,shared,shared,shared,shared
7,39,A,0.02,full,True,True,True,True,True,shared,shared,shared,shared
7,79,A,0.02,full,True,True,True,True,True,shared,shared,shared,shared
7,82,B,0.02,full,True,True,True,True,True,shared,shared,shared,shared
7,85,B,0.02,full,True,True,True,True,True,shared,shared,shared,shared
7,101,B,0.02,full,True,True,True,True,True,shared,shared,shared,shared
7,113,A,0.02,full,True,True,True,True,True,shared,shared,shared,shared
7,123,B,0.02,full,True,True,True,True,True,shared,shared,shared,shared
7,126,B,0.02,full,True,True,True,True,True,shared,shared,shared,shared
7,130,A,0.02,full,True,True,True,True,True,shared,shared,shared,shared
7,154,A,0.02,full,True,True,True,True,True,shared,shared,shared,shared
7,155,B,0.02,full,True,True,True,True,True,shared,shared,shared,shared
7,168,A,0.02,full,True,True,True,True,True,shared,shared,shared,shared
7,173,B,0.02,full,True,True,True,True,True,shared,shared,shared,shared
7,185,A,0.02,full,True,True,True,True,True,shared,shared,shared,shared
7,196,B,0.02,full,True,True,True,True,True,shared,shared,shared,shared
7,199,A,0.02,full,True,True,True,True,True,shared,shared,shared,shared
7,216,B,0.02,full,True,True,True,True,True,shared,shared,shared,shared
7,218,B,0.02,full,True,True,True,True,True,shared,shared,shared,shared
7,225,A,0.02,full,True,True,True,True,True,shared,shared,shared,shared
7,226,A,0.02,full,True,True,True,True,True,shared,shared,shared,shared
7,257,B,0.02,full,True,True,True,True,True,shared,shared,shared,shared
7,266,A,0.02,full,True,True,True,True,True,shared,shared,shared,shared
7,281,A,0.02,full,True,True,True,True,True,shared,shared,shared,shared
7,310,B,0.02,full,True,True,True,True,True,shared,shared,shared,shared
7,312,B,0.02,full,True,True,True,True,True,shared,shared,shared,shared
7,317,A,0.02,full,True,True,True,True,True,shared,shared,shared,shared
7,321,B,0.02,full,True,True,True,True,True,shared,shared,shared,shared
7,322,A,0.02,full,True,True,True,True,True,shared,shared,shared,shared
7,338,B,0.02,full,True,True,True,True,True,shared,shared,shared,shared
7,377,A,0.02,full,True,True,True,True,True,shared,shared,shared,shared
7,378,B,0.02,full,True,True,False,True,True,lost,lost,lost,lost
7,381,A,0.02,full,True,True,True,True,True,shared,shared,shared,shared
7,384,A,0.02,full,True,True,True,True,True,shared,shared,shared,shared
7,400,A,0.02,full,True,True,True,True,True,shared,shared,shared,shared
7,401,B,0.02,full,True,True,True,True,True,shared,shared,shared,shared
7,405,A,0.02,full,True,True,True,True,True,shared,shared,shared,shared
7,410,B,0.02,full,True,True,True,True,True,shared,shared,shared,shared
7,418,A,0.02,full,True,True,True,True,True,shared,shared,shared,shared
7,426,A,0.02,full,True,True,True,True,True,shared,shared,shared,shared
7,433,B,0.02,full,True,True,True,True,True,shared,shared,shared,shared
7,444,A,0.02,full,True,True,True,True,True,shared,shared,shared,shared
7,456,B,0.02,full,True,True,True,True,True,shared,shared,shared,shared
7,463,B,0.02,full,True,True,True,True,True,shared,shared,shared,shared
7,478,B,0.02,full,True,True,True,True,True,shared,shared,shared,shared
7,492,B,0.02,full,True,True,True,True,True,shared,shared,shared,shared
8,1,A,0.02,full,True,True,True,True,True,shared,shared,shared,shared
8,2,A,0.02,full,True,True,True,True,True,shared,shared,shared,shared
8,3,B,0.02,full,True,True,True,True,True,shared,shared,shared,shared
8,15,A,0.02,full,True,True,True,True,True,shared,shared,shared,shared
8,23,B,0.02,full,True,True,True,True,True,shared,shared,shared,shared
8,39,A,0.02,full,True,True,True,True,True,shared,shared,shared,shared
8,79,A,0.02,full,True,True,True,True,True,shared,shared,shared,shared
8,82,B,0.02,full,True,True,True,True,True,shared,shared,shared,shared
8,85,B,0.02,full,True,True,True,True,True,shared,shared,shared,shared
8,101,B,0.02,full,True,True,True,True,True,shared,shared,shared,shared
8,113,A,0.02,full,True,True,True,True,True,shared,shared,shared,shared
8,123,B,0.02,full,True,True,True,True,True,shared,shared,shared,shared
8,126,B,0.02,full,True,True,True,True,True,shared,shared,shared,shared
8,130,A,0.02,full,True,True,True,True,True,shared,shared,shared,shared
8,154,A,0.02,full,True,True,True,True,True,shared,shared,shared,shared
8,155,B,0.02,full,True,True,True,True,True,shared,shared,shared,shared
8,168,A,0.02,full,True,True,True,True,True,shared,shared,shared,shared
8,173,B,0.02,full,True,True,True,True,True,shared,shared,shared,shared
8,185,A,0.02,full,True,True,True,True,True,shared,shared,shared,shared
8,196,B,0.02,full,True,True,True,True,True,shared,shared,shared,shared
8,199,A,0.02,full,True,True,True,True,True,shared,shared,shared,shared
8,216,B,0.02,full,True,True,True,True,True,shared,shared,shared,shared
8,218,B,0.02,full,True,True,True,True,True,shared,shared,shared,shared
8,225,A,0.02,full,True,True,True,True,True,shared,shared,shared,shared
8,226,A,0.02,full,True,True,True,True,True,shared,shared,shared,shared
8,257,B,0.02,full,True,True,True,True,True,shared,shared,shared,shared
8,266,A,0.02,full,True,True,True,True,True,shared,shared,shared,shared
8,281,A,0.02,full,True,True,True,True,True,shared,shared,shared,shared
8,310,B,0.02,full,True,True,True,True,True,shared,shared,shared,shared
8,312,B,0.02,full,True,True,True,True,True,shared,shared,shared,shared
8,317,A,0.02,full,True,True,True,True,True,shared,shared,shared,shared
8,321,B,0.02,full,True,True,True,True,True,shared,shared,shared,shared
8,322,A,0.02,full,True,True,True,True,True,shared,shared,shared,shared
8,338,B,0.02,full,True,True,True,True,True,shared,shared,shared,shared
8,377,A,0.02,full,True,True,True,True,True,shared,shared,shared,shared
8,378,B,0.02,full,True,True,True,True,True,shared,shared,shared,shared
8,381,A,0.02,full,True,True,True,True,True,shared,shared,shared,shared
8,384,A,0.02,full,True,True,True,True,True,shared,shared,shared,shared
8,400,A,0.02,full,True,True,True,True,True,shared,shared,shared,shared
8,401,B,0.02,full,True,True,True,True,True,shared,shared,shared,shared
8,405,A,0.02,full,True,True,True,True,True,shared,shared,shared,shared
8,410,B,0.02,full,True,True,True,True,True,shared,shared,shared,shared
8,418,A,0.02,full,True,True,True,True,True,shared,shared,shared,shared
8,426,A,0.02,full,True,True,True,True,True,shared,shared,shared,shared
8,433,B,0.02,full,True,True,True,True,True,shared,shared,shared,shared
8,444,A,0.02,full,True,True,True,True,True,shared,shared,shared,shared
8,456,B,0.02,full,True,True,True,True,True,shared,shared,shared,shared
8,463,B,0.02,full,True,True,True,True,True,shared,shared,shared,shared
8,478,B,0.02,full,True,True,True,True,True,shared,shared,shared,shared
8,492,B,0.02,full,True,True,True,True,True,shared,shared,shared,shared
9,1,A,0.02,full,True,True,True,True,True,shared,shared,shared,shared
9,2,A,0.02,full,False,True,True,True,False,gained,shared,shared,gained
9,3,B,0.02,full,False,True,True,True,True,gained,shared,shared,shared
9,15,A,0.02,full,False,True,True,True,False,gained,shared,shared,gained
9,23,B,0.02,full,False,True,True,True,True,gained,shared,shared,shared
9,39,A,0.02,full,False,True,True,True,False,gained,shared,shared,gained
9,79,A,0.02,full,True,True,True,True,True,shared,shared,shared,shared
9,82,B,0.02,full,False,True,True,True,False,gained,shared,shared,gained
9,85,B,0.02,full,False,True,True,True,False,gained,shared,shared,gained
9,101,B,0.02,full,False,True,True,True,True,gained,shared,shared,shared
9,113,A,0.02,full,False,True,True,True,False,gained,shared,shared,gained
9,123,B,0.02,full,True,True,True,True,False,shared,shared,shared,gained
9,126,B,0.02,full,True,True,True,True,True,shared,shared,shared,shared
9,130,A,0.02,full,False,True,True,True,False,gained,shared,shared,gained
9,154,A,0.02,full,True,True,True,True,True,shared,shared,shared,shared
9,155,B,0.02,full,False,True,True,True,True,gained,shared,shared,shared
9,168,A,0.02,full,False,True,True,True,True,gained,shared,shared,shared
9,173,B,0.02,full,False,True,True,True,True,gained,shared,shared,shared
9,185,A,0.02,full,True,True,True,True,True,shared,shared,shared,shared
9,196,B,0.02,full,True,True,True,True,True,shared,shared,shared,shared
9,199,A,0.02,full,True,True,True,True,True,shared,shared,shared,shared
9,216,B,0.02,full,True,True,True,True,True,shared,shared,shared,shared
9,218,B,0.02,full,False,True,True,True,True,gained,shared,shared,shared
9,225,A,0.02,full,True,True,True,True,False,shared,shared,shared,gained
9,226,A,0.02,full,False,True,True,True,False,gained,shared,shared,gained
9,257,B,0.02,full,False,True,True,True,True,gained,shared,shared,shared
9,266,A,0.02,full,True,True,True,True,False,shared,shared,shared,gained
9,281,A,0.02,full,True,True,True,True,True,shared,shared,shared,shared
9,310,B,0.02,full,True,True,True,True,True,shared,shared,shared,shared
9,312,B,0.02,full,False,True,True,True,False,gained,shared,shared,gained
9,317,A,0.02,full,True,True,True,True,True,shared,shared,shared,shared
9,321,B,0.02,full,False,True,True,True,True,gained,shared,shared,shared
9,322,A,0.02,full,True,True,True,True,True,shared,shared,shared,shared
9,338,B,0.02,full,True,True,True,True,True,shared,shared,shared,shared
9,377,A,0.02,full,False,True,True,True,True,gained,shared,shared,shared
9,378,B,0.02,full,False,True,True,True,True,gained,shared,shared,shared
9,381,A,0.02,full,False,True,True,True,False,gained,shared,shared,gained
9,384,A,0.02,full,False,True,True,True,True,gained,shared,shared,shared
9,400,A,0.02,full,False,True,True,True,True,gained,shared,shared,shared
9,401,B,0.02,full,True,True,True,True,True,shared,shared,shared,shared
9,405,A,0.02,full,True,True,True,True,True,shared,shared,shared,shared
9,410,B,0.02,full,True,True,True,True,False,shared,shared,shared,gained
9,418,A,0.02,full,False,True,True,True,True,gained,shared,shared,shared
9,426,A,0.02,full,False,True,True,True,True,gained,shared,shared,shared
9,433,B,0.02,full,False,True,True,True,True,gained,shared,shared,shared
9,444,A,0.02,full,False,True,True,True,False,gained,shared,shared,gained
9,456,B,0.02,full,False,True,True,True,False,gained,shared,shared,gained
9,463,B,0.02,full,False,True,True,True,True,gained,shared,shared,shared
9,478,B,0.02,full,False,True,True,True,False,gained,shared,shared,gained
9,492,B,0.02,full,False,True,True,True,True,gained,shared,shared,shared
10,1,A,0.02,full,True,True,True,True,True,shared,shared,shared,shared
10,2,A,0.02,full,True,True,True,True,True,shared,shared,shared,shared
10,3,B,0.02,full,True,True,True,True,True,shared,shared,shared,shared
10,15,A,0.02,full,True,True,True,True,True,shared,shared,shared,shared
10,23,B,0.02,full,True,True,True,True,True,shared,shared,shared,shared
10,39,A,0.02,full,True,True,True,True,True,shared,shared,shared,shared
10,79,A,0.02,full,True,True,True,True,True,shared,shared,shared,shared
10,82,B,0.02,full,True,True,True,True,True,shared,shared,shared,shared
10,85,B,0.02,full,True,True,True,True,True,shared,shared,shared,shared
10,101,B,0.02,full,True,True,True,True,True,shared,shared,shared,shared
10,113,A,0.02,full,True,True,True,True,True,shared,shared,shared,shared
10,123,B,0.02,full,True,True,True,True,True,shared,shared,shared,shared
10,126,B,0.02,full,True,True,True,True,True,shared,shared,shared,shared
10,130,A,0.02,full,True,True,True,True,True,shared,shared,shared,shared
10,154,A,0.02,full,True,True,True,True,True,shared,shared,shared,shared
10,155,B,0.02,full,True,True,True,True,True,shared,shared,shared,shared
10,168,A,0.02,full,True,True,True,True,True,shared,shared,shared,shared
10,173,B,0.02,full,True,True,True,True,True,shared,shared,shared,shared
10,185,A,0.02,full,True,True,True,True,True,shared,shared,shared,shared
10,196,B,0.02,full,True,True,True,True,True,shared,shared,shared,shared
10,199,A,0.02,full,True,True,True,True,True,shared,shared,shared,shared
10,216,B,0.02,full,True,True,True,True,True,shared,shared,shared,shared
10,218,B,0.02,full,True,True,True,True,True,shared,shared,shared,shared
10,225,A,0.02,full,True,True,True,True,True,shared,shared,shared,shared
10,226,A,0.02,full,True,True,True,True,True,shared,shared,shared,shared
10,257,B,0.02,full,True,True,True,True,True,shared,shared,shared,shared
10,266,A,0.02,full,True,True,True,True,True,shared,shared,shared,shared
10,281,A,0.02,full,True,True,True,True,True,shared,shared,shared,shared
10,310,B,0.02,full,True,True,True,True,True,shared,shared,shared,shared
10,312,B,0.02,full,True,True,True,True,True,shared,shared,shared,shared
10,317,A,0.02,full,True,True,True,True,True,shared,shared,shared,shared
10,321,B,0.02,full,True,True,True,True,True,shared,shared,shared,shared
10,322,A,0.02,full,True,True,True,True,True,shared,shared,shared,shared
10,338,B,0.02,full,True,True,True,True,True,shared,shared,shared,shared
10,377,A,0.02,full,True,True,True,True,True,shared,shared,shared,shared
10,378,B,0.02,full,True,True,True,True,True,shared,shared,shared,shared
10,381,A,0.02,full,True,True,True,True,True,shared,shared,shared,shared
10,384,A,0.02,full,True,True,True,True,True,shared,shared,shared,shared
10,400,A,0.02,full,True,True,True,True,True,shared,shared,shared,shared
10,401,B,0.02,full,True,True,True,True,True,shared,shared,shared,shared
10,405,A,0.02,full,True,True,True,True,True,shared,shared,shared,shared
10,410,B,0.02,full,True,True,True,True,True,shared,shared,shared,shared
10,418,A,0.02,full,True,True,True,True,True,shared,shared,shared,shared
10,426,A,0.02,full,True,True,True,True,True,shared,shared,shared,shared
10,433,B,0.02,full,True,True,True,True,True,shared,shared,shared,shared
10,444,A,0.02,full,True,True,True,True,True,shared,shared,shared,shared
10,456,B,0.02,full,True,True,True,True,True,shared,shared,shared,shared
10,463,B,0.02,full,True,True,True,True,True,shared,shared,shared,shared
10,478,B,0.02,full,True,True,True,True,True,shared,shared,shared,shared
10,492,B,0.02,full,True,True,True,True,True,shared,shared,shared,shared
11,1,A,0.02,full,True,True,True,True,True,shared,shared,shared,shared
11,2,A,0.02,full,True,True,True,True,True,shared,shared,shared,shared
11,3,B,0.02,full,True,True,True,True,True,shared,shared,shared,shared
11,15,A,0.02,full,True,True,True,True,True,shared,shared,shared,shared
11,23,B,0.02,full,True,True,True,True,True,shared,shared,shared,shared
11,39,A,0.02,full,True,True,True,True,True,shared,shared,shared,shared
11,79,A,0.02,full,True,True,True,True,True,shared,shared,shared,shared
11,82,B,0.02,full,True,True,True,True,True,shared,shared,shared,shared
11,85,B,0.02,full,True,True,True,True,True,shared,shared,shared,shared
11,101,B,0.02,full,True,True,True,True,True,shared,shared,shared,shared
11,113,A,0.02,full,True,True,True,True,True,shared,shared,shared,shared
11,123,B,0.02,full,True,True,True,True,True,shared,shared,shared,shared
11,126,B,0.02,full,True,True,True,True,True,shared,shared,shared,shared
11,130,A,0.02,full,True,True,True,True,True,shared,shared,shared,shared
11,154,A,0.02,full,True,True,True,True,True,shared,shared,shared,shared
11,155,B,0.02,full,True,True,True,True,True,shared,shared,shared,shared
11,168,A,0.02,full,True,True,True,True,True,shared,shared,shared,shared
11,173,B,0.02,full,True,True,True,True,True,shared,shared,shared,shared
11,185,A,0.02,full,True,True,True,True,True,shared,shared,shared,shared
11,196,B,0.02,full,True,True,True,True,True,shared,shared,shared,shared
11,199,A,0.02,full,True,True,True,True,True,shared,shared,shared,shared
11,216,B,0.02,full,True,True,True,True,True,shared,shared,shared,shared
11,218,B,0.02,full,True,True,True,True,True,shared,shared,shared,shared
11,225,A,0.02,full,True,True,True,True,True,shared,shared,shared,shared
11,226,A,0.02,full,True,True,True,True,True,shared,shared,shared,shared
11,257,B,0.02,full,True,True,True,True,True,shared,shared,shared,shared
11,266,A,0.02,full,True,True,True,True,True,shared,shared,shared,shared
11,281,A,0.02,full,True,True,True,True,True,shared,shared,shared,shared
11,310,B,0.02,full,True,True,True,True,True,shared,shared,shared,shared
11,312,B,0.02,full,True,True,True,True,True,shared,shared,shared,shared
11,317,A,0.02,full,True,True,True,True,True,shared,shared,shared,shared
11,321,B,0.02,full,True,True,True,True,True,shared,shared,shared,shared
11,322,A,0.02,full,True,True,True,True,True,shared,shared,shared,shared
11,338,B,0.02,full,True,True,True,True,True,shared,shared,shared,shared
11,377,A,0.02,full,True,True,True,True,True,shared,shared,shared,shared
11,378,B,0.02,full,True,True,True,True,True,shared,shared,shared,shared
11,381,A,0.02,full,True,True,True,True,True,shared,shared,shared,shared
11,384,A,0.02,full,True,True,True,True,True,shared,shared,shared,shared
11,400,A,0.02,full,True,True,True,True,True,shared,shared,shared,shared
11,401,B,0.02,full,True,True,True,True,True,shared,shared,shared,shared
11,405,A,0.02,full,True,True,True,True,True,shared,shared,shared,shared
11,410,B,0.02,full,True,True,True,True,True,shared,shared,shared,shared
11,418,A,0.02,full,True,True,True,True,True,shared,shared,shared,shared
11,426,A,0.02,full,True,True,True,True,True,shared,shared,shared,shared
11,433,B,0.02,full,True,True,True,True,True,shared,shared,shared,shared
11,444,A,0.02,full,True,True,True,True,True,shared,shared,shared,shared
11,456,B,0.02,full,True,True,True,True,True,shared,shared,shared,shared
11,463,B,0.02,full,True,True,True,True,True,shared,shared,shared,shared
11,478,B,0.02,full,True,True,True,True,True,shared,shared,shared,shared
11,492,B,0.02,full,True,True,True,True,True,shared,shared,shared,shared
12,1,A,0.02,full,True,True,True,True,True,shared,shared,shared,shared
12,2,A,0.02,full,True,True,True,True,True,shared,shared,shared,shared
12,3,B,0.02,full,True,True,True,True,True,shared,shared,shared,shared
12,15,A,0.02,full,True,True,True,True,True,shared,shared,shared,shared
12,23,B,0.02,full,True,True,True,True,True,shared,shared,shared,shared
12,39,A,0.02,full,True,True,True,True,True,shared,shared,shared,shared
12,79,A,0.02,full,True,True,True,True,True,shared,shared,shared,shared
12,82,B,0.02,full,True,True,True,True,True,shared,shared,shared,shared
12,85,B,0.02,full,True,True,True,True,True,shared,shared,shared,shared
12,101,B,0.02,full,True,True,True,True,True,shared,shared,shared,shared
12,113,A,0.02,full,True,True,True,True,True,shared,shared,shared,shared
12,123,B,0.02,full,True,True,True,True,True,shared,shared,shared,shared
12,126,B,0.02,full,True,True,True,True,True,shared,shared,shared,shared
12,130,A,0.02,full,True,True,True,True,True,shared,shared,shared,shared
12,154,A,0.02,full,True,True,True,True,True,shared,shared,shared,shared
12,155,B,0.02,full,True,True,True,True,True,shared,shared,shared,shared
12,168,A,0.02,full,True,True,True,True,True,shared,shared,shared,shared
12,173,B,0.02,full,True,True,True,True,True,shared,shared,shared,shared
12,185,A,0.02,full,True,True,True,True,True,shared,shared,shared,shared
12,196,B,0.02,full,True,True,True,True,True,shared,shared,shared,shared
12,199,A,0.02,full,True,True,True,True,True,shared,shared,shared,shared
12,216,B,0.02,full,True,True,True,True,True,shared,shared,shared,shared
12,218,B,0.02,full,True,True,True,True,True,shared,shared,shared,shared
12,225,A,0.02,full,True,True,True,True,True,shared,shared,shared,shared
12,226,A,0.02,full,True,True,True,True,True,shared,shared,shared,shared
12,257,B,0.02,full,True,True,True,True,True,shared,shared,shared,shared
12,266,A,0.02,full,True,True,True,True,True,shared,shared,shared,shared
12,281,A,0.02,full,True,True,True,True,True,shared,shared,shared,shared
12,310,B,0.02,full,True,True,True,True,True,shared,shared,shared,shared
12,312,B,0.02,full,True,True,True,True,True,shared,shared,shared,shared
12,317,A,0.02,full,True,True,True,True,True,shared,shared,shared,shared
12,321,B,0.02,full,True,True,True,True,True,shared,shared,shared,shared
12,322,A,0.02,full,True,True,True,True,True,shared,shared,shared,shared
12,338,B,0.02,full,True,True,True,True,True,shared,shared,shared,shared
12,377,A,0.02,full,True,True,True,True,True,shared,shared,shared,shared
12,378,B,0.02,full,True,True,True,True,True,shared,shared,shared,shared
12,381,A,0.02,full,True,True,True,True,True,shared,shared,shared,shared
12,384,A,0.02,full,True,True,True,True,True,shared,shared,shared,shared
12,400,A,0.02,full,True,True,True,True,True,shared,shared,shared,shared
12,401,B,0.02,full,True,True,True,True,True,shared,shared,shared,shared
12,405,A,0.02,full,True,True,True,True,True,shared,shared,shared,shared
12,410,B,0.02,full,True,True,True,True,True,shared,shared,shared,shared
12,418,A,0.02,full,True,True,True,True,True,shared,shared,shared,shared
12,426,A,0.02,full,True,True,True,True,True,shared,shared,shared,shared
12,433,B,0.02,full,True,True,True,True,True,shared,shared,shared,shared
12,444,A,0.02,full,True,True,True,True,True,shared,shared,shared,shared
12,456,B,0.02,full,True,True,True,True,True,shared,shared,shared,shared
12,463,B,0.02,full,True,True,True,True,True,shared,shared,shared,shared
12,478,B,0.02,full,True,True,True,True,True,shared,shared,shared,shared
12,492,B,0.02,full,True,True,True,True,True,shared,shared,shared,shared
13,1,A,0.02,full,True,True,True,True,True,shared,shared,shared,shared
13,2,A,0.02,full,True,True,True,True,True,shared,shared,shared,shared
13,3,B,0.02,full,True,True,True,True,True,shared,shared,shared,shared
13,15,A,0.02,full,True,True,True,True,True,shared,shared,shared,shared
13,23,B,0.02,full,True,True,True,True,True,shared,shared,shared,shared
13,39,A,0.02,full,True,True,True,True,True,shared,shared,shared,shared
13,79,A,0.02,full,True,True,True,True,True,shared,shared,shared,shared
13,82,B,0.02,full,True,True,True,True,True,shared,shared,shared,shared
13,85,B,0.02,full,True,True,True,True,True,shared,shared,shared,shared
13,101,B,0.02,full,True,True,True,True,True,shared,shared,shared,shared
13,113,A,0.02,full,True,True,True,True,True,shared,shared,shared,shared
13,123,B,0.02,full,True,True,True,True,True,shared,shared,shared,shared
13,126,B,0.02,full,True,True,True,True,True,shared,shared,shared,shared
13,130,A,0.02,full,True,True,True,True,True,shared,shared,shared,shared
13,154,A,0.02,full,True,True,True,True,True,shared,shared,shared,shared
13,155,B,0.02,full,True,True,True,True,True,shared,shared,shared,shared
13,168,A,0.02,full,True,True,True,True,True,shared,shared,shared,shared
13,173,B,0.02,full,True,True,True,True,True,shared,shared,shared,shared
13,185,A,0.02,full,True,True,True,True,True,shared,shared,shared,shared
13,196,B,0.02,full,True,True,True,True,True,shared,shared,shared,shared
13,199,A,0.02,full,True,True,True,True,True,shared,shared,shared,shared
13,216,B,0.02,full,True,True,True,True,True,shared,shared,shared,shared
13,218,B,0.02,full,True,True,True,True,True,shared,shared,shared,shared
13,225,A,0.02,full,True,True,True,True,True,shared,shared,shared,shared
13,226,A,0.02,full,True,True,True,True,True,shared,shared,shared,shared
13,257,B,0.02,full,True,True,True,True,True,shared,shared,shared,shared
13,266,A,0.02,full,True,True,True,True,True,shared,shared,shared,shared
13,281,A,0.02,full,True,True,True,True,True,shared,shared,shared,shared
13,310,B,0.02,full,True,True,True,True,True,shared,shared,shared,shared
13,312,B,0.02,full,True,True,True,True,True,shared,shared,shared,shared
13,317,A,0.02,full,True,True,True,True,True,shared,shared,shared,shared
13,321,B,0.02,full,True,True,True,True,True,shared,shared,shared,shared
13,322,A,0.02,full,True,True,True,True,True,shared,shared,shared,shared
13,338,B,0.02,full,True,True,True,True,True,shared,shared,shared,shared
13,377,A,0.02,full,True,True,True,True,True,shared,shared,shared,shared
13,378,B,0.02,full,True,True,True,True,True,shared,shared,shared,shared
13,381,A,0.02,full,True,True,True,True,True,shared,shared,shared,shared
13,384,A,0.02,full,True,True,True,True,True,shared,shared,shared,shared
13,400,A,0.02,full,True,True,True,True,True,shared,shared,shared,shared
13,401,B,0.02,full,True,True,True,True,True,shared,shared,shared,shared
13,405,A,0.02,full,True,True,True,True,True,shared,shared,shared,shared
13,410,B,0.02,full,True,True,True,True,True,shared,shared,shared,shared
13,418,A,0.02,full,True,True,True,True,True,shared,shared,shared,shared
13,426,A,0.02,full,True,True,True,True,True,shared,shared,shared,shared
13,433,B,0.02,full,True,True,True,True,True,shared,shared,shared,shared
13,444,A,0.02,full,True,True,True,True,True,shared,shared,shared,shared
13,456,B,0.02,full,True,True,True,True,True,shared,shared,shared,shared
13,463,B,0.02,full,True,True,True,True,True,shared,shared,shared,shared
13,478,B,0.02,full,True,True,True,True,True,shared,shared,shared,shared
13,492,B,0.02,full,True,True,True,True,True,shared,shared,shared,shared
14,1,A,0.02,full,True,True,True,True,True,shared,shared,shared,shared
14,2,A,0.02,full,True,True,True,True,True,shared,shared,shared,shared
14,3,B,0.02,full,True,True,True,True,True,shared,shared,shared,shared
14,15,A,0.02,full,True,True,True,True,True,shared,shared,shared,shared
14,23,B,0.02,full,True,True,True,True,True,shared,shared,shared,shared
14,39,A,0.02,full,True,True,True,True,True,shared,shared,shared,shared
14,79,A,0.02,full,True,True,True,True,True,shared,shared,shared,shared
14,82,B,0.02,full,True,True,True,True,True,shared,shared,shared,shared
14,85,B,0.02,full,True,True,True,True,True,shared,shared,shared,shared
14,101,B,0.02,full,True,True,True,True,True,shared,shared,shared,shared
14,113,A,0.02,full,True,True,True,True,True,shared,shared,shared,shared
14,123,B,0.02,full,True,True,True,True,True,shared,shared,shared,shared
14,126,B,0.02,full,True,True,True,True,True,shared,shared,shared,shared
14,130,A,0.02,full,True,True,True,True,True,shared,shared,shared,shared
14,154,A,0.02,full,True,True,True,True,True,shared,shared,shared,shared
14,155,B,0.02,full,True,True,True,True,True,shared,shared,shared,shared
14,168,A,0.02,full,True,True,True,True,True,shared,shared,shared,shared
14,173,B,0.02,full,True,True,True,True,True,shared,shared,shared,shared
14,185,A,0.02,full,True,True,True,True,True,shared,shared,shared,shared
14,196,B,0.02,full,True,True,True,True,True,shared,shared,shared,shared
14,199,A,0.02,full,True,True,True,True,True,shared,shared,shared,shared
14,216,B,0.02,full,True,True,True,True,True,shared,shared,shared,shared
14,218,B,0.02,full,True,True,True,True,True,shared,shared,shared,shared
14,225,A,0.02,full,True,True,True,True,True,shared,shared,shared,shared
14,226,A,0.02,full,True,True,True,True,True,shared,shared,shared,shared
14,257,B,0.02,full,True,True,True,True,True,shared,shared,shared,shared
14,266,A,0.02,full,True,True,True,True,True,shared,shared,shared,shared
14,281,A,0.02,full,True,True,True,True,True,shared,shared,shared,shared
14,310,B,0.02,full,True,True,True,True,True,shared,shared,shared,shared
14,312,B,0.02,full,True,True,True,True,True,shared,shared,shared,shared
14,317,A,0.02,full,True,True,True,True,True,shared,shared,shared,shared
14,321,B,0.02,full,True,True,True,True,True,shared,shared,shared,shared
14,322,A,0.02,full,True,True,True,True,True,shared,shared,shared,shared
14,338,B,0.02,full,True,True,True,True,True,shared,shared,shared,shared
14,377,A,0.02,full,True,True,True,True,True,shared,shared,shared,shared
14,378,B,0.02,full,True,True,True,True,True,shared,shared,shared,shared
14,381,A,0.02,full,True,True,True,True,True,shared,shared,shared,shared
14,384,A,0.02,full,True,True,True,True,True,shared,shared,shared,shared
14,400,A,0.02,full,True,True,True,True,True,shared,shared,shared,shared
14,401,B,0.02,full,True,True,True,True,True,shared,shared,shared,shared
14,405,A,0.02,full,True,True,True,True,True,shared,shared,shared,shared
14,410,B,0.02,full,True,True,True,True,True,shared,shared,shared,shared
14,418,A,0.02,full,True,True,True,True,True,shared,shared,shared,shared
14,426,A,0.02,full,True,True,True,True,True,shared,shared,shared,shared
14,433,B,0.02,full,True,True,True,True,True,shared,shared,shared,shared
14,444,A,0.02,full,True,True,True,True,True,shared,shared,shared,shared
14,456,B,0.02,full,True,True,True,True,True,shared,shared,shared,shared
14,463,B,0.02,full,True,True,True,True,True,shared,shared,shared,shared
14,478,B,0.02,full,True,True,True,True,True,shared,shared,shared,shared
14,492,B,0.02,full,True,True,True,True,True,shared,shared,shared,shared
15,1,A,0.02,full,True,False,False,False,True,lost,neither,neither,lost
15,2,A,0.02,full,False,False,False,False,False,neither,neither,neither,neither
15,3,B,0.02,full,True,True,True,False,True,shared,shared,gained,shared
15,15,A,0.02,full,False,False,False,False,False,neither,neither,neither,neither
15,23,B,0.02,full,False,False,True,False,True,gained,gained,gained,shared
15,39,A,0.02,full,False,False,True,False,False,gained,gained,gained,gained
15,79,A,0.02,full,True,True,True,True,True,shared,shared,shared,shared
15,82,B,0.02,full,False,False,True,False,False,gained,gained,gained,gained
15,85,B,0.02,full,False,False,True,False,False,gained,gained,gained,gained
15,101,B,0.02,full,True,False,True,False,True,shared,gained,gained,shared
15,113,A,0.02,full,False,False,False,False,False,neither,neither,neither,neither
15,123,B,0.02,full,True,True,True,True,False,shared,shared,shared,gained
15,126,B,0.02,full,False,False,True,False,True,gained,gained,gained,shared
15,130,A,0.02,full,True,True,False,False,True,lost,lost,neither,lost
15,154,A,0.02,full,True,True,True,True,True,shared,shared,shared,shared
15,155,B,0.02,full,False,False,False,False,True,neither,neither,neither,lost
15,168,A,0.02,full,False,False,True,False,True,gained,gained,gained,shared
15,173,B,0.02,full,True,False,True,False,True,shared,gained,gained,shared
15,185,A,0.02,full,True,True,True,True,True,shared,shared,shared,shared
15,196,B,0.02,full,True,False,True,False,False,shared,gained,gained,gained
15,199,A,0.02,full,True,False,True,False,True,shared,gained,gained,shared
15,216,B,0.02,full,True,False,False,False,True,lost,neither,neither,lost
15,218,B,0.02,full,True,False,True,False,True,shared,gained,gained,shared
15,225,A,0.02,full,True,True,True,True,False,shared,shared,shared,gained
15,226,A,0.02,full,False,True,True,True,False,gained,shared,shared,gained
15,257,B,0.02,full,False,False,True,False,True,gained,gained,gained,shared
15,266,A,0.02,full,True,False,True,False,False,shared,gained,gained,gained
15,281,A,0.02,full,True,True,True,True,True,shared,shared,shared,shared
15,310,B,0.02,full,False,False,True,False,True,gained,gained,gained,shared
15,312,B,0.02,full,True,False,False,False,False,lost,neither,neither,neither
15,317,A,0.02,full,True,False,False,False,True,lost,neither,neither,lost
15,321,B,0.02,full,False,False,True,False,True,gained,gained,gained,shared
15,322,A,0.02,full,True,True,True,True,True,shared,shared,shared,shared
15,338,B,0.02,full,True,False,True,False,True,shared,gained,gained,shared
15,377,A,0.02,full,True,True,True,True,True,shared,shared,shared,shared
15,378,B,0.02,full,False,False,True,False,True,gained,gained,gained,shared
15,381,A,0.02,full,False,False,False,False,False,neither,neither,neither,neither
15,384,A,0.02,full,False,False,True,False,True,gained,gained,gained,shared
15,400,A,0.02,full,False,False,True,False,True,gained,gained,gained,shared
15,401,B,0.02,full,True,True,True,True,True,shared,shared,shared,shared
15,405,A,0.02,full,True,False,False,False,True,lost,neither,neither,lost
15,410,B,0.02,full,True,False,False,False,False,lost,neither,neither,neither
15,418,A,0.02,full,False,False,True,False,True,gained,gained,gained,shared
15,426,A,0.02,full,False,False,True,False,True,gained,gained,gained,shared
15,433,B,0.02,full,True,False,True,False,True,shared,gained,gained,shared
15,444,A,0.02,full,True,False,False,False,True,lost,neither,neither,lost
15,456,B,0.02,full,False,False,True,False,False,gained,gained,gained,gained
15,463,B,0.02,full,False,False,True,False,True,gained,gained,gained,shared
15,478,B,0.02,full,False,False,True,False,True,gained,gained,gained,shared
15,492,B,0.02,full,True,False,True,False,True,shared,gained,gained,shared
16,1,A,0.02,full,True,True,True,True,True,shared,shared,shared,shared
16,2,A,0.02,full,True,True,True,True,True,shared,shared,shared,shared
16,3,B,0.02,full,True,True,True,True,True,shared,shared,shared,shared
16,15,A,0.02,full,True,True,True,True,True,shared,shared,shared,shared
16,23,B,0.02,full,True,True,True,True,True,shared,shared,shared,shared
16,39,A,0.02,full,True,True,True,True,True,shared,shared,shared,shared
16,79,A,0.02,full,True,True,True,True,True,shared,shared,shared,shared
16,82,B,0.02,full,True,True,True,True,True,shared,shared,shared,shared
16,85,B,0.02,full,True,True,True,True,True,shared,shared,shared,shared
16,101,B,0.02,full,True,True,True,True,True,shared,shared,shared,shared
16,113,A,0.02,full,True,True,True,True,True,shared,shared,shared,shared
16,123,B,0.02,full,True,True,True,True,True,shared,shared,shared,shared
16,126,B,0.02,full,True,True,True,True,True,shared,shared,shared,shared
16,130,A,0.02,full,True,True,True,True,True,shared,shared,shared,shared
16,154,A,0.02,full,True,True,True,True,True,shared,shared,shared,shared
16,155,B,0.02,full,True,True,True,True,True,shared,shared,shared,shared
16,168,A,0.02,full,True,True,True,True,True,shared,shared,shared,shared
16,173,B,0.02,full,True,True,True,True,True,shared,shared,shared,shared
16,185,A,0.02,full,True,True,True,True,True,shared,shared,shared,shared
16,196,B,0.02,full,True,True,True,True,True,shared,shared,shared,shared
16,199,A,0.02,full,True,True,True,True,True,shared,shared,shared,shared
16,216,B,0.02,full,True,True,True,True,True,shared,shared,shared,shared
16,218,B,0.02,full,True,True,True,True,True,shared,shared,shared,shared
16,225,A,0.02,full,True,True,True,True,True,shared,shared,shared,shared
16,226,A,0.02,full,True,True,True,True,True,shared,shared,shared,shared
16,257,B,0.02,full,True,True,True,True,True,shared,shared,shared,shared
16,266,A,0.02,full,True,True,True,True,True,shared,shared,shared,shared
16,281,A,0.02,full,True,True,True,True,True,shared,shared,shared,shared
16,310,B,0.02,full,True,True,True,True,True,shared,shared,shared,shared
16,312,B,0.02,full,True,True,True,True,True,shared,shared,shared,shared
16,317,A,0.02,full,True,True,True,True,True,shared,shared,shared,shared
16,321,B,0.02,full,True,True,True,True,True,shared,shared,shared,shared
16,322,A,0.02,full,True,True,True,True,True,shared,shared,shared,shared
16,338,B,0.02,full,True,True,True,True,True,shared,shared,shared,shared
16,377,A,0.02,full,True,True,True,True,True,shared,shared,shared,shared
16,378,B,0.02,full,True,True,True,True,True,shared,shared,shared,shared
16,381,A,0.02,full,True,True,True,True,True,shared,shared,shared,shared
16,384,A,0.02,full,True,True,True,True,True,shared,shared,shared,shared
16,400,A,0.02,full,True,True,True,True,True,shared,shared,shared,shared
16,401,B,0.02,full,True,True,True,True,True,shared,shared,shared,shared
16,405,A,0.02,full,True,True,True,True,True,shared,shared,shared,shared
16,410,B,0.02,full,True,True,True,True,True,shared,shared,shared,shared
16,418,A,0.02,full,True,True,True,True,True,shared,shared,shared,shared
16,426,A,0.02,full,True,True,True,True,True,shared,shared,shared,shared
16,433,B,0.02,full,True,True,True,True,True,shared,shared,shared,shared
16,444,A,0.02,full,True,True,True,True,True,shared,shared,shared,shared
16,456,B,0.02,full,True,True,True,True,True,shared,shared,shared,shared
16,463,B,0.02,full,True,True,True,True,True,shared,shared,shared,shared
16,478,B,0.02,full,True,True,True,True,True,shared,shared,shared,shared
16,492,B,0.02,full,True,True,True,True,True,shared,shared,shared,shared
17,1,A,0.02,full,True,True,True,True,True,shared,shared,shared,shared
17,2,A,0.02,full,True,True,True,True,True,shared,shared,shared,shared
17,3,B,0.02,full,True,True,True,True,True,shared,shared,shared,shared
17,15,A,0.02,full,True,True,True,True,True,shared,shared,shared,shared
17,23,B,0.02,full,True,True,True,True,True,shared,shared,shared,shared
17,39,A,0.02,full,True,True,True,True,True,shared,shared,shared,shared
17,79,A,0.02,full,True,True,True,True,True,shared,shared,shared,shared
17,82,B,0.02,full,True,True,True,True,True,shared,shared,shared,shared
17,85,B,0.02,full,True,True,True,True,True,shared,shared,shared,shared
17,101,B,0.02,full,True,True,True,True,True,shared,shared,shared,shared
17,113,A,0.02,full,True,True,True,True,True,shared,shared,shared,shared
17,123,B,0.02,full,True,True,True,True,True,shared,shared,shared,shared
17,126,B,0.02,full,True,True,True,True,True,shared,shared,shared,shared
17,130,A,0.02,full,True,True,True,True,True,shared,shared,shared,shared
17,154,A,0.02,full,True,True,True,True,True,shared,shared,shared,shared
17,155,B,0.02,full,True,True,True,True,True,shared,shared,shared,shared
17,168,A,0.02,full,True,True,True,True,True,shared,shared,shared,shared
17,173,B,0.02,full,True,True,True,True,True,shared,shared,shared,shared
17,185,A,0.02,full,True,True,True,True,True,shared,shared,shared,shared
17,196,B,0.02,full,True,True,True,True,True,shared,shared,shared,shared
17,199,A,0.02,full,True,True,True,True,True,shared,shared,shared,shared
17,216,B,0.02,full,True,True,True,True,True,shared,shared,shared,shared
17,218,B,0.02,full,True,True,True,True,True,shared,shared,shared,shared
17,225,A,0.02,full,True,True,True,True,True,shared,shared,shared,shared
17,226,A,0.02,full,True,True,True,True,True,shared,shared,shared,shared
17,257,B,0.02,full,True,True,True,True,True,shared,shared,shared,shared
17,266,A,0.02,full,True,True,True,True,True,shared,shared,shared,shared
17,281,A,0.02,full,True,True,True,True,True,shared,shared,shared,shared
17,310,B,0.02,full,True,True,True,True,True,shared,shared,shared,shared
17,312,B,0.02,full,True,True,True,True,True,shared,shared,shared,shared
17,317,A,0.02,full,True,True,True,True,True,shared,shared,shared,shared
17,321,B,0.02,full,True,True,True,True,True,shared,shared,shared,shared
17,322,A,0.02,full,True,True,True,True,True,shared,shared,shared,shared
17,338,B,0.02,full,True,True,True,True,True,shared,shared,shared,shared
17,377,A,0.02,full,True,True,True,True,True,shared,shared,shared,shared
17,378,B,0.02,full,True,True,True,True,True,shared,shared,shared,shared
17,381,A,0.02,full,True,True,True,True,True,shared,shared,shared,shared
17,384,A,0.02,full,True,True,True,True,True,shared,shared,shared,shared
17,400,A,0.02,full,True,True,True,True,True,shared,shared,shared,shared
17,401,B,0.02,full,True,True,True,True,True,shared,shared,shared,shared
17,405,A,0.02,full,True,True,True,True,True,shared,shared,shared,shared
17,410,B,0.02,full,True,True,True,True,True,shared,shared,shared,shared
17,418,A,0.02,full,True,True,True,True,True,shared,shared,shared,shared
17,426,A,0.02,full,True,True,True,True,True,shared,shared,shared,shared
17,433,B,0.02,full,True,True,True,True,True,shared,shared,shared,shared
17,444,A,0.02,full,True,True,True,True,True,shared,shared,shared,shared
17,456,B,0.02,full,True,True,True,True,True,shared,shared,shared,shared
17,463,B,0.02,full,True,True,True,True,True,shared,shared,shared,shared
17,478,B,0.02,full,True,True,True,True,True,shared,shared,shared,shared
17,492,B,0.02,full,True,True,True,True,True,shared,shared,shared,shared
18,1,A,0.02,full,True,True,True,True,True,shared,shared,shared,shared
18,2,A,0.02,full,True,True,True,True,True,shared,shared,shared,shared
18,3,B,0.02,full,True,True,True,True,True,shared,shared,shared,shared
18,15,A,0.02,full,True,True,True,True,True,shared,shared,shared,shared
18,23,B,0.02,full,True,True,True,True,True,shared,shared,shared,shared
18,39,A,0.02,full,True,True,True,True,True,shared,shared,shared,shared
18,79,A,0.02,full,True,True,True,True,True,shared,shared,shared,shared
18,82,B,0.02,full,True,True,True,True,True,shared,shared,shared,shared
18,85,B,0.02,full,True,True,True,True,True,shared,shared,shared,shared
18,101,B,0.02,full,True,True,True,True,True,shared,shared,shared,shared
18,113,A,0.02,full,True,True,True,True,True,shared,shared,shared,shared
18,123,B,0.02,full,True,True,True,True,True,shared,shared,shared,shared
18,126,B,0.02,full,True,True,True,True,True,shared,shared,shared,shared
18,130,A,0.02,full,True,True,True,True,True,shared,shared,shared,shared
18,154,A,0.02,full,True,True,True,True,True,shared,shared,shared,shared
18,155,B,0.02,full,True,True,True,True,True,shared,shared,shared,shared
18,168,A,0.02,full,True,True,True,True,True,shared,shared,shared,shared
18,173,B,0.02,full,True,True,True,True,True,shared,shared,shared,shared
18,185,A,0.02,full,True,True,True,True,True,shared,shared,shared,shared
18,196,B,0.02,full,True,True,True,True,True,shared,shared,shared,shared
18,199,A,0.02,full,True,True,True,True,True,shared,shared,shared,shared
18,216,B,0.02,full,True,True,True,True,True,shared,shared,shared,shared
18,218,B,0.02,full,True,True,True,True,True,shared,shared,shared,shared
18,225,A,0.02,full,True,True,True,True,True,shared,shared,shared,shared
18,226,A,0.02,full,True,True,True,True,True,shared,shared,shared,shared
18,257,B,0.02,full,True,True,True,True,True,shared,shared,shared,shared
18,266,A,0.02,full,True,True,True,True,True,shared,shared,shared,shared
18,281,A,0.02,full,True,True,True,True,True,shared,shared,shared,shared
18,310,B,0.02,full,True,True,True,True,True,shared,shared,shared,shared
18,312,B,0.02,full,True,True,True,True,True,shared,shared,shared,shared
18,317,A,0.02,full,True,True,True,True,True,shared,shared,shared,shared
18,321,B,0.02,full,True,True,True,True,True,shared,shared,shared,shared
18,322,A,0.02,full,True,True,True,True,True,shared,shared,shared,shared
18,338,B,0.02,full,True,True,True,True,True,shared,shared,shared,shared
18,377,A,0.02,full,True,True,True,True,True,shared,shared,shared,shared
18,378,B,0.02,full,True,True,True,True,True,shared,shared,shared,shared
18,381,A,0.02,full,True,True,True,True,True,shared,shared,shared,shared
18,384,A,0.02,full,True,True,True,True,True,shared,shared,shared,shared
18,400,A,0.02,full,True,True,True,True,True,shared,shared,shared,shared
18,401,B,0.02,full,True,True,True,True,True,shared,shared,shared,shared
18,405,A,0.02,full,True,True,True,True,True,shared,shared,shared,shared
18,410,B,0.02,full,True,True,True,True,True,shared,shared,shared,shared
18,418,A,0.02,full,True,True,True,True,True,shared,shared,shared,shared
18,426,A,0.02,full,True,True,True,True,True,shared,shared,shared,shared
18,433,B,0.02,full,True,True,True,True,True,shared,shared,shared,shared
18,444,A,0.02,full,True,True,True,True,True,shared,shared,shared,shared
18,456,B,0.02,full,True,True,True,True,True,shared,shared,shared,shared
18,463,B,0.02,full,True,True,True,True,True,shared,shared,shared,shared
18,478,B,0.02,full,True,True,True,True,True,shared,shared,shared,shared
18,492,B,0.02,full,True,True,True,True,True,shared,shared,shared,shared
19,1,A,0.02,full,True,True,True,True,True,shared,shared,shared,shared
19,2,A,0.02,full,True,True,True,True,True,shared,shared,shared,shared
19,3,B,0.02,full,True,True,True,True,True,shared,shared,shared,shared
19,15,A,0.02,full,True,True,True,True,True,shared,shared,shared,shared
19,23,B,0.02,full,True,True,True,True,True,shared,shared,shared,shared
19,39,A,0.02,full,True,True,True,True,True,shared,shared,shared,shared
19,79,A,0.02,full,True,True,True,True,True,shared,shared,shared,shared
19,82,B,0.02,full,True,True,True,True,True,shared,shared,shared,shared
19,85,B,0.02,full,True,True,True,True,True,shared,shared,shared,shared
19,101,B,0.02,full,True,True,True,True,True,shared,shared,shared,shared
19,113,A,0.02,full,True,True,True,True,True,shared,shared,shared,shared
19,123,B,0.02,full,True,True,True,True,True,shared,shared,shared,shared
19,126,B,0.02,full,True,True,True,True,True,shared,shared,shared,shared
19,130,A,0.02,full,True,True,True,True,True,shared,shared,shared,shared
19,154,A,0.02,full,True,True,True,True,True,shared,shared,shared,shared
19,155,B,0.02,full,True,True,True,True,True,shared,shared,shared,shared
19,168,A,0.02,full,True,True,True,True,True,shared,shared,shared,shared
19,173,B,0.02,full,True,True,True,True,True,shared,shared,shared,shared
19,185,A,0.02,full,True,True,True,True,True,shared,shared,shared,shared
19,196,B,0.02,full,True,True,True,True,True,shared,shared,shared,shared
19,199,A,0.02,full,True,True,True,True,True,shared,shared,shared,shared
19,216,B,0.02,full,True,True,True,True,True,shared,shared,shared,shared
19,218,B,0.02,full,True,True,True,True,True,shared,shared,shared,shared
19,225,A,0.02,full,True,True,True,True,True,shared,shared,shared,shared
19,226,A,0.02,full,True,True,True,True,True,shared,shared,shared,shared
19,257,B,0.02,full,True,True,True,True,True,shared,shared,shared,shared
19,266,A,0.02,full,True,True,True,True,True,shared,shared,shared,shared
19,281,A,0.02,full,True,True,True,True,True,shared,shared,shared,shared
19,310,B,0.02,full,True,True,True,True,True,shared,shared,shared,shared
19,312,B,0.02,full,True,True,True,True,True,shared,shared,shared,shared
19,317,A,0.02,full,True,True,True,True,True,shared,shared,shared,shared
19,321,B,0.02,full,True,True,True,True,True,shared,shared,shared,shared
19,322,A,0.02,full,True,True,True,True,True,shared,shared,shared,shared
19,338,B,0.02,full,True,True,True,True,True,shared,shared,shared,shared
19,377,A,0.02,full,True,True,True,True,True,shared,shared,shared,shared
19,378,B,0.02,full,True,True,True,True,True,shared,shared,shared,shared
19,381,A,0.02,full,True,True,True,True,True,shared,shared,shared,shared
19,384,A,0.02,full,True,True,True,True,True,shared,shared,shared,shared
19,400,A,0.02,full,True,True,True,True,True,shared,shared,shared,shared
19,401,B,0.02,full,True,True,True,True,True,shared,shared,shared,shared
19,405,A,0.02,full,True,True,True,True,True,shared,shared,shared,shared
19,410,B,0.02,full,True,True,True,True,True,shared,shared,shared,shared
19,418,A,0.02,full,True,True,True,True,True,shared,shared,shared,shared
19,426,A,0.02,full,True,True,True,True,True,shared,shared,shared,shared
19,433,B,0.02,full,True,True,True,True,True,shared,shared,shared,shared
19,444,A,0.02,full,True,True,True,True,True,shared,shared,shared,shared
19,456,B,0.02,full,True,True,True,True,True,shared,shared,shared,shared
19,463,B,0.02,full,True,True,True,True,True,shared,shared,shared,shared
19,478,B,0.02,full,True,True,True,True,True,shared,shared,shared,shared
19,492,B,0.02,full,True,True,True,True,True,shared,shared,shared,shared
20,1,A,0.02,full,True,True,True,True,True,shared,shared,shared,shared
20,2,A,0.02,full,True,True,True,True,True,shared,shared,shared,shared
20,3,B,0.02,full,True,True,True,True,True,shared,shared,shared,shared
20,15,A,0.02,full,True,True,True,True,True,shared,shared,shared,shared
20,23,B,0.02,full,True,True,True,True,True,shared,shared,shared,shared
20,39,A,0.02,full,True,True,True,True,True,shared,shared,shared,shared
20,79,A,0.02,full,True,True,True,True,True,shared,shared,shared,shared
20,82,B,0.02,full,True,True,True,True,True,shared,shared,shared,shared
20,85,B,0.02,full,True,True,True,True,True,shared,shared,shared,shared
20,101,B,0.02,full,True,True,True,True,True,shared,shared,shared,shared
20,113,A,0.02,full,True,True,True,True,True,shared,shared,shared,shared
20,123,B,0.02,full,True,True,True,True,True,shared,shared,shared,shared
20,126,B,0.02,full,True,True,True,True,True,shared,shared,shared,shared
20,130,A,0.02,full,True,True,True,True,True,shared,shared,shared,shared
20,154,A,0.02,full,True,True,True,True,True,shared,shared,shared,shared
20,155,B,0.02,full,True,True,True,True,True,shared,shared,shared,shared
20,168,A,0.02,full,True,True,True,True,True,shared,shared,shared,shared
20,173,B,0.02,full,True,True,True,True,True,shared,shared,shared,shared
20,185,A,0.02,full,True,True,True,True,True,shared,shared,shared,shared
20,196,B,0.02,full,True,True,True,True,True,shared,shared,shared,shared
20,199,A,0.02,full,True,True,True,True,True,shared,shared,shared,shared
20,216,B,0.02,full,True,True,True,True,True,shared,shared,shared,shared
20,218,B,0.02,full,True,True,True,True,True,shared,shared,shared,shared
20,225,A,0.02,full,True,True,True,True,True,shared,shared,shared,shared
20,226,A,0.02,full,True,True,True,True,True,shared,shared,shared,shared
20,257,B,0.02,full,True,True,True,True,True,shared,shared,shared,shared
20,266,A,0.02,full,True,True,True,True,True,shared,shared,shared,shared
20,281,A,0.02,full,True,True,True,True,True,shared,shared,shared,shared
20,310,B,0.02,full,True,True,True,True,True,shared,shared,shared,shared
20,312,B,0.02,full,True,True,True,True,True,shared,shared,shared,shared
20,317,A,0.02,full,True,True,True,True,True,shared,shared,shared,shared
20,321,B,0.02,full,True,True,True,True,True,shared,shared,shared,shared
20,322,A,0.02,full,True,True,True,True,True,shared,shared,shared,shared
20,338,B,0.02,full,True,True,True,True,True,shared,shared,shared,shared
20,377,A,0.02,full,True,True,True,True,True,shared,shared,shared,shared
20,378,B,0.02,full,True,True,True,True,True,shared,shared,shared,shared
20,381,A,0.02,full,True,True,True,True,True,shared,shared,shared,shared
20,384,A,0.02,full,True,True,True,True,True,shared,shared,shared,shared
20,400,A,0.02,full,True,True,True,True,True,shared,shared,shared,shared
20,401,B,0.02,full,True,True,True,True,True,shared,shared,shared,shared
20,405,A,0.02,full,True,True,True,True,True,shared,shared,shared,shared
20,410,B,0.02,full,True,True,True,True,True,shared,shared,shared,shared
20,418,A,0.02,full,True,True,True,True,True,shared,shared,shared,shared
20,426,A,0.02,full,True,True,True,True,True,shared,shared,shared,shared
20,433,B,0.02,full,True,True,True,True,True,shared,shared,shared,shared
20,444,A,0.02,full,True,True,True,True,True,shared,shared,shared,shared
20,456,B,0.02,full,True,True,True,True,True,shared,shared,shared,shared
20,463,B,0.02,full,True,True,True,True,True,shared,shared,shared,shared
20,478,B,0.02,full,True,True,True,True,True,shared,shared,shared,shared
20,492,B,0.02,full,True,True,True,True,True,shared,shared,shared,shared
1,1,A,0.02,early,True,True,True,True,True,shared,shared,shared,shared
1,2,A,0.02,early,True,True,True,True,True,shared,shared,shared,shared
1,3,B,0.02,early,True,True,True,True,True,shared,shared,shared,shared
1,15,A,0.02,early,True,True,True,True,True,shared,shared,shared,shared
1,23,B,0.02,early,True,True,True,True,True,shared,shared,shared,shared
1,39,A,0.02,early,True,True,True,True,True,shared,shared,shared,shared
1,79,A,0.02,early,True,True,True,True,True,shared,shared,shared,shared
1,82,B,0.02,early,True,True,True,True,True,shared,shared,shared,shared
1,85,B,0.02,early,True,True,True,True,True,shared,shared,shared,shared
1,101,B,0.02,early,True,True,True,True,True,shared,shared,shared,shared
1,113,A,0.02,early,True,True,True,True,True,shared,shared,shared,shared
1,123,B,0.02,early,True,True,True,True,True,shared,shared,shared,shared
1,126,B,0.02,early,True,True,True,True,True,shared,shared,shared,shared
1,130,A,0.02,early,True,True,True,True,True,shared,shared,shared,shared
1,154,A,0.02,early,True,True,True,True,True,shared,shared,shared,shared
1,155,B,0.02,early,True,True,True,True,True,shared,shared,shared,shared
1,168,A,0.02,early,True,True,True,True,True,shared,shared,shared,shared
1,173,B,0.02,early,True,True,True,True,True,shared,shared,shared,shared
1,185,A,0.02,early,True,True,True,True,True,shared,shared,shared,shared
1,196,B,0.02,early,True,True,True,True,True,shared,shared,shared,shared
1,199,A,0.02,early,True,True,True,True,True,shared,shared,shared,shared
1,216,B,0.02,early,True,True,True,True,True,shared,shared,shared,shared
1,218,B,0.02,early,True,True,True,True,True,shared,shared,shared,shared
1,225,A,0.02,early,True,True,True,True,True,shared,shared,shared,shared
1,226,A,0.02,early,True,True,True,True,True,shared,shared,shared,shared
1,257,B,0.02,early,True,True,True,True,True,shared,shared,shared,shared
1,266,A,0.02,early,True,True,True,True,True,shared,shared,shared,shared
1,281,A,0.02,early,True,True,True,True,True,shared,shared,shared,shared
1,310,B,0.02,early,True,True,True,True,True,shared,shared,shared,shared
1,312,B,0.02,early,True,True,True,True,True,shared,shared,shared,shared
1,317,A,0.02,early,True,True,True,True,True,shared,shared,shared,shared
1,321,B,0.02,early,True,True,True,True,True,shared,shared,shared,shared
1,322,A,0.02,early,True,True,True,True,True,shared,shared,shared,shared
1,338,B,0.02,early,True,True,True,True,True,shared,shared,shared,shared
1,377,A,0.02,early,True,True,True,True,True,shared,shared,shared,shared
1,378,B,0.02,early,True,True,True,True,True,shared,shared,shared,shared
1,381,A,0.02,early,True,True,True,True,True,shared,shared,shared,shared
1,384,A,0.02,early,True,True,True,True,True,shared,shared,shared,shared
1,400,A,0.02,early,True,True,True,True,True,shared,shared,shared,shared
1,401,B,0.02,early,True,True,True,True,True,shared,shared,shared,shared
1,405,A,0.02,early,True,True,True,True,True,shared,shared,shared,shared
1,410,B,0.02,early,True,True,True,True,True,shared,shared,shared,shared
1,418,A,0.02,early,True,True,True,True,True,shared,shared,shared,shared
1,426,A,0.02,early,True,True,True,True,True,shared,shared,shared,shared
1,433,B,0.02,early,True,True,True,True,True,shared,shared,shared,shared
1,444,A,0.02,early,True,True,True,True,True,shared,shared,shared,shared
1,456,B,0.02,early,True,True,True,True,True,shared,shared,shared,shared
1,463,B,0.02,early,True,True,True,True,True,shared,shared,shared,shared
1,478,B,0.02,early,True,True,True,True,True,shared,shared,shared,shared
1,492,B,0.02,early,True,True,True,True,True,shared,shared,shared,shared
2,1,A,0.02,early,True,True,True,True,True,shared,shared,shared,shared
2,2,A,0.02,early,True,True,True,True,True,shared,shared,shared,shared
2,3,B,0.02,early,True,True,True,True,True,shared,shared,shared,shared
2,15,A,0.02,early,True,True,True,True,True,shared,shared,shared,shared
2,23,B,0.02,early,True,True,True,True,True,shared,shared,shared,shared
2,39,A,0.02,early,True,True,True,True,True,shared,shared,shared,shared
2,79,A,0.02,early,True,True,True,True,True,shared,shared,shared,shared
2,82,B,0.02,early,True,True,True,True,True,shared,shared,shared,shared
2,85,B,0.02,early,True,True,True,True,True,shared,shared,shared,shared
2,101,B,0.02,early,True,True,True,True,True,shared,shared,shared,shared
2,113,A,0.02,early,True,True,True,True,True,shared,shared,shared,shared
2,123,B,0.02,early,True,True,True,True,True,shared,shared,shared,shared
2,126,B,0.02,early,True,True,True,True,True,shared,shared,shared,shared
2,130,A,0.02,early,True,True,True,True,True,shared,shared,shared,shared
2,154,A,0.02,early,True,True,True,True,True,shared,shared,shared,shared
2,155,B,0.02,early,True,True,True,True,True,shared,shared,shared,shared
2,168,A,0.02,early,True,True,True,True,True,shared,shared,shared,shared
2,173,B,0.02,early,True,True,True,True,True,shared,shared,shared,shared
2,185,A,0.02,early,True,True,True,True,True,shared,shared,shared,shared
2,196,B,0.02,early,True,True,True,True,True,shared,shared,shared,shared
2,199,A,0.02,early,True,True,True,True,True,shared,shared,shared,shared
2,216,B,0.02,early,True,True,True,True,True,shared,shared,shared,shared
2,218,B,0.02,early,True,True,True,True,True,shared,shared,shared,shared
2,225,A,0.02,early,True,True,True,True,True,shared,shared,shared,shared
2,226,A,0.02,early,True,True,True,True,True,shared,shared,shared,shared
2,257,B,0.02,early,True,True,True,True,True,shared,shared,shared,shared
2,266,A,0.02,early,True,True,True,True,True,shared,shared,shared,shared
2,281,A,0.02,early,True,True,True,True,True,shared,shared,shared,shared
2,310,B,0.02,early,True,True,True,True,True,shared,shared,shared,shared
2,312,B,0.02,early,True,True,True,True,True,shared,shared,shared,shared
2,317,A,0.02,early,True,True,True,True,True,shared,shared,shared,shared
2,321,B,0.02,early,True,True,True,True,True,shared,shared,shared,shared
2,322,A,0.02,early,True,True,True,True,True,shared,shared,shared,shared
2,338,B,0.02,early,True,True,True,True,True,shared,shared,shared,shared
2,377,A,0.02,early,True,True,True,True,True,shared,shared,shared,shared
2,378,B,0.02,early,True,True,True,True,True,shared,shared,shared,shared
2,381,A,0.02,early,True,True,True,True,True,shared,shared,shared,shared
2,384,A,0.02,early,True,True,True,True,True,shared,shared,shared,shared
2,400,A,0.02,early,True,True,True,True,True,shared,shared,shared,shared
2,401,B,0.02,early,True,True,True,True,True,shared,shared,shared,shared
2,405,A,0.02,early,True,True,True,True,True,shared,shared,shared,shared
2,410,B,0.02,early,True,True,True,True,True,shared,shared,shared,shared
2,418,A,0.02,early,True,True,True,True,True,shared,shared,shared,shared
2,426,A,0.02,early,True,True,True,True,True,shared,shared,shared,shared
2,433,B,0.02,early,True,True,True,True,True,shared,shared,shared,shared
2,444,A,0.02,early,True,True,True,True,True,shared,shared,shared,shared
2,456,B,0.02,early,True,True,True,True,True,shared,shared,shared,shared
2,463,B,0.02,early,True,True,True,True,True,shared,shared,shared,shared
2,478,B,0.02,early,True,True,True,True,True,shared,shared,shared,shared
2,492,B,0.02,early,True,True,True,True,True,shared,shared,shared,shared
3,1,A,0.02,early,False,False,False,False,True,neither,neither,neither,lost
3,2,A,0.02,early,False,False,False,False,False,neither,neither,neither,neither
3,3,B,0.02,early,False,False,False,False,True,neither,neither,neither,lost
3,15,A,0.02,early,False,False,False,False,False,neither,neither,neither,neither
3,23,B,0.02,early,False,False,False,False,False,neither,neither,neither,neither
3,39,A,0.02,early,False,False,False,False,False,neither,neither,neither,neither
3,79,A,0.02,early,False,True,True,True,True,gained,shared,shared,shared
3,82,B,0.02,early,False,False,True,False,False,gained,gained,gained,gained
3,85,B,0.02,early,False,False,True,False,False,gained,gained,gained,gained
3,101,B,0.02,early,False,False,False,False,False,neither,neither,neither,neither
3,113,A,0.02,early,False,False,False,False,False,neither,neither,neither,neither
3,123,B,0.02,early,False,False,False,False,False,neither,neither,neither,neither
3,126,B,0.02,early,False,False,False,False,False,neither,neither,neither,neither
3,130,A,0.02,early,False,False,False,False,False,neither,neither,neither,neither
3,154,A,0.02,early,True,False,True,False,False,shared,gained,gained,gained
3,155,B,0.02,early,False,True,False,True,False,neither,lost,lost,neither
3,168,A,0.02,early,False,False,False,False,False,neither,neither,neither,neither
3,173,B,0.02,early,False,False,False,False,True,neither,neither,neither,lost
3,185,A,0.02,early,True,True,True,True,False,shared,shared,shared,gained
3,196,B,0.02,early,False,False,True,False,False,gained,gained,gained,gained
3,199,A,0.02,early,True,False,True,True,False,shared,gained,shared,gained
3,216,B,0.02,early,False,False,False,False,False,neither,neither,neither,neither
3,218,B,0.02,early,False,False,False,False,False,neither,neither,neither,neither
3,225,A,0.02,early,False,True,False,True,False,neither,lost,lost,neither
3,226,A,0.02,early,False,False,False,False,False,neither,neither,neither,neither
3,257,B,0.02,early,False,False,False,False,False,neither,neither,neither,neither
3,266,A,0.02,early,False,False,False,False,False,neither,neither,neither,neither
3,281,A,0.02,early,False,True,False,True,True,neither,lost,lost,lost
3,310,B,0.02,early,False,False,True,False,False,gained,gained,gained,gained
3,312,B,0.02,early,False,False,False,False,False,neither,neither,neither,neither
3,317,A,0.02,early,False,True,True,True,False,gained,shared,shared,gained
3,321,B,0.02,early,False,False,False,False,False,neither,neither,neither,neither
3,322,A,0.02,early,False,False,False,False,False,neither,neither,neither,neither
3,338,B,0.02,early,False,False,False,False,False,neither,neither,neither,neither
3,377,A,0.02,early,False,False,False,False,False,neither,neither,neither,neither
3,378,B,0.02,early,False,False,True,False,False,gained,gained,gained,gained
3,381,A,0.02,early,False,False,False,False,False,neither,neither,neither,neither
3,384,A,0.02,early,False,False,False,False,False,neither,neither,neither,neither
3,400,A,0.02,early,False,False,False,False,True,neither,neither,neither,lost
3,401,B,0.02,early,True,True,False,True,False,lost,lost,lost,neither
3,405,A,0.02,early,False,True,False,True,False,neither,lost,lost,neither
3,410,B,0.02,early,False,False,False,False,False,neither,neither,neither,neither
3,418,A,0.02,early,False,False,True,False,False,gained,gained,gained,gained
3,426,A,0.02,early,False,True,False,True,True,neither,lost,lost,lost
3,433,B,0.02,early,False,False,False,False,False,neither,neither,neither,neither
3,444,A,0.02,early,False,False,False,False,False,neither,neither,neither,neither
3,456,B,0.02,early,False,False,False,False,False,neither,neither,neither,neither
3,463,B,0.02,early,False,False,False,False,False,neither,neither,neither,neither
3,478,B,0.02,early,False,False,False,False,False,neither,neither,neither,neither
3,492,B,0.02,early,False,False,False,True,False,neither,neither,lost,neither
4,1,A,0.02,early,True,True,True,True,True,shared,shared,shared,shared
4,2,A,0.02,early,True,True,True,True,True,shared,shared,shared,shared
4,3,B,0.02,early,True,True,True,True,True,shared,shared,shared,shared
4,15,A,0.02,early,True,True,True,True,True,shared,shared,shared,shared
4,23,B,0.02,early,True,True,True,True,True,shared,shared,shared,shared
4,39,A,0.02,early,True,True,True,True,True,shared,shared,shared,shared
4,79,A,0.02,early,True,True,True,True,True,shared,shared,shared,shared
4,82,B,0.02,early,True,True,True,True,True,shared,shared,shared,shared
4,85,B,0.02,early,True,True,True,True,True,shared,shared,shared,shared
4,101,B,0.02,early,True,True,True,True,True,shared,shared,shared,shared
4,113,A,0.02,early,True,True,True,True,True,shared,shared,shared,shared
4,123,B,0.02,early,True,True,True,True,True,shared,shared,shared,shared
4,126,B,0.02,early,True,True,True,True,True,shared,shared,shared,shared
4,130,A,0.02,early,True,True,True,True,True,shared,shared,shared,shared
4,154,A,0.02,early,True,True,True,True,True,shared,shared,shared,shared
4,155,B,0.02,early,True,True,True,True,True,shared,shared,shared,shared
4,168,A,0.02,early,True,True,True,True,True,shared,shared,shared,shared
4,173,B,0.02,early,True,True,True,True,True,shared,shared,shared,shared
4,185,A,0.02,early,True,True,True,True,True,shared,shared,shared,shared
4,196,B,0.02,early,True,True,True,True,True,shared,shared,shared,shared
4,199,A,0.02,early,True,True,True,True,True,shared,shared,shared,shared
4,216,B,0.02,early,True,True,True,True,True,shared,shared,shared,shared
4,218,B,0.02,early,True,True,True,True,True,shared,shared,shared,shared
4,225,A,0.02,early,True,True,True,True,True,shared,shared,shared,shared
4,226,A,0.02,early,True,True,True,True,True,shared,shared,shared,shared
4,257,B,0.02,early,True,True,True,True,True,shared,shared,shared,shared
4,266,A,0.02,early,True,True,True,True,True,shared,shared,shared,shared
4,281,A,0.02,early,True,True,True,True,True,shared,shared,shared,shared
4,310,B,0.02,early,True,True,True,True,True,shared,shared,shared,shared
4,312,B,0.02,early,True,True,True,True,True,shared,shared,shared,shared
4,317,A,0.02,early,True,True,True,True,True,shared,shared,shared,shared
4,321,B,0.02,early,True,True,True,True,True,shared,shared,shared,shared
4,322,A,0.02,early,True,True,True,True,True,shared,shared,shared,shared
4,338,B,0.02,early,True,True,True,True,True,shared,shared,shared,shared
4,377,A,0.02,early,True,True,True,True,True,shared,shared,shared,shared
4,378,B,0.02,early,True,True,True,True,True,shared,shared,shared,shared
4,381,A,0.02,early,True,True,True,True,True,shared,shared,shared,shared
4,384,A,0.02,early,True,True,True,True,True,shared,shared,shared,shared
4,400,A,0.02,early,True,True,True,True,True,shared,shared,shared,shared
4,401,B,0.02,early,True,True,True,True,True,shared,shared,shared,shared
4,405,A,0.02,early,True,True,True,True,True,shared,shared,shared,shared
4,410,B,0.02,early,True,True,True,True,True,shared,shared,shared,shared
4,418,A,0.02,early,True,True,True,True,True,shared,shared,shared,shared
4,426,A,0.02,early,True,True,True,True,True,shared,shared,shared,shared
4,433,B,0.02,early,True,True,True,True,True,shared,shared,shared,shared
4,444,A,0.02,early,True,True,True,True,True,shared,shared,shared,shared
4,456,B,0.02,early,True,True,True,True,True,shared,shared,shared,shared
4,463,B,0.02,early,True,True,True,True,True,shared,shared,shared,shared
4,478,B,0.02,early,True,True,True,True,True,shared,shared,shared,shared
4,492,B,0.02,early,True,True,True,True,True,shared,shared,shared,shared
5,1,A,0.02,early,True,True,True,True,True,shared,shared,shared,shared
5,2,A,0.02,early,True,True,True,True,True,shared,shared,shared,shared
5,3,B,0.02,early,True,True,True,True,True,shared,shared,shared,shared
5,15,A,0.02,early,True,True,True,True,True,shared,shared,shared,shared
5,23,B,0.02,early,True,True,True,True,True,shared,shared,shared,shared
5,39,A,0.02,early,True,True,True,True,True,shared,shared,shared,shared
5,79,A,0.02,early,True,True,True,True,True,shared,shared,shared,shared
5,82,B,0.02,early,True,True,True,True,True,shared,shared,shared,shared
5,85,B,0.02,early,True,True,True,True,True,shared,shared,shared,shared
5,101,B,0.02,early,True,True,True,True,True,shared,shared,shared,shared
5,113,A,0.02,early,True,True,True,True,True,shared,shared,shared,shared
5,123,B,0.02,early,True,True,True,True,True,shared,shared,shared,shared
5,126,B,0.02,early,True,True,True,True,True,shared,shared,shared,shared
5,130,A,0.02,early,True,True,True,True,True,shared,shared,shared,shared
5,154,A,0.02,early,True,True,True,True,True,shared,shared,shared,shared
5,155,B,0.02,early,True,True,True,True,True,shared,shared,shared,shared
5,168,A,0.02,early,True,True,True,True,True,shared,shared,shared,shared
5,173,B,0.02,early,True,True,True,True,True,shared,shared,shared,shared
5,185,A,0.02,early,True,True,True,True,True,shared,shared,shared,shared
5,196,B,0.02,early,True,True,True,True,True,shared,shared,shared,shared
5,199,A,0.02,early,True,True,True,True,True,shared,shared,shared,shared
5,216,B,0.02,early,True,True,True,True,True,shared,shared,shared,shared
5,218,B,0.02,early,True,True,True,True,True,shared,shared,shared,shared
5,225,A,0.02,early,True,True,True,True,True,shared,shared,shared,shared
5,226,A,0.02,early,True,True,True,True,True,shared,shared,shared,shared
5,257,B,0.02,early,True,True,True,True,True,shared,shared,shared,shared
5,266,A,0.02,early,True,True,True,True,True,shared,shared,shared,shared
5,281,A,0.02,early,True,True,True,True,True,shared,shared,shared,shared
5,310,B,0.02,early,True,True,True,True,True,shared,shared,shared,shared
5,312,B,0.02,early,True,True,True,True,True,shared,shared,shared,shared
5,317,A,0.02,early,True,True,True,True,True,shared,shared,shared,shared
5,321,B,0.02,early,True,True,True,True,True,shared,shared,shared,shared
5,322,A,0.02,early,True,True,True,True,True,shared,shared,shared,shared
5,338,B,0.02,early,True,True,True,True,True,shared,shared,shared,shared
5,377,A,0.02,early,True,True,True,True,True,shared,shared,shared,shared
5,378,B,0.02,early,True,True,True,True,True,shared,shared,shared,shared
5,381,A,0.02,early,True,True,True,True,True,shared,shared,shared,shared
5,384,A,0.02,early,True,True,True,True,True,shared,shared,shared,shared
5,400,A,0.02,early,True,True,True,True,True,shared,shared,shared,shared
5,401,B,0.02,early,True,True,True,True,True,shared,shared,shared,shared
5,405,A,0.02,early,True,True,True,True,True,shared,shared,shared,shared
5,410,B,0.02,early,True,True,True,True,True,shared,shared,shared,shared
5,418,A,0.02,early,True,True,True,True,True,shared,shared,shared,shared
5,426,A,0.02,early,True,True,True,True,True,shared,shared,shared,shared
5,433,B,0.02,early,True,True,True,True,True,shared,shared,shared,shared
5,444,A,0.02,early,True,True,True,True,True,shared,shared,shared,shared
5,456,B,0.02,early,True,True,True,True,True,shared,shared,shared,shared
5,463,B,0.02,early,True,True,True,True,True,shared,shared,shared,shared
5,478,B,0.02,early,True,True,True,True,True,shared,shared,shared,shared
5,492,B,0.02,early,True,True,True,True,True,shared,shared,shared,shared
6,1,A,0.02,early,True,True,True,True,True,shared,shared,shared,shared
6,2,A,0.02,early,True,True,True,True,True,shared,shared,shared,shared
6,3,B,0.02,early,True,True,True,True,True,shared,shared,shared,shared
6,15,A,0.02,early,True,True,True,True,True,shared,shared,shared,shared
6,23,B,0.02,early,True,True,True,True,True,shared,shared,shared,shared
6,39,A,0.02,early,True,True,True,True,True,shared,shared,shared,shared
6,79,A,0.02,early,True,True,True,True,True,shared,shared,shared,shared
6,82,B,0.02,early,True,True,True,True,True,shared,shared,shared,shared
6,85,B,0.02,early,True,True,True,True,True,shared,shared,shared,shared
6,101,B,0.02,early,True,True,True,True,True,shared,shared,shared,shared
6,113,A,0.02,early,True,True,True,True,True,shared,shared,shared,shared
6,123,B,0.02,early,True,True,True,True,True,shared,shared,shared,shared
6,126,B,0.02,early,True,True,True,True,True,shared,shared,shared,shared
6,130,A,0.02,early,True,True,True,True,True,shared,shared,shared,shared
6,154,A,0.02,early,True,True,True,True,True,shared,shared,shared,shared
6,155,B,0.02,early,True,True,True,True,True,shared,shared,shared,shared
6,168,A,0.02,early,True,True,True,True,True,shared,shared,shared,shared
6,173,B,0.02,early,True,True,True,True,True,shared,shared,shared,shared
6,185,A,0.02,early,True,True,True,True,True,shared,shared,shared,shared
6,196,B,0.02,early,True,True,True,True,True,shared,shared,shared,shared
6,199,A,0.02,early,True,True,True,True,True,shared,shared,shared,shared
6,216,B,0.02,early,True,True,True,True,True,shared,shared,shared,shared
6,218,B,0.02,early,True,True,True,True,True,shared,shared,shared,shared
6,225,A,0.02,early,True,True,True,True,True,shared,shared,shared,shared
6,226,A,0.02,early,True,True,True,True,True,shared,shared,shared,shared
6,257,B,0.02,early,True,True,True,True,True,shared,shared,shared,shared
6,266,A,0.02,early,True,True,True,True,True,shared,shared,shared,shared
6,281,A,0.02,early,True,True,True,True,True,shared,shared,shared,shared
6,310,B,0.02,early,True,True,True,True,True,shared,shared,shared,shared
6,312,B,0.02,early,True,True,True,True,True,shared,shared,shared,shared
6,317,A,0.02,early,True,True,True,True,True,shared,shared,shared,shared
6,321,B,0.02,early,True,True,True,True,True,shared,shared,shared,shared
6,322,A,0.02,early,True,True,True,True,True,shared,shared,shared,shared
6,338,B,0.02,early,True,True,True,True,True,shared,shared,shared,shared
6,377,A,0.02,early,True,True,True,True,True,shared,shared,shared,shared
6,378,B,0.02,early,True,True,False,True,True,lost,lost,lost,lost
6,381,A,0.02,early,True,True,True,True,True,shared,shared,shared,shared
6,384,A,0.02,early,True,True,True,True,True,shared,shared,shared,shared
6,400,A,0.02,early,True,True,True,True,True,shared,shared,shared,shared
6,401,B,0.02,early,True,True,True,True,True,shared,shared,shared,shared
6,405,A,0.02,early,True,True,True,True,True,shared,shared,shared,shared
6,410,B,0.02,early,True,True,True,True,True,shared,shared,shared,shared
6,418,A,0.02,early,True,True,True,True,True,shared,shared,shared,shared
6,426,A,0.02,early,True,True,True,True,True,shared,shared,shared,shared
6,433,B,0.02,early,True,True,True,True,True,shared,shared,shared,shared
6,444,A,0.02,early,True,True,True,True,True,shared,shared,shared,shared
6,456,B,0.02,early,True,True,True,True,True,shared,shared,shared,shared
6,463,B,0.02,early,True,True,True,True,True,shared,shared,shared,shared
6,478,B,0.02,early,True,True,True,True,True,shared,shared,shared,shared
6,492,B,0.02,early,True,True,True,True,True,shared,shared,shared,shared
7,1,A,0.02,early,True,True,True,True,True,shared,shared,shared,shared
7,2,A,0.02,early,True,True,True,True,True,shared,shared,shared,shared
7,3,B,0.02,early,True,True,True,True,True,shared,shared,shared,shared
7,15,A,0.02,early,True,True,True,True,True,shared,shared,shared,shared
7,23,B,0.02,early,True,True,True,True,True,shared,shared,shared,shared
7,39,A,0.02,early,True,True,True,True,True,shared,shared,shared,shared
7,79,A,0.02,early,True,True,True,True,True,shared,shared,shared,shared
7,82,B,0.02,early,True,True,True,True,True,shared,shared,shared,shared
7,85,B,0.02,early,True,True,True,True,True,shared,shared,shared,shared
7,101,B,0.02,early,True,True,True,True,True,shared,shared,shared,shared
7,113,A,0.02,early,True,True,True,True,True,shared,shared,shared,shared
7,123,B,0.02,early,True,True,True,True,True,shared,shared,shared,shared
7,126,B,0.02,early,True,True,True,True,True,shared,shared,shared,shared
7,130,A,0.02,early,True,True,True,True,True,shared,shared,shared,shared
7,154,A,0.02,early,True,True,True,True,True,shared,shared,shared,shared
7,155,B,0.02,early,True,True,True,True,True,shared,shared,shared,shared
7,168,A,0.02,early,True,True,True,True,True,shared,shared,shared,shared
7,173,B,0.02,early,True,True,True,True,True,shared,shared,shared,shared
7,185,A,0.02,early,True,True,True,True,True,shared,shared,shared,shared
7,196,B,0.02,early,True,True,True,True,True,shared,shared,shared,shared
7,199,A,0.02,early,True,True,True,True,True,shared,shared,shared,shared
7,216,B,0.02,early,True,True,True,True,True,shared,shared,shared,shared
7,218,B,0.02,early,True,True,True,True,True,shared,shared,shared,shared
7,225,A,0.02,early,True,True,True,True,True,shared,shared,shared,shared
7,226,A,0.02,early,True,True,True,True,True,shared,shared,shared,shared
7,257,B,0.02,early,True,True,True,True,True,shared,shared,shared,shared
7,266,A,0.02,early,True,True,True,True,True,shared,shared,shared,shared
7,281,A,0.02,early,True,True,True,True,True,shared,shared,shared,shared
7,310,B,0.02,early,True,True,True,True,True,shared,shared,shared,shared
7,312,B,0.02,early,True,True,True,True,True,shared,shared,shared,shared
7,317,A,0.02,early,True,True,True,True,True,shared,shared,shared,shared
7,321,B,0.02,early,True,True,True,True,True,shared,shared,shared,shared
7,322,A,0.02,early,True,True,True,True,True,shared,shared,shared,shared
7,338,B,0.02,early,True,True,True,True,True,shared,shared,shared,shared
7,377,A,0.02,early,True,True,True,True,True,shared,shared,shared,shared
7,378,B,0.02,early,True,True,False,True,True,lost,lost,lost,lost
7,381,A,0.02,early,True,True,True,True,True,shared,shared,shared,shared
7,384,A,0.02,early,True,True,True,True,True,shared,shared,shared,shared
7,400,A,0.02,early,True,True,True,True,True,shared,shared,shared,shared
7,401,B,0.02,early,True,True,True,True,True,shared,shared,shared,shared
7,405,A,0.02,early,True,True,True,True,True,shared,shared,shared,shared
7,410,B,0.02,early,True,True,True,True,True,shared,shared,shared,shared
7,418,A,0.02,early,True,True,True,True,True,shared,shared,shared,shared
7,426,A,0.02,early,True,True,True,True,True,shared,shared,shared,shared
7,433,B,0.02,early,True,True,True,True,True,shared,shared,shared,shared
7,444,A,0.02,early,True,True,True,True,True,shared,shared,shared,shared
7,456,B,0.02,early,True,True,True,True,True,shared,shared,shared,shared
7,463,B,0.02,early,True,True,True,True,True,shared,shared,shared,shared
7,478,B,0.02,early,True,True,True,True,True,shared,shared,shared,shared
7,492,B,0.02,early,True,True,True,True,True,shared,shared,shared,shared
8,1,A,0.02,early,True,True,True,True,True,shared,shared,shared,shared
8,2,A,0.02,early,True,True,True,True,True,shared,shared,shared,shared
8,3,B,0.02,early,True,True,True,True,True,shared,shared,shared,shared
8,15,A,0.02,early,True,True,True,True,True,shared,shared,shared,shared
8,23,B,0.02,early,True,True,True,True,True,shared,shared,shared,shared
8,39,A,0.02,early,True,True,True,True,True,shared,shared,shared,shared
8,79,A,0.02,early,True,True,True,True,True,shared,shared,shared,shared
8,82,B,0.02,early,True,True,True,True,True,shared,shared,shared,shared
8,85,B,0.02,early,True,True,True,True,True,shared,shared,shared,shared
8,101,B,0.02,early,True,True,True,True,True,shared,shared,shared,shared
8,113,A,0.02,early,True,True,True,True,True,shared,shared,shared,shared
8,123,B,0.02,early,True,True,True,True,True,shared,shared,shared,shared
8,126,B,0.02,early,True,True,True,True,True,shared,shared,shared,shared
8,130,A,0.02,early,True,True,True,True,True,shared,shared,shared,shared
8,154,A,0.02,early,True,True,True,True,True,shared,shared,shared,shared
8,155,B,0.02,early,True,True,True,True,True,shared,shared,shared,shared
8,168,A,0.02,early,True,True,True,True,True,shared,shared,shared,shared
8,173,B,0.02,early,True,True,True,True,True,shared,shared,shared,shared
8,185,A,0.02,early,True,True,True,True,True,shared,shared,shared,shared
8,196,B,0.02,early,True,True,True,True,True,shared,shared,shared,shared
8,199,A,0.02,early,True,True,True,True,True,shared,shared,shared,shared
8,216,B,0.02,early,True,True,True,True,True,shared,shared,shared,shared
8,218,B,0.02,early,True,True,True,True,True,shared,shared,shared,shared
8,225,A,0.02,early,True,True,True,True,True,shared,shared,shared,shared
8,226,A,0.02,early,True,True,True,True,True,shared,shared,shared,shared
8,257,B,0.02,early,True,True,True,True,True,shared,shared,shared,shared
8,266,A,0.02,early,True,True,True,True,True,shared,shared,shared,shared
8,281,A,0.02,early,True,True,True,True,True,shared,shared,shared,shared
8,310,B,0.02,early,True,True,True,True,True,shared,shared,shared,shared
8,312,B,0.02,early,True,True,True,True,True,shared,shared,shared,shared
8,317,A,0.02,early,True,True,True,True,True,shared,shared,shared,shared
8,321,B,0.02,early,True,True,True,True,True,shared,shared,shared,shared
8,322,A,0.02,early,True,True,True,True,True,shared,shared,shared,shared
8,338,B,0.02,early,True,True,True,True,True,shared,shared,shared,shared
8,377,A,0.02,early,True,True,True,True,True,shared,shared,shared,shared
8,378,B,0.02,early,True,True,True,True,True,shared,shared,shared,shared
8,381,A,0.02,early,True,True,True,True,True,shared,shared,shared,shared
8,384,A,0.02,early,True,True,True,True,True,shared,shared,shared,shared
8,400,A,0.02,early,True,True,True,True,True,shared,shared,shared,shared
8,401,B,0.02,early,True,True,True,True,True,shared,shared,shared,shared
8,405,A,0.02,early,True,True,True,True,True,shared,shared,shared,shared
8,410,B,0.02,early,True,True,True,True,True,shared,shared,shared,shared
8,418,A,0.02,early,True,True,True,True,True,shared,shared,shared,shared
8,426,A,0.02,early,True,True,True,True,True,shared,shared,shared,shared
8,433,B,0.02,early,True,True,True,True,True,shared,shared,shared,shared
8,444,A,0.02,early,True,True,True,True,True,shared,shared,shared,shared
8,456,B,0.02,early,True,True,True,True,True,shared,shared,shared,shared
8,463,B,0.02,early,True,True,True,True,True,shared,shared,shared,shared
8,478,B,0.02,early,True,True,True,True,True,shared,shared,shared,shared
8,492,B,0.02,early,True,True,True,True,True,shared,shared,shared,shared
9,1,A,0.02,early,False,True,True,True,True,gained,shared,shared,shared
9,2,A,0.02,early,False,True,False,True,False,neither,lost,lost,neither
9,3,B,0.02,early,False,True,False,True,True,neither,lost,lost,lost
9,15,A,0.02,early,False,False,False,False,False,neither,neither,neither,neither
9,23,B,0.02,early,False,False,False,False,False,neither,neither,neither,neither
9,39,A,0.02,early,False,True,True,True,False,gained,shared,shared,gained
9,79,A,0.02,early,False,True,True,False,True,gained,shared,gained,shared
9,82,B,0.02,early,False,False,True,False,False,gained,gained,gained,gained
9,85,B,0.02,early,False,False,False,False,False,neither,neither,neither,neither
9,101,B,0.02,early,False,True,False,True,False,neither,lost,lost,neither
9,113,A,0.02,early,False,True,False,True,False,neither,lost,lost,neither
9,123,B,0.02,early,False,False,False,False,False,neither,neither,neither,neither
9,126,B,0.02,early,False,True,True,True,False,gained,shared,shared,gained
9,130,A,0.02,early,False,False,False,False,False,neither,neither,neither,neither
9,154,A,0.02,early,False,True,True,False,False,gained,shared,gained,gained
9,155,B,0.02,early,False,False,False,False,False,neither,neither,neither,neither
9,168,A,0.02,early,False,True,False,True,False,neither,lost,lost,neither
9,173,B,0.02,early,False,False,False,False,True,neither,neither,neither,lost
9,185,A,0.02,early,True,True,True,True,False,shared,shared,shared,gained
9,196,B,0.02,early,False,False,True,False,False,gained,gained,gained,gained
9,199,A,0.02,early,True,False,True,False,False,shared,gained,gained,gained
9,216,B,0.02,early,False,True,False,True,False,neither,lost,lost,neither
9,218,B,0.02,early,False,False,False,False,False,neither,neither,neither,neither
9,225,A,0.02,early,False,False,False,False,False,neither,neither,neither,neither
9,226,A,0.02,early,False,False,False,False,False,neither,neither,neither,neither
9,257,B,0.02,early,False,True,True,True,False,gained,shared,shared,gained
9,266,A,0.02,early,False,False,False,False,False,neither,neither,neither,neither
9,281,A,0.02,early,False,False,False,False,True,neither,neither,neither,lost
9,310,B,0.02,early,False,True,True,True,False,gained,shared,shared,gained
9,312,B,0.02,early,False,False,False,False,False,neither,neither,neither,neither
9,317,A,0.02,early,False,False,False,False,False,neither,neither,neither,neither
9,321,B,0.02,early,False,False,False,False,False,neither,neither,neither,neither
9,322,A,0.02,early,False,False,True,False,False,gained,gained,gained,gained
9,338,B,0.02,early,False,True,False,True,False,neither,lost,lost,neither
9,377,A,0.02,early,False,True,False,True,False,neither,lost,lost,neither
9,378,B,0.02,early,False,False,False,False,False,neither,neither,neither,neither
9,381,A,0.02,early,False,True,True,True,False,gained,shared,shared,gained
9,384,A,0.02,early,False,True,False,True,False,neither,lost,lost,neither
9,400,A,0.02,early,False,True,False,True,True,neither,lost,lost,lost
9,401,B,0.02,early,True,True,True,True,False,shared,shared,shared,gained
9,405,A,0.02,early,False,True,False,True,False,neither,lost,lost,neither
9,410,B,0.02,early,False,False,False,False,False,neither,neither,neither,neither
9,418,A,0.02,early,False,True,True,True,False,gained,shared,shared,gained
9,426,A,0.02,early,False,True,False,True,True,neither,lost,lost,lost
9,433,B,0.02,early,False,False,True,True,False,gained,gained,shared,gained
9,444,A,0.02,early,False,True,False,True,False,neither,lost,lost,neither
9,456,B,0.02,early,False,False,False,False,False,neither,neither,neither,neither
9,463,B,0.02,early,False,False,False,False,False,neither,neither,neither,neither
9,478,B,0.02,early,False,False,False,False,False,neither,neither,neither,neither
9,492,B,0.02,early,False,False,False,False,False,neither,neither,neither,neither
10,1,A,0.02,early,True,True,True,True,True,shared,shared,shared,shared
10,2,A,0.02,early,False,False,True,True,False,gained,gained,shared,gained
10,3,B,0.02,early,True,True,True,True,True,shared,shared,shared,shared
10,15,A,0.02,early,False,False,False,False,False,neither,neither,neither,neither
10,23,B,0.02,early,False,True,True,True,True,gained,shared,shared,shared
10,39,A,0.02,early,True,True,True,True,True,shared,shared,shared,shared
10,79,A,0.02,early,True,True,True,True,True,shared,shared,shared,shared
10,82,B,0.02,early,True,True,True,True,True,shared,shared,shared,shared
10,85,B,0.02,early,True,True,True,True,True,shared,shared,shared,shared
10,101,B,0.02,early,True,True,True,True,True,shared,shared,shared,shared
10,113,A,0.02,early,False,True,True,True,True,gained,shared,shared,shared
10,123,B,0.02,early,False,True,True,True,True,gained,shared,shared,shared
10,126,B,0.02,early,True,True,True,True,True,shared,shared,shared,shared
10,130,A,0.02,early,False,True,True,True,True,gained,shared,shared,shared
10,154,A,0.02,early,True,True,True,True,True,shared,shared,shared,shared
10,155,B,0.02,early,True,True,True,True,True,shared,shared,shared,shared
10,168,A,0.02,early,True,True,True,True,True,shared,shared,shared,shared
10,173,B,0.02,early,True,True,True,True,True,shared,shared,shared,shared
10,185,A,0.02,early,True,True,True,True,True,shared,shared,shared,shared
10,196,B,0.02,early,True,True,True,True,True,shared,shared,shared,shared
10,199,A,0.02,early,True,True,True,True,True,shared,shared,shared,shared
10,216,B,0.02,early,True,True,True,True,True,shared,shared,shared,shared
10,218,B,0.02,early,True,True,True,True,True,shared,shared,shared,shared
10,225,A,0.02,early,False,True,True,True,True,gained,shared,shared,shared
10,226,A,0.02,early,True,True,True,True,True,shared,shared,shared,shared
10,257,B,0.02,early,False,True,True,True,True,gained,shared,shared,shared
10,266,A,0.02,early,False,True,True,True,True,gained,shared,shared,shared
10,281,A,0.02,early,True,True,True,True,True,shared,shared,shared,shared
10,310,B,0.02,early,True,True,True,True,True,shared,shared,shared,shared
10,312,B,0.02,early,True,True,True,True,True,shared,shared,shared,shared
10,317,A,0.02,early,True,True,True,True,True,shared,shared,shared,shared
10,321,B,0.02,early,False,False,True,True,False,gained,gained,shared,gained
10,322,A,0.02,early,False,False,True,True,False,gained,gained,shared,gained
10,338,B,0.02,early,True,True,True,True,True,shared,shared,shared,shared
10,377,A,0.02,early,False,True,True,True,True,gained,shared,shared,shared
10,378,B,0.02,early,False,True,True,True,True,gained,shared,shared,shared
10,381,A,0.02,early,True,True,True,True,True,shared,shared,shared,shared
10,384,A,0.02,early,True,True,True,True,True,shared,shared,shared,shared
10,400,A,0.02,early,False,True,True,True,True,gained,shared,shared,shared
10,401,B,0.02,early,True,True,True,True,True,shared,shared,shared,shared
10,405,A,0.02,early,False,True,True,True,True,gained,shared,shared,shared
10,410,B,0.02,early,True,True,True,True,True,shared,shared,shared,shared
10,418,A,0.02,early,True,True,True,True,True,shared,shared,shared,shared
10,426,A,0.02,early,True,True,True,True,True,shared,shared,shared,shared
10,433,B,0.02,early,True,True,True,True,True,shared,shared,shared,shared
10,444,A,0.02,early,True,True,True,True,True,shared,shared,shared,shared
10,456,B,0.02,early,False,True,True,True,True,gained,shared,shared,shared
10,463,B,0.02,early,True,True,True,True,True,shared,shared,shared,shared
10,478,B,0.02,early,False,True,True,True,True,gained,shared,shared,shared
10,492,B,0.02,early,False,True,True,True,True,gained,shared,shared,shared
11,1,A,0.02,early,True,True,True,True,True,shared,shared,shared,shared
11,2,A,0.02,early,True,True,True,True,True,shared,shared,shared,shared
11,3,B,0.02,early,True,True,True,True,True,shared,shared,shared,shared
11,15,A,0.02,early,True,True,True,True,True,shared,shared,shared,shared
11,23,B,0.02,early,True,True,True,True,True,shared,shared,shared,shared
11,39,A,0.02,early,True,True,True,True,True,shared,shared,shared,shared
11,79,A,0.02,early,True,True,True,True,True,shared,shared,shared,shared
11,82,B,0.02,early,True,True,True,True,True,shared,shared,shared,shared
11,85,B,0.02,early,True,True,True,True,True,shared,shared,shared,shared
11,101,B,0.02,early,True,True,True,True,True,shared,shared,shared,shared
11,113,A,0.02,early,True,True,True,True,True,shared,shared,shared,shared
11,123,B,0.02,early,True,True,True,True,True,shared,shared,shared,shared
11,126,B,0.02,early,True,True,True,True,True,shared,shared,shared,shared
11,130,A,0.02,early,True,True,True,True,True,shared,shared,shared,shared
11,154,A,0.02,early,True,True,True,True,True,shared,shared,shared,shared
11,155,B,0.02,early,True,True,True,True,True,shared,shared,shared,shared
11,168,A,0.02,early,True,True,True,True,True,shared,shared,shared,shared
11,173,B,0.02,early,True,True,True,True,True,shared,shared,shared,shared
11,185,A,0.02,early,True,True,True,True,True,shared,shared,shared,shared
11,196,B,0.02,early,True,True,True,True,True,shared,shared,shared,shared
11,199,A,0.02,early,True,True,True,True,True,shared,shared,shared,shared
11,216,B,0.02,early,True,True,True,True,True,shared,shared,shared,shared
11,218,B,0.02,early,True,True,True,True,True,shared,shared,shared,shared
11,225,A,0.02,early,True,True,True,True,True,shared,shared,shared,shared
11,226,A,0.02,early,True,True,True,True,True,shared,shared,shared,shared
11,257,B,0.02,early,True,True,True,True,True,shared,shared,shared,shared
11,266,A,0.02,early,True,True,True,True,True,shared,shared,shared,shared
11,281,A,0.02,early,True,True,True,True,True,shared,shared,shared,shared
11,310,B,0.02,early,True,True,True,True,True,shared,shared,shared,shared
11,312,B,0.02,early,True,True,True,True,True,shared,shared,shared,shared
11,317,A,0.02,early,True,True,True,True,True,shared,shared,shared,shared
11,321,B,0.02,early,True,True,True,True,True,shared,shared,shared,shared
11,322,A,0.02,early,True,True,True,True,True,shared,shared,shared,shared
11,338,B,0.02,early,True,True,True,True,True,shared,shared,shared,shared
11,377,A,0.02,early,True,True,True,True,True,shared,shared,shared,shared
11,378,B,0.02,early,True,True,True,True,True,shared,shared,shared,shared
11,381,A,0.02,early,True,True,True,True,True,shared,shared,shared,shared
11,384,A,0.02,early,True,True,True,True,True,shared,shared,shared,shared
11,400,A,0.02,early,True,True,True,True,True,shared,shared,shared,shared
11,401,B,0.02,early,True,True,True,True,True,shared,shared,shared,shared
11,405,A,0.02,early,True,True,True,True,True,shared,shared,shared,shared
11,410,B,0.02,early,True,True,True,True,True,shared,shared,shared,shared
11,418,A,0.02,early,True,True,True,True,True,shared,shared,shared,shared
11,426,A,0.02,early,True,True,True,True,True,shared,shared,shared,shared
11,433,B,0.02,early,True,True,True,True,True,shared,shared,shared,shared
11,444,A,0.02,early,True,True,True,True,True,shared,shared,shared,shared
11,456,B,0.02,early,True,True,True,True,True,shared,shared,shared,shared
11,463,B,0.02,early,True,True,True,True,True,shared,shared,shared,shared
11,478,B,0.02,early,True,True,True,True,True,shared,shared,shared,shared
11,492,B,0.02,early,True,True,True,True,True,shared,shared,shared,shared
12,1,A,0.02,early,True,True,True,True,True,shared,shared,shared,shared
12,2,A,0.02,early,True,True,True,True,True,shared,shared,shared,shared
12,3,B,0.02,early,True,True,True,True,True,shared,shared,shared,shared
12,15,A,0.02,early,True,True,True,True,True,shared,shared,shared,shared
12,23,B,0.02,early,True,True,True,True,True,shared,shared,shared,shared
12,39,A,0.02,early,True,True,True,True,True,shared,shared,shared,shared
12,79,A,0.02,early,True,True,True,True,True,shared,shared,shared,shared
12,82,B,0.02,early,True,True,True,True,True,shared,shared,shared,shared
12,85,B,0.02,early,True,True,True,True,True,shared,shared,shared,shared
12,101,B,0.02,early,True,True,True,True,True,shared,shared,shared,shared
12,113,A,0.02,early,True,True,True,True,True,shared,shared,shared,shared
12,123,B,0.02,early,True,True,True,True,True,shared,shared,shared,shared
12,126,B,0.02,early,True,True,True,True,True,shared,shared,shared,shared
12,130,A,0.02,early,True,True,True,True,True,shared,shared,shared,shared
12,154,A,0.02,early,True,True,True,True,True,shared,shared,shared,shared
12,155,B,0.02,early,True,True,True,True,True,shared,shared,shared,shared
12,168,A,0.02,early,True,True,True,True,True,shared,shared,shared,shared
12,173,B,0.02,early,True,True,True,True,True,shared,shared,shared,shared
12,185,A,0.02,early,True,True,True,True,True,shared,shared,shared,shared
12,196,B,0.02,early,True,True,True,True,True,shared,shared,shared,shared
12,199,A,0.02,early,True,True,True,True,True,shared,shared,shared,shared
12,216,B,0.02,early,True,True,True,True,True,shared,shared,shared,shared
12,218,B,0.02,early,True,True,True,True,True,shared,shared,shared,shared
12,225,A,0.02,early,True,True,True,True,True,shared,shared,shared,shared
12,226,A,0.02,early,True,True,True,True,True,shared,shared,shared,shared
12,257,B,0.02,early,True,True,True,True,True,shared,shared,shared,shared
12,266,A,0.02,early,True,True,True,True,True,shared,shared,shared,shared
12,281,A,0.02,early,True,True,True,True,True,shared,shared,shared,shared
12,310,B,0.02,early,True,True,True,True,True,shared,shared,shared,shared
12,312,B,0.02,early,True,True,True,True,True,shared,shared,shared,shared
12,317,A,0.02,early,True,True,True,True,True,shared,shared,shared,shared
12,321,B,0.02,early,True,True,True,True,True,shared,shared,shared,shared
12,322,A,0.02,early,True,True,True,True,True,shared,shared,shared,shared
12,338,B,0.02,early,True,True,True,True,True,shared,shared,shared,shared
12,377,A,0.02,early,True,True,True,True,True,shared,shared,shared,shared
12,378,B,0.02,early,True,True,True,True,True,shared,shared,shared,shared
12,381,A,0.02,early,True,True,True,True,True,shared,shared,shared,shared
12,384,A,0.02,early,True,True,True,True,True,shared,shared,shared,shared
12,400,A,0.02,early,True,True,True,True,True,shared,shared,shared,shared
12,401,B,0.02,early,True,True,True,True,True,shared,shared,shared,shared
12,405,A,0.02,early,True,True,True,True,True,shared,shared,shared,shared
12,410,B,0.02,early,True,True,True,True,True,shared,shared,shared,shared
12,418,A,0.02,early,True,True,True,True,True,shared,shared,shared,shared
12,426,A,0.02,early,True,True,True,True,True,shared,shared,shared,shared
12,433,B,0.02,early,True,True,True,True,True,shared,shared,shared,shared
12,444,A,0.02,early,True,True,True,True,True,shared,shared,shared,shared
12,456,B,0.02,early,True,True,True,True,True,shared,shared,shared,shared
12,463,B,0.02,early,True,True,True,True,True,shared,shared,shared,shared
12,478,B,0.02,early,True,True,True,True,True,shared,shared,shared,shared
12,492,B,0.02,early,True,True,True,True,True,shared,shared,shared,shared
13,1,A,0.02,early,False,True,True,True,True,gained,shared,shared,shared
13,2,A,0.02,early,True,True,True,True,True,shared,shared,shared,shared
13,3,B,0.02,early,True,True,True,True,True,shared,shared,shared,shared
13,15,A,0.02,early,True,True,True,True,True,shared,shared,shared,shared
13,23,B,0.02,early,True,True,True,True,True,shared,shared,shared,shared
13,39,A,0.02,early,True,True,True,True,True,shared,shared,shared,shared
13,79,A,0.02,early,True,True,True,True,True,shared,shared,shared,shared
13,82,B,0.02,early,True,True,True,True,True,shared,shared,shared,shared
13,85,B,0.02,early,True,True,True,True,True,shared,shared,shared,shared
13,101,B,0.02,early,True,True,True,True,True,shared,shared,shared,shared
13,113,A,0.02,early,True,True,True,True,True,shared,shared,shared,shared
13,123,B,0.02,early,True,True,True,True,True,shared,shared,shared,shared
13,126,B,0.02,early,True,True,True,True,True,shared,shared,shared,shared
13,130,A,0.02,early,True,True,True,True,True,shared,shared,shared,shared
13,154,A,0.02,early,True,True,True,True,True,shared,shared,shared,shared
13,155,B,0.02,early,True,True,True,True,True,shared,shared,shared,shared
13,168,A,0.02,early,True,True,True,True,True,shared,shared,shared,shared
13,173,B,0.02,early,True,True,True,True,True,shared,shared,shared,shared
13,185,A,0.02,early,True,True,True,True,True,shared,shared,shared,shared
13,196,B,0.02,early,True,True,True,True,True,shared,shared,shared,shared
13,199,A,0.02,early,True,True,True,True,True,shared,shared,shared,shared
13,216,B,0.02,early,True,True,True,True,True,shared,shared,shared,shared
13,218,B,0.02,early,True,True,True,True,True,shared,shared,shared,shared
13,225,A,0.02,early,True,True,True,True,True,shared,shared,shared,shared
13,226,A,0.02,early,True,True,True,True,True,shared,shared,shared,shared
13,257,B,0.02,early,True,True,True,True,True,shared,shared,shared,shared
13,266,A,0.02,early,True,True,True,True,True,shared,shared,shared,shared
13,281,A,0.02,early,False,False,False,False,True,neither,neither,neither,lost
13,310,B,0.02,early,True,True,True,True,True,shared,shared,shared,shared
13,312,B,0.02,early,True,True,True,True,True,shared,shared,shared,shared
13,317,A,0.02,early,True,True,True,True,True,shared,shared,shared,shared
13,321,B,0.02,early,True,True,True,True,True,shared,shared,shared,shared
13,322,A,0.02,early,True,True,True,True,True,shared,shared,shared,shared
13,338,B,0.02,early,True,True,True,True,True,shared,shared,shared,shared
13,377,A,0.02,early,True,True,True,True,True,shared,shared,shared,shared
13,378,B,0.02,early,True,True,True,True,True,shared,shared,shared,shared
13,381,A,0.02,early,True,True,True,True,True,shared,shared,shared,shared
13,384,A,0.02,early,True,True,True,True,True,shared,shared,shared,shared
13,400,A,0.02,early,True,True,True,True,True,shared,shared,shared,shared
13,401,B,0.02,early,True,True,True,True,True,shared,shared,shared,shared
13,405,A,0.02,early,True,True,True,True,True,shared,shared,shared,shared
13,410,B,0.02,early,True,True,True,True,True,shared,shared,shared,shared
13,418,A,0.02,early,True,True,True,True,True,shared,shared,shared,shared
13,426,A,0.02,early,True,True,True,True,True,shared,shared,shared,shared
13,433,B,0.02,early,True,True,True,True,True,shared,shared,shared,shared
13,444,A,0.02,early,True,True,True,True,True,shared,shared,shared,shared
13,456,B,0.02,early,True,True,True,True,True,shared,shared,shared,shared
13,463,B,0.02,early,True,True,True,True,True,shared,shared,shared,shared
13,478,B,0.02,early,True,True,True,True,True,shared,shared,shared,shared
13,492,B,0.02,early,True,True,True,True,True,shared,shared,shared,shared
14,1,A,0.02,early,True,True,True,True,True,shared,shared,shared,shared
14,2,A,0.02,early,True,True,True,True,True,shared,shared,shared,shared
14,3,B,0.02,early,True,True,True,True,True,shared,shared,shared,shared
14,15,A,0.02,early,True,True,True,True,True,shared,shared,shared,shared
14,23,B,0.02,early,True,True,True,True,True,shared,shared,shared,shared
14,39,A,0.02,early,True,True,True,True,True,shared,shared,shared,shared
14,79,A,0.02,early,True,True,True,True,True,shared,shared,shared,shared
14,82,B,0.02,early,True,True,True,True,True,shared,shared,shared,shared
14,85,B,0.02,early,True,True,True,True,True,shared,shared,shared,shared
14,101,B,0.02,early,True,True,True,True,True,shared,shared,shared,shared
14,113,A,0.02,early,True,True,True,True,True,shared,shared,shared,shared
14,123,B,0.02,early,True,True,True,True,True,shared,shared,shared,shared
14,126,B,0.02,early,True,True,True,True,True,shared,shared,shared,shared
14,130,A,0.02,early,True,True,True,True,True,shared,shared,shared,shared
14,154,A,0.02,early,True,True,True,True,True,shared,shared,shared,shared
14,155,B,0.02,early,True,True,True,True,True,shared,shared,shared,shared
14,168,A,0.02,early,True,True,True,True,True,shared,shared,shared,shared
14,173,B,0.02,early,True,True,True,True,True,shared,shared,shared,shared
14,185,A,0.02,early,True,True,True,True,True,shared,shared,shared,shared
14,196,B,0.02,early,True,True,True,True,True,shared,shared,shared,shared
14,199,A,0.02,early,True,True,True,True,True,shared,shared,shared,shared
14,216,B,0.02,early,True,True,True,True,True,shared,shared,shared,shared
14,218,B,0.02,early,True,True,True,True,True,shared,shared,shared,shared
14,225,A,0.02,early,True,True,True,True,True,shared,shared,shared,shared
14,226,A,0.02,early,True,True,True,True,True,shared,shared,shared,shared
14,257,B,0.02,early,True,True,True,True,True,shared,shared,shared,shared
14,266,A,0.02,early,True,True,True,True,True,shared,shared,shared,shared
14,281,A,0.02,early,True,True,True,True,True,shared,shared,shared,shared
14,310,B,0.02,early,True,True,True,True,True,shared,shared,shared,shared
14,312,B,0.02,early,True,True,True,True,True,shared,shared,shared,shared
14,317,A,0.02,early,True,True,True,True,True,shared,shared,shared,shared
14,321,B,0.02,early,True,True,True,True,True,shared,shared,shared,shared
14,322,A,0.02,early,True,True,True,True,True,shared,shared,shared,shared
14,338,B,0.02,early,True,True,True,True,True,shared,shared,shared,shared
14,377,A,0.02,early,True,True,True,True,True,shared,shared,shared,shared
14,378,B,0.02,early,True,True,True,True,True,shared,shared,shared,shared
14,381,A,0.02,early,True,True,True,True,True,shared,shared,shared,shared
14,384,A,0.02,early,True,True,True,True,True,shared,shared,shared,shared
14,400,A,0.02,early,True,True,True,True,True,shared,shared,shared,shared
14,401,B,0.02,early,True,True,True,True,True,shared,shared,shared,shared
14,405,A,0.02,early,True,True,True,True,True,shared,shared,shared,shared
14,410,B,0.02,early,True,True,True,True,True,shared,shared,shared,shared
14,418,A,0.02,early,True,True,True,True,True,shared,shared,shared,shared
14,426,A,0.02,early,True,True,True,True,True,shared,shared,shared,shared
14,433,B,0.02,early,True,True,True,True,True,shared,shared,shared,shared
14,444,A,0.02,early,True,True,True,True,True,shared,shared,shared,shared
14,456,B,0.02,early,True,True,True,True,True,shared,shared,shared,shared
14,463,B,0.02,early,True,True,True,True,True,shared,shared,shared,shared
14,478,B,0.02,early,True,True,True,True,True,shared,shared,shared,shared
14,492,B,0.02,early,True,True,True,True,True,shared,shared,shared,shared
15,1,A,0.02,early,False,False,False,False,True,neither,neither,neither,lost
15,2,A,0.02,early,False,False,False,False,False,neither,neither,neither,neither
15,3,B,0.02,early,False,False,False,False,True,neither,neither,neither,lost
15,15,A,0.02,early,False,False,False,False,False,neither,neither,neither,neither
15,23,B,0.02,early,False,False,False,False,False,neither,neither,neither,neither
15,39,A,0.02,early,False,False,False,False,False,neither,neither,neither,neither
15,79,A,0.02,early,False,False,True,False,True,gained,gained,gained,shared
15,82,B,0.02,early,False,False,False,False,False,neither,neither,neither,neither
15,85,B,0.02,early,False,False,False,False,False,neither,neither,neither,neither
15,101,B,0.02,early,False,False,False,False,False,neither,neither,neither,neither
15,113,A,0.02,early,False,False,False,False,False,neither,neither,neither,neither
15,123,B,0.02,early,False,False,False,False,False,neither,neither,neither,neither
15,126,B,0.02,early,False,False,False,False,False,neither,neither,neither,neither
15,130,A,0.02,early,False,False,False,False,False,neither,neither,neither,neither
15,154,A,0.02,early,True,False,True,False,False,shared,gained,gained,gained
15,155,B,0.02,early,False,False,False,False,False,neither,neither,neither,neither
15,168,A,0.02,early,False,False,False,False,False,neither,neither,neither,neither
15,173,B,0.02,early,False,False,False,False,True,neither,neither,neither,lost
15,185,A,0.02,early,True,True,True,True,False,shared,shared,shared,gained
15,196,B,0.02,early,False,False,True,False,False,gained,gained,gained,gained
15,199,A,0.02,early,True,False,True,False,False,shared,gained,gained,gained
15,216,B,0.02,early,True,False,False,False,False,lost,neither,neither,neither
15,218,B,0.02,early,False,False,False,False,True,neither,neither,neither,lost
15,225,A,0.02,early,False,False,False,False,False,neither,neither,neither,neither
15,226,A,0.02,early,False,False,False,False,False,neither,neither,neither,neither
15,257,B,0.02,early,False,False,True,False,False,gained,gained,gained,gained
15,266,A,0.02,early,False,False,False,False,False,neither,neither,neither,neither
15,281,A,0.02,early,False,False,False,False,True,neither,neither,neither,lost
15,310,B,0.02,early,False,False,True,False,False,gained,gained,gained,gained
15,312,B,0.02,early,False,False,False,False,False,neither,neither,neither,neither
15,317,A,0.02,early,False,False,False,False,False,neither,neither,neither,neither
15,321,B,0.02,early,False,False,False,False,False,neither,neither,neither,neither
15,322,A,0.02,early,False,False,False,False,False,neither,neither,neither,neither
15,338,B,0.02,early,False,False,False,False,False,neither,neither,neither,neither
15,377,A,0.02,early,False,False,False,False,False,neither,neither,neither,neither
15,378,B,0.02,early,False,False,False,False,False,neither,neither,neither,neither
15,381,A,0.02,early,False,False,False,False,False,neither,neither,neither,neither
15,384,A,0.02,early,False,False,False,False,False,neither,neither,neither,neither
15,400,A,0.02,early,False,False,False,False,True,neither,neither,neither,lost
15,401,B,0.02,early,True,True,False,True,False,lost,lost,lost,neither
15,405,A,0.02,early,False,False,False,False,False,neither,neither,neither,neither
15,410,B,0.02,early,False,False,False,False,False,neither,neither,neither,neither
15,418,A,0.02,early,False,False,True,False,False,gained,gained,gained,gained
15,426,A,0.02,early,False,False,False,False,True,neither,neither,neither,lost
15,433,B,0.02,early,False,False,False,False,False,neither,neither,neither,neither
15,444,A,0.02,early,True,False,False,False,False,lost,neither,neither,neither
15,456,B,0.02,early,False,False,False,False,False,neither,neither,neither,neither
15,463,B,0.02,early,False,False,False,False,False,neither,neither,neither,neither
15,478,B,0.02,early,False,False,False,False,False,neither,neither,neither,neither
15,492,B,0.02,early,False,False,False,False,False,neither,neither,neither,neither
16,1,A,0.02,early,True,True,True,True,True,shared,shared,shared,shared
16,2,A,0.02,early,True,True,True,True,True,shared,shared,shared,shared
16,3,B,0.02,early,True,True,True,True,True,shared,shared,shared,shared
16,15,A,0.02,early,True,True,True,True,True,shared,shared,shared,shared
16,23,B,0.02,early,True,True,True,True,True,shared,shared,shared,shared
16,39,A,0.02,early,True,True,True,True,True,shared,shared,shared,shared
16,79,A,0.02,early,True,True,True,True,True,shared,shared,shared,shared
16,82,B,0.02,early,True,True,True,True,True,shared,shared,shared,shared
16,85,B,0.02,early,True,True,True,True,True,shared,shared,shared,shared
16,101,B,0.02,early,True,True,True,True,True,shared,shared,shared,shared
16,113,A,0.02,early,True,True,True,True,True,shared,shared,shared,shared
16,123,B,0.02,early,True,True,True,True,True,shared,shared,shared,shared
16,126,B,0.02,early,True,True,True,True,True,shared,shared,shared,shared
16,130,A,0.02,early,True,True,True,True,True,shared,shared,shared,shared
16,154,A,0.02,early,True,True,True,True,True,shared,shared,shared,shared
16,155,B,0.02,early,True,True,True,True,True,shared,shared,shared,shared
16,168,A,0.02,early,True,True,True,True,True,shared,shared,shared,shared
16,173,B,0.02,early,True,True,True,True,True,shared,shared,shared,shared
16,185,A,0.02,early,True,True,True,True,True,shared,shared,shared,shared
16,196,B,0.02,early,True,True,True,True,True,shared,shared,shared,shared
16,199,A,0.02,early,True,True,True,True,True,shared,shared,shared,shared
16,216,B,0.02,early,True,True,True,True,True,shared,shared,shared,shared
16,218,B,0.02,early,True,True,True,True,True,shared,shared,shared,shared
16,225,A,0.02,early,True,True,True,True,True,shared,shared,shared,shared
16,226,A,0.02,early,True,True,True,True,True,shared,shared,shared,shared
16,257,B,0.02,early,True,True,True,True,True,shared,shared,shared,shared
16,266,A,0.02,early,True,True,True,True,True,shared,shared,shared,shared
16,281,A,0.02,early,True,True,True,True,True,shared,shared,shared,shared
16,310,B,0.02,early,True,True,True,True,True,shared,shared,shared,shared
16,312,B,0.02,early,True,True,True,True,True,shared,shared,shared,shared
16,317,A,0.02,early,True,True,True,True,True,shared,shared,shared,shared
16,321,B,0.02,early,True,True,True,True,True,shared,shared,shared,shared
16,322,A,0.02,early,True,True,True,True,True,shared,shared,shared,shared
16,338,B,0.02,early,True,True,True,True,True,shared,shared,shared,shared
16,377,A,0.02,early,True,True,True,True,True,shared,shared,shared,shared
16,378,B,0.02,early,True,True,True,True,True,shared,shared,shared,shared
16,381,A,0.02,early,True,True,True,True,True,shared,shared,shared,shared
16,384,A,0.02,early,True,True,True,True,True,shared,shared,shared,shared
16,400,A,0.02,early,True,True,True,True,True,shared,shared,shared,shared
16,401,B,0.02,early,True,True,True,True,True,shared,shared,shared,shared
16,405,A,0.02,early,True,True,True,True,True,shared,shared,shared,shared
16,410,B,0.02,early,True,True,True,True,True,shared,shared,shared,shared
16,418,A,0.02,early,True,True,True,True,True,shared,shared,shared,shared
16,426,A,0.02,early,True,True,True,True,True,shared,shared,shared,shared
16,433,B,0.02,early,True,True,True,True,True,shared,shared,shared,shared
16,444,A,0.02,early,True,True,True,True,True,shared,shared,shared,shared
16,456,B,0.02,early,True,True,True,True,True,shared,shared,shared,shared
16,463,B,0.02,early,True,True,True,True,True,shared,shared,shared,shared
16,478,B,0.02,early,True,True,True,True,True,shared,shared,shared,shared
16,492,B,0.02,early,True,True,True,True,True,shared,shared,shared,shared
17,1,A,0.02,early,True,True,True,True,True,shared,shared,shared,shared
17,2,A,0.02,early,True,True,True,True,True,shared,shared,shared,shared
17,3,B,0.02,early,True,True,True,True,True,shared,shared,shared,shared
17,15,A,0.02,early,True,True,True,True,True,shared,shared,shared,shared
17,23,B,0.02,early,True,True,True,True,True,shared,shared,shared,shared
17,39,A,0.02,early,True,True,True,True,True,shared,shared,shared,shared
17,79,A,0.02,early,True,True,True,True,True,shared,shared,shared,shared
17,82,B,0.02,early,True,True,True,True,True,shared,shared,shared,shared
17,85,B,0.02,early,True,True,True,True,True,shared,shared,shared,shared
17,101,B,0.02,early,True,True,True,True,True,shared,shared,shared,shared
17,113,A,0.02,early,True,True,True,True,True,shared,shared,shared,shared
17,123,B,0.02,early,True,True,True,True,True,shared,shared,shared,shared
17,126,B,0.02,early,True,True,True,True,True,shared,shared,shared,shared
17,130,A,0.02,early,True,True,True,True,True,shared,shared,shared,shared
17,154,A,0.02,early,True,True,True,True,True,shared,shared,shared,shared
17,155,B,0.02,early,True,True,True,True,True,shared,shared,shared,shared
17,168,A,0.02,early,True,True,True,True,True,shared,shared,shared,shared
17,173,B,0.02,early,True,True,True,True,True,shared,shared,shared,shared
17,185,A,0.02,early,True,True,True,True,True,shared,shared,shared,shared
17,196,B,0.02,early,True,True,True,True,True,shared,shared,shared,shared
17,199,A,0.02,early,True,True,True,True,True,shared,shared,shared,shared
17,216,B,0.02,early,True,True,True,True,True,shared,shared,shared,shared
17,218,B,0.02,early,True,True,True,True,True,shared,shared,shared,shared
17,225,A,0.02,early,True,True,True,True,True,shared,shared,shared,shared
17,226,A,0.02,early,True,True,True,True,True,shared,shared,shared,shared
17,257,B,0.02,early,True,True,True,True,True,shared,shared,shared,shared
17,266,A,0.02,early,True,True,True,True,True,shared,shared,shared,shared
17,281,A,0.02,early,True,True,True,True,True,shared,shared,shared,shared
17,310,B,0.02,early,True,True,True,True,True,shared,shared,shared,shared
17,312,B,0.02,early,True,True,True,True,True,shared,shared,shared,shared
17,317,A,0.02,early,True,True,True,True,True,shared,shared,shared,shared
17,321,B,0.02,early,True,True,True,True,True,shared,shared,shared,shared
17,322,A,0.02,early,True,True,True,True,True,shared,shared,shared,shared
17,338,B,0.02,early,True,True,True,True,True,shared,shared,shared,shared
17,377,A,0.02,early,True,True,True,True,True,shared,shared,shared,shared
17,378,B,0.02,early,True,True,True,True,True,shared,shared,shared,shared
17,381,A,0.02,early,True,True,True,True,True,shared,shared,shared,shared
17,384,A,0.02,early,True,True,True,True,True,shared,shared,shared,shared
17,400,A,0.02,early,True,True,True,True,True,shared,shared,shared,shared
17,401,B,0.02,early,True,True,True,True,True,shared,shared,shared,shared
17,405,A,0.02,early,True,True,True,True,True,shared,shared,shared,shared
17,410,B,0.02,early,True,True,True,True,True,shared,shared,shared,shared
17,418,A,0.02,early,True,True,True,True,True,shared,shared,shared,shared
17,426,A,0.02,early,True,True,True,True,True,shared,shared,shared,shared
17,433,B,0.02,early,True,True,True,True,True,shared,shared,shared,shared
17,444,A,0.02,early,True,True,True,True,True,shared,shared,shared,shared
17,456,B,0.02,early,True,True,True,True,True,shared,shared,shared,shared
17,463,B,0.02,early,True,True,True,True,True,shared,shared,shared,shared
17,478,B,0.02,early,True,True,True,True,True,shared,shared,shared,shared
17,492,B,0.02,early,True,True,True,True,True,shared,shared,shared,shared
18,1,A,0.02,early,True,True,True,True,True,shared,shared,shared,shared
18,2,A,0.02,early,True,True,True,True,True,shared,shared,shared,shared
18,3,B,0.02,early,True,True,True,True,True,shared,shared,shared,shared
18,15,A,0.02,early,True,True,True,True,True,shared,shared,shared,shared
18,23,B,0.02,early,True,True,True,True,True,shared,shared,shared,shared
18,39,A,0.02,early,True,True,True,True,True,shared,shared,shared,shared
18,79,A,0.02,early,True,True,True,True,True,shared,shared,shared,shared
18,82,B,0.02,early,True,True,True,True,True,shared,shared,shared,shared
18,85,B,0.02,early,True,True,True,True,True,shared,shared,shared,shared
18,101,B,0.02,early,True,True,True,True,True,shared,shared,shared,shared
18,113,A,0.02,early,True,True,True,True,True,shared,shared,shared,shared
18,123,B,0.02,early,True,True,True,True,True,shared,shared,shared,shared
18,126,B,0.02,early,False,False,False,False,False,neither,neither,neither,neither
18,130,A,0.02,early,False,False,False,False,False,neither,neither,neither,neither
18,154,A,0.02,early,True,True,True,True,True,shared,shared,shared,shared
18,155,B,0.02,early,True,True,True,True,True,shared,shared,shared,shared
18,168,A,0.02,early,True,True,True,True,True,shared,shared,shared,shared
18,173,B,0.02,early,True,True,True,True,True,shared,shared,shared,shared
18,185,A,0.02,early,True,True,True,True,True,shared,shared,shared,shared
18,196,B,0.02,early,True,True,True,True,True,shared,shared,shared,shared
18,199,A,0.02,early,True,True,True,True,True,shared,shared,shared,shared
18,216,B,0.02,early,True,True,True,True,True,shared,shared,shared,shared
18,218,B,0.02,early,True,True,True,True,True,shared,shared,shared,shared
18,225,A,0.02,early,True,True,True,True,True,shared,shared,shared,shared
18,226,A,0.02,early,True,True,True,True,True,shared,shared,shared,shared
18,257,B,0.02,early,True,True,True,True,True,shared,shared,shared,shared
18,266,A,0.02,early,False,False,False,False,False,neither,neither,neither,neither
18,281,A,0.02,early,True,True,True,True,True,shared,shared,shared,shared
18,310,B,0.02,early,True,True,True,True,True,shared,shared,shared,shared
18,312,B,0.02,early,True,True,True,True,True,shared,shared,shared,shared
18,317,A,0.02,early,True,True,True,True,True,shared,shared,shared,shared
18,321,B,0.02,early,False,False,False,False,False,neither,neither,neither,neither
18,322,A,0.02,early,False,True,True,True,False,gained,shared,shared,gained
18,338,B,0.02,early,True,True,True,True,True,shared,shared,shared,shared
18,377,A,0.02,early,True,True,True,True,True,shared,shared,shared,shared
18,378,B,0.02,early,True,True,True,True,True,shared,shared,shared,shared
18,381,A,0.02,early,True,True,True,True,True,shared,shared,shared,shared
18,384,A,0.02,early,True,True,True,True,True,shared,shared,shared,shared
18,400,A,0.02,early,True,True,True,True,True,shared,shared,shared,shared
18,401,B,0.02,early,True,True,True,True,True,shared,shared,shared,shared
18,405,A,0.02,early,True,True,True,True,True,shared,shared,shared,shared
18,410,B,0.02,early,True,True,True,True,True,shared,shared,shared,shared
18,418,A,0.02,early,True,True,True,True,True,shared,shared,shared,shared
18,426,A,0.02,early,True,True,True,True,True,shared,shared,shared,shared
18,433,B,0.02,early,True,True,True,True,True,shared,shared,shared,shared
18,444,A,0.02,early,True,True,True,True,True,shared,shared,shared,shared
18,456,B,0.02,early,True,True,True,True,True,shared,shared,shared,shared
18,463,B,0.02,early,True,True,True,True,True,shared,shared,shared,shared
18,478,B,0.02,early,False,False,False,False,False,neither,neither,neither,neither
18,492,B,0.02,early,True,True,True,True,True,shared,shared,shared,shared
19,1,A,0.02,early,True,True,True,True,True,shared,shared,shared,shared
19,2,A,0.02,early,True,True,True,True,True,shared,shared,shared,shared
19,3,B,0.02,early,True,True,True,True,True,shared,shared,shared,shared
19,15,A,0.02,early,True,True,True,True,True,shared,shared,shared,shared
19,23,B,0.02,early,True,True,True,True,True,shared,shared,shared,shared
19,39,A,0.02,early,True,True,True,True,True,shared,shared,shared,shared
19,79,A,0.02,early,True,True,True,True,True,shared,shared,shared,shared
19,82,B,0.02,early,True,True,True,True,True,shared,shared,shared,shared
19,85,B,0.02,early,True,True,True,True,True,shared,shared,shared,shared
19,101,B,0.02,early,True,True,True,True,True,shared,shared,shared,shared
19,113,A,0.02,early,True,True,True,True,True,shared,shared,shared,shared
19,123,B,0.02,early,True,True,True,True,True,shared,shared,shared,shared
19,126,B,0.02,early,True,True,True,True,True,shared,shared,shared,shared
19,130,A,0.02,early,True,True,True,True,True,shared,shared,shared,shared
19,154,A,0.02,early,True,True,True,True,True,shared,shared,shared,shared
19,155,B,0.02,early,True,True,True,True,True,shared,shared,shared,shared
19,168,A,0.02,early,True,True,True,True,True,shared,shared,shared,shared
19,173,B,0.02,early,True,True,True,True,True,shared,shared,shared,shared
19,185,A,0.02,early,True,True,True,True,True,shared,shared,shared,shared
19,196,B,0.02,early,True,True,True,True,True,shared,shared,shared,shared
19,199,A,0.02,early,True,True,True,True,True,shared,shared,shared,shared
19,216,B,0.02,early,True,True,True,True,True,shared,shared,shared,shared
19,218,B,0.02,early,True,True,True,True,True,shared,shared,shared,shared
19,225,A,0.02,early,True,True,True,True,True,shared,shared,shared,shared
19,226,A,0.02,early,True,True,True,True,True,shared,shared,shared,shared
19,257,B,0.02,early,True,True,True,True,True,shared,shared,shared,shared
19,266,A,0.02,early,True,True,True,True,True,shared,shared,shared,shared
19,281,A,0.02,early,True,True,True,True,True,shared,shared,shared,shared
19,310,B,0.02,early,True,True,True,True,True,shared,shared,shared,shared
19,312,B,0.02,early,True,True,True,True,True,shared,shared,shared,shared
19,317,A,0.02,early,True,True,True,True,True,shared,shared,shared,shared
19,321,B,0.02,early,True,True,True,True,True,shared,shared,shared,shared
19,322,A,0.02,early,True,True,True,True,True,shared,shared,shared,shared
19,338,B,0.02,early,True,True,True,True,True,shared,shared,shared,shared
19,377,A,0.02,early,True,True,True,True,True,shared,shared,shared,shared
19,378,B,0.02,early,True,True,True,True,True,shared,shared,shared,shared
19,381,A,0.02,early,True,True,True,True,True,shared,shared,shared,shared
19,384,A,0.02,early,True,True,True,True,True,shared,shared,shared,shared
19,400,A,0.02,early,True,True,True,True,True,shared,shared,shared,shared
19,401,B,0.02,early,True,True,True,True,True,shared,shared,shared,shared
19,405,A,0.02,early,True,True,True,True,True,shared,shared,shared,shared
19,410,B,0.02,early,True,True,True,True,True,shared,shared,shared,shared
19,418,A,0.02,early,True,True,True,True,True,shared,shared,shared,shared
19,426,A,0.02,early,True,True,True,True,True,shared,shared,shared,shared
19,433,B,0.02,early,True,True,True,True,True,shared,shared,shared,shared
19,444,A,0.02,early,True,True,True,True,True,shared,shared,shared,shared
19,456,B,0.02,early,True,True,True,True,True,shared,shared,shared,shared
19,463,B,0.02,early,True,True,True,True,True,shared,shared,shared,shared
19,478,B,0.02,early,True,True,True,True,True,shared,shared,shared,shared
19,492,B,0.02,early,True,True,True,True,True,shared,shared,shared,shared
20,1,A,0.02,early,True,True,True,True,True,shared,shared,shared,shared
20,2,A,0.02,early,True,True,True,True,True,shared,shared,shared,shared
20,3,B,0.02,early,True,True,True,True,True,shared,shared,shared,shared
20,15,A,0.02,early,True,True,True,True,True,shared,shared,shared,shared
20,23,B,0.02,early,True,True,True,True,True,shared,shared,shared,shared
20,39,A,0.02,early,True,True,True,True,True,shared,shared,shared,shared
20,79,A,0.02,early,True,True,True,True,True,shared,shared,shared,shared
20,82,B,0.02,early,True,True,True,True,True,shared,shared,shared,shared
20,85,B,0.02,early,True,True,True,True,True,shared,shared,shared,shared
20,101,B,0.02,early,True,True,True,True,True,shared,shared,shared,shared
20,113,A,0.02,early,True,True,True,True,True,shared,shared,shared,shared
20,123,B,0.02,early,True,True,True,True,True,shared,shared,shared,shared
20,126,B,0.02,early,True,True,True,True,True,shared,shared,shared,shared
20,130,A,0.02,early,True,True,True,True,True,shared,shared,shared,shared
20,154,A,0.02,early,True,True,True,True,True,shared,shared,shared,shared
20,155,B,0.02,early,True,True,True,True,True,shared,shared,shared,shared
20,168,A,0.02,early,True,True,True,True,True,shared,shared,shared,shared
20,173,B,0.02,early,True,True,True,True,True,shared,shared,shared,shared
20,185,A,0.02,early,True,True,True,True,True,shared,shared,shared,shared
20,196,B,0.02,early,False,True,True,True,True,gained,shared,shared,shared
20,199,A,0.02,early,True,True,True,True,True,shared,shared,shared,shared
20,216,B,0.02,early,True,True,True,True,True,shared,shared,shared,shared
20,218,B,0.02,early,True,True,True,True,True,shared,shared,shared,shared
20,225,A,0.02,early,True,True,True,True,True,shared,shared,shared,shared
20,226,A,0.02,early,True,True,True,True,True,shared,shared,shared,shared
20,257,B,0.02,early,True,True,True,True,True,shared,shared,shared,shared
20,266,A,0.02,early,True,True,True,True,True,shared,shared,shared,shared
20,281,A,0.02,early,True,True,True,True,True,shared,shared,shared,shared
20,310,B,0.02,early,True,True,True,True,True,shared,shared,shared,shared
20,312,B,0.02,early,True,True,True,True,True,shared,shared,shared,shared
20,317,A,0.02,early,True,True,True,True,True,shared,shared,shared,shared
20,321,B,0.02,early,True,True,True,True,True,shared,shared,shared,shared
20,322,A,0.02,early,True,True,True,True,True,shared,shared,shared,shared
20,338,B,0.02,early,True,True,True,True,True,shared,shared,shared,shared
20,377,A,0.02,early,True,True,True,True,True,shared,shared,shared,shared
20,378,B,0.02,early,True,True,True,True,True,shared,shared,shared,shared
20,381,A,0.02,early,True,True,True,True,True,shared,shared,shared,shared
20,384,A,0.02,early,True,True,True,True,True,shared,shared,shared,shared
20,400,A,0.02,early,True,True,True,True,True,shared,shared,shared,shared
20,401,B,0.02,early,True,True,False,True,True,lost,lost,lost,lost
20,405,A,0.02,early,True,True,True,True,True,shared,shared,shared,shared
20,410,B,0.02,early,True,True,True,True,True,shared,shared,shared,shared
20,418,A,0.02,early,True,True,True,True,True,shared,shared,shared,shared
20,426,A,0.02,early,True,True,True,True,True,shared,shared,shared,shared
20,433,B,0.02,early,True,True,True,True,True,shared,shared,shared,shared
20,444,A,0.02,early,True,True,True,True,True,shared,shared,shared,shared
20,456,B,0.02,early,True,True,True,True,True,shared,shared,shared,shared
20,463,B,0.02,early,True,True,True,True,True,shared,shared,shared,shared
20,478,B,0.02,early,True,True,True,True,True,shared,shared,shared,shared
20,492,B,0.02,early,True,True,True,True,True,shared,shared,shared,shared
