family,cluster,panel,method,alpha,horizon,detected,runs,recall,normal_pseudo_event,normal_fpr,mean_capped_delay_minutes
322,322,A,S_QTE,0.005,full,20,20,1.0,True,0.020477815699658702,282.45000000000005
266,266,A,S_QTE,0.005,full,17,20,0.85,False,0.0,446.84999999999997
405,405,A,S_QTE,0.005,full,17,20,0.85,False,0.0,437.25
377,377,A,S_QTE,0.005,full,17,20,0.85,False,0.0,426.0
400,400,A,S_QTE,0.005,full,17,20,0.85,False,0.0,444.15000000000003
185,185,A,S_QTE,0.005,full,19,20,0.95,False,0.0,262.5
154,154,A,S_QTE,0.005,full,20,20,1.0,True,0.06598407281001138,122.25
113,113,A,S_QTE,0.005,full,17,20,0.85,False,0.0,454.95000000000005
1,1,A,S_QTE,0.005,full,17,20,0.85,False,0.0,439.95000000000005
225,225,A,S_QTE,0.005,full,20,20,1.0,True,0.07736063708759955,134.85000000000002
384,384,A,S_QTE,0.005,full,17,20,0.85,False,0.0,436.65000000000003
130,130,A,S_QTE,0.005,full,17,20,0.85,False,0.0,454.34999999999997
418,418,A,S_QTE,0.005,full,17,20,0.85,False,0.0,421.65000000000003
281,281,A,S_QTE,0.005,full,20,20,1.0,True,0.023890784982935155,436.79999999999995
199,199,A,S_QTE,0.005,full,17,20,0.85,False,0.0,454.65000000000003
79,79,A,S_QTE,0.005,full,18,20,0.9,False,0.0,382.5
168,168,A,S_QTE,0.005,full,17,20,0.85,False,0.0,430.04999999999995
39,39,A,S_QTE,0.005,full,17,20,0.85,False,0.0,411.75
317,317,A,S_QTE,0.005,full,17,20,0.85,False,0.0,444.59999999999997
15,15,A,S_QTE,0.005,full,17,20,0.85,False,0.0,447.90000000000003
2,2,A,S_QTE,0.005,full,17,20,0.85,False,0.0,441.59999999999997
226,226,A,S_QTE,0.005,full,17,20,0.85,False,0.0,449.84999999999997
444,444,A,S_QTE,0.005,full,17,20,0.85,False,0.0,444.75
381,381,A,S_QTE,0.005,full,17,20,0.85,False,0.0,444.29999999999995
426,426,A,S_QTE,0.005,full,17,20,0.85,False,0.0,425.70000000000005
23,23,B,S_QTE,0.005,full,17,20,0.85,False,0.0,430.04999999999995
218,218,B,S_QTE,0.005,full,17,20,0.85,False,0.0,446.84999999999997
338,338,B,S_QTE,0.005,full,17,20,0.85,False,0.0,437.25
433,433,B,S_QTE,0.005,full,17,20,0.85,False,0.0,427.5
123,123,B,S_QTE,0.005,full,17,20,0.85,False,0.0,453.29999999999995
85,85,B,S_QTE,0.005,full,17,20,0.85,False,0.0,435.75
492,492,B,S_QTE,0.005,full,17,20,0.85,False,0.0,429.29999999999995
456,456,B,S_QTE,0.005,full,17,20,0.85,False,0.0,465.0
378,378,B,S_QTE,0.005,full,17,20,0.85,False,0.0,435.0
196,196,B,S_QTE,0.005,full,17,20,0.85,False,0.0,435.90000000000003
257,257,B,S_QTE,0.005,full,17,20,0.85,False,0.0,423.45000000000005
401,401,B,S_QTE,0.005,full,19,20,0.95,False,0.0,206.54999999999998
126,126,B,S_QTE,0.005,full,17,20,0.85,False,0.0,430.65000000000003
463,463,B,S_QTE,0.005,full,17,20,0.85,False,0.0,435.0
321,321,B,S_QTE,0.005,full,17,20,0.85,False,0.0,462.59999999999997
478,478,B,S_QTE,0.005,full,17,20,0.85,False,0.0,439.5
101,101,B,S_QTE,0.005,full,17,20,0.85,False,0.0,427.5
310,310,B,S_QTE,0.005,full,17,20,0.85,False,0.0,426.75
3,3,B,S_QTE,0.005,full,17,20,0.85,False,0.0,415.95000000000005
173,173,B,S_QTE,0.005,full,17,20,0.85,False,0.0,426.90000000000003
155,155,B,S_QTE,0.005,full,17,20,0.85,False,0.0,429.75
82,82,B,S_QTE,0.005,full,17,20,0.85,False,0.0,436.65000000000003
410,410,B,S_QTE,0.005,full,17,20,0.85,False,0.0,416.09999999999997
216,216,B,S_QTE,0.005,full,17,20,0.85,False,0.0,441.59999999999997
312,312,B,S_QTE,0.005,full,17,20,0.85,False,0.0,444.90000000000003
322,322,A,Jr_QTE,0.005,full,19,20,0.95,False,0.0,280.35
266,266,A,Jr_QTE,0.005,full,18,20,0.9,False,0.0,380.70000000000005
405,405,A,Jr_QTE,0.005,full,17,20,0.85,False,0.0,420.59999999999997
377,377,A,Jr_QTE,0.005,full,18,20,0.9,False,0.0,296.85
400,400,A,Jr_QTE,0.005,full,18,20,0.9,False,0.0,322.04999999999995
185,185,A,Jr_QTE,0.005,full,20,20,1.0,True,0.03981797497155859,42.900000000000006
154,154,A,Jr_QTE,0.005,full,20,20,1.0,True,0.06484641638225255,108.0
113,113,A,Jr_QTE,0.005,full,17,20,0.85,False,0.0,402.15000000000003
1,1,A,Jr_QTE,0.005,full,18,20,0.9,False,0.0,306.45000000000005
225,225,A,Jr_QTE,0.005,full,20,20,1.0,True,0.07736063708759955,119.25
384,384,A,Jr_QTE,0.005,full,18,20,0.9,False,0.0,396.90000000000003
130,130,A,Jr_QTE,0.005,full,18,20,0.9,False,0.0,351.29999999999995
418,418,A,Jr_QTE,0.005,full,18,20,0.9,False,0.0,299.25
281,281,A,Jr_QTE,0.005,full,20,20,1.0,True,0.027303754266211604,390.29999999999995
199,199,A,Jr_QTE,0.005,full,18,20,0.9,False,0.0,363.15
79,79,A,Jr_QTE,0.005,full,19,20,0.95,False,0.0,330.9
168,168,A,Jr_QTE,0.005,full,18,20,0.9,False,0.0,383.70000000000005
39,39,A,Jr_QTE,0.005,full,18,20,0.9,False,0.0,306.75
317,317,A,Jr_QTE,0.005,full,18,20,0.9,False,0.0,352.79999999999995
15,15,A,Jr_QTE,0.005,full,18,20,0.9,False,0.0,396.29999999999995
2,2,A,Jr_QTE,0.005,full,18,20,0.9,False,0.0,317.85
226,226,A,Jr_QTE,0.005,full,20,20,1.0,True,0.01820250284414107,158.55
444,444,A,Jr_QTE,0.005,full,18,20,0.9,False,0.0,334.95000000000005
381,381,A,Jr_QTE,0.005,full,18,20,0.9,False,0.0,297.75
426,426,A,Jr_QTE,0.005,full,18,20,0.9,False,0.0,395.84999999999997
23,23,B,Jr_QTE,0.005,full,17,20,0.85,False,0.0,409.95000000000005
218,218,B,Jr_QTE,0.005,full,18,20,0.9,False,0.0,379.65
338,338,B,Jr_QTE,0.005,full,18,20,0.9,False,0.0,309.9
433,433,B,Jr_QTE,0.005,full,18,20,0.9,False,0.0,323.85
123,123,B,Jr_QTE,0.005,full,18,20,0.9,False,0.0,366.75
85,85,B,Jr_QTE,0.005,full,17,20,0.85,False,0.0,411.15000000000003
492,492,B,Jr_QTE,0.005,full,18,20,0.9,False,0.0,398.54999999999995
456,456,B,Jr_QTE,0.005,full,18,20,0.9,False,0.0,328.04999999999995
378,378,B,Jr_QTE,0.005,full,18,20,0.9,False,0.0,355.20000000000005
196,196,B,Jr_QTE,0.005,full,18,20,0.9,False,0.0,382.04999999999995
257,257,B,Jr_QTE,0.005,full,17,20,0.85,False,0.0,406.34999999999997
401,401,B,Jr_QTE,0.005,full,20,20,1.0,True,0.05233219567690557,75.9
126,126,B,Jr_QTE,0.005,full,18,20,0.9,False,0.0,328.20000000000005
463,463,B,Jr_QTE,0.005,full,18,20,0.9,False,0.0,350.25
321,321,B,Jr_QTE,0.005,full,18,20,0.9,False,0.0,332.4
478,478,B,Jr_QTE,0.005,full,17,20,0.85,False,0.0,423.45000000000005
101,101,B,Jr_QTE,0.005,full,18,20,0.9,False,0.0,325.95000000000005
310,310,B,Jr_QTE,0.005,full,18,20,0.9,False,0.0,400.65000000000003
3,3,B,Jr_QTE,0.005,full,18,20,0.9,False,0.0,336.0
173,173,B,Jr_QTE,0.005,full,18,20,0.9,False,0.0,353.54999999999995
155,155,B,Jr_QTE,0.005,full,17,20,0.85,False,0.0,410.54999999999995
82,82,B,Jr_QTE,0.005,full,18,20,0.9,False,0.0,309.6
410,410,B,Jr_QTE,0.005,full,17,20,0.85,False,0.0,398.84999999999997
216,216,B,Jr_QTE,0.005,full,18,20,0.9,False,0.0,327.29999999999995
312,312,B,Jr_QTE,0.005,full,18,20,0.9,False,0.0,382.65
322,322,A,Dr_QTE,0.005,full,20,20,1.0,True,0.006825938566552901,214.35000000000002
266,266,A,Dr_QTE,0.005,full,19,20,0.95,True,0.004550625711035267,286.95000000000005
405,405,A,Dr_QTE,0.005,full,17,20,0.85,False,0.0,415.65000000000003
377,377,A,Dr_QTE,0.005,full,17,20,0.85,False,0.0,404.54999999999995
400,400,A,Dr_QTE,0.005,full,20,20,1.0,True,0.005688282138794084,145.35000000000002
185,185,A,Dr_QTE,0.005,full,18,20,0.9,False,0.0,341.54999999999995
154,154,A,Dr_QTE,0.005,full,17,20,0.85,False,0.0,420.59999999999997
113,113,A,Dr_QTE,0.005,full,17,20,0.85,False,0.0,409.34999999999997
1,1,A,Dr_QTE,0.005,full,17,20,0.85,False,0.0,420.90000000000003
225,225,A,Dr_QTE,0.005,full,20,20,1.0,True,0.06598407281001138,126.75
384,384,A,Dr_QTE,0.005,full,18,20,0.9,False,0.0,357.29999999999995
130,130,A,Dr_QTE,0.005,full,17,20,0.85,False,0.0,420.0
418,418,A,Dr_QTE,0.005,full,18,20,0.9,False,0.0,337.65
281,281,A,Dr_QTE,0.005,full,20,20,1.0,True,0.03185437997724687,407.25
199,199,A,Dr_QTE,0.005,full,18,20,0.9,False,0.0,373.5
79,79,A,Dr_QTE,0.005,full,18,20,0.9,False,0.0,300.29999999999995
168,168,A,Dr_QTE,0.005,full,18,20,0.9,True,0.0011376564277588168,407.25
39,39,A,Dr_QTE,0.005,full,18,20,0.9,False,0.0,295.95000000000005
317,317,A,Dr_QTE,0.005,full,18,20,0.9,False,0.0,360.75
15,15,A,Dr_QTE,0.005,full,17,20,0.85,False,0.0,428.54999999999995
2,2,A,Dr_QTE,0.005,full,18,20,0.9,False,0.0,309.75
226,226,A,Dr_QTE,0.005,full,18,20,0.9,False,0.0,323.85
444,444,A,Dr_QTE,0.005,full,17,20,0.85,False,0.0,408.45000000000005
381,381,A,Dr_QTE,0.005,full,18,20,0.9,False,0.0,296.4
426,426,A,Dr_QTE,0.005,full,18,20,0.9,False,0.0,401.84999999999997
23,23,B,Dr_QTE,0.005,full,18,20,0.9,False,0.0,359.25
218,218,B,Dr_QTE,0.005,full,19,20,0.95,False,0.0,329.1
338,338,B,Dr_QTE,0.005,full,18,20,0.9,False,0.0,366.45000000000005
433,433,B,Dr_QTE,0.005,full,18,20,0.9,True,0.0034129692832764505,301.5
123,123,B,Dr_QTE,0.005,full,18,20,0.9,False,0.0,372.0
85,85,B,Dr_QTE,0.005,full,17,20,0.85,False,0.0,415.20000000000005
492,492,B,Dr_QTE,0.005,full,18,20,0.9,False,0.0,398.84999999999997
456,456,B,Dr_QTE,0.005,full,19,20,0.95,False,0.0,234.14999999999998
378,378,B,Dr_QTE,0.005,full,20,20,1.0,True,0.007963594994311717,127.19999999999999
196,196,B,Dr_QTE,0.005,full,18,20,0.9,False,0.0,384.45000000000005
257,257,B,Dr_QTE,0.005,full,17,20,0.85,False,0.0,404.25
401,401,B,Dr_QTE,0.005,full,17,20,0.85,False,0.0,417.75
126,126,B,Dr_QTE,0.005,full,19,20,0.95,False,0.0,258.45000000000005
463,463,B,Dr_QTE,0.005,full,17,20,0.85,False,0.0,414.90000000000003
321,321,B,Dr_QTE,0.005,full,18,20,0.9,False,0.0,335.25
478,478,B,Dr_QTE,0.005,full,17,20,0.85,False,0.0,411.59999999999997
101,101,B,Dr_QTE,0.005,full,18,20,0.9,False,0.0,374.4
310,310,B,Dr_QTE,0.005,full,19,20,0.95,True,0.0011376564277588168,258.29999999999995
3,3,B,Dr_QTE,0.005,full,17,20,0.85,False,0.0,401.09999999999997
173,173,B,Dr_QTE,0.005,full,17,20,0.85,False,0.0,416.54999999999995
155,155,B,Dr_QTE,0.005,full,17,20,0.85,False,0.0,412.20000000000005
82,82,B,Dr_QTE,0.005,full,19,20,0.95,False,0.0,200.85000000000002
410,410,B,Dr_QTE,0.005,full,17,20,0.85,False,0.0,403.5
216,216,B,Dr_QTE,0.005,full,18,20,0.9,False,0.0,332.25
312,312,B,Dr_QTE,0.005,full,18,20,0.9,False,0.0,380.54999999999995
322,322,A,PairError-QTE,0.005,full,19,20,0.95,False,0.0,264.75
266,266,A,PairError-QTE,0.005,full,18,20,0.9,False,0.0,377.85
405,405,A,PairError-QTE,0.005,full,17,20,0.85,False,0.0,411.0
377,377,A,PairError-QTE,0.005,full,18,20,0.9,False,0.0,290.70000000000005
400,400,A,PairError-QTE,0.005,full,18,20,0.9,False,0.0,310.35
185,185,A,PairError-QTE,0.005,full,20,20,1.0,True,0.040955631399317405,41.099999999999994
154,154,A,PairError-QTE,0.005,full,20,20,1.0,True,0.06484641638225255,105.14999999999999
113,113,A,PairError-QTE,0.005,full,17,20,0.85,False,0.0,399.45000000000005
1,1,A,PairError-QTE,0.005,full,18,20,0.9,False,0.0,302.4
225,225,A,PairError-QTE,0.005,full,20,20,1.0,True,0.07849829351535836,114.75
384,384,A,PairError-QTE,0.005,full,18,20,0.9,False,0.0,303.9
130,130,A,PairError-QTE,0.005,full,18,20,0.9,False,0.0,343.20000000000005
418,418,A,PairError-QTE,0.005,full,18,20,0.9,False,0.0,295.20000000000005
281,281,A,PairError-QTE,0.005,full,20,20,1.0,True,0.027303754266211604,372.75
199,199,A,PairError-QTE,0.005,full,18,20,0.9,False,0.0,361.35
79,79,A,PairError-QTE,0.005,full,19,20,0.95,False,0.0,325.04999999999995
168,168,A,PairError-QTE,0.005,full,18,20,0.9,False,0.0,382.04999999999995
39,39,A,PairError-QTE,0.005,full,18,20,0.9,False,0.0,304.95000000000005
317,317,A,PairError-QTE,0.005,full,18,20,0.9,False,0.0,346.95000000000005
15,15,A,PairError-QTE,0.005,full,18,20,0.9,False,0.0,389.09999999999997
2,2,A,PairError-QTE,0.005,full,18,20,0.9,False,0.0,305.4
226,226,A,PairError-QTE,0.005,full,20,20,1.0,True,0.022753128555176336,154.95
444,444,A,PairError-QTE,0.005,full,18,20,0.9,False,0.0,328.04999999999995
381,381,A,PairError-QTE,0.005,full,18,20,0.9,False,0.0,288.29999999999995
426,426,A,PairError-QTE,0.005,full,18,20,0.9,False,0.0,390.75
23,23,B,PairError-QTE,0.005,full,17,20,0.85,False,0.0,407.70000000000005
218,218,B,PairError-QTE,0.005,full,18,20,0.9,False,0.0,369.0
338,338,B,PairError-QTE,0.005,full,18,20,0.9,False,0.0,305.70000000000005
433,433,B,PairError-QTE,0.005,full,18,20,0.9,False,0.0,319.35
123,123,B,PairError-QTE,0.005,full,18,20,0.9,False,0.0,364.65
85,85,B,PairError-QTE,0.005,full,17,20,0.85,False,0.0,408.75
492,492,B,PairError-QTE,0.005,full,18,20,0.9,False,0.0,309.75
456,456,B,PairError-QTE,0.005,full,18,20,0.9,False,0.0,321.29999999999995
378,378,B,PairError-QTE,0.005,full,18,20,0.9,False,0.0,349.20000000000005
196,196,B,PairError-QTE,0.005,full,18,20,0.9,False,0.0,377.70000000000005
257,257,B,PairError-QTE,0.005,full,19,20,0.95,False,0.0,339.9
401,401,B,PairError-QTE,0.005,full,20,20,1.0,True,0.053469852104664393,75.6
126,126,B,PairError-QTE,0.005,full,18,20,0.9,False,0.0,321.75
463,463,B,PairError-QTE,0.005,full,18,20,0.9,False,0.0,343.20000000000005
321,321,B,PairError-QTE,0.005,full,18,20,0.9,False,0.0,324.75
478,478,B,PairError-QTE,0.005,full,17,20,0.85,False,0.0,412.20000000000005
101,101,B,PairError-QTE,0.005,full,18,20,0.9,False,0.0,322.79999999999995
310,310,B,PairError-QTE,0.005,full,18,20,0.9,False,0.0,373.95000000000005
3,3,B,PairError-QTE,0.005,full,18,20,0.9,False,0.0,329.85
173,173,B,PairError-QTE,0.005,full,18,20,0.9,False,0.0,346.5
155,155,B,PairError-QTE,0.005,full,18,20,0.9,False,0.0,310.5
82,82,B,PairError-QTE,0.005,full,19,20,0.95,False,0.0,279.0
410,410,B,PairError-QTE,0.005,full,17,20,0.85,False,0.0,397.34999999999997
216,216,B,PairError-QTE,0.005,full,18,20,0.9,False,0.0,316.95000000000005
312,312,B,PairError-QTE,0.005,full,18,20,0.9,False,0.0,374.70000000000005
322,322,A,PCA-SPE,0.005,full,20,20,1.0,True,0.10949720670391061,218.10000000000002
266,266,A,PCA-SPE,0.005,full,17,20,0.85,False,0.0,420.59999999999997
405,405,A,PCA-SPE,0.005,full,17,20,0.85,False,0.0,429.29999999999995
377,377,A,PCA-SPE,0.005,full,20,20,1.0,True,0.008938547486033519,288.29999999999995
400,400,A,PCA-SPE,0.005,full,20,20,1.0,True,0.042458100558659215,51.599999999999994
185,185,A,PCA-SPE,0.005,full,20,20,1.0,True,0.03240223463687151,102.75
154,154,A,PCA-SPE,0.005,full,20,20,1.0,True,0.055865921787709494,108.0
113,113,A,PCA-SPE,0.005,full,17,20,0.85,False,0.0,408.90000000000003
1,1,A,PCA-SPE,0.005,full,18,20,0.9,False,0.0,294.45000000000005
225,225,A,PCA-SPE,0.005,full,17,20,0.85,False,0.0,429.0
384,384,A,PCA-SPE,0.005,full,20,20,1.0,True,0.004469273743016759,229.64999999999998
130,130,A,PCA-SPE,0.005,full,17,20,0.85,False,0.0,426.75
418,418,A,PCA-SPE,0.005,full,17,20,0.85,False,0.0,423.59999999999997
281,281,A,PCA-SPE,0.005,full,20,20,1.0,True,0.013407821229050279,311.4
199,199,A,PCA-SPE,0.005,full,17,20,0.85,False,0.0,424.20000000000005
79,79,A,PCA-SPE,0.005,full,20,20,1.0,True,0.05698324022346369,364.20000000000005
168,168,A,PCA-SPE,0.005,full,19,20,0.95,True,0.0011173184357541898,251.54999999999998
39,39,A,PCA-SPE,0.005,full,17,20,0.85,False,0.0,415.34999999999997
317,317,A,PCA-SPE,0.005,full,20,20,1.0,True,0.035754189944134075,118.64999999999999
15,15,A,PCA-SPE,0.005,full,17,20,0.85,False,0.0,444.0
2,2,A,PCA-SPE,0.005,full,17,20,0.85,False,0.0,434.25
226,226,A,PCA-SPE,0.005,full,17,20,0.85,False,0.0,423.29999999999995
444,444,A,PCA-SPE,0.005,full,17,20,0.85,False,0.0,415.65000000000003
381,381,A,PCA-SPE,0.005,full,17,20,0.85,False,0.0,418.20000000000005
426,426,A,PCA-SPE,0.005,full,17,20,0.85,False,0.0,404.84999999999997
23,23,B,PCA-SPE,0.005,full,17,20,0.85,False,0.0,418.79999999999995
218,218,B,PCA-SPE,0.005,full,18,20,0.9,False,0.0,308.25
338,338,B,PCA-SPE,0.005,full,17,20,0.85,False,0.0,426.29999999999995
433,433,B,PCA-SPE,0.005,full,17,20,0.85,False,0.0,415.79999999999995
123,123,B,PCA-SPE,0.005,full,17,20,0.85,False,0.0,427.04999999999995
85,85,B,PCA-SPE,0.005,full,17,20,0.85,False,0.0,426.45000000000005
492,492,B,PCA-SPE,0.005,full,17,20,0.85,False,0.0,419.40000000000003
456,456,B,PCA-SPE,0.005,full,17,20,0.85,False,0.0,418.20000000000005
378,378,B,PCA-SPE,0.005,full,17,20,0.85,False,0.0,413.09999999999997
196,196,B,PCA-SPE,0.005,full,17,20,0.85,False,0.0,416.70000000000005
257,257,B,PCA-SPE,0.005,full,18,20,0.9,False,0.0,395.25
401,401,B,PCA-SPE,0.005,full,18,20,0.9,False,0.0,421.5
126,126,B,PCA-SPE,0.005,full,20,20,1.0,True,0.0033519553072625698,299.70000000000005
463,463,B,PCA-SPE,0.005,full,20,20,1.0,True,0.0067039106145251395,156.45
321,321,B,PCA-SPE,0.005,full,20,20,1.0,True,0.02346368715083799,396.0
478,478,B,PCA-SPE,0.005,full,17,20,0.85,False,0.0,420.0
101,101,B,PCA-SPE,0.005,full,17,20,0.85,False,0.0,417.0
310,310,B,PCA-SPE,0.005,full,19,20,0.95,False,0.0,344.4
3,3,B,PCA-SPE,0.005,full,17,20,0.85,False,0.0,395.40000000000003
173,173,B,PCA-SPE,0.005,full,20,20,1.0,True,0.035754189944134075,338.70000000000005
155,155,B,PCA-SPE,0.005,full,20,20,1.0,True,0.01564245810055866,402.90000000000003
82,82,B,PCA-SPE,0.005,full,17,20,0.85,False,0.0,416.25
410,410,B,PCA-SPE,0.005,full,17,20,0.85,False,0.0,413.54999999999995
216,216,B,PCA-SPE,0.005,full,17,20,0.85,False,0.0,430.34999999999997
312,312,B,PCA-SPE,0.005,full,17,20,0.85,False,0.0,429.90000000000003
322,322,A,S_QTE,0.005,early,15,20,0.75,False,0.020477815699658702,103.19999999999999
266,266,A,S_QTE,0.005,early,15,20,0.75,False,0.0,107.55000000000001
405,405,A,S_QTE,0.005,early,16,20,0.8,False,0.0,106.80000000000001
377,377,A,S_QTE,0.005,early,16,20,0.8,False,0.0,91.80000000000001
400,400,A,S_QTE,0.005,early,15,20,0.75,False,0.0,110.25
185,185,A,S_QTE,0.005,early,16,20,0.8,False,0.0,102.89999999999999
154,154,A,S_QTE,0.005,early,16,20,0.8,False,0.06598407281001138,104.25
113,113,A,S_QTE,0.005,early,16,20,0.8,False,0.0,100.05000000000001
1,1,A,S_QTE,0.005,early,15,20,0.75,False,0.0,113.25
225,225,A,S_QTE,0.005,early,15,20,0.75,False,0.07736063708759955,109.19999999999999
384,384,A,S_QTE,0.005,early,16,20,0.8,False,0.0,110.10000000000001
130,130,A,S_QTE,0.005,early,14,20,0.7,False,0.0,113.25
418,418,A,S_QTE,0.005,early,17,20,0.85,False,0.0,97.64999999999999
281,281,A,S_QTE,0.005,early,14,20,0.7,False,0.023890784982935155,113.55000000000001
199,199,A,S_QTE,0.005,early,14,20,0.7,False,0.0,113.10000000000001
79,79,A,S_QTE,0.005,early,16,20,0.8,False,0.0,112.19999999999999
168,168,A,S_QTE,0.005,early,17,20,0.85,False,0.0,106.05000000000001
39,39,A,S_QTE,0.005,early,17,20,0.85,False,0.0,87.75
317,317,A,S_QTE,0.005,early,15,20,0.75,False,0.0,108.0
15,15,A,S_QTE,0.005,early,16,20,0.8,False,0.0,111.30000000000001
2,2,A,S_QTE,0.005,early,15,20,0.75,False,0.0,103.64999999999999
226,226,A,S_QTE,0.005,early,16,20,0.8,False,0.0,106.5
444,444,A,S_QTE,0.005,early,15,20,0.75,False,0.0,108.89999999999999
381,381,A,S_QTE,0.005,early,15,20,0.75,False,0.0,103.35000000000001
426,426,A,S_QTE,0.005,early,16,20,0.8,False,0.0,97.94999999999999
23,23,B,S_QTE,0.005,early,16,20,0.8,False,0.0,103.94999999999999
218,218,B,S_QTE,0.005,early,16,20,0.8,False,0.0,98.55000000000001
338,338,B,S_QTE,0.005,early,15,20,0.75,False,0.0,107.10000000000001
433,433,B,S_QTE,0.005,early,17,20,0.85,False,0.0,103.5
123,123,B,S_QTE,0.005,early,15,20,0.75,False,0.0,110.25
85,85,B,S_QTE,0.005,early,16,20,0.8,False,0.0,109.5
492,492,B,S_QTE,0.005,early,16,20,0.8,False,0.0,98.25
456,456,B,S_QTE,0.005,early,15,20,0.75,False,0.0,103.80000000000001
378,378,B,S_QTE,0.005,early,16,20,0.8,False,0.0,99.44999999999999
196,196,B,S_QTE,0.005,early,15,20,0.75,False,0.0,99.30000000000001
257,257,B,S_QTE,0.005,early,16,20,0.8,False,0.0,94.5
401,401,B,S_QTE,0.005,early,17,20,0.85,False,0.0,95.25
126,126,B,S_QTE,0.005,early,16,20,0.8,False,0.0,102.75
463,463,B,S_QTE,0.005,early,16,20,0.8,False,0.0,106.5
321,321,B,S_QTE,0.005,early,13,20,0.65,False,0.0,117.44999999999999
478,478,B,S_QTE,0.005,early,14,20,0.7,False,0.0,111.44999999999999
101,101,B,S_QTE,0.005,early,16,20,0.8,False,0.0,102.14999999999999
310,310,B,S_QTE,0.005,early,17,20,0.85,False,0.0,102.75
3,3,B,S_QTE,0.005,early,17,20,0.85,False,0.0,91.94999999999999
173,173,B,S_QTE,0.005,early,17,20,0.85,False,0.0,102.89999999999999
155,155,B,S_QTE,0.005,early,16,20,0.8,False,0.0,104.10000000000001
82,82,B,S_QTE,0.005,early,16,20,0.8,False,0.0,98.39999999999999
410,410,B,S_QTE,0.005,early,17,20,0.85,False,0.0,92.1
216,216,B,S_QTE,0.005,early,16,20,0.8,False,0.0,116.55000000000001
312,312,B,S_QTE,0.005,early,15,20,0.75,False,0.0,118.64999999999999
322,322,A,Jr_QTE,0.005,early,16,20,0.8,False,0.0,89.85
266,266,A,Jr_QTE,0.005,early,16,20,0.8,False,0.0,87.9
405,405,A,Jr_QTE,0.005,early,17,20,0.85,False,0.0,96.60000000000001
377,377,A,Jr_QTE,0.005,early,18,20,0.9,False,0.0,80.85
400,400,A,Jr_QTE,0.005,early,16,20,0.8,False,0.0,98.10000000000001
185,185,A,Jr_QTE,0.005,early,20,20,1.0,True,0.03981797497155859,42.900000000000006
154,154,A,Jr_QTE,0.005,early,17,20,0.85,False,0.06484641638225255,90.30000000000001
113,113,A,Jr_QTE,0.005,early,17,20,0.85,False,0.0,78.15
1,1,A,Jr_QTE,0.005,early,18,20,0.9,False,0.0,90.44999999999999
225,225,A,Jr_QTE,0.005,early,17,20,0.85,False,0.07736063708759955,94.80000000000001
384,384,A,Jr_QTE,0.005,early,17,20,0.85,False,0.0,90.9
130,130,A,Jr_QTE,0.005,early,15,20,0.75,False,0.0,95.4
418,418,A,Jr_QTE,0.005,early,17,20,0.85,False,0.0,82.19999999999999
281,281,A,Jr_QTE,0.005,early,16,20,0.8,False,0.027303754266211604,93.44999999999999
199,199,A,Jr_QTE,0.005,early,17,20,0.85,False,0.0,86.55000000000001
79,79,A,Jr_QTE,0.005,early,17,20,0.85,False,0.0,94.94999999999999
168,168,A,Jr_QTE,0.005,early,17,20,0.85,False,0.0,88.94999999999999
39,39,A,Jr_QTE,0.005,early,17,20,0.85,False,0.0,79.35
317,317,A,Jr_QTE,0.005,early,17,20,0.85,False,0.0,86.25
15,15,A,Jr_QTE,0.005,early,16,20,0.8,False,0.0,99.14999999999999
2,2,A,Jr_QTE,0.005,early,16,20,0.8,False,0.0,87.44999999999999
226,226,A,Jr_QTE,0.005,early,17,20,0.85,False,0.01820250284414107,95.85
444,444,A,Jr_QTE,0.005,early,17,20,0.85,False,0.0,85.05000000000001
381,381,A,Jr_QTE,0.005,early,17,20,0.85,False,0.0,81.44999999999999
426,426,A,Jr_QTE,0.005,early,17,20,0.85,False,0.0,77.69999999999999
23,23,B,Jr_QTE,0.005,early,17,20,0.85,False,0.0,85.94999999999999
218,218,B,Jr_QTE,0.005,early,17,20,0.85,False,0.0,73.65
338,338,B,Jr_QTE,0.005,early,17,20,0.85,False,0.0,91.19999999999999
433,433,B,Jr_QTE,0.005,early,17,20,0.85,False,0.0,83.69999999999999
123,123,B,Jr_QTE,0.005,early,17,20,0.85,False,0.0,92.69999999999999
85,85,B,Jr_QTE,0.005,early,17,20,0.85,False,0.0,87.15
492,492,B,Jr_QTE,0.005,early,16,20,0.8,False,0.0,83.4
456,456,B,Jr_QTE,0.005,early,16,20,0.8,False,0.0,85.65
378,378,B,Jr_QTE,0.005,early,17,20,0.85,False,0.0,84.6
196,196,B,Jr_QTE,0.005,early,17,20,0.85,False,0.0,87.15
257,257,B,Jr_QTE,0.005,early,16,20,0.8,False,0.0,82.19999999999999
401,401,B,Jr_QTE,0.005,early,20,20,1.0,True,0.05233219567690557,75.9
126,126,B,Jr_QTE,0.005,early,16,20,0.8,False,0.0,91.05000000000001
463,463,B,Jr_QTE,0.005,early,17,20,0.85,False,0.0,88.94999999999999
321,321,B,Jr_QTE,0.005,early,15,20,0.75,False,0.0,98.55000000000001
478,478,B,Jr_QTE,0.005,early,16,20,0.8,False,0.0,97.94999999999999
101,101,B,Jr_QTE,0.005,early,17,20,0.85,False,0.0,78.0
310,310,B,Jr_QTE,0.005,early,17,20,0.85,False,0.0,77.1
3,3,B,Jr_QTE,0.005,early,17,20,0.85,False,0.0,77.25
173,173,B,Jr_QTE,0.005,early,17,20,0.85,False,0.0,87.9
155,155,B,Jr_QTE,0.005,early,17,20,0.85,False,0.0,86.55000000000001
82,82,B,Jr_QTE,0.005,early,17,20,0.85,False,0.0,78.0
410,410,B,Jr_QTE,0.005,early,17,20,0.85,False,0.0,74.85
216,216,B,Jr_QTE,0.005,early,17,20,0.85,False,0.0,95.85
312,312,B,Jr_QTE,0.005,early,17,20,0.85,False,0.0,103.5
322,322,A,Dr_QTE,0.005,early,17,20,0.85,False,0.006825938566552901,90.30000000000001
266,266,A,Dr_QTE,0.005,early,16,20,0.8,False,0.004550625711035267,93.44999999999999
405,405,A,Dr_QTE,0.005,early,17,20,0.85,False,0.0,91.65
377,377,A,Dr_QTE,0.005,early,17,20,0.85,False,0.0,80.55000000000001
400,400,A,Dr_QTE,0.005,early,17,20,0.85,False,0.005688282138794084,97.94999999999999
185,185,A,Dr_QTE,0.005,early,17,20,0.85,False,0.0,89.25
154,154,A,Dr_QTE,0.005,early,17,20,0.85,False,0.0,96.60000000000001
113,113,A,Dr_QTE,0.005,early,17,20,0.85,False,0.0,85.35
1,1,A,Dr_QTE,0.005,early,17,20,0.85,False,0.0,96.89999999999999
225,225,A,Dr_QTE,0.005,early,17,20,0.85,False,0.06598407281001138,93.44999999999999
384,384,A,Dr_QTE,0.005,early,16,20,0.8,False,0.0,96.30000000000001
130,130,A,Dr_QTE,0.005,early,16,20,0.8,False,0.0,94.65
418,418,A,Dr_QTE,0.005,early,17,20,0.85,False,0.0,83.55000000000001
281,281,A,Dr_QTE,0.005,early,16,20,0.8,False,0.03185437997724687,96.30000000000001
199,199,A,Dr_QTE,0.005,early,17,20,0.85,False,0.0,92.55000000000001
79,79,A,Dr_QTE,0.005,early,18,20,0.9,False,0.0,84.30000000000001
168,168,A,Dr_QTE,0.005,early,17,20,0.85,False,0.0011376564277588168,94.19999999999999
39,39,A,Dr_QTE,0.005,early,18,20,0.9,False,0.0,79.94999999999999
317,317,A,Dr_QTE,0.005,early,17,20,0.85,False,0.0,87.9
15,15,A,Dr_QTE,0.005,early,16,20,0.8,False,0.0,102.0
2,2,A,Dr_QTE,0.005,early,17,20,0.85,False,0.0,88.94999999999999
226,226,A,Dr_QTE,0.005,early,17,20,0.85,False,0.0,98.39999999999999
444,444,A,Dr_QTE,0.005,early,17,20,0.85,False,0.0,84.44999999999999
381,381,A,Dr_QTE,0.005,early,18,20,0.9,False,0.0,80.4
426,426,A,Dr_QTE,0.005,early,17,20,0.85,False,0.0,80.69999999999999
23,23,B,Dr_QTE,0.005,early,17,20,0.85,False,0.0,90.6
218,218,B,Dr_QTE,0.005,early,17,20,0.85,False,0.0,74.1
338,338,B,Dr_QTE,0.005,early,17,20,0.85,False,0.0,85.94999999999999
433,433,B,Dr_QTE,0.005,early,17,20,0.85,False,0.0034129692832764505,84.6
123,123,B,Dr_QTE,0.005,early,17,20,0.85,False,0.0,91.35
85,85,B,Dr_QTE,0.005,early,17,20,0.85,False,0.0,91.19999999999999
492,492,B,Dr_QTE,0.005,early,17,20,0.85,False,0.0,80.4
456,456,B,Dr_QTE,0.005,early,17,20,0.85,False,0.0,88.19999999999999
378,378,B,Dr_QTE,0.005,early,17,20,0.85,False,0.007963594994311717,83.85
196,196,B,Dr_QTE,0.005,early,17,20,0.85,False,0.0,91.05000000000001
257,257,B,Dr_QTE,0.005,early,17,20,0.85,False,0.0,80.25
401,401,B,Dr_QTE,0.005,early,16,20,0.8,False,0.0,93.30000000000001
126,126,B,Dr_QTE,0.005,early,16,20,0.8,False,0.0,93.15
463,463,B,Dr_QTE,0.005,early,17,20,0.85,False,0.0,90.9
321,321,B,Dr_QTE,0.005,early,16,20,0.8,False,0.0,103.5
478,478,B,Dr_QTE,0.005,early,16,20,0.8,False,0.0,86.25
101,101,B,Dr_QTE,0.005,early,17,20,0.85,False,0.0,82.94999999999999
310,310,B,Dr_QTE,0.005,early,17,20,0.85,False,0.0011376564277588168,84.0
3,3,B,Dr_QTE,0.005,early,17,20,0.85,False,0.0,77.1
173,173,B,Dr_QTE,0.005,early,17,20,0.85,False,0.0,92.55000000000001
155,155,B,Dr_QTE,0.005,early,17,20,0.85,False,0.0,88.19999999999999
82,82,B,Dr_QTE,0.005,early,18,20,0.9,False,0.0,76.94999999999999
410,410,B,Dr_QTE,0.005,early,17,20,0.85,False,0.0,79.5
216,216,B,Dr_QTE,0.005,early,17,20,0.85,False,0.0,98.39999999999999
312,312,B,Dr_QTE,0.005,early,17,20,0.85,False,0.0,100.64999999999999
322,322,A,PairError-QTE,0.005,early,17,20,0.85,False,0.0,83.25
266,266,A,PairError-QTE,0.005,early,16,20,0.8,False,0.0,85.94999999999999
405,405,A,PairError-QTE,0.005,early,17,20,0.85,False,0.0,87.0
377,377,A,PairError-QTE,0.005,early,18,20,0.9,False,0.0,74.69999999999999
400,400,A,PairError-QTE,0.005,early,17,20,0.85,False,0.0,89.25
185,185,A,PairError-QTE,0.005,early,20,20,1.0,True,0.040955631399317405,41.099999999999994
154,154,A,PairError-QTE,0.005,early,17,20,0.85,False,0.06484641638225255,87.6
113,113,A,PairError-QTE,0.005,early,17,20,0.85,False,0.0,75.44999999999999
1,1,A,PairError-QTE,0.005,early,18,20,0.9,False,0.0,86.4
225,225,A,PairError-QTE,0.005,early,17,20,0.85,False,0.07849829351535836,90.30000000000001
384,384,A,PairError-QTE,0.005,early,17,20,0.85,False,0.0,85.94999999999999
130,130,A,PairError-QTE,0.005,early,16,20,0.8,False,0.0,91.35
418,418,A,PairError-QTE,0.005,early,17,20,0.85,False,0.0,78.6
281,281,A,PairError-QTE,0.005,early,16,20,0.8,False,0.027303754266211604,90.0
199,199,A,PairError-QTE,0.005,early,17,20,0.85,False,0.0,85.05000000000001
79,79,A,PairError-QTE,0.005,early,17,20,0.85,False,0.0,89.55000000000001
168,168,A,PairError-QTE,0.005,early,17,20,0.85,False,0.0,87.6
39,39,A,PairError-QTE,0.005,early,17,20,0.85,False,0.0,77.55000000000001
317,317,A,PairError-QTE,0.005,early,17,20,0.85,False,0.0,81.44999999999999
15,15,A,PairError-QTE,0.005,early,16,20,0.8,False,0.0,95.1
2,2,A,PairError-QTE,0.005,early,17,20,0.85,False,0.0,85.94999999999999
226,226,A,PairError-QTE,0.005,early,17,20,0.85,False,0.022753128555176336,92.4
444,444,A,PairError-QTE,0.005,early,17,20,0.85,False,0.0,79.05000000000001
381,381,A,PairError-QTE,0.005,early,18,20,0.9,False,0.0,72.30000000000001
426,426,A,PairError-QTE,0.005,early,17,20,0.85,False,0.0,72.75
23,23,B,PairError-QTE,0.005,early,17,20,0.85,False,0.0,83.69999999999999
218,218,B,PairError-QTE,0.005,early,17,20,0.85,False,0.0,70.35
338,338,B,PairError-QTE,0.005,early,17,20,0.85,False,0.0,87.75
433,433,B,PairError-QTE,0.005,early,17,20,0.85,False,0.0,80.4
123,123,B,PairError-QTE,0.005,early,17,20,0.85,False,0.0,90.6
85,85,B,PairError-QTE,0.005,early,17,20,0.85,False,0.0,84.75
492,492,B,PairError-QTE,0.005,early,17,20,0.85,False,0.0,78.15
456,456,B,PairError-QTE,0.005,early,17,20,0.85,False,0.0,80.1
378,378,B,PairError-QTE,0.005,early,17,20,0.85,False,0.0,79.35
196,196,B,PairError-QTE,0.005,early,17,20,0.85,False,0.0,83.69999999999999
257,257,B,PairError-QTE,0.005,early,17,20,0.85,False,0.0,75.6
401,401,B,PairError-QTE,0.005,early,20,20,1.0,True,0.053469852104664393,75.6
126,126,B,PairError-QTE,0.005,early,16,20,0.8,False,0.0,85.94999999999999
463,463,B,PairError-QTE,0.005,early,17,20,0.85,False,0.0,86.69999999999999
321,321,B,PairError-QTE,0.005,early,16,20,0.8,False,0.0,97.5
478,478,B,PairError-QTE,0.005,early,16,20,0.8,False,0.0,86.85
101,101,B,PairError-QTE,0.005,early,17,20,0.85,False,0.0,75.30000000000001
310,310,B,PairError-QTE,0.005,early,17,20,0.85,False,0.0,75.6
3,3,B,PairError-QTE,0.005,early,17,20,0.85,False,0.0,72.6
173,173,B,PairError-QTE,0.005,early,17,20,0.85,False,0.0,81.15
155,155,B,PairError-QTE,0.005,early,17,20,0.85,False,0.0,84.44999999999999
82,82,B,PairError-QTE,0.005,early,17,20,0.85,False,0.0,76.19999999999999
410,410,B,PairError-QTE,0.005,early,17,20,0.85,False,0.0,73.35
216,216,B,PairError-QTE,0.005,early,17,20,0.85,False,0.0,89.85
312,312,B,PairError-QTE,0.005,early,17,20,0.85,False,0.0,95.85
322,322,A,PCA-SPE,0.005,early,15,20,0.75,False,0.10949720670391061,97.35000000000001
266,266,A,PCA-SPE,0.005,early,16,20,0.8,False,0.0,95.4
405,405,A,PCA-SPE,0.005,early,17,20,0.85,False,0.0,105.30000000000001
377,377,A,PCA-SPE,0.005,early,17,20,0.85,False,0.008938547486033519,100.5
400,400,A,PCA-SPE,0.005,early,20,20,1.0,True,0.042458100558659215,51.599999999999994
185,185,A,PCA-SPE,0.005,early,17,20,0.85,False,0.03240223463687151,89.55000000000001
154,154,A,PCA-SPE,0.005,early,17,20,0.85,False,0.055865921787709494,97.80000000000001
113,113,A,PCA-SPE,0.005,early,17,20,0.85,False,0.0,84.9
1,1,A,PCA-SPE,0.005,early,18,20,0.9,False,0.0,78.44999999999999
225,225,A,PCA-SPE,0.005,early,16,20,0.8,False,0.0,105.0
384,384,A,PCA-SPE,0.005,early,17,20,0.85,False,0.004469273743016759,102.75
130,130,A,PCA-SPE,0.005,early,15,20,0.75,False,0.0,101.10000000000001
418,418,A,PCA-SPE,0.005,early,17,20,0.85,False,0.0,99.60000000000001
281,281,A,PCA-SPE,0.005,early,17,20,0.85,False,0.013407821229050279,99.44999999999999
199,199,A,PCA-SPE,0.005,early,17,20,0.85,False,0.0,100.19999999999999
79,79,A,PCA-SPE,0.005,early,17,20,0.85,False,0.05698324022346369,96.75
168,168,A,PCA-SPE,0.005,early,17,20,0.85,False,0.0011173184357541898,93.15
39,39,A,PCA-SPE,0.005,early,17,20,0.85,False,0.0,91.35
317,317,A,PCA-SPE,0.005,early,17,20,0.85,False,0.035754189944134075,95.4
15,15,A,PCA-SPE,0.005,early,16,20,0.8,False,0.0,113.25
2,2,A,PCA-SPE,0.005,early,16,20,0.8,False,0.0,98.39999999999999
226,226,A,PCA-SPE,0.005,early,17,20,0.85,False,0.0,99.30000000000001
444,444,A,PCA-SPE,0.005,early,17,20,0.85,False,0.0,91.65
381,381,A,PCA-SPE,0.005,early,16,20,0.8,False,0.0,92.69999999999999
426,426,A,PCA-SPE,0.005,early,17,20,0.85,False,0.0,80.85
23,23,B,PCA-SPE,0.005,early,17,20,0.85,False,0.0,94.80000000000001
218,218,B,PCA-SPE,0.005,early,17,20,0.85,False,0.0,89.69999999999999
338,338,B,PCA-SPE,0.005,early,17,20,0.85,False,0.0,102.30000000000001
433,433,B,PCA-SPE,0.005,early,17,20,0.85,False,0.0,91.80000000000001
123,123,B,PCA-SPE,0.005,early,17,20,0.85,False,0.0,103.05000000000001
85,85,B,PCA-SPE,0.005,early,16,20,0.8,False,0.0,101.39999999999999
492,492,B,PCA-SPE,0.005,early,17,20,0.85,False,0.0,95.4
456,456,B,PCA-SPE,0.005,early,17,20,0.85,False,0.0,94.19999999999999
378,378,B,PCA-SPE,0.005,early,17,20,0.85,False,0.0,89.1
196,196,B,PCA-SPE,0.005,early,17,20,0.85,False,0.0,92.69999999999999
257,257,B,PCA-SPE,0.005,early,17,20,0.85,False,0.0,89.55000000000001
401,401,B,PCA-SPE,0.005,early,16,20,0.8,False,0.0,104.10000000000001
126,126,B,PCA-SPE,0.005,early,16,20,0.8,False,0.0033519553072625698,98.69999999999999
463,463,B,PCA-SPE,0.005,early,17,20,0.85,False,0.0067039106145251395,94.19999999999999
321,321,B,PCA-SPE,0.005,early,14,20,0.7,False,0.02346368715083799,115.64999999999999
478,478,B,PCA-SPE,0.005,early,16,20,0.8,False,0.0,93.44999999999999
101,101,B,PCA-SPE,0.005,early,17,20,0.85,False,0.0,93.0
310,310,B,PCA-SPE,0.005,early,17,20,0.85,False,0.0,94.65
3,3,B,PCA-SPE,0.005,early,17,20,0.85,False,0.0,71.4
173,173,B,PCA-SPE,0.005,early,17,20,0.85,False,0.035754189944134075,87.75
155,155,B,PCA-SPE,0.005,early,17,20,0.85,False,0.01564245810055866,101.10000000000001
82,82,B,PCA-SPE,0.005,early,17,20,0.85,False,0.0,92.25
410,410,B,PCA-SPE,0.005,early,17,20,0.85,False,0.0,89.55000000000001
216,216,B,PCA-SPE,0.005,early,17,20,0.85,False,0.0,106.35000000000001
312,312,B,PCA-SPE,0.005,early,17,20,0.85,False,0.0,105.89999999999999
322,322,A,S_QTE,0.01,full,20,20,1.0,True,0.06484641638225255,268.65
266,266,A,S_QTE,0.01,full,17,20,0.85,False,0.0,438.29999999999995
405,405,A,S_QTE,0.01,full,17,20,0.85,False,0.0,426.0
377,377,A,S_QTE,0.01,full,18,20,0.9,False,0.0,331.35
400,400,A,S_QTE,0.01,full,17,20,0.85,False,0.0,438.90000000000003
185,185,A,S_QTE,0.01,full,20,20,1.0,True,0.09215017064846416,50.849999999999994
154,154,A,S_QTE,0.01,full,20,20,1.0,True,0.08191126279863481,109.19999999999999
113,113,A,S_QTE,0.01,full,17,20,0.85,False,0.0,419.70000000000005
1,1,A,S_QTE,0.01,full,17,20,0.85,False,0.0,431.25
225,225,A,S_QTE,0.01,full,20,20,1.0,True,0.10693970420932879,121.80000000000001
384,384,A,S_QTE,0.01,full,17,20,0.85,False,0.0,426.59999999999997
130,130,A,S_QTE,0.01,full,17,20,0.85,False,0.0,442.79999999999995
418,418,A,S_QTE,0.01,full,17,20,0.85,False,0.0,416.40000000000003
281,281,A,S_QTE,0.01,full,20,20,1.0,True,0.07394766780432309,387.90000000000003
199,199,A,S_QTE,0.01,full,17,20,0.85,False,0.0,431.84999999999997
79,79,A,S_QTE,0.01,full,20,20,1.0,True,0.06143344709897611,288.9
168,168,A,S_QTE,0.01,full,17,20,0.85,False,0.0,419.09999999999997
39,39,A,S_QTE,0.01,full,17,20,0.85,False,0.0,407.54999999999995
317,317,A,S_QTE,0.01,full,17,20,0.85,False,0.0,418.20000000000005
15,15,A,S_QTE,0.01,full,17,20,0.85,False,0.0,438.59999999999997
2,2,A,S_QTE,0.01,full,17,20,0.85,False,0.0,434.70000000000005
226,226,A,S_QTE,0.01,full,17,20,0.85,False,0.0,425.09999999999997
444,444,A,S_QTE,0.01,full,17,20,0.85,False,0.0,417.15000000000003
381,381,A,S_QTE,0.01,full,17,20,0.85,False,0.0,423.0
426,426,A,S_QTE,0.01,full,17,20,0.85,False,0.0,419.40000000000003
23,23,B,S_QTE,0.01,full,17,20,0.85,False,0.0,422.70000000000005
218,218,B,S_QTE,0.01,full,17,20,0.85,False,0.0,413.40000000000003
338,338,B,S_QTE,0.01,full,18,20,0.9,False,0.0,380.85
433,433,B,S_QTE,0.01,full,17,20,0.85,False,0.0,418.65000000000003
123,123,B,S_QTE,0.01,full,20,20,1.0,True,0.013651877133105802,284.4
85,85,B,S_QTE,0.01,full,17,20,0.85,False,0.0,427.5
492,492,B,S_QTE,0.01,full,17,20,0.85,False,0.0,419.25
456,456,B,S_QTE,0.01,full,17,20,0.85,False,0.0,433.65000000000003
378,378,B,S_QTE,0.01,full,17,20,0.85,False,0.0,419.09999999999997
196,196,B,S_QTE,0.01,full,17,20,0.85,False,0.0,422.84999999999997
257,257,B,S_QTE,0.01,full,17,20,0.85,False,0.0,414.59999999999997
401,401,B,S_QTE,0.01,full,20,20,1.0,True,0.06598407281001138,71.55000000000001
126,126,B,S_QTE,0.01,full,17,20,0.85,False,0.0,424.04999999999995
463,463,B,S_QTE,0.01,full,17,20,0.85,False,0.0,424.79999999999995
321,321,B,S_QTE,0.01,full,17,20,0.85,False,0.0,447.15000000000003
478,478,B,S_QTE,0.01,full,17,20,0.85,False,0.0,434.09999999999997
101,101,B,S_QTE,0.01,full,17,20,0.85,False,0.0,414.90000000000003
310,310,B,S_QTE,0.01,full,17,20,0.85,False,0.0,408.45000000000005
3,3,B,S_QTE,0.01,full,17,20,0.85,False,0.0,403.95000000000005
173,173,B,S_QTE,0.01,full,17,20,0.85,False,0.0,418.5
155,155,B,S_QTE,0.01,full,17,20,0.85,False,0.0,422.09999999999997
82,82,B,S_QTE,0.01,full,17,20,0.85,False,0.0,408.90000000000003
410,410,B,S_QTE,0.01,full,17,20,0.85,False,0.0,406.20000000000005
216,216,B,S_QTE,0.01,full,17,20,0.85,False,0.0,430.65000000000003
312,312,B,S_QTE,0.01,full,17,20,0.85,False,0.0,435.75
322,322,A,Jr_QTE,0.01,full,20,20,1.0,True,0.05233219567690557,220.79999999999998
266,266,A,Jr_QTE,0.01,full,19,20,0.95,False,0.0,222.29999999999998
405,405,A,Jr_QTE,0.01,full,18,20,0.9,False,0.0,311.70000000000005
377,377,A,Jr_QTE,0.01,full,20,20,1.0,False,0.0,145.35000000000002
400,400,A,Jr_QTE,0.01,full,18,20,0.9,False,0.0,316.20000000000005
185,185,A,Jr_QTE,0.01,full,20,20,1.0,True,0.10580204778156997,24.450000000000003
154,154,A,Jr_QTE,0.01,full,20,20,1.0,True,0.07053469852104664,103.5
113,113,A,Jr_QTE,0.01,full,18,20,0.9,False,0.0,289.95000000000005
1,1,A,Jr_QTE,0.01,full,18,20,0.9,False,0.0,300.6
225,225,A,Jr_QTE,0.01,full,20,20,1.0,True,0.080773606370876,116.55000000000001
384,384,A,Jr_QTE,0.01,full,18,20,0.9,False,0.0,302.85
130,130,A,Jr_QTE,0.01,full,18,20,0.9,False,0.0,343.79999999999995
418,418,A,Jr_QTE,0.01,full,18,20,0.9,False,0.0,292.95000000000005
281,281,A,Jr_QTE,0.01,full,20,20,1.0,True,0.0671217292377702,245.39999999999998
199,199,A,Jr_QTE,0.01,full,18,20,0.9,False,0.0,348.15
79,79,A,Jr_QTE,0.01,full,20,20,1.0,True,0.05915813424345848,163.35000000000002
168,168,A,Jr_QTE,0.01,full,18,20,0.9,False,0.0,326.4
39,39,A,Jr_QTE,0.01,full,18,20,0.9,False,0.0,295.35
317,317,A,Jr_QTE,0.01,full,18,20,0.9,False,0.0,341.25
15,15,A,Jr_QTE,0.01,full,18,20,0.9,False,0.0,325.65
2,2,A,Jr_QTE,0.01,full,19,20,0.95,False,0.0,294.15
226,226,A,Jr_QTE,0.01,full,20,20,1.0,True,0.06939704209328783,113.69999999999999
444,444,A,Jr_QTE,0.01,full,18,20,0.9,False,0.0,331.5
381,381,A,Jr_QTE,0.01,full,19,20,0.95,False,0.0,202.79999999999998
426,426,A,Jr_QTE,0.01,full,19,20,0.95,False,0.0,190.95
23,23,B,Jr_QTE,0.01,full,19,20,0.95,False,0.0,297.6
218,218,B,Jr_QTE,0.01,full,19,20,0.95,False,0.0,283.35
338,338,B,Jr_QTE,0.01,full,18,20,0.9,False,0.0,304.20000000000005
433,433,B,Jr_QTE,0.01,full,19,20,0.95,False,0.0,297.0
123,123,B,Jr_QTE,0.01,full,18,20,0.9,False,0.0,351.45000000000005
85,85,B,Jr_QTE,0.01,full,19,20,0.95,False,0.0,223.79999999999998
492,492,B,Jr_QTE,0.01,full,18,20,0.9,False,0.0,309.6
456,456,B,Jr_QTE,0.01,full,19,20,0.95,False,0.0,209.10000000000002
378,378,B,Jr_QTE,0.01,full,18,20,0.9,False,0.0,349.35
196,196,B,Jr_QTE,0.01,full,18,20,0.9,False,0.0,327.29999999999995
257,257,B,Jr_QTE,0.01,full,19,20,0.95,False,0.0,342.15
401,401,B,Jr_QTE,0.01,full,20,20,1.0,True,0.06598407281001138,67.5
126,126,B,Jr_QTE,0.01,full,18,20,0.9,False,0.0,307.79999999999995
463,463,B,Jr_QTE,0.01,full,19,20,0.95,False,0.0,215.85000000000002
321,321,B,Jr_QTE,0.01,full,18,20,0.9,False,0.0,328.65
478,478,B,Jr_QTE,0.01,full,18,20,0.9,False,0.0,320.1
101,101,B,Jr_QTE,0.01,full,19,20,0.95,False,0.0,221.25
310,310,B,Jr_QTE,0.01,full,19,20,0.95,False,0.0,201.14999999999998
3,3,B,Jr_QTE,0.01,full,19,20,0.95,False,0.0,253.04999999999998
173,173,B,Jr_QTE,0.01,full,18,20,0.9,False,0.0,334.5
155,155,B,Jr_QTE,0.01,full,19,20,0.95,False,0.0,267.9
82,82,B,Jr_QTE,0.01,full,19,20,0.95,False,0.0,276.9
410,410,B,Jr_QTE,0.01,full,19,20,0.95,False,0.0,309.75
216,216,B,Jr_QTE,0.01,full,19,20,0.95,False,0.0,248.54999999999998
312,312,B,Jr_QTE,0.01,full,19,20,0.95,False,0.0,262.04999999999995
322,322,A,Dr_QTE,0.01,full,20,20,1.0,True,0.027303754266211604,198.75
266,266,A,Dr_QTE,0.01,full,20,20,1.0,True,0.012514220705346985,199.35000000000002
405,405,A,Dr_QTE,0.01,full,19,20,0.95,False,0.0,262.95000000000005
377,377,A,Dr_QTE,0.01,full,18,20,0.9,False,0.0,312.15
400,400,A,Dr_QTE,0.01,full,20,20,1.0,True,0.03185437997724687,138.89999999999998
185,185,A,Dr_QTE,0.01,full,20,20,1.0,False,0.0,141.75
154,154,A,Dr_QTE,0.01,full,17,20,0.85,False,0.0,413.25
113,113,A,Dr_QTE,0.01,full,17,20,0.85,False,0.0011376564277588168,408.15000000000003
1,1,A,Dr_QTE,0.01,full,18,20,0.9,False,0.0,365.1
225,225,A,Dr_QTE,0.01,full,20,20,1.0,True,0.06598407281001138,120.89999999999999
384,384,A,Dr_QTE,0.01,full,20,20,1.0,True,0.009101251422070534,157.8
130,130,A,Dr_QTE,0.01,full,18,20,0.9,True,0.006825938566552901,322.35
418,418,A,Dr_QTE,0.01,full,19,20,0.95,False,0.0,234.29999999999998
281,281,A,Dr_QTE,0.01,full,20,20,1.0,True,0.038680318543799774,399.0
199,199,A,Dr_QTE,0.01,full,20,20,1.0,True,0.007963594994311717,75.0
79,79,A,Dr_QTE,0.01,full,20,20,1.0,True,0.006825938566552901,51.300000000000004
168,168,A,Dr_QTE,0.01,full,19,20,0.95,True,0.0034129692832764505,329.1
39,39,A,Dr_QTE,0.01,full,18,20,0.9,False,0.0,294.29999999999995
317,317,A,Dr_QTE,0.01,full,18,20,0.9,False,0.0,340.65
15,15,A,Dr_QTE,0.01,full,17,20,0.85,False,0.0,427.65000000000003
2,2,A,Dr_QTE,0.01,full,18,20,0.9,False,0.0,307.79999999999995
226,226,A,Dr_QTE,0.01,full,20,20,1.0,True,0.004550625711035267,214.64999999999998
444,444,A,Dr_QTE,0.01,full,18,20,0.9,False,0.0,361.5
381,381,A,Dr_QTE,0.01,full,19,20,0.95,False,0.0,211.5
426,426,A,Dr_QTE,0.01,full,18,20,0.9,False,0.0,397.95000000000005
23,23,B,Dr_QTE,0.01,full,20,20,1.0,False,0.0,320.4
218,218,B,Dr_QTE,0.01,full,19,20,0.95,False,0.0,304.20000000000005
338,338,B,Dr_QTE,0.01,full,18,20,0.9,False,0.0,303.0
433,433,B,Dr_QTE,0.01,full,20,20,1.0,True,0.017064846416382253,154.2
123,123,B,Dr_QTE,0.01,full,20,20,1.0,True,0.0034129692832764505,281.85
85,85,B,Dr_QTE,0.01,full,19,20,0.95,True,0.0034129692832764505,290.25
492,492,B,Dr_QTE,0.01,full,19,20,0.95,False,0.0,318.0
456,456,B,Dr_QTE,0.01,full,19,20,0.95,True,0.006825938566552901,219.0
378,378,B,Dr_QTE,0.01,full,20,20,1.0,True,0.015927189988623434,124.5
196,196,B,Dr_QTE,0.01,full,19,20,0.95,False,0.0,292.35
257,257,B,Dr_QTE,0.01,full,18,20,0.9,False,0.0,361.65
401,401,B,Dr_QTE,0.01,full,20,20,1.0,True,0.015927189988623434,241.35000000000002
126,126,B,Dr_QTE,0.01,full,20,20,1.0,True,0.017064846416382253,184.95
463,463,B,Dr_QTE,0.01,full,20,20,1.0,True,0.005688282138794084,269.1
321,321,B,Dr_QTE,0.01,full,18,20,0.9,False,0.0,333.15
478,478,B,Dr_QTE,0.01,full,18,20,0.9,False,0.0,358.04999999999995
101,101,B,Dr_QTE,0.01,full,19,20,0.95,False,0.0,363.75
310,310,B,Dr_QTE,0.01,full,20,20,1.0,True,0.011376564277588168,60.300000000000004
3,3,B,Dr_QTE,0.01,full,18,20,0.9,False,0.0,296.54999999999995
173,173,B,Dr_QTE,0.01,full,19,20,0.95,False,0.0011376564277588168,282.45000000000005
155,155,B,Dr_QTE,0.01,full,18,20,0.9,False,0.0,385.04999999999995
82,82,B,Dr_QTE,0.01,full,20,20,1.0,False,0.0,177.3
410,410,B,Dr_QTE,0.01,full,19,20,0.95,False,0.0,334.95000000000005
216,216,B,Dr_QTE,0.01,full,19,20,0.95,False,0.0,242.39999999999998
312,312,B,Dr_QTE,0.01,full,18,20,0.9,False,0.0,378.75
322,322,A,PairError-QTE,0.01,full,20,20,1.0,True,0.055745164960182024,178.95
266,266,A,PairError-QTE,0.01,full,19,20,0.95,False,0.0,219.45000000000002
405,405,A,PairError-QTE,0.01,full,19,20,0.95,False,0.0,209.39999999999998
377,377,A,PairError-QTE,0.01,full,20,20,1.0,False,0.0,142.95
400,400,A,PairError-QTE,0.01,full,19,20,0.95,False,0.0,282.6
185,185,A,PairError-QTE,0.01,full,20,20,1.0,True,0.09897610921501707,24.599999999999998
154,154,A,PairError-QTE,0.01,full,20,20,1.0,True,0.07053469852104664,100.64999999999999
113,113,A,PairError-QTE,0.01,full,18,20,0.9,False,0.0,287.85
1,1,A,PairError-QTE,0.01,full,18,20,0.9,False,0.0,298.65
225,225,A,PairError-QTE,0.01,full,20,20,1.0,True,0.08191126279863481,111.89999999999999
384,384,A,PairError-QTE,0.01,full,18,20,0.9,False,0.0,295.65
130,130,A,PairError-QTE,0.01,full,18,20,0.9,False,0.0,341.1
418,418,A,PairError-QTE,0.01,full,19,20,0.95,False,0.0,285.15
281,281,A,PairError-QTE,0.01,full,20,20,1.0,True,0.06598407281001138,241.20000000000002
199,199,A,PairError-QTE,0.01,full,18,20,0.9,False,0.0,305.85
79,79,A,PairError-QTE,0.01,full,20,20,1.0,True,0.05915813424345848,159.89999999999998
168,168,A,PairError-QTE,0.01,full,18,20,0.9,False,0.0,325.95000000000005
39,39,A,PairError-QTE,0.01,full,18,20,0.9,False,0.0,292.79999999999995
317,317,A,PairError-QTE,0.01,full,19,20,0.95,False,0.0,282.45000000000005
15,15,A,PairError-QTE,0.01,full,18,20,0.9,False,0.0,320.4
2,2,A,PairError-QTE,0.01,full,19,20,0.95,False,0.0,280.79999999999995
226,226,A,PairError-QTE,0.01,full,20,20,1.0,True,0.06939704209328783,110.39999999999999
444,444,A,PairError-QTE,0.01,full,19,20,0.95,False,0.0,243.89999999999998
381,381,A,PairError-QTE,0.01,full,19,20,0.95,False,0.0,196.95000000000002
426,426,A,PairError-QTE,0.01,full,19,20,0.95,False,0.0,191.85000000000002
23,23,B,PairError-QTE,0.01,full,19,20,0.95,False,0.0,293.1
218,218,B,PairError-QTE,0.01,full,19,20,0.95,False,0.0,280.65
338,338,B,PairError-QTE,0.01,full,18,20,0.9,False,0.0,298.95000000000005
433,433,B,PairError-QTE,0.01,full,19,20,0.95,False,0.0,240.75
123,123,B,PairError-QTE,0.01,full,18,20,0.9,False,0.0,349.20000000000005
85,85,B,PairError-QTE,0.01,full,19,20,0.95,False,0.0,220.95000000000002
492,492,B,PairError-QTE,0.01,full,18,20,0.9,False,0.0,307.35
456,456,B,PairError-QTE,0.01,full,19,20,0.95,False,0.0,204.14999999999998
378,378,B,PairError-QTE,0.01,full,18,20,0.9,False,0.0,346.04999999999995
196,196,B,PairError-QTE,0.01,full,18,20,0.9,False,0.0,318.15
257,257,B,PairError-QTE,0.01,full,19,20,0.95,False,0.0,334.95000000000005
401,401,B,PairError-QTE,0.01,full,20,20,1.0,True,0.06598407281001138,66.0
126,126,B,PairError-QTE,0.01,full,18,20,0.9,False,0.0,302.54999999999995
463,463,B,PairError-QTE,0.01,full,19,20,0.95,False,0.0,214.04999999999998
321,321,B,PairError-QTE,0.01,full,18,20,0.9,False,0.0,322.5
478,478,B,PairError-QTE,0.01,full,18,20,0.9,False,0.0,307.95000000000005
101,101,B,PairError-QTE,0.01,full,19,20,0.95,False,0.0,218.54999999999998
310,310,B,PairError-QTE,0.01,full,19,20,0.95,False,0.0,198.29999999999998
3,3,B,PairError-QTE,0.01,full,19,20,0.95,False,0.0,237.14999999999998
173,173,B,PairError-QTE,0.01,full,18,20,0.9,False,0.0,330.75
155,155,B,PairError-QTE,0.01,full,19,20,0.95,False,0.0,255.45000000000002
82,82,B,PairError-QTE,0.01,full,19,20,0.95,False,0.0,272.4
410,410,B,PairError-QTE,0.01,full,19,20,0.95,False,0.0,267.15
216,216,B,PairError-QTE,0.01,full,19,20,0.95,False,0.0,217.20000000000002
312,312,B,PairError-QTE,0.01,full,18,20,0.9,False,0.0,333.9
322,322,A,PCA-SPE,0.01,full,20,20,1.0,True,0.12625698324022347,214.64999999999998
266,266,A,PCA-SPE,0.01,full,17,20,0.85,False,0.0,418.79999999999995
405,405,A,PCA-SPE,0.01,full,17,20,0.85,False,0.0,427.34999999999997
377,377,A,PCA-SPE,0.01,full,20,20,1.0,True,0.04022346368715084,270.15
400,400,A,PCA-SPE,0.01,full,20,20,1.0,True,0.06480446927374302,37.95
185,185,A,PCA-SPE,0.01,full,20,20,1.0,True,0.06368715083798883,96.30000000000001
154,154,A,PCA-SPE,0.01,full,20,20,1.0,True,0.06815642458100558,104.55000000000001
113,113,A,PCA-SPE,0.01,full,17,20,0.85,False,0.0,406.65000000000003
1,1,A,PCA-SPE,0.01,full,20,20,1.0,True,0.03128491620111732,35.25
225,225,A,PCA-SPE,0.01,full,17,20,0.85,False,0.0,426.59999999999997
384,384,A,PCA-SPE,0.01,full,20,20,1.0,True,0.04357541899441341,224.10000000000002
130,130,A,PCA-SPE,0.01,full,17,20,0.85,False,0.0,423.90000000000003
418,418,A,PCA-SPE,0.01,full,17,20,0.85,False,0.0,420.45000000000005
281,281,A,PCA-SPE,0.01,full,20,20,1.0,True,0.03128491620111732,93.6
199,199,A,PCA-SPE,0.01,full,18,20,0.9,False,0.0,332.85
79,79,A,PCA-SPE,0.01,full,20,20,1.0,True,0.07150837988826815,257.4
168,168,A,PCA-SPE,0.01,full,20,20,1.0,True,0.026815642458100558,165.0
39,39,A,PCA-SPE,0.01,full,17,20,0.85,False,0.0,412.34999999999997
317,317,A,PCA-SPE,0.01,full,20,20,1.0,True,0.049162011173184354,112.19999999999999
15,15,A,PCA-SPE,0.01,full,17,20,0.85,False,0.0,440.09999999999997
2,2,A,PCA-SPE,0.01,full,17,20,0.85,False,0.0,430.20000000000005
226,226,A,PCA-SPE,0.01,full,17,20,0.85,False,0.0,421.20000000000005
444,444,A,PCA-SPE,0.01,full,17,20,0.85,False,0.0,412.65000000000003
381,381,A,PCA-SPE,0.01,full,17,20,0.85,False,0.0,414.90000000000003
426,426,A,PCA-SPE,0.01,full,17,20,0.85,False,0.0,402.59999999999997
23,23,B,PCA-SPE,0.01,full,18,20,0.9,False,0.0,388.5
218,218,B,PCA-SPE,0.01,full,20,20,1.0,False,0.0,91.05000000000001
338,338,B,PCA-SPE,0.01,full,20,20,1.0,False,0.0,179.55
433,433,B,PCA-SPE,0.01,full,19,20,0.95,False,0.0,272.54999999999995
123,123,B,PCA-SPE,0.01,full,17,20,0.85,False,0.0,424.20000000000005
85,85,B,PCA-SPE,0.01,full,17,20,0.85,False,0.0,424.04999999999995
492,492,B,PCA-SPE,0.01,full,19,20,0.95,False,0.0,218.25
456,456,B,PCA-SPE,0.01,full,17,20,0.85,False,0.0,415.65000000000003
378,378,B,PCA-SPE,0.01,full,19,20,0.95,False,0.0,318.45000000000005
196,196,B,PCA-SPE,0.01,full,17,20,0.85,False,0.0,414.90000000000003
257,257,B,PCA-SPE,0.01,full,18,20,0.9,False,0.0,391.20000000000005
401,401,B,PCA-SPE,0.01,full,20,20,1.0,True,0.01452513966480447,401.09999999999997
126,126,B,PCA-SPE,0.01,full,20,20,1.0,True,0.02569832402234637,293.54999999999995
463,463,B,PCA-SPE,0.01,full,20,20,1.0,True,0.021229050279329607,151.64999999999998
321,321,B,PCA-SPE,0.01,full,20,20,1.0,True,0.06480446927374302,210.45000000000002
478,478,B,PCA-SPE,0.01,full,17,20,0.85,False,0.0,417.90000000000003
101,101,B,PCA-SPE,0.01,full,20,20,1.0,True,0.004469273743016759,168.14999999999998
310,310,B,PCA-SPE,0.01,full,20,20,1.0,True,0.02346368715083799,300.75
3,3,B,PCA-SPE,0.01,full,20,20,1.0,True,0.00782122905027933,12.899999999999999
173,173,B,PCA-SPE,0.01,full,20,20,1.0,True,0.07150837988826815,332.70000000000005
155,155,B,PCA-SPE,0.01,full,20,20,1.0,True,0.027932960893854747,398.70000000000005
82,82,B,PCA-SPE,0.01,full,17,20,0.85,False,0.0,413.09999999999997
410,410,B,PCA-SPE,0.01,full,17,20,0.85,False,0.0,410.25
216,216,B,PCA-SPE,0.01,full,19,20,0.95,False,0.0,225.60000000000002
312,312,B,PCA-SPE,0.01,full,17,20,0.85,False,0.0,427.34999999999997
322,322,A,S_QTE,0.01,early,15,20,0.75,False,0.06484641638225255,96.14999999999999
266,266,A,S_QTE,0.01,early,15,20,0.75,False,0.0,100.19999999999999
405,405,A,S_QTE,0.01,early,16,20,0.8,False,0.0,100.64999999999999
377,377,A,S_QTE,0.01,early,16,20,0.8,False,0.0,87.9
400,400,A,S_QTE,0.01,early,16,20,0.8,False,0.0,106.64999999999999
185,185,A,S_QTE,0.01,early,20,20,1.0,True,0.09215017064846416,50.849999999999994
154,154,A,S_QTE,0.01,early,17,20,0.85,False,0.08191126279863481,98.25
113,113,A,S_QTE,0.01,early,16,20,0.8,False,0.0,94.94999999999999
1,1,A,S_QTE,0.01,early,15,20,0.75,False,0.0,105.14999999999999
225,225,A,S_QTE,0.01,early,15,20,0.75,False,0.10693970420932879,103.94999999999999
384,384,A,S_QTE,0.01,early,17,20,0.85,False,0.0,102.60000000000001
130,130,A,S_QTE,0.01,early,15,20,0.75,False,0.0,106.80000000000001
418,418,A,S_QTE,0.01,early,17,20,0.85,False,0.0,92.4
281,281,A,S_QTE,0.01,early,16,20,0.8,False,0.07394766780432309,99.60000000000001
199,199,A,S_QTE,0.01,early,16,20,0.8,False,0.0,106.64999999999999
79,79,A,S_QTE,0.01,early,17,20,0.85,False,0.06143344709897611,105.30000000000001
168,168,A,S_QTE,0.01,early,17,20,0.85,False,0.0,95.1
39,39,A,S_QTE,0.01,early,17,20,0.85,False,0.0,83.55000000000001
317,317,A,S_QTE,0.01,early,17,20,0.85,False,0.0,94.19999999999999
15,15,A,S_QTE,0.01,early,16,20,0.8,False,0.0,105.89999999999999
2,2,A,S_QTE,0.01,early,15,20,0.75,False,0.0,99.89999999999999
226,226,A,S_QTE,0.01,early,17,20,0.85,False,0.0,101.10000000000001
444,444,A,S_QTE,0.01,early,17,20,0.85,False,0.0,93.15
381,381,A,S_QTE,0.01,early,16,20,0.8,False,0.0,96.14999999999999
426,426,A,S_QTE,0.01,early,16,20,0.8,False,0.0,92.4
23,23,B,S_QTE,0.01,early,16,20,0.8,False,0.0,97.35000000000001
218,218,B,S_QTE,0.01,early,17,20,0.85,False,0.0,89.4
338,338,B,S_QTE,0.01,early,16,20,0.8,False,0.0,103.05000000000001
433,433,B,S_QTE,0.01,early,17,20,0.85,False,0.0,94.65
123,123,B,S_QTE,0.01,early,16,20,0.8,False,0.013651877133105802,105.44999999999999
85,85,B,S_QTE,0.01,early,17,20,0.85,False,0.0,103.5
492,492,B,S_QTE,0.01,early,16,20,0.8,False,0.0,88.65
456,456,B,S_QTE,0.01,early,16,20,0.8,False,0.0,100.80000000000001
378,378,B,S_QTE,0.01,early,16,20,0.8,False,0.0,89.1
196,196,B,S_QTE,0.01,early,15,20,0.75,False,0.0,95.25
257,257,B,S_QTE,0.01,early,16,20,0.8,False,0.0,86.1
401,401,B,S_QTE,0.01,early,20,20,1.0,True,0.06598407281001138,71.55000000000001
126,126,B,S_QTE,0.01,early,16,20,0.8,False,0.0,96.60000000000001
463,463,B,S_QTE,0.01,early,17,20,0.85,False,0.0,100.80000000000001
321,321,B,S_QTE,0.01,early,14,20,0.7,False,0.0,108.30000000000001
478,478,B,S_QTE,0.01,early,15,20,0.75,False,0.0,107.10000000000001
101,101,B,S_QTE,0.01,early,17,20,0.85,False,0.0,90.9
310,310,B,S_QTE,0.01,early,17,20,0.85,False,0.0,84.44999999999999
3,3,B,S_QTE,0.01,early,17,20,0.85,False,0.0,79.94999999999999
173,173,B,S_QTE,0.01,early,17,20,0.85,False,0.0,94.5
155,155,B,S_QTE,0.01,early,16,20,0.8,False,0.0,97.5
82,82,B,S_QTE,0.01,early,17,20,0.85,False,0.0,84.9
410,410,B,S_QTE,0.01,early,17,20,0.85,False,0.0,82.19999999999999
216,216,B,S_QTE,0.01,early,17,20,0.85,False,0.0,106.64999999999999
312,312,B,S_QTE,0.01,early,16,20,0.8,False,0.0,111.75
322,322,A,Jr_QTE,0.01,early,16,20,0.8,False,0.05233219567690557,88.05000000000001
266,266,A,Jr_QTE,0.01,early,16,20,0.8,False,0.0,86.55000000000001
405,405,A,Jr_QTE,0.01,early,17,20,0.85,False,0.0,91.35
377,377,A,Jr_QTE,0.01,early,18,20,0.9,False,0.0,73.05000000000001
400,400,A,Jr_QTE,0.01,early,16,20,0.8,False,0.0,95.25
185,185,A,Jr_QTE,0.01,early,20,20,1.0,True,0.10580204778156997,24.450000000000003
154,154,A,Jr_QTE,0.01,early,17,20,0.85,False,0.07053469852104664,87.44999999999999
113,113,A,Jr_QTE,0.01,early,18,20,0.9,False,0.0,73.94999999999999
1,1,A,Jr_QTE,0.01,early,18,20,0.9,False,0.0,84.6
225,225,A,Jr_QTE,0.01,early,17,20,0.85,False,0.080773606370876,92.69999999999999
384,384,A,Jr_QTE,0.01,early,18,20,0.9,False,0.0,86.85
130,130,A,Jr_QTE,0.01,early,16,20,0.8,False,0.0,92.55000000000001
418,418,A,Jr_QTE,0.01,early,18,20,0.9,False,0.0,76.94999999999999
281,281,A,Jr_QTE,0.01,early,16,20,0.8,False,0.0671217292377702,90.30000000000001
199,199,A,Jr_QTE,0.01,early,17,20,0.85,False,0.0,83.69999999999999
79,79,A,Jr_QTE,0.01,early,17,20,0.85,False,0.05915813424345848,89.55000000000001
168,168,A,Jr_QTE,0.01,early,17,20,0.85,False,0.0,86.25
39,39,A,Jr_QTE,0.01,early,17,20,0.85,False,0.0,76.65
317,317,A,Jr_QTE,0.01,early,17,20,0.85,False,0.0,82.19999999999999
15,15,A,Jr_QTE,0.01,early,16,20,0.8,False,0.0,96.14999999999999
2,2,A,Jr_QTE,0.01,early,16,20,0.8,False,0.0,85.5
226,226,A,Jr_QTE,0.01,early,17,20,0.85,False,0.06939704209328783,94.19999999999999
444,444,A,Jr_QTE,0.01,early,17,20,0.85,False,0.0,83.4
381,381,A,Jr_QTE,0.01,early,18,20,0.9,False,0.0,71.69999999999999
426,426,A,Jr_QTE,0.01,early,17,20,0.85,False,0.0,75.0
23,23,B,Jr_QTE,0.01,early,17,20,0.85,False,0.0,84.0
218,218,B,Jr_QTE,0.01,early,17,20,0.85,False,0.0,70.94999999999999
338,338,B,Jr_QTE,0.01,early,17,20,0.85,False,0.0,88.19999999999999
433,433,B,Jr_QTE,0.01,early,17,20,0.85,False,0.0,81.75
123,123,B,Jr_QTE,0.01,early,17,20,0.85,False,0.0,90.30000000000001
85,85,B,Jr_QTE,0.01,early,17,20,0.85,False,0.0,83.69999999999999
492,492,B,Jr_QTE,0.01,early,17,20,0.85,False,0.0,79.19999999999999
456,456,B,Jr_QTE,0.01,early,17,20,0.85,False,0.0,83.25
378,378,B,Jr_QTE,0.01,early,17,20,0.85,False,0.0,80.25
196,196,B,Jr_QTE,0.01,early,17,20,0.85,False,0.0,84.9
257,257,B,Jr_QTE,0.01,early,17,20,0.85,False,0.0,80.4
401,401,B,Jr_QTE,0.01,early,20,20,1.0,True,0.06598407281001138,67.5
126,126,B,Jr_QTE,0.01,early,16,20,0.8,False,0.0,88.05000000000001
463,463,B,Jr_QTE,0.01,early,17,20,0.85,False,0.0,86.4
321,321,B,Jr_QTE,0.01,early,15,20,0.75,False,0.0,97.05000000000001
478,478,B,Jr_QTE,0.01,early,16,20,0.8,False,0.0,95.1
101,101,B,Jr_QTE,0.01,early,17,20,0.85,False,0.0,75.30000000000001
310,310,B,Jr_QTE,0.01,early,18,20,0.9,False,0.0,74.25
3,3,B,Jr_QTE,0.01,early,17,20,0.85,False,0.0,73.65
173,173,B,Jr_QTE,0.01,early,17,20,0.85,False,0.0,82.80000000000001
155,155,B,Jr_QTE,0.01,early,17,20,0.85,False,0.0,84.6
82,82,B,Jr_QTE,0.01,early,17,20,0.85,False,0.0,76.19999999999999
410,410,B,Jr_QTE,0.01,early,17,20,0.85,False,0.0,73.5
216,216,B,Jr_QTE,0.01,early,18,20,0.9,False,0.0,88.94999999999999
312,312,B,Jr_QTE,0.01,early,17,20,0.85,False,0.0,99.30000000000001
322,322,A,Dr_QTE,0.01,early,17,20,0.85,False,0.027303754266211604,88.65
266,266,A,Dr_QTE,0.01,early,16,20,0.8,False,0.012514220705346985,92.55000000000001
405,405,A,Dr_QTE,0.01,early,17,20,0.85,False,0.0,90.75
377,377,A,Dr_QTE,0.01,early,17,20,0.85,False,0.0,80.1
400,400,A,Dr_QTE,0.01,early,17,20,0.85,False,0.03185437997724687,96.44999999999999
185,185,A,Dr_QTE,0.01,early,18,20,0.9,False,0.0,81.30000000000001
154,154,A,Dr_QTE,0.01,early,17,20,0.85,False,0.0,89.25
113,113,A,Dr_QTE,0.01,early,17,20,0.85,False,0.0011376564277588168,84.15
1,1,A,Dr_QTE,0.01,early,17,20,0.85,False,0.0,96.0
225,225,A,Dr_QTE,0.01,early,17,20,0.85,False,0.06598407281001138,88.94999999999999
384,384,A,Dr_QTE,0.01,early,16,20,0.8,False,0.009101251422070534,93.15
130,130,A,Dr_QTE,0.01,early,16,20,0.8,False,0.006825938566552901,93.75
418,418,A,Dr_QTE,0.01,early,17,20,0.85,False,0.0,82.35
281,281,A,Dr_QTE,0.01,early,16,20,0.8,False,0.038680318543799774,95.55000000000001
199,199,A,Dr_QTE,0.01,early,20,20,1.0,True,0.007963594994311717,75.0
79,79,A,Dr_QTE,0.01,early,20,20,1.0,True,0.006825938566552901,51.300000000000004
168,168,A,Dr_QTE,0.01,early,17,20,0.85,False,0.0034129692832764505,93.9
39,39,A,Dr_QTE,0.01,early,18,20,0.9,False,0.0,78.30000000000001
317,317,A,Dr_QTE,0.01,early,17,20,0.85,False,0.0,84.9
15,15,A,Dr_QTE,0.01,early,16,20,0.8,False,0.0,101.25
2,2,A,Dr_QTE,0.01,early,17,20,0.85,False,0.0,87.6
226,226,A,Dr_QTE,0.01,early,17,20,0.85,False,0.004550625711035267,97.05000000000001
444,444,A,Dr_QTE,0.01,early,17,20,0.85,False,0.0,83.85
381,381,A,Dr_QTE,0.01,early,18,20,0.9,False,0.0,79.65
426,426,A,Dr_QTE,0.01,early,17,20,0.85,False,0.0,79.35
23,23,B,Dr_QTE,0.01,early,17,20,0.85,False,0.0,89.85
218,218,B,Dr_QTE,0.01,early,17,20,0.85,False,0.0,72.75
338,338,B,Dr_QTE,0.01,early,17,20,0.85,False,0.0,85.19999999999999
433,433,B,Dr_QTE,0.01,early,17,20,0.85,False,0.017064846416382253,84.30000000000001
123,123,B,Dr_QTE,0.01,early,17,20,0.85,False,0.0034129692832764505,90.9
85,85,B,Dr_QTE,0.01,early,17,20,0.85,False,0.0034129692832764505,87.44999999999999
492,492,B,Dr_QTE,0.01,early,17,20,0.85,False,0.0,79.65
456,456,B,Dr_QTE,0.01,early,17,20,0.85,False,0.006825938566552901,87.6
378,378,B,Dr_QTE,0.01,early,17,20,0.85,False,0.015927189988623434,82.19999999999999
196,196,B,Dr_QTE,0.01,early,17,20,0.85,False,0.0,90.0
257,257,B,Dr_QTE,0.01,early,17,20,0.85,False,0.0,79.05000000000001
401,401,B,Dr_QTE,0.01,early,16,20,0.8,False,0.015927189988623434,91.80000000000001
126,126,B,Dr_QTE,0.01,early,16,20,0.8,False,0.017064846416382253,92.4
463,463,B,Dr_QTE,0.01,early,17,20,0.85,False,0.005688282138794084,89.85
321,321,B,Dr_QTE,0.01,early,16,20,0.8,False,0.0,102.30000000000001
478,478,B,Dr_QTE,0.01,early,16,20,0.8,False,0.0,85.05000000000001
101,101,B,Dr_QTE,0.01,early,17,20,0.85,False,0.0,80.69999999999999
310,310,B,Dr_QTE,0.01,early,20,20,1.0,True,0.011376564277588168,60.300000000000004
3,3,B,Dr_QTE,0.01,early,17,20,0.85,False,0.0,76.5
173,173,B,Dr_QTE,0.01,early,17,20,0.85,False,0.0011376564277588168,91.65
155,155,B,Dr_QTE,0.01,early,17,20,0.85,False,0.0,82.35
82,82,B,Dr_QTE,0.01,early,18,20,0.9,False,0.0,75.30000000000001
410,410,B,Dr_QTE,0.01,early,17,20,0.85,False,0.0,78.30000000000001
216,216,B,Dr_QTE,0.01,early,17,20,0.85,False,0.0,96.75
312,312,B,Dr_QTE,0.01,early,17,20,0.85,False,0.0,99.60000000000001
322,322,A,PairError-QTE,0.01,early,17,20,0.85,False,0.055745164960182024,81.44999999999999
266,266,A,PairError-QTE,0.01,early,16,20,0.8,False,0.0,84.9
405,405,A,PairError-QTE,0.01,early,17,20,0.85,False,0.0,84.9
377,377,A,PairError-QTE,0.01,early,18,20,0.9,False,0.0,70.5
400,400,A,PairError-QTE,0.01,early,17,20,0.85,False,0.0,87.0
185,185,A,PairError-QTE,0.01,early,20,20,1.0,True,0.09897610921501707,24.599999999999998
154,154,A,PairError-QTE,0.01,early,17,20,0.85,False,0.07053469852104664,84.30000000000001
113,113,A,PairError-QTE,0.01,early,18,20,0.9,False,0.0,71.85
1,1,A,PairError-QTE,0.01,early,18,20,0.9,False,0.0,82.65
225,225,A,PairError-QTE,0.01,early,17,20,0.85,False,0.08191126279863481,88.19999999999999
384,384,A,PairError-QTE,0.01,early,18,20,0.9,False,0.0,79.65
130,130,A,PairError-QTE,0.01,early,16,20,0.8,False,0.0,89.85
418,418,A,PairError-QTE,0.01,early,18,20,0.9,False,0.0,74.85
281,281,A,PairError-QTE,0.01,early,16,20,0.8,False,0.06598407281001138,86.4
199,199,A,PairError-QTE,0.01,early,17,20,0.85,False,0.0,82.94999999999999
79,79,A,PairError-QTE,0.01,early,17,20,0.85,False,0.05915813424345848,87.6
168,168,A,PairError-QTE,0.01,early,17,20,0.85,False,0.0,85.65
39,39,A,PairError-QTE,0.01,early,17,20,0.85,False,0.0,75.15
317,317,A,PairError-QTE,0.01,early,17,20,0.85,False,0.0,80.1
15,15,A,PairError-QTE,0.01,early,16,20,0.8,False,0.0,92.85
2,2,A,PairError-QTE,0.01,early,17,20,0.85,False,0.0,83.55000000000001
226,226,A,PairError-QTE,0.01,early,17,20,0.85,False,0.06939704209328783,90.9
444,444,A,PairError-QTE,0.01,early,17,20,0.85,False,0.0,77.4
381,381,A,PairError-QTE,0.01,early,18,20,0.9,False,0.0,69.15
426,426,A,PairError-QTE,0.01,early,17,20,0.85,False,0.0,70.65
23,23,B,PairError-QTE,0.01,early,17,20,0.85,False,0.0,82.5
218,218,B,PairError-QTE,0.01,early,17,20,0.85,False,0.0,68.85
338,338,B,PairError-QTE,0.01,early,18,20,0.9,False,0.0,82.94999999999999
433,433,B,PairError-QTE,0.01,early,17,20,0.85,False,0.0,78.9
123,123,B,PairError-QTE,0.01,early,17,20,0.85,False,0.0,88.05000000000001
85,85,B,PairError-QTE,0.01,early,17,20,0.85,False,0.0,82.05000000000001
492,492,B,PairError-QTE,0.01,early,17,20,0.85,False,0.0,77.1
456,456,B,PairError-QTE,0.01,early,17,20,0.85,False,0.0,79.05000000000001
378,378,B,PairError-QTE,0.01,early,17,20,0.85,False,0.0,76.94999999999999
196,196,B,PairError-QTE,0.01,early,17,20,0.85,False,0.0,82.05000000000001
257,257,B,PairError-QTE,0.01,early,17,20,0.85,False,0.0,74.1
401,401,B,PairError-QTE,0.01,early,20,20,1.0,True,0.06598407281001138,66.0
126,126,B,PairError-QTE,0.01,early,16,20,0.8,False,0.0,84.30000000000001
463,463,B,PairError-QTE,0.01,early,17,20,0.85,False,0.0,84.30000000000001
321,321,B,PairError-QTE,0.01,early,16,20,0.8,False,0.0,95.85
478,478,B,PairError-QTE,0.01,early,16,20,0.8,False,0.0,84.30000000000001
101,101,B,PairError-QTE,0.01,early,17,20,0.85,False,0.0,72.9
310,310,B,PairError-QTE,0.01,early,18,20,0.9,False,0.0,71.4
3,3,B,PairError-QTE,0.01,early,17,20,0.85,False,0.0,69.9
173,173,B,PairError-QTE,0.01,early,17,20,0.85,False,0.0,79.05000000000001
155,155,B,PairError-QTE,0.01,early,17,20,0.85,False,0.0,80.85
82,82,B,PairError-QTE,0.01,early,17,20,0.85,False,0.0,75.15
410,410,B,PairError-QTE,0.01,early,17,20,0.85,False,0.0,71.55000000000001
216,216,B,PairError-QTE,0.01,early,18,20,0.9,False,0.0,82.5
312,312,B,PairError-QTE,0.01,early,17,20,0.85,False,0.0,93.75
322,322,A,PCA-SPE,0.01,early,15,20,0.75,False,0.12625698324022347,94.80000000000001
266,266,A,PCA-SPE,0.01,early,16,20,0.8,False,0.0,93.75
405,405,A,PCA-SPE,0.01,early,17,20,0.85,False,0.0,103.35000000000001
377,377,A,PCA-SPE,0.01,early,17,20,0.85,False,0.04022346368715084,95.4
400,400,A,PCA-SPE,0.01,early,20,20,1.0,True,0.06480446927374302,37.95
185,185,A,PCA-SPE,0.01,early,17,20,0.85,False,0.06368715083798883,86.69999999999999
154,154,A,PCA-SPE,0.01,early,17,20,0.85,False,0.06815642458100558,95.69999999999999
113,113,A,PCA-SPE,0.01,early,17,20,0.85,False,0.0,82.65
1,1,A,PCA-SPE,0.01,early,20,20,1.0,True,0.03128491620111732,35.25
225,225,A,PCA-SPE,0.01,early,17,20,0.85,False,0.0,102.60000000000001
384,384,A,PCA-SPE,0.01,early,17,20,0.85,False,0.04357541899441341,100.35000000000001
130,130,A,PCA-SPE,0.01,early,16,20,0.8,False,0.0,98.39999999999999
418,418,A,PCA-SPE,0.01,early,17,20,0.85,False,0.0,96.44999999999999
281,281,A,PCA-SPE,0.01,early,20,20,1.0,True,0.03128491620111732,93.6
199,199,A,PCA-SPE,0.01,early,17,20,0.85,False,0.0,96.0
79,79,A,PCA-SPE,0.01,early,18,20,0.9,False,0.07150837988826815,88.5
168,168,A,PCA-SPE,0.01,early,17,20,0.85,False,0.026815642458100558,90.6
39,39,A,PCA-SPE,0.01,early,17,20,0.85,False,0.0,88.35
317,317,A,PCA-SPE,0.01,early,17,20,0.85,False,0.049162011173184354,91.80000000000001
15,15,A,PCA-SPE,0.01,early,16,20,0.8,False,0.0,109.5
2,2,A,PCA-SPE,0.01,early,16,20,0.8,False,0.0,95.69999999999999
226,226,A,PCA-SPE,0.01,early,17,20,0.85,False,0.0,97.19999999999999
444,444,A,PCA-SPE,0.01,early,17,20,0.85,False,0.0,88.65
381,381,A,PCA-SPE,0.01,early,16,20,0.8,False,0.0,89.85
426,426,A,PCA-SPE,0.01,early,17,20,0.85,False,0.0,78.6
23,23,B,PCA-SPE,0.01,early,17,20,0.85,False,0.0,92.69999999999999
218,218,B,PCA-SPE,0.01,early,17,20,0.85,False,0.0,86.1
338,338,B,PCA-SPE,0.01,early,17,20,0.85,False,0.0,99.60000000000001
433,433,B,PCA-SPE,0.01,early,17,20,0.85,False,0.0,88.65
123,123,B,PCA-SPE,0.01,early,17,20,0.85,False,0.0,100.19999999999999
85,85,B,PCA-SPE,0.01,early,16,20,0.8,False,0.0,99.89999999999999
492,492,B,PCA-SPE,0.01,early,17,20,0.85,False,0.0,93.15
456,456,B,PCA-SPE,0.01,early,17,20,0.85,False,0.0,91.65
378,378,B,PCA-SPE,0.01,early,17,20,0.85,False,0.0,84.6
196,196,B,PCA-SPE,0.01,early,17,20,0.85,False,0.0,90.9
257,257,B,PCA-SPE,0.01,early,17,20,0.85,False,0.0,87.0
401,401,B,PCA-SPE,0.01,early,16,20,0.8,False,0.01452513966480447,101.55000000000001
126,126,B,PCA-SPE,0.01,early,16,20,0.8,False,0.02569832402234637,96.0
463,463,B,PCA-SPE,0.01,early,17,20,0.85,False,0.021229050279329607,92.1
321,321,B,PCA-SPE,0.01,early,14,20,0.7,False,0.06480446927374302,112.5
478,478,B,PCA-SPE,0.01,early,16,20,0.8,False,0.0,91.5
101,101,B,PCA-SPE,0.01,early,17,20,0.85,False,0.004469273743016759,90.15
310,310,B,PCA-SPE,0.01,early,17,20,0.85,False,0.02346368715083799,91.94999999999999
3,3,B,PCA-SPE,0.01,early,20,20,1.0,True,0.00782122905027933,12.899999999999999
173,173,B,PCA-SPE,0.01,early,17,20,0.85,False,0.07150837988826815,83.85
155,155,B,PCA-SPE,0.01,early,17,20,0.85,False,0.027932960893854747,99.14999999999999
82,82,B,PCA-SPE,0.01,early,17,20,0.85,False,0.0,89.1
410,410,B,PCA-SPE,0.01,early,17,20,0.85,False,0.0,86.25
216,216,B,PCA-SPE,0.01,early,17,20,0.85,False,0.0,99.75
312,312,B,PCA-SPE,0.01,early,17,20,0.85,False,0.0,103.35000000000001
322,322,A,S_QTE,0.02,full,20,20,1.0,True,0.07508532423208192,265.04999999999995
266,266,A,S_QTE,0.02,full,20,20,1.0,True,0.017064846416382253,143.10000000000002
405,405,A,S_QTE,0.02,full,20,20,1.0,True,0.007963594994311717,247.79999999999998
377,377,A,S_QTE,0.02,full,18,20,0.9,False,0.0,326.54999999999995
400,400,A,S_QTE,0.02,full,17,20,0.85,False,0.0,435.45000000000005
185,185,A,S_QTE,0.02,full,20,20,1.0,True,0.15244596131968147,22.5
154,154,A,S_QTE,0.02,full,20,20,1.0,True,0.12059158134243458,92.25
113,113,A,S_QTE,0.02,full,17,20,0.85,False,0.0,418.04999999999995
1,1,A,S_QTE,0.02,full,19,20,0.95,False,0.0,340.65
225,225,A,S_QTE,0.02,full,20,20,1.0,True,0.13651877133105803,114.0
384,384,A,S_QTE,0.02,full,17,20,0.85,False,0.0,424.5
130,130,A,S_QTE,0.02,full,18,20,0.9,False,0.0,429.0
418,418,A,S_QTE,0.02,full,17,20,0.85,False,0.0,414.59999999999997
281,281,A,S_QTE,0.02,full,20,20,1.0,True,0.08532423208191127,378.45000000000005
199,199,A,S_QTE,0.02,full,20,20,1.0,True,0.004550625711035267,85.05000000000001
79,79,A,S_QTE,0.02,full,20,20,1.0,True,0.06825938566552901,260.54999999999995
168,168,A,S_QTE,0.02,full,17,20,0.85,False,0.0,416.70000000000005
39,39,A,S_QTE,0.02,full,17,20,0.85,False,0.0,404.84999999999997
317,317,A,S_QTE,0.02,full,20,20,1.0,True,0.006825938566552901,404.54999999999995
15,15,A,S_QTE,0.02,full,17,20,0.85,False,0.0,435.90000000000003
2,2,A,S_QTE,0.02,full,17,20,0.85,False,0.0,430.5
226,226,A,S_QTE,0.02,full,17,20,0.85,False,0.0,422.70000000000005
444,444,A,S_QTE,0.02,full,18,20,0.9,False,0.0,302.1
381,381,A,S_QTE,0.02,full,17,20,0.85,False,0.0,417.15000000000003
426,426,A,S_QTE,0.02,full,17,20,0.85,False,0.0,406.79999999999995
23,23,B,S_QTE,0.02,full,17,20,0.85,False,0.0,420.75
218,218,B,S_QTE,0.02,full,18,20,0.9,False,0.0,304.35
338,338,B,S_QTE,0.02,full,20,20,1.0,True,0.04323094425483504,273.29999999999995
433,433,B,S_QTE,0.02,full,18,20,0.9,False,0.0,377.85
123,123,B,S_QTE,0.02,full,20,20,1.0,True,0.07508532423208192,276.75
85,85,B,S_QTE,0.02,full,17,20,0.85,False,0.0,420.75
492,492,B,S_QTE,0.02,full,18,20,0.9,False,0.0,339.15
456,456,B,S_QTE,0.02,full,17,20,0.85,False,0.0,427.5
378,378,B,S_QTE,0.02,full,17,20,0.85,False,0.0,415.34999999999997
196,196,B,S_QTE,0.02,full,20,20,1.0,True,0.02161547212741752,154.5
257,257,B,S_QTE,0.02,full,17,20,0.85,False,0.0,412.5
401,401,B,S_QTE,0.02,full,20,20,1.0,True,0.07167235494880546,68.25
126,126,B,S_QTE,0.02,full,18,20,0.9,False,0.0,373.5
463,463,B,S_QTE,0.02,full,17,20,0.85,False,0.0,420.29999999999995
321,321,B,S_QTE,0.02,full,17,20,0.85,False,0.0,443.84999999999997
478,478,B,S_QTE,0.02,full,17,20,0.85,False,0.013651877133105802,430.04999999999995
101,101,B,S_QTE,0.02,full,18,20,0.9,False,0.0,327.6
310,310,B,S_QTE,0.02,full,19,20,0.95,True,0.04436860068259386,221.39999999999998
3,3,B,S_QTE,0.02,full,18,20,0.9,False,0.0,316.65
173,173,B,S_QTE,0.02,full,18,20,0.9,False,0.0,389.40000000000003
155,155,B,S_QTE,0.02,full,17,20,0.85,False,0.0,414.0
82,82,B,S_QTE,0.02,full,17,20,0.85,False,0.0,406.04999999999995
410,410,B,S_QTE,0.02,full,20,20,1.0,True,0.03981797497155859,311.54999999999995
216,216,B,S_QTE,0.02,full,20,20,1.0,True,0.06029579067121729,134.25
312,312,B,S_QTE,0.02,full,18,20,0.9,False,0.0,344.85
322,322,A,Jr_QTE,0.02,full,20,20,1.0,True,0.06598407281001138,184.2
266,266,A,Jr_QTE,0.02,full,19,20,0.95,False,0.0,216.60000000000002
405,405,A,Jr_QTE,0.02,full,19,20,0.95,False,0.0,189.0
377,377,A,Jr_QTE,0.02,full,20,20,1.0,True,0.05005688282138794,99.30000000000001
400,400,A,Jr_QTE,0.02,full,19,20,0.95,False,0.0,213.45000000000002
185,185,A,Jr_QTE,0.02,full,20,20,1.0,True,0.16723549488054607,16.65
154,154,A,Jr_QTE,0.02,full,20,20,1.0,True,0.0875995449374289,91.05000000000001
113,113,A,Jr_QTE,0.02,full,19,20,0.95,False,0.0,183.45
1,1,A,Jr_QTE,0.02,full,19,20,0.95,False,0.0,196.04999999999998
225,225,A,Jr_QTE,0.02,full,20,20,1.0,True,0.15699658703071673,103.05000000000001
384,384,A,Jr_QTE,0.02,full,19,20,0.95,False,0.0,187.5
130,130,A,Jr_QTE,0.02,full,20,20,1.0,True,0.06370875995449374,190.2
418,418,A,Jr_QTE,0.02,full,19,20,0.95,False,0.0,210.45000000000002
281,281,A,Jr_QTE,0.02,full,20,20,1.0,True,0.07622298065984073,189.0
199,199,A,Jr_QTE,0.02,full,19,20,0.95,False,0.0,209.10000000000002
79,79,A,Jr_QTE,0.02,full,20,20,1.0,True,0.10352673492605233,135.14999999999998
168,168,A,Jr_QTE,0.02,full,19,20,0.95,False,0.0,297.15
39,39,A,Jr_QTE,0.02,full,19,20,0.95,False,0.0,186.0
317,317,A,Jr_QTE,0.02,full,19,20,0.95,False,0.0,193.64999999999998
15,15,A,Jr_QTE,0.02,full,19,20,0.95,False,0.0,213.60000000000002
2,2,A,Jr_QTE,0.02,full,19,20,0.95,False,0.0,226.04999999999998
226,226,A,Jr_QTE,0.02,full,20,20,1.0,True,0.07053469852104664,109.94999999999999
444,444,A,Jr_QTE,0.02,full,19,20,0.95,False,0.0,183.3
381,381,A,Jr_QTE,0.02,full,19,20,0.95,False,0.0,177.60000000000002
426,426,A,Jr_QTE,0.02,full,19,20,0.95,False,0.0,176.85000000000002
23,23,B,Jr_QTE,0.02,full,19,20,0.95,False,0.0,247.04999999999998
218,218,B,Jr_QTE,0.02,full,19,20,0.95,False,0.0,239.25
338,338,B,Jr_QTE,0.02,full,19,20,0.95,False,0.0,214.79999999999998
433,433,B,Jr_QTE,0.02,full,19,20,0.95,False,0.0,225.45000000000002
123,123,B,Jr_QTE,0.02,full,20,20,1.0,True,0.09328782707622298,199.35000000000002
85,85,B,Jr_QTE,0.02,full,19,20,0.95,False,0.0,202.95000000000002
492,492,B,Jr_QTE,0.02,full,19,20,0.95,False,0.0,198.60000000000002
456,456,B,Jr_QTE,0.02,full,19,20,0.95,False,0.0,198.29999999999998
378,378,B,Jr_QTE,0.02,full,19,20,0.95,False,0.0,217.20000000000002
196,196,B,Jr_QTE,0.02,full,19,20,0.95,False,0.0,240.45000000000002
257,257,B,Jr_QTE,0.02,full,19,20,0.95,False,0.0,206.10000000000002
401,401,B,Jr_QTE,0.02,full,20,20,1.0,True,0.07508532423208192,63.0
126,126,B,Jr_QTE,0.02,full,19,20,0.95,False,0.0,219.60000000000002
463,463,B,Jr_QTE,0.02,full,19,20,0.95,False,0.0,204.60000000000002
321,321,B,Jr_QTE,0.02,full,19,20,0.95,False,0.0,279.75
478,478,B,Jr_QTE,0.02,full,19,20,0.95,False,0.0,204.14999999999998
101,101,B,Jr_QTE,0.02,full,19,20,0.95,False,0.0,199.95000000000002
310,310,B,Jr_QTE,0.02,full,19,20,0.95,False,0.0,192.45000000000002
3,3,B,Jr_QTE,0.02,full,20,20,1.0,False,0.0,105.30000000000001
173,173,B,Jr_QTE,0.02,full,19,20,0.95,False,0.0,225.29999999999998
155,155,B,Jr_QTE,0.02,full,19,20,0.95,False,0.0,184.05
82,82,B,Jr_QTE,0.02,full,19,20,0.95,False,0.0,193.79999999999998
410,410,B,Jr_QTE,0.02,full,19,20,0.95,False,0.0,226.79999999999998
216,216,B,Jr_QTE,0.02,full,19,20,0.95,False,0.0,208.35000000000002
312,312,B,Jr_QTE,0.02,full,19,20,0.95,False,0.0,210.75
322,322,A,Dr_QTE,0.02,full,20,20,1.0,True,0.048919226393629126,166.05
266,266,A,Dr_QTE,0.02,full,20,20,1.0,True,0.026166097838452786,129.3
405,405,A,Dr_QTE,0.02,full,19,20,0.95,True,0.015927189988623434,216.0
377,377,A,Dr_QTE,0.02,full,20,20,1.0,True,0.0022753128555176336,127.80000000000001
400,400,A,Dr_QTE,0.02,full,20,20,1.0,True,0.04209328782707622,135.60000000000002
185,185,A,Dr_QTE,0.02,full,20,20,1.0,True,0.006825938566552901,62.699999999999996
154,154,A,Dr_QTE,0.02,full,20,20,1.0,True,0.0011376564277588168,22.950000000000003
113,113,A,Dr_QTE,0.02,full,18,20,0.9,False,0.013651877133105802,388.79999999999995
1,1,A,Dr_QTE,0.02,full,18,20,0.9,False,0.0,308.25
225,225,A,Dr_QTE,0.02,full,20,20,1.0,True,0.09783845278725825,117.14999999999999
384,384,A,Dr_QTE,0.02,full,20,20,1.0,True,0.03754266211604096,108.60000000000001
130,130,A,Dr_QTE,0.02,full,19,20,0.95,True,0.009101251422070534,222.75
418,418,A,Dr_QTE,0.02,full,20,20,1.0,True,0.012514220705346985,67.35
281,281,A,Dr_QTE,0.02,full,20,20,1.0,True,0.03981797497155859,242.70000000000002
199,199,A,Dr_QTE,0.02,full,20,20,1.0,True,0.026166097838452786,67.80000000000001
79,79,A,Dr_QTE,0.02,full,20,20,1.0,True,0.012514220705346985,43.95
168,168,A,Dr_QTE,0.02,full,20,20,1.0,True,0.027303754266211604,195.89999999999998
39,39,A,Dr_QTE,0.02,full,20,20,1.0,True,0.004550625711035267,81.44999999999999
317,317,A,Dr_QTE,0.02,full,19,20,0.95,False,0.0,225.75
15,15,A,Dr_QTE,0.02,full,18,20,0.9,False,0.0,326.25
2,2,A,Dr_QTE,0.02,full,19,20,0.95,False,0.0011376564277588168,252.14999999999998
226,226,A,Dr_QTE,0.02,full,20,20,1.0,True,0.05005688282138794,113.39999999999999
444,444,A,Dr_QTE,0.02,full,19,20,0.95,False,0.0,274.95000000000005
381,381,A,Dr_QTE,0.02,full,19,20,0.95,False,0.0,208.5
426,426,A,Dr_QTE,0.02,full,20,20,1.0,False,0.0,228.60000000000002
23,23,B,Dr_QTE,0.02,full,20,20,1.0,True,0.010238907849829351,257.1
218,218,B,Dr_QTE,0.02,full,20,20,1.0,True,0.007963594994311717,274.5
338,338,B,Dr_QTE,0.02,full,20,20,1.0,True,0.0022753128555176336,198.45000000000002
433,433,B,Dr_QTE,0.02,full,20,20,1.0,True,0.03185437997724687,151.95
123,123,B,Dr_QTE,0.02,full,20,20,1.0,True,0.01820250284414107,218.25
85,85,B,Dr_QTE,0.02,full,20,20,1.0,True,0.006825938566552901,163.2
492,492,B,Dr_QTE,0.02,full,20,20,1.0,True,0.006825938566552901,201.60000000000002
456,456,B,Dr_QTE,0.02,full,20,20,1.0,True,0.013651877133105802,195.45000000000002
378,378,B,Dr_QTE,0.02,full,18,20,0.9,True,0.048919226393629126,328.95000000000005
196,196,B,Dr_QTE,0.02,full,20,20,1.0,True,0.03526734926052332,83.85
257,257,B,Dr_QTE,0.02,full,20,20,1.0,True,0.009101251422070534,79.5
401,401,B,Dr_QTE,0.02,full,20,20,1.0,True,0.04209328782707622,179.55
126,126,B,Dr_QTE,0.02,full,20,20,1.0,True,0.026166097838452786,129.60000000000002
463,463,B,Dr_QTE,0.02,full,20,20,1.0,True,0.013651877133105802,210.60000000000002
321,321,B,Dr_QTE,0.02,full,20,20,1.0,True,0.013651877133105802,148.95
478,478,B,Dr_QTE,0.02,full,20,20,1.0,False,0.0,176.39999999999998
101,101,B,Dr_QTE,0.02,full,20,20,1.0,True,0.006825938566552901,328.95000000000005
310,310,B,Dr_QTE,0.02,full,20,20,1.0,True,0.034129692832764506,54.300000000000004
3,3,B,Dr_QTE,0.02,full,20,20,1.0,False,0.0,130.5
173,173,B,Dr_QTE,0.02,full,20,20,1.0,True,0.010238907849829351,189.89999999999998
155,155,B,Dr_QTE,0.02,full,19,20,0.95,False,0.0,326.70000000000005
82,82,B,Dr_QTE,0.02,full,20,20,1.0,True,0.012514220705346985,158.55
410,410,B,Dr_QTE,0.02,full,19,20,0.95,False,0.0,274.79999999999995
216,216,B,Dr_QTE,0.02,full,19,20,0.95,False,0.0,240.60000000000002
312,312,B,Dr_QTE,0.02,full,19,20,0.95,True,0.004550625711035267,321.9
322,322,A,PairError-QTE,0.02,full,20,20,1.0,True,0.07508532423208192,170.25
266,266,A,PairError-QTE,0.02,full,19,20,0.95,False,0.0,215.39999999999998
405,405,A,PairError-QTE,0.02,full,19,20,0.95,False,0.0,185.55
377,377,A,PairError-QTE,0.02,full,20,20,1.0,True,0.04664391353811149,96.75
400,400,A,PairError-QTE,0.02,full,19,20,0.95,False,0.0,209.54999999999998
185,185,A,PairError-QTE,0.02,full,20,20,1.0,True,0.13993174061433447,18.299999999999997
154,154,A,PairError-QTE,0.02,full,20,20,1.0,True,0.07736063708759955,91.05000000000001
113,113,A,PairError-QTE,0.02,full,19,20,0.95,False,0.0,182.25
1,1,A,PairError-QTE,0.02,full,19,20,0.95,False,0.0,188.85000000000002
225,225,A,PairError-QTE,0.02,full,20,20,1.0,True,0.14334470989761092,94.35
384,384,A,PairError-QTE,0.02,full,19,20,0.95,False,0.0,183.75
130,130,A,PairError-QTE,0.02,full,19,20,0.95,True,0.06484641638225255,230.70000000000002
418,418,A,PairError-QTE,0.02,full,19,20,0.95,False,0.0,206.39999999999998
281,281,A,PairError-QTE,0.02,full,20,20,1.0,True,0.07736063708759955,184.35000000000002
199,199,A,PairError-QTE,0.02,full,19,20,0.95,False,0.0,191.25
79,79,A,PairError-QTE,0.02,full,20,20,1.0,True,0.09328782707622298,134.85000000000002
168,168,A,PairError-QTE,0.02,full,18,20,0.9,False,0.0,297.45000000000005
39,39,A,PairError-QTE,0.02,full,19,20,0.95,False,0.0,184.2
317,317,A,PairError-QTE,0.02,full,19,20,0.95,False,0.0,190.95
15,15,A,PairError-QTE,0.02,full,19,20,0.95,False,0.0,207.89999999999998
2,2,A,PairError-QTE,0.02,full,19,20,0.95,False,0.0,214.64999999999998
226,226,A,PairError-QTE,0.02,full,20,20,1.0,True,0.07053469852104664,107.69999999999999
444,444,A,PairError-QTE,0.02,full,19,20,0.95,False,0.0,181.35000000000002
381,381,A,PairError-QTE,0.02,full,19,20,0.95,False,0.0,176.7
426,426,A,PairError-QTE,0.02,full,19,20,0.95,False,0.0,172.64999999999998
23,23,B,PairError-QTE,0.02,full,19,20,0.95,False,0.0,246.0
218,218,B,PairError-QTE,0.02,full,19,20,0.95,False,0.0,242.54999999999998
338,338,B,PairError-QTE,0.02,full,19,20,0.95,False,0.0,204.75
433,433,B,PairError-QTE,0.02,full,19,20,0.95,False,0.0,213.75
123,123,B,PairError-QTE,0.02,full,20,20,1.0,True,0.07508532423208192,193.20000000000002
85,85,B,PairError-QTE,0.02,full,19,20,0.95,False,0.0,200.54999999999998
492,492,B,PairError-QTE,0.02,full,19,20,0.95,False,0.0,194.25
456,456,B,PairError-QTE,0.02,full,19,20,0.95,False,0.0,193.95000000000002
378,378,B,PairError-QTE,0.02,full,19,20,0.95,False,0.0,211.64999999999998
196,196,B,PairError-QTE,0.02,full,19,20,0.95,False,0.0,205.79999999999998
257,257,B,PairError-QTE,0.02,full,19,20,0.95,False,0.0,225.0
401,401,B,PairError-QTE,0.02,full,20,20,1.0,True,0.07508532423208192,61.650000000000006
126,126,B,PairError-QTE,0.02,full,19,20,0.95,False,0.0,214.95000000000002
463,463,B,PairError-QTE,0.02,full,19,20,0.95,False,0.0,200.10000000000002
321,321,B,PairError-QTE,0.02,full,19,20,0.95,False,0.0,273.6
478,478,B,PairError-QTE,0.02,full,19,20,0.95,False,0.0,191.39999999999998
101,101,B,PairError-QTE,0.02,full,19,20,0.95,False,0.0,203.39999999999998
310,310,B,PairError-QTE,0.02,full,19,20,0.95,False,0.0,191.39999999999998
3,3,B,PairError-QTE,0.02,full,19,20,0.95,False,0.0,179.25
173,173,B,PairError-QTE,0.02,full,19,20,0.95,False,0.0,237.60000000000002
155,155,B,PairError-QTE,0.02,full,19,20,0.95,False,0.0,182.39999999999998
82,82,B,PairError-QTE,0.02,full,19,20,0.95,False,0.0,192.60000000000002
410,410,B,PairError-QTE,0.02,full,19,20,0.95,False,0.0,226.04999999999998
216,216,B,PairError-QTE,0.02,full,19,20,0.95,False,0.0,205.95000000000002
312,312,B,PairError-QTE,0.02,full,19,20,0.95,False,0.0,208.04999999999998
322,322,A,PCA-SPE,0.02,full,20,20,1.0,True,0.1329608938547486,212.54999999999998
266,266,A,PCA-SPE,0.02,full,17,20,0.85,False,0.0,417.29999999999995
405,405,A,PCA-SPE,0.02,full,19,20,0.95,False,0.0,322.65
377,377,A,PCA-SPE,0.02,full,20,20,1.0,True,0.06256983240223464,213.75
400,400,A,PCA-SPE,0.02,full,20,20,1.0,True,0.08156424581005586,28.049999999999997
185,185,A,PCA-SPE,0.02,full,20,20,1.0,True,0.08268156424581005,93.44999999999999
154,154,A,PCA-SPE,0.02,full,20,20,1.0,True,0.07150837988826815,100.94999999999999
113,113,A,PCA-SPE,0.02,full,17,20,0.85,False,0.0,405.0
1,1,A,PCA-SPE,0.02,full,20,20,1.0,True,0.06256983240223464,25.799999999999997
225,225,A,PCA-SPE,0.02,full,17,20,0.85,False,0.0,425.40000000000003
384,384,A,PCA-SPE,0.02,full,20,20,1.0,True,0.049162011173184354,221.25
130,130,A,PCA-SPE,0.02,full,18,20,0.9,False,0.0,367.5
418,418,A,PCA-SPE,0.02,full,20,20,1.0,True,0.01005586592178771,303.15
281,281,A,PCA-SPE,0.02,full,20,20,1.0,True,0.05810055865921788,87.9
199,199,A,PCA-SPE,0.02,full,20,20,1.0,True,0.008938547486033519,156.3
79,79,A,PCA-SPE,0.02,full,20,20,1.0,True,0.10837988826815642,66.9
168,168,A,PCA-SPE,0.02,full,20,20,1.0,True,0.07374301675977654,161.7
39,39,A,PCA-SPE,0.02,full,17,20,0.85,False,0.0,410.70000000000005
317,317,A,PCA-SPE,0.02,full,20,20,1.0,True,0.06256983240223464,108.75
15,15,A,PCA-SPE,0.02,full,17,20,0.85,False,0.0,438.29999999999995
2,2,A,PCA-SPE,0.02,full,17,20,0.85,False,0.0,419.54999999999995
226,226,A,PCA-SPE,0.02,full,17,20,0.85,False,0.0,418.79999999999995
444,444,A,PCA-SPE,0.02,full,19,20,0.95,False,0.0,205.79999999999998
381,381,A,PCA-SPE,0.02,full,17,20,0.85,False,0.0,405.75
426,426,A,PCA-SPE,0.02,full,20,20,1.0,True,0.0033519553072625698,61.050000000000004
23,23,B,PCA-SPE,0.02,full,20,20,1.0,True,0.012290502793296089,328.95000000000005
218,218,B,PCA-SPE,0.02,full,20,20,1.0,True,0.02011173184357542,85.80000000000001
338,338,B,PCA-SPE,0.02,full,20,20,1.0,True,0.0111731843575419,124.19999999999999
433,433,B,PCA-SPE,0.02,full,20,20,1.0,True,0.004469273743016759,195.45000000000002
123,123,B,PCA-SPE,0.02,full,17,20,0.85,False,0.0,423.0
85,85,B,PCA-SPE,0.02,full,17,20,0.85,False,0.0,421.5
492,492,B,PCA-SPE,0.02,full,20,20,1.0,True,0.0111731843575419,116.39999999999999
456,456,B,PCA-SPE,0.02,full,17,20,0.85,False,0.0,414.15000000000003
378,378,B,PCA-SPE,0.02,full,20,20,1.0,True,0.01452513966480447,266.85
196,196,B,PCA-SPE,0.02,full,19,20,0.95,False,0.0,349.95000000000005
257,257,B,PCA-SPE,0.02,full,19,20,0.95,False,0.0,370.5
401,401,B,PCA-SPE,0.02,full,20,20,1.0,True,0.03687150837988827,323.1
126,126,B,PCA-SPE,0.02,full,20,20,1.0,True,0.048044692737430165,291.15
463,463,B,PCA-SPE,0.02,full,20,20,1.0,True,0.048044692737430165,146.7
321,321,B,PCA-SPE,0.02,full,20,20,1.0,True,0.0893854748603352,204.89999999999998
478,478,B,PCA-SPE,0.02,full,18,20,0.9,False,0.0,413.70000000000005
101,101,B,PCA-SPE,0.02,full,20,20,1.0,True,0.013407821229050279,161.25
310,310,B,PCA-SPE,0.02,full,20,20,1.0,True,0.04581005586592179,157.95
3,3,B,PCA-SPE,0.02,full,20,20,1.0,True,0.021229050279329607,6.1499999999999995
173,173,B,PCA-SPE,0.02,full,20,20,1.0,True,0.08491620111731843,51.300000000000004
155,155,B,PCA-SPE,0.02,full,20,20,1.0,True,0.034636871508379886,177.14999999999998
82,82,B,PCA-SPE,0.02,full,17,20,0.85,False,0.0,410.40000000000003
410,410,B,PCA-SPE,0.02,full,17,20,0.85,False,0.0,409.20000000000005
216,216,B,PCA-SPE,0.02,full,20,20,1.0,True,0.02011173184357542,123.89999999999999
312,312,B,PCA-SPE,0.02,full,17,20,0.85,False,0.0,424.04999999999995
322,322,A,S_QTE,0.02,early,15,20,0.75,False,0.07508532423208192,94.05000000000001
266,266,A,S_QTE,0.02,early,15,20,0.75,False,0.017064846416382253,97.19999999999999
405,405,A,S_QTE,0.02,early,16,20,0.8,False,0.007963594994311717,97.64999999999999
377,377,A,S_QTE,0.02,early,16,20,0.8,False,0.0,85.94999999999999
400,400,A,S_QTE,0.02,early,16,20,0.8,False,0.0,103.94999999999999
185,185,A,S_QTE,0.02,early,20,20,1.0,True,0.15244596131968147,22.5
154,154,A,S_QTE,0.02,early,19,20,0.95,True,0.12059158134243458,92.25
113,113,A,S_QTE,0.02,early,16,20,0.8,False,0.0,93.6
1,1,A,S_QTE,0.02,early,16,20,0.8,False,0.0,102.0
225,225,A,S_QTE,0.02,early,16,20,0.8,False,0.13651877133105803,99.30000000000001
384,384,A,S_QTE,0.02,early,17,20,0.85,False,0.0,100.5
130,130,A,S_QTE,0.02,early,15,20,0.75,False,0.0,104.25
418,418,A,S_QTE,0.02,early,17,20,0.85,False,0.0,90.6
281,281,A,S_QTE,0.02,early,16,20,0.8,False,0.08532423208191127,97.05000000000001
199,199,A,S_QTE,0.02,early,20,20,1.0,True,0.004550625711035267,85.05000000000001
79,79,A,S_QTE,0.02,early,17,20,0.85,False,0.06825938566552901,103.05000000000001
168,168,A,S_QTE,0.02,early,17,20,0.85,False,0.0,92.69999999999999
39,39,A,S_QTE,0.02,early,17,20,0.85,False,0.0,80.85
317,317,A,S_QTE,0.02,early,17,20,0.85,False,0.006825938566552901,91.80000000000001
15,15,A,S_QTE,0.02,early,16,20,0.8,False,0.0,104.39999999999999
2,2,A,S_QTE,0.02,early,16,20,0.8,False,0.0,96.75
226,226,A,S_QTE,0.02,early,17,20,0.85,False,0.0,98.69999999999999
444,444,A,S_QTE,0.02,early,18,20,0.9,False,0.0,86.1
381,381,A,S_QTE,0.02,early,17,20,0.85,False,0.0,93.15
426,426,A,S_QTE,0.02,early,17,20,0.85,False,0.0,82.80000000000001
23,23,B,S_QTE,0.02,early,16,20,0.8,False,0.0,95.85
218,218,B,S_QTE,0.02,early,17,20,0.85,False,0.0,86.25
338,338,B,S_QTE,0.02,early,17,20,0.85,False,0.04323094425483504,101.25
433,433,B,S_QTE,0.02,early,17,20,0.85,False,0.0,90.75
123,123,B,S_QTE,0.02,early,16,20,0.8,False,0.07508532423208192,103.05000000000001
85,85,B,S_QTE,0.02,early,17,20,0.85,False,0.0,96.75
492,492,B,S_QTE,0.02,early,16,20,0.8,False,0.0,86.85
456,456,B,S_QTE,0.02,early,16,20,0.8,False,0.0,98.55000000000001
378,378,B,S_QTE,0.02,early,16,20,0.8,False,0.0,87.0
196,196,B,S_QTE,0.02,early,16,20,0.8,False,0.02161547212741752,93.30000000000001
257,257,B,S_QTE,0.02,early,16,20,0.8,False,0.0,84.15
401,401,B,S_QTE,0.02,early,20,20,1.0,True,0.07167235494880546,68.25
126,126,B,S_QTE,0.02,early,16,20,0.8,False,0.0,94.05000000000001
463,463,B,S_QTE,0.02,early,17,20,0.85,False,0.0,96.30000000000001
321,321,B,S_QTE,0.02,early,15,20,0.75,False,0.0,105.75
478,478,B,S_QTE,0.02,early,15,20,0.75,False,0.013651877133105802,103.64999999999999
101,101,B,S_QTE,0.02,early,17,20,0.85,False,0.0,87.30000000000001
310,310,B,S_QTE,0.02,early,17,20,0.85,False,0.04436860068259386,82.19999999999999
3,3,B,S_QTE,0.02,early,17,20,0.85,False,0.0,74.25
173,173,B,S_QTE,0.02,early,17,20,0.85,False,0.0,92.25
155,155,B,S_QTE,0.02,early,17,20,0.85,False,0.0,90.0
82,82,B,S_QTE,0.02,early,17,20,0.85,False,0.0,82.05000000000001
410,410,B,S_QTE,0.02,early,17,20,0.85,False,0.03981797497155859,79.5
216,216,B,S_QTE,0.02,early,18,20,0.9,False,0.06029579067121729,94.94999999999999
312,312,B,S_QTE,0.02,early,17,20,0.85,False,0.0,106.35000000000001
322,322,A,Jr_QTE,0.02,early,16,20,0.8,False,0.06598407281001138,86.55000000000001
266,266,A,Jr_QTE,0.02,early,16,20,0.8,False,0.0,84.75
405,405,A,Jr_QTE,0.02,early,19,20,0.95,False,0.0,81.0
377,377,A,Jr_QTE,0.02,early,18,20,0.9,False,0.05005688282138794,68.69999999999999
400,400,A,Jr_QTE,0.02,early,18,20,0.9,False,0.0,87.15
185,185,A,Jr_QTE,0.02,early,20,20,1.0,True,0.16723549488054607,16.65
154,154,A,Jr_QTE,0.02,early,18,20,0.9,False,0.0875995449374289,83.55000000000001
113,113,A,Jr_QTE,0.02,early,18,20,0.9,False,0.0,68.69999999999999
1,1,A,Jr_QTE,0.02,early,18,20,0.9,False,0.0,78.9
225,225,A,Jr_QTE,0.02,early,18,20,0.9,False,0.15699658703071673,90.6
384,384,A,Jr_QTE,0.02,early,18,20,0.9,False,0.0,78.75
130,130,A,Jr_QTE,0.02,early,16,20,0.8,False,0.06370875995449374,90.15
418,418,A,Jr_QTE,0.02,early,18,20,0.9,False,0.0,72.15
281,281,A,Jr_QTE,0.02,early,17,20,0.85,False,0.07622298065984073,84.6
199,199,A,Jr_QTE,0.02,early,17,20,0.85,False,0.0,81.75
79,79,A,Jr_QTE,0.02,early,19,20,0.95,False,0.10352673492605233,83.25
168,168,A,Jr_QTE,0.02,early,18,20,0.9,False,0.0,82.19999999999999
39,39,A,Jr_QTE,0.02,early,18,20,0.9,False,0.0,70.80000000000001
317,317,A,Jr_QTE,0.02,early,18,20,0.9,False,0.0,77.55000000000001
15,15,A,Jr_QTE,0.02,early,16,20,0.8,False,0.0,92.4
2,2,A,Jr_QTE,0.02,early,17,20,0.85,False,0.0,82.5
226,226,A,Jr_QTE,0.02,early,17,20,0.85,False,0.07053469852104664,91.05000000000001
444,444,A,Jr_QTE,0.02,early,18,20,0.9,False,0.0,71.85
381,381,A,Jr_QTE,0.02,early,18,20,0.9,False,0.0,67.05000000000001
426,426,A,Jr_QTE,0.02,early,19,20,0.95,False,0.0,68.85
23,23,B,Jr_QTE,0.02,early,17,20,0.85,False,0.0,82.05000000000001
218,218,B,Jr_QTE,0.02,early,17,20,0.85,False,0.0,68.85
338,338,B,Jr_QTE,0.02,early,18,20,0.9,False,0.0,82.05000000000001
433,433,B,Jr_QTE,0.02,early,17,20,0.85,False,0.0,80.25
123,123,B,Jr_QTE,0.02,early,17,20,0.85,False,0.09328782707622298,87.30000000000001
85,85,B,Jr_QTE,0.02,early,17,20,0.85,False,0.0,80.69999999999999
492,492,B,Jr_QTE,0.02,early,17,20,0.85,False,0.0,77.69999999999999
456,456,B,Jr_QTE,0.02,early,17,20,0.85,False,0.0,80.1
378,378,B,Jr_QTE,0.02,early,17,20,0.85,False,0.0,76.80000000000001
196,196,B,Jr_QTE,0.02,early,17,20,0.85,False,0.0,82.5
257,257,B,Jr_QTE,0.02,early,18,20,0.9,False,0.0,76.5
401,401,B,Jr_QTE,0.02,early,20,20,1.0,True,0.07508532423208192,63.0
126,126,B,Jr_QTE,0.02,early,17,20,0.85,False,0.0,84.9
463,463,B,Jr_QTE,0.02,early,17,20,0.85,False,0.0,84.15
321,321,B,Jr_QTE,0.02,early,15,20,0.75,False,0.0,95.25
478,478,B,Jr_QTE,0.02,early,16,20,0.8,False,0.0,91.5
101,101,B,Jr_QTE,0.02,early,18,20,0.9,False,0.0,70.05000000000001
310,310,B,Jr_QTE,0.02,early,18,20,0.9,False,0.0,68.55000000000001
3,3,B,Jr_QTE,0.02,early,18,20,0.9,False,0.0,68.4
173,173,B,Jr_QTE,0.02,early,17,20,0.85,False,0.0,78.9
155,155,B,Jr_QTE,0.02,early,18,20,0.9,False,0.0,76.05000000000001
82,82,B,Jr_QTE,0.02,early,17,20,0.85,False,0.0,74.4
410,410,B,Jr_QTE,0.02,early,17,20,0.85,False,0.0,70.19999999999999
216,216,B,Jr_QTE,0.02,early,18,20,0.9,False,0.0,81.44999999999999
312,312,B,Jr_QTE,0.02,early,17,20,0.85,False,0.0,94.19999999999999
322,322,A,Dr_QTE,0.02,early,18,20,0.9,False,0.048919226393629126,82.94999999999999
266,266,A,Dr_QTE,0.02,early,16,20,0.8,False,0.026166097838452786,90.9
405,405,A,Dr_QTE,0.02,early,17,20,0.85,False,0.015927189988623434,90.15
377,377,A,Dr_QTE,0.02,early,17,20,0.85,False,0.0022753128555176336,79.05000000000001
400,400,A,Dr_QTE,0.02,early,17,20,0.85,False,0.04209328782707622,95.25
185,185,A,Dr_QTE,0.02,early,20,20,1.0,True,0.006825938566552901,62.699999999999996
154,154,A,Dr_QTE,0.02,early,20,20,1.0,True,0.0011376564277588168,22.950000000000003
113,113,A,Dr_QTE,0.02,early,17,20,0.85,False,0.013651877133105802,83.25
1,1,A,Dr_QTE,0.02,early,18,20,0.9,False,0.0,92.25
225,225,A,Dr_QTE,0.02,early,17,20,0.85,False,0.09783845278725825,86.25
384,384,A,Dr_QTE,0.02,early,17,20,0.85,False,0.03754266211604096,87.9
130,130,A,Dr_QTE,0.02,early,16,20,0.8,False,0.009101251422070534,92.4
418,418,A,Dr_QTE,0.02,early,20,20,1.0,True,0.012514220705346985,67.35
281,281,A,Dr_QTE,0.02,early,16,20,0.8,False,0.03981797497155859,93.9
199,199,A,Dr_QTE,0.02,early,20,20,1.0,True,0.026166097838452786,67.80000000000001
79,79,A,Dr_QTE,0.02,early,20,20,1.0,True,0.012514220705346985,43.95
168,168,A,Dr_QTE,0.02,early,17,20,0.85,False,0.027303754266211604,92.4
39,39,A,Dr_QTE,0.02,early,18,20,0.9,False,0.004550625711035267,77.4
317,317,A,Dr_QTE,0.02,early,18,20,0.9,False,0.0,82.80000000000001
15,15,A,Dr_QTE,0.02,early,16,20,0.8,False,0.0,100.19999999999999
2,2,A,Dr_QTE,0.02,early,17,20,0.85,False,0.0011376564277588168,86.85
226,226,A,Dr_QTE,0.02,early,17,20,0.85,False,0.05005688282138794,95.85
444,444,A,Dr_QTE,0.02,early,17,20,0.85,False,0.0,82.80000000000001
381,381,A,Dr_QTE,0.02,early,18,20,0.9,False,0.0,78.6
426,426,A,Dr_QTE,0.02,early,17,20,0.85,False,0.0,77.85
23,23,B,Dr_QTE,0.02,early,17,20,0.85,False,0.010238907849829351,89.55000000000001
218,218,B,Dr_QTE,0.02,early,17,20,0.85,False,0.007963594994311717,72.15
338,338,B,Dr_QTE,0.02,early,17,20,0.85,False,0.0022753128555176336,84.30000000000001
433,433,B,Dr_QTE,0.02,early,18,20,0.9,False,0.03185437997724687,82.94999999999999
123,123,B,Dr_QTE,0.02,early,17,20,0.85,False,0.01820250284414107,90.15
85,85,B,Dr_QTE,0.02,early,18,20,0.9,False,0.006825938566552901,82.35
492,492,B,Dr_QTE,0.02,early,17,20,0.85,False,0.006825938566552901,77.55000000000001
456,456,B,Dr_QTE,0.02,early,17,20,0.85,False,0.013651877133105802,86.85
378,378,B,Dr_QTE,0.02,early,16,20,0.8,False,0.048919226393629126,91.80000000000001
196,196,B,Dr_QTE,0.02,early,20,20,1.0,True,0.03526734926052332,83.85
257,257,B,Dr_QTE,0.02,early,19,20,0.95,True,0.009101251422070534,78.0
401,401,B,Dr_QTE,0.02,early,17,20,0.85,False,0.04209328782707622,88.19999999999999
126,126,B,Dr_QTE,0.02,early,17,20,0.85,False,0.026166097838452786,90.9
463,463,B,Dr_QTE,0.02,early,17,20,0.85,False,0.013651877133105802,89.55000000000001
321,321,B,Dr_QTE,0.02,early,16,20,0.8,False,0.013651877133105802,101.39999999999999
478,478,B,Dr_QTE,0.02,early,16,20,0.8,False,0.0,84.15
101,101,B,Dr_QTE,0.02,early,17,20,0.85,False,0.006825938566552901,78.75
310,310,B,Dr_QTE,0.02,early,20,20,1.0,True,0.034129692832764506,54.300000000000004
3,3,B,Dr_QTE,0.02,early,17,20,0.85,False,0.0,75.6
173,173,B,Dr_QTE,0.02,early,17,20,0.85,False,0.010238907849829351,91.19999999999999
155,155,B,Dr_QTE,0.02,early,17,20,0.85,False,0.0,79.5
82,82,B,Dr_QTE,0.02,early,19,20,0.95,False,0.012514220705346985,72.9
410,410,B,Dr_QTE,0.02,early,17,20,0.85,False,0.0,76.65
216,216,B,Dr_QTE,0.02,early,17,20,0.85,False,0.0,96.14999999999999
312,312,B,Dr_QTE,0.02,early,17,20,0.85,False,0.004550625711035267,98.25
322,322,A,PairError-QTE,0.02,early,17,20,0.85,False,0.07508532423208192,79.19999999999999
266,266,A,PairError-QTE,0.02,early,16,20,0.8,False,0.0,83.55000000000001
405,405,A,PairError-QTE,0.02,early,19,20,0.95,False,0.0,77.55000000000001
377,377,A,PairError-QTE,0.02,early,18,20,0.9,False,0.04664391353811149,66.30000000000001
400,400,A,PairError-QTE,0.02,early,18,20,0.9,False,0.0,83.25
185,185,A,PairError-QTE,0.02,early,20,20,1.0,True,0.13993174061433447,18.299999999999997
154,154,A,PairError-QTE,0.02,early,17,20,0.85,False,0.07736063708759955,82.05000000000001
113,113,A,PairError-QTE,0.02,early,18,20,0.9,False,0.0,67.19999999999999
1,1,A,PairError-QTE,0.02,early,18,20,0.9,False,0.0,77.69999999999999
225,225,A,PairError-QTE,0.02,early,18,20,0.9,False,0.14334470989761092,82.05000000000001
384,384,A,PairError-QTE,0.02,early,18,20,0.9,False,0.0,75.6
130,130,A,PairError-QTE,0.02,early,16,20,0.8,False,0.06484641638225255,88.80000000000001
418,418,A,PairError-QTE,0.02,early,18,20,0.9,False,0.0,69.6
281,281,A,PairError-QTE,0.02,early,17,20,0.85,False,0.07736063708759955,80.85
199,199,A,PairError-QTE,0.02,early,18,20,0.9,False,0.0,77.1
79,79,A,PairError-QTE,0.02,early,18,20,0.9,False,0.09328782707622298,82.80000000000001
168,168,A,PairError-QTE,0.02,early,18,20,0.9,False,0.0,81.44999999999999
39,39,A,PairError-QTE,0.02,early,18,20,0.9,False,0.0,69.6
317,317,A,PairError-QTE,0.02,early,18,20,0.9,False,0.0,74.85
15,15,A,PairError-QTE,0.02,early,16,20,0.8,False,0.0,89.25
2,2,A,PairError-QTE,0.02,early,18,20,0.9,False,0.0,79.94999999999999
226,226,A,PairError-QTE,0.02,early,17,20,0.85,False,0.07053469852104664,88.80000000000001
444,444,A,PairError-QTE,0.02,early,18,20,0.9,False,0.0,69.9
381,381,A,PairError-QTE,0.02,early,18,20,0.9,False,0.0,65.85
426,426,A,PairError-QTE,0.02,early,19,20,0.95,False,0.0,64.65
23,23,B,PairError-QTE,0.02,early,17,20,0.85,False,0.0,80.69999999999999
218,218,B,PairError-QTE,0.02,early,17,20,0.85,False,0.0,66.9
338,338,B,PairError-QTE,0.02,early,18,20,0.9,False,0.0,72.30000000000001
433,433,B,PairError-QTE,0.02,early,18,20,0.9,False,0.0,76.5
123,123,B,PairError-QTE,0.02,early,17,20,0.85,False,0.07508532423208192,83.69999999999999
85,85,B,PairError-QTE,0.02,early,17,20,0.85,False,0.0,79.80000000000001
492,492,B,PairError-QTE,0.02,early,18,20,0.9,False,0.0,73.94999999999999
456,456,B,PairError-QTE,0.02,early,17,20,0.85,False,0.0,76.94999999999999
378,378,B,PairError-QTE,0.02,early,17,20,0.85,False,0.0,71.69999999999999
196,196,B,PairError-QTE,0.02,early,17,20,0.85,False,0.0,80.1
257,257,B,PairError-QTE,0.02,early,18,20,0.9,False,0.0,70.94999999999999
401,401,B,PairError-QTE,0.02,early,20,20,1.0,True,0.07508532423208192,61.650000000000006
126,126,B,PairError-QTE,0.02,early,17,20,0.85,False,0.0,82.19999999999999
463,463,B,PairError-QTE,0.02,early,17,20,0.85,False,0.0,82.5
321,321,B,PairError-QTE,0.02,early,16,20,0.8,False,0.0,93.75
478,478,B,PairError-QTE,0.02,early,16,20,0.8,False,0.0,78.75
101,101,B,PairError-QTE,0.02,early,18,20,0.9,False,0.0,68.1
310,310,B,PairError-QTE,0.02,early,18,20,0.9,False,0.0,67.19999999999999
3,3,B,PairError-QTE,0.02,early,18,20,0.9,False,0.0,67.5
173,173,B,PairError-QTE,0.02,early,17,20,0.85,False,0.0,77.25
155,155,B,PairError-QTE,0.02,early,18,20,0.9,False,0.0,74.4
82,82,B,PairError-QTE,0.02,early,17,20,0.85,False,0.0,73.65
410,410,B,PairError-QTE,0.02,early,17,20,0.85,False,0.0,69.15
216,216,B,PairError-QTE,0.02,early,18,20,0.9,False,0.0,79.05000000000001
312,312,B,PairError-QTE,0.02,early,17,20,0.85,False,0.0,91.5
322,322,A,PCA-SPE,0.02,early,15,20,0.75,False,0.1329608938547486,93.44999999999999
266,266,A,PCA-SPE,0.02,early,16,20,0.8,False,0.0,92.25
405,405,A,PCA-SPE,0.02,early,17,20,0.85,False,0.0,100.94999999999999
377,377,A,PCA-SPE,0.02,early,17,20,0.85,False,0.06256983240223464,92.4
400,400,A,PCA-SPE,0.02,early,20,20,1.0,True,0.08156424581005586,28.049999999999997
185,185,A,PCA-SPE,0.02,early,17,20,0.85,False,0.08268156424581005,85.19999999999999
154,154,A,PCA-SPE,0.02,early,17,20,0.85,False,0.07150837988826815,94.05000000000001
113,113,A,PCA-SPE,0.02,early,17,20,0.85,False,0.0,81.0
1,1,A,PCA-SPE,0.02,early,20,20,1.0,True,0.06256983240223464,25.799999999999997
225,225,A,PCA-SPE,0.02,early,17,20,0.85,False,0.0,101.39999999999999
384,384,A,PCA-SPE,0.02,early,17,20,0.85,False,0.049162011173184354,97.94999999999999
130,130,A,PCA-SPE,0.02,early,16,20,0.8,False,0.0,96.44999999999999
418,418,A,PCA-SPE,0.02,early,17,20,0.85,False,0.01005586592178771,93.6
281,281,A,PCA-SPE,0.02,early,20,20,1.0,True,0.05810055865921788,87.9
199,199,A,PCA-SPE,0.02,early,17,20,0.85,False,0.008938547486033519,94.80000000000001
79,79,A,PCA-SPE,0.02,early,20,20,1.0,True,0.10837988826815642,66.9
168,168,A,PCA-SPE,0.02,early,17,20,0.85,False,0.07374301675977654,87.9
39,39,A,PCA-SPE,0.02,early,17,20,0.85,False,0.0,86.69999999999999
317,317,A,PCA-SPE,0.02,early,17,20,0.85,False,0.06256983240223464,89.25
15,15,A,PCA-SPE,0.02,early,16,20,0.8,False,0.0,108.14999999999999
2,2,A,PCA-SPE,0.02,early,16,20,0.8,False,0.0,94.35
226,226,A,PCA-SPE,0.02,early,17,20,0.85,False,0.0,94.80000000000001
444,444,A,PCA-SPE,0.02,early,17,20,0.85,False,0.0,87.44999999999999
381,381,A,PCA-SPE,0.02,early,17,20,0.85,False,0.0,81.75
426,426,A,PCA-SPE,0.02,early,20,20,1.0,True,0.0033519553072625698,61.050000000000004
23,23,B,PCA-SPE,0.02,early,17,20,0.85,False,0.012290502793296089,91.35
218,218,B,PCA-SPE,0.02,early,18,20,0.9,False,0.02011173184357542,84.75
338,338,B,PCA-SPE,0.02,early,17,20,0.85,False,0.0111731843575419,98.25
433,433,B,PCA-SPE,0.02,early,17,20,0.85,False,0.004469273743016759,86.55000000000001
123,123,B,PCA-SPE,0.02,early,17,20,0.85,False,0.0,99.0
85,85,B,PCA-SPE,0.02,early,17,20,0.85,False,0.0,97.5
492,492,B,PCA-SPE,0.02,early,17,20,0.85,False,0.0111731843575419,92.1
456,456,B,PCA-SPE,0.02,early,17,20,0.85,False,0.0,90.15
378,378,B,PCA-SPE,0.02,early,17,20,0.85,False,0.01452513966480447,81.6
196,196,B,PCA-SPE,0.02,early,17,20,0.85,False,0.0,89.4
257,257,B,PCA-SPE,0.02,early,17,20,0.85,False,0.0,85.19999999999999
401,401,B,PCA-SPE,0.02,early,17,20,0.85,False,0.03687150837988827,100.05000000000001
126,126,B,PCA-SPE,0.02,early,16,20,0.8,False,0.048044692737430165,94.35
463,463,B,PCA-SPE,0.02,early,17,20,0.85,False,0.048044692737430165,89.85
321,321,B,PCA-SPE,0.02,early,15,20,0.75,False,0.0893854748603352,111.30000000000001
478,478,B,PCA-SPE,0.02,early,16,20,0.8,False,0.0,89.55000000000001
101,101,B,PCA-SPE,0.02,early,17,20,0.85,False,0.013407821229050279,87.44999999999999
310,310,B,PCA-SPE,0.02,early,17,20,0.85,False,0.04581005586592179,90.0
3,3,B,PCA-SPE,0.02,early,20,20,1.0,True,0.021229050279329607,6.1499999999999995
173,173,B,PCA-SPE,0.02,early,20,20,1.0,False,0.08491620111731843,51.300000000000004
155,155,B,PCA-SPE,0.02,early,17,20,0.85,False,0.034636871508379886,95.69999999999999
82,82,B,PCA-SPE,0.02,early,17,20,0.85,False,0.0,86.4
410,410,B,PCA-SPE,0.02,early,17,20,0.85,False,0.0,85.19999999999999
216,216,B,PCA-SPE,0.02,early,17,20,0.85,False,0.02011173184357542,97.80000000000001
312,312,B,PCA-SPE,0.02,early,17,20,0.85,False,0.0,100.05000000000001
