file,role,method,alpha,start,end_exclusive,seconds,overlaps_attack
train4.csv,calibration,S_Q3,0.005,11393,11401,8,False
train4.csv,calibration,S_Q3,0.005,33259,33307,48,False
train4.csv,calibration,S_Q3,0.005,33321,33655,334,False
train4.csv,calibration,S_Q3,0.005,78434,78442,8,False
train4.csv,calibration,S_Q3,0.005,78464,78496,32,False
train4.csv,calibration,S_Q3,0.01,11374,11414,40,False
train4.csv,calibration,S_Q3,0.01,31479,31502,23,False
train4.csv,calibration,S_Q3,0.01,33242,33664,422,False
train4.csv,calibration,S_Q3,0.01,78418,78515,97,False
train4.csv,calibration,S_Q3,0.01,85526,85529,3,False
train4.csv,calibration,S_Q3,0.01,85601,85674,73,False
train4.csv,calibration,S_Q3,0.01,85677,85688,11,False
train4.csv,calibration,S_Q3,0.01,85691,85720,29,False
train4.csv,calibration,S_Q3,0.01,85723,85732,9,False
train4.csv,calibration,S_Q3,0.01,85738,85747,9,False
train4.csv,calibration,S_Q3,0.01,85755,85763,8,False
train4.csv,calibration,S_Q3,0.01,85770,85777,7,False
train4.csv,calibration,S_Q3,0.01,85786,85793,7,False
train4.csv,calibration,S_Q3,0.01,85802,85808,6,False
train4.csv,calibration,S_Q3,0.01,85817,85823,6,False
train4.csv,calibration,S_Q3,0.01,85835,85837,2,False
train4.csv,calibration,S_Q3,0.01,86056,86078,22,False
train4.csv,calibration,S_Q3,0.01,86085,86093,8,False
train4.csv,calibration,S_Q3,0.01,86115,86195,80,False
train4.csv,calibration,S_Q3,0.02,11372,11416,44,False
train4.csv,calibration,S_Q3,0.02,31479,31502,23,False
train4.csv,calibration,S_Q3,0.02,33242,33664,422,False
train4.csv,calibration,S_Q3,0.02,78418,78526,108,False
train4.csv,calibration,S_Q3,0.02,84691,84808,117,False
train4.csv,calibration,S_Q3,0.02,84887,84967,80,False
train4.csv,calibration,S_Q3,0.02,84970,84974,4,False
train4.csv,calibration,S_Q3,0.02,85103,85109,6,False
train4.csv,calibration,S_Q3,0.02,85113,85161,48,False
train4.csv,calibration,S_Q3,0.02,85228,85355,127,False
train4.csv,calibration,S_Q3,0.02,85447,85887,440,False
train4.csv,calibration,S_Q3,0.02,85890,85907,17,False
train4.csv,calibration,S_Q3,0.02,85914,85921,7,False
train4.csv,calibration,S_Q3,0.02,86022,86232,210,False
train4.csv,calibration,S_Q3,0.02,86236,86249,13,False
train4.csv,calibration,S_Q3,0.02,86252,86298,46,False
train4.csv,calibration,S_Q3,0.02,86302,86311,9,False
train4.csv,calibration,S_Q3,0.02,86321,86325,4,False
train4.csv,calibration,Jr_Q3,0.005,84722,84748,26,False
train4.csv,calibration,Jr_Q3,0.005,84905,84908,3,False
train4.csv,calibration,Jr_Q3,0.005,85120,85139,19,False
train4.csv,calibration,Jr_Q3,0.005,85232,85238,6,False
train4.csv,calibration,Jr_Q3,0.005,85249,85253,4,False
train4.csv,calibration,Jr_Q3,0.005,85264,85268,4,False
train4.csv,calibration,Jr_Q3,0.005,85514,85531,17,False
train4.csv,calibration,Jr_Q3,0.005,85573,85578,5,False
train4.csv,calibration,Jr_Q3,0.005,85589,85720,131,False
train4.csv,calibration,Jr_Q3,0.005,85723,85749,26,False
train4.csv,calibration,Jr_Q3,0.005,85754,85764,10,False
train4.csv,calibration,Jr_Q3,0.005,85770,85778,8,False
train4.csv,calibration,Jr_Q3,0.005,85786,85794,8,False
train4.csv,calibration,Jr_Q3,0.005,85803,85825,22,False
train4.csv,calibration,Jr_Q3,0.005,85835,85840,5,False
train4.csv,calibration,Jr_Q3,0.005,85851,85852,1,False
train4.csv,calibration,Jr_Q3,0.005,86046,86048,2,False
train4.csv,calibration,Jr_Q3,0.005,86052,86081,29,False
train4.csv,calibration,Jr_Q3,0.005,86084,86095,11,False
train4.csv,calibration,Jr_Q3,0.005,86113,86198,85,False
train4.csv,calibration,Jr_Q3,0.005,86209,86212,3,False
train4.csv,calibration,Jr_Q3,0.005,86240,86245,5,False
train4.csv,calibration,Jr_Q3,0.01,84692,84778,86,False
train4.csv,calibration,Jr_Q3,0.01,84789,84793,4,False
train4.csv,calibration,Jr_Q3,0.01,84889,84949,60,False
train4.csv,calibration,Jr_Q3,0.01,84954,84964,10,False
train4.csv,calibration,Jr_Q3,0.01,85100,85158,58,False
train4.csv,calibration,Jr_Q3,0.01,85229,85288,59,False
train4.csv,calibration,Jr_Q3,0.01,85293,85312,19,False
train4.csv,calibration,Jr_Q3,0.01,85316,85325,9,False
train4.csv,calibration,Jr_Q3,0.01,85337,85340,3,False
train4.csv,calibration,Jr_Q3,0.01,85512,85538,26,False
train4.csv,calibration,Jr_Q3,0.01,85542,85546,4,False
train4.csv,calibration,Jr_Q3,0.01,85556,85862,306,False
train4.csv,calibration,Jr_Q3,0.01,85865,85870,5,False
train4.csv,calibration,Jr_Q3,0.01,86041,86219,178,False
train4.csv,calibration,Jr_Q3,0.01,86223,86228,5,False
train4.csv,calibration,Jr_Q3,0.01,86237,86250,13,False
train4.csv,calibration,Jr_Q3,0.01,86254,86264,10,False
train4.csv,calibration,Jr_Q3,0.01,86271,86278,7,False
train4.csv,calibration,Jr_Q3,0.02,83192,83201,9,False
train4.csv,calibration,Jr_Q3,0.02,83204,83214,10,False
train4.csv,calibration,Jr_Q3,0.02,83221,83230,9,False
train4.csv,calibration,Jr_Q3,0.02,83237,83249,12,False
train4.csv,calibration,Jr_Q3,0.02,83655,83703,48,False
train4.csv,calibration,Jr_Q3,0.02,83712,83716,4,False
train4.csv,calibration,Jr_Q3,0.02,84591,85044,453,False
train4.csv,calibration,Jr_Q3,0.02,85073,85381,308,False
train4.csv,calibration,Jr_Q3,0.02,85417,85979,562,False
train4.csv,calibration,Jr_Q3,0.02,86006,86303,297,False
train4.csv,calibration,Jr_Q3,0.02,86309,86311,2,False
train4.csv,calibration,Jr_Q3,0.02,86319,86329,10,False
train4.csv,calibration,Dr_Q3,0.005,11372,11414,42,False
train4.csv,calibration,Dr_Q3,0.005,11419,11434,15,False
train4.csv,calibration,Dr_Q3,0.005,31462,31463,1,False
train4.csv,calibration,Dr_Q3,0.005,31477,31524,47,False
train4.csv,calibration,Dr_Q3,0.005,33308,33319,11,False
train4.csv,calibration,Dr_Q3,0.005,33322,33323,1,False
train4.csv,calibration,Dr_Q3,0.005,33340,33355,15,False
train4.csv,calibration,Dr_Q3,0.005,33366,33370,4,False
train4.csv,calibration,Dr_Q3,0.005,33391,33629,238,False
train4.csv,calibration,Dr_Q3,0.005,33633,33643,10,False
train4.csv,calibration,Dr_Q3,0.005,78498,78500,2,False
train4.csv,calibration,Dr_Q3,0.005,78503,78513,10,False
train4.csv,calibration,Dr_Q3,0.01,11372,11414,42,False
train4.csv,calibration,Dr_Q3,0.01,11419,11434,15,False
train4.csv,calibration,Dr_Q3,0.01,31462,31524,62,False
train4.csv,calibration,Dr_Q3,0.01,33308,33319,11,False
train4.csv,calibration,Dr_Q3,0.01,33322,33323,1,False
train4.csv,calibration,Dr_Q3,0.01,33339,33355,16,False
train4.csv,calibration,Dr_Q3,0.01,33366,33370,4,False
train4.csv,calibration,Dr_Q3,0.01,33391,33630,239,False
train4.csv,calibration,Dr_Q3,0.01,33633,33643,10,False
train4.csv,calibration,Dr_Q3,0.01,78498,78513,15,False
train4.csv,calibration,Dr_Q3,0.02,11352,11353,1,False
train4.csv,calibration,Dr_Q3,0.02,11372,11414,42,False
train4.csv,calibration,Dr_Q3,0.02,11419,11434,15,False
train4.csv,calibration,Dr_Q3,0.02,31462,31524,62,False
train4.csv,calibration,Dr_Q3,0.02,33308,33319,11,False
train4.csv,calibration,Dr_Q3,0.02,33322,33323,1,False
train4.csv,calibration,Dr_Q3,0.02,33338,33355,17,False
train4.csv,calibration,Dr_Q3,0.02,33366,33370,4,False
train4.csv,calibration,Dr_Q3,0.02,33391,33630,239,False
train4.csv,calibration,Dr_Q3,0.02,33633,33643,10,False
train4.csv,calibration,Dr_Q3,0.02,78498,78513,15,False
train4.csv,calibration,PairError-Q3,0.005,84722,84749,27,False
train4.csv,calibration,PairError-Q3,0.005,84905,84908,3,False
train4.csv,calibration,PairError-Q3,0.005,84911,84913,2,False
train4.csv,calibration,PairError-Q3,0.005,85118,85139,21,False
train4.csv,calibration,PairError-Q3,0.005,85232,85238,6,False
train4.csv,calibration,PairError-Q3,0.005,85249,85253,4,False
train4.csv,calibration,PairError-Q3,0.005,85264,85268,4,False
train4.csv,calibration,PairError-Q3,0.005,85514,85531,17,False
train4.csv,calibration,PairError-Q3,0.005,85573,85578,5,False
train4.csv,calibration,PairError-Q3,0.005,85589,85720,131,False
train4.csv,calibration,PairError-Q3,0.005,85723,85749,26,False
train4.csv,calibration,PairError-Q3,0.005,85755,85764,9,False
train4.csv,calibration,PairError-Q3,0.005,85771,85778,7,False
train4.csv,calibration,PairError-Q3,0.005,85786,85794,8,False
train4.csv,calibration,PairError-Q3,0.005,85803,85825,22,False
train4.csv,calibration,PairError-Q3,0.005,85835,85840,5,False
train4.csv,calibration,PairError-Q3,0.005,85851,85852,1,False
train4.csv,calibration,PairError-Q3,0.005,86046,86048,2,False
train4.csv,calibration,PairError-Q3,0.005,86052,86081,29,False
train4.csv,calibration,PairError-Q3,0.005,86085,86094,9,False
train4.csv,calibration,PairError-Q3,0.005,86115,86198,83,False
train4.csv,calibration,PairError-Q3,0.005,86209,86212,3,False
train4.csv,calibration,PairError-Q3,0.005,86240,86246,6,False
train4.csv,calibration,PairError-Q3,0.01,84692,84778,86,False
train4.csv,calibration,PairError-Q3,0.01,84789,84793,4,False
train4.csv,calibration,PairError-Q3,0.01,84889,84949,60,False
train4.csv,calibration,PairError-Q3,0.01,84954,84964,10,False
train4.csv,calibration,PairError-Q3,0.01,85100,85158,58,False
train4.csv,calibration,PairError-Q3,0.01,85228,85288,60,False
train4.csv,calibration,PairError-Q3,0.01,85293,85312,19,False
train4.csv,calibration,PairError-Q3,0.01,85316,85325,9,False
train4.csv,calibration,PairError-Q3,0.01,85337,85340,3,False
train4.csv,calibration,PairError-Q3,0.01,85512,85538,26,False
train4.csv,calibration,PairError-Q3,0.01,85542,85546,4,False
train4.csv,calibration,PairError-Q3,0.01,85556,85861,305,False
train4.csv,calibration,PairError-Q3,0.01,85865,85870,5,False
train4.csv,calibration,PairError-Q3,0.01,86041,86217,176,False
train4.csv,calibration,PairError-Q3,0.01,86223,86228,5,False
train4.csv,calibration,PairError-Q3,0.01,86236,86251,15,False
train4.csv,calibration,PairError-Q3,0.01,86254,86264,10,False
train4.csv,calibration,PairError-Q3,0.01,86271,86278,7,False
train4.csv,calibration,PairError-Q3,0.02,83192,83214,22,False
train4.csv,calibration,PairError-Q3,0.02,83221,83230,9,False
train4.csv,calibration,PairError-Q3,0.02,83237,83249,12,False
train4.csv,calibration,PairError-Q3,0.02,83655,83703,48,False
train4.csv,calibration,PairError-Q3,0.02,83712,83716,4,False
train4.csv,calibration,PairError-Q3,0.02,84591,85044,453,False
train4.csv,calibration,PairError-Q3,0.02,85073,85381,308,False
train4.csv,calibration,PairError-Q3,0.02,85417,85979,562,False
train4.csv,calibration,PairError-Q3,0.02,86006,86302,296,False
train4.csv,calibration,PairError-Q3,0.02,86309,86311,2,False
train4.csv,calibration,PairError-Q3,0.02,86320,86329,9,False
train4.csv,calibration,PCA-SPE,0.005,5847,5850,3,False
train4.csv,calibration,PCA-SPE,0.005,5860,5863,3,False
train4.csv,calibration,PCA-SPE,0.005,5869,5879,10,False
train4.csv,calibration,PCA-SPE,0.005,8240,8319,79,False
train4.csv,calibration,PCA-SPE,0.005,8335,8337,2,False
train4.csv,calibration,PCA-SPE,0.005,8343,8345,2,False
train4.csv,calibration,PCA-SPE,0.005,8358,8364,6,False
train4.csv,calibration,PCA-SPE,0.005,8367,8407,40,False
train4.csv,calibration,PCA-SPE,0.005,8410,8438,28,False
train4.csv,calibration,PCA-SPE,0.005,8451,8453,2,False
train4.csv,calibration,PCA-SPE,0.005,8471,8479,8,False
train4.csv,calibration,PCA-SPE,0.005,8484,8508,24,False
train4.csv,calibration,PCA-SPE,0.005,8582,8619,37,False
train4.csv,calibration,PCA-SPE,0.005,8793,8796,3,False
train4.csv,calibration,PCA-SPE,0.005,8810,8816,6,False
train4.csv,calibration,PCA-SPE,0.005,8822,8859,37,False
train4.csv,calibration,PCA-SPE,0.005,8976,9073,97,False
train4.csv,calibration,PCA-SPE,0.005,9080,9081,1,False
train4.csv,calibration,PCA-SPE,0.005,9124,9141,17,False
train4.csv,calibration,PCA-SPE,0.005,12790,12815,25,False
train4.csv,calibration,PCA-SPE,0.01,5845,5886,41,False
train4.csv,calibration,PCA-SPE,0.01,7724,7729,5,False
train4.csv,calibration,PCA-SPE,0.01,7732,7740,8,False
train4.csv,calibration,PCA-SPE,0.01,7745,7752,7,False
train4.csv,calibration,PCA-SPE,0.01,8233,8321,88,False
train4.csv,calibration,PCA-SPE,0.01,8328,8456,128,False
train4.csv,calibration,PCA-SPE,0.01,8459,8525,66,False
train4.csv,calibration,PCA-SPE,0.01,8528,8532,4,False
train4.csv,calibration,PCA-SPE,0.01,8570,8628,58,False
train4.csv,calibration,PCA-SPE,0.01,8783,8876,93,False
train4.csv,calibration,PCA-SPE,0.01,8879,8897,18,False
train4.csv,calibration,PCA-SPE,0.01,8927,8940,13,False
train4.csv,calibration,PCA-SPE,0.01,8943,8945,2,False
train4.csv,calibration,PCA-SPE,0.01,8963,9074,111,False
train4.csv,calibration,PCA-SPE,0.01,9078,9098,20,False
train4.csv,calibration,PCA-SPE,0.01,9104,9153,49,False
train4.csv,calibration,PCA-SPE,0.01,9233,9234,1,False
train4.csv,calibration,PCA-SPE,0.01,9239,9264,25,False
train4.csv,calibration,PCA-SPE,0.01,9270,9273,3,False
train4.csv,calibration,PCA-SPE,0.01,9743,9753,10,False
train4.csv,calibration,PCA-SPE,0.01,9762,9786,24,False
train4.csv,calibration,PCA-SPE,0.01,11374,11376,2,False
train4.csv,calibration,PCA-SPE,0.01,11400,11402,2,False
train4.csv,calibration,PCA-SPE,0.01,11638,11659,21,False
train4.csv,calibration,PCA-SPE,0.01,11664,11668,4,False
train4.csv,calibration,PCA-SPE,0.01,12771,12819,48,False
train4.csv,calibration,PCA-SPE,0.01,12825,12834,9,False
train4.csv,calibration,PCA-SPE,0.02,5844,5903,59,False
train4.csv,calibration,PCA-SPE,0.02,5913,5933,20,False
train4.csv,calibration,PCA-SPE,0.02,6124,6137,13,False
train4.csv,calibration,PCA-SPE,0.02,6292,6309,17,False
train4.csv,calibration,PCA-SPE,0.02,6829,6854,25,False
train4.csv,calibration,PCA-SPE,0.02,7308,7364,56,False
train4.csv,calibration,PCA-SPE,0.02,7644,7646,2,False
train4.csv,calibration,PCA-SPE,0.02,7698,7761,63,False
train4.csv,calibration,PCA-SPE,0.02,8230,8646,416,False
train4.csv,calibration,PCA-SPE,0.02,8773,9189,416,False
train4.csv,calibration,PCA-SPE,0.02,9200,9319,119,False
train4.csv,calibration,PCA-SPE,0.02,9325,9327,2,False
train4.csv,calibration,PCA-SPE,0.02,9618,9660,42,False
train4.csv,calibration,PCA-SPE,0.02,9671,9686,15,False
train4.csv,calibration,PCA-SPE,0.02,9690,9712,22,False
train4.csv,calibration,PCA-SPE,0.02,9719,9802,83,False
train4.csv,calibration,PCA-SPE,0.02,10571,10573,2,False
train4.csv,calibration,PCA-SPE,0.02,10576,10581,5,False
train4.csv,calibration,PCA-SPE,0.02,10585,10604,19,False
train4.csv,calibration,PCA-SPE,0.02,10608,10615,7,False
train4.csv,calibration,PCA-SPE,0.02,11095,11104,9,False
train4.csv,calibration,PCA-SPE,0.02,11112,11140,28,False
train4.csv,calibration,PCA-SPE,0.02,11351,11353,2,False
train4.csv,calibration,PCA-SPE,0.02,11356,11433,77,False
train4.csv,calibration,PCA-SPE,0.02,11516,11520,4,False
train4.csv,calibration,PCA-SPE,0.02,11526,11539,13,False
train4.csv,calibration,PCA-SPE,0.02,11629,11684,55,False
train4.csv,calibration,PCA-SPE,0.02,12758,12760,2,False
train4.csv,calibration,PCA-SPE,0.02,12763,12859,96,False
train4.csv,calibration,PCA-SPE,0.02,12884,12891,7,False
train4.csv,calibration,PCA-SPE,0.02,12905,12906,1,False
train4.csv,calibration,PCA-SPE,0.02,12920,12921,1,False
train4.csv,calibration,PCA-SPE,0.02,12931,12952,21,False
train4.csv,calibration,PCA-SPE,0.02,12955,12956,1,False
train4.csv,calibration,PCA-SPE,0.02,12960,12965,5,False
train4.csv,calibration,GCAD-prediction_s10,0.005,5789,5853,64,False
train4.csv,calibration,GCAD-prediction_s10,0.005,13234,13298,64,False
train4.csv,calibration,GCAD-prediction_s10,0.005,17554,17618,64,False
train4.csv,calibration,GCAD-prediction_s10,0.005,18423,18486,63,False
train4.csv,calibration,GCAD-prediction_s10,0.005,74292,74357,65,False
train4.csv,calibration,GCAD-prediction_s10,0.005,76101,76132,31,False
train4.csv,calibration,GCAD-prediction_s10,0.005,83472,83551,79,False
train4.csv,calibration,GCAD-prediction_s10,0.01,5787,5853,66,False
train4.csv,calibration,GCAD-prediction_s10,0.01,7039,7102,63,False
train4.csv,calibration,GCAD-prediction_s10,0.01,13233,13298,65,False
train4.csv,calibration,GCAD-prediction_s10,0.01,17554,17618,64,False
train4.csv,calibration,GCAD-prediction_s10,0.01,18423,18504,81,False
train4.csv,calibration,GCAD-prediction_s10,0.01,27147,27208,61,False
train4.csv,calibration,GCAD-prediction_s10,0.01,61213,61272,59,False
train4.csv,calibration,GCAD-prediction_s10,0.01,69259,69322,63,False
train4.csv,calibration,GCAD-prediction_s10,0.01,72219,72281,62,False
train4.csv,calibration,GCAD-prediction_s10,0.01,74292,74367,75,False
train4.csv,calibration,GCAD-prediction_s10,0.01,76098,76161,63,False
train4.csv,calibration,GCAD-prediction_s10,0.01,83471,83551,80,False
train4.csv,calibration,GCAD-prediction_s10,0.01,83555,83615,60,False
train4.csv,calibration,GCAD-prediction_s10,0.02,5787,5853,66,False
train4.csv,calibration,GCAD-prediction_s10,0.02,7039,7102,63,False
train4.csv,calibration,GCAD-prediction_s10,0.02,7763,7821,58,False
train4.csv,calibration,GCAD-prediction_s10,0.02,7824,7825,1,False
train4.csv,calibration,GCAD-prediction_s10,0.02,7829,7831,2,False
train4.csv,calibration,GCAD-prediction_s10,0.02,7925,7935,10,False
train4.csv,calibration,GCAD-prediction_s10,0.02,7940,7946,6,False
train4.csv,calibration,GCAD-prediction_s10,0.02,8001,8005,4,False
train4.csv,calibration,GCAD-prediction_s10,0.02,8811,8813,2,False
train4.csv,calibration,GCAD-prediction_s10,0.02,8816,8841,25,False
train4.csv,calibration,GCAD-prediction_s10,0.02,9794,9814,20,False
train4.csv,calibration,GCAD-prediction_s10,0.02,9818,9850,32,False
train4.csv,calibration,GCAD-prediction_s10,0.02,10264,10289,25,False
train4.csv,calibration,GCAD-prediction_s10,0.02,10293,10315,22,False
train4.csv,calibration,GCAD-prediction_s10,0.02,12225,12232,7,False
train4.csv,calibration,GCAD-prediction_s10,0.02,12235,12236,1,False
train4.csv,calibration,GCAD-prediction_s10,0.02,12342,12344,2,False
train4.csv,calibration,GCAD-prediction_s10,0.02,12353,12397,44,False
train4.csv,calibration,GCAD-prediction_s10,0.02,12522,12524,2,False
train4.csv,calibration,GCAD-prediction_s10,0.02,12528,12536,8,False
train4.csv,calibration,GCAD-prediction_s10,0.02,13233,13298,65,False
train4.csv,calibration,GCAD-prediction_s10,0.02,13586,13587,1,False
train4.csv,calibration,GCAD-prediction_s10,0.02,13591,13700,109,False
train4.csv,calibration,GCAD-prediction_s10,0.02,13704,13705,1,False
train4.csv,calibration,GCAD-prediction_s10,0.02,13752,13839,87,False
train4.csv,calibration,GCAD-prediction_s10,0.02,14668,14671,3,False
train4.csv,calibration,GCAD-prediction_s10,0.02,14674,14683,9,False
train4.csv,calibration,GCAD-prediction_s10,0.02,17554,17618,64,False
train4.csv,calibration,GCAD-prediction_s10,0.02,17670,17716,46,False
train4.csv,calibration,GCAD-prediction_s10,0.02,17719,17720,1,False
train4.csv,calibration,GCAD-prediction_s10,0.02,17725,17726,1,False
train4.csv,calibration,GCAD-prediction_s10,0.02,18423,18504,81,False
train4.csv,calibration,GCAD-prediction_s10,0.02,27146,27209,63,False
train4.csv,calibration,GCAD-prediction_s10,0.02,55433,55495,62,False
train4.csv,calibration,GCAD-prediction_s10,0.02,61213,61275,62,False
train4.csv,calibration,GCAD-prediction_s10,0.02,69257,69328,71,False
train4.csv,calibration,GCAD-prediction_s10,0.02,69947,69955,8,False
train4.csv,calibration,GCAD-prediction_s10,0.02,69958,69984,26,False
train4.csv,calibration,GCAD-prediction_s10,0.02,70304,70305,1,False
train4.csv,calibration,GCAD-prediction_s10,0.02,70309,70311,2,False
train4.csv,calibration,GCAD-prediction_s10,0.02,70315,70319,4,False
train4.csv,calibration,GCAD-prediction_s10,0.02,70330,70392,62,False
train4.csv,calibration,GCAD-prediction_s10,0.02,70499,70500,1,False
train4.csv,calibration,GCAD-prediction_s10,0.02,70510,70511,1,False
train4.csv,calibration,GCAD-prediction_s10,0.02,70515,70572,57,False
train4.csv,calibration,GCAD-prediction_s10,0.02,70748,70749,1,False
train4.csv,calibration,GCAD-prediction_s10,0.02,70752,70817,65,False
train4.csv,calibration,GCAD-prediction_s10,0.02,70832,70833,1,False
train4.csv,calibration,GCAD-prediction_s10,0.02,70837,70838,1,False
train4.csv,calibration,GCAD-prediction_s10,0.02,70950,70955,5,False
train4.csv,calibration,GCAD-prediction_s10,0.02,70958,70960,2,False
train4.csv,calibration,GCAD-prediction_s10,0.02,71222,71223,1,False
train4.csv,calibration,GCAD-prediction_s10,0.02,71228,71242,14,False
train4.csv,calibration,GCAD-prediction_s10,0.02,72219,72281,62,False
train4.csv,calibration,GCAD-prediction_s10,0.02,74292,74372,80,False
train4.csv,calibration,GCAD-prediction_s10,0.02,76098,76161,63,False
train4.csv,calibration,GCAD-prediction_s10,0.02,83471,83551,80,False
train4.csv,calibration,GCAD-prediction_s10,0.02,83555,83617,62,False
train4.csv,calibration,GCAD-dependency_s10,0.005,17556,17617,61,False
train4.csv,calibration,GCAD-dependency_s10,0.005,18429,18497,68,False
train4.csv,calibration,GCAD-dependency_s10,0.005,74295,74365,70,False
train4.csv,calibration,GCAD-dependency_s10,0.005,76101,76160,59,False
train4.csv,calibration,GCAD-dependency_s10,0.005,83471,83551,80,False
train4.csv,calibration,GCAD-dependency_s10,0.01,5790,5853,63,False
train4.csv,calibration,GCAD-dependency_s10,0.01,7054,7101,47,False
train4.csv,calibration,GCAD-dependency_s10,0.01,13235,13297,62,False
train4.csv,calibration,GCAD-dependency_s10,0.01,17555,17618,63,False
train4.csv,calibration,GCAD-dependency_s10,0.01,18423,18504,81,False
train4.csv,calibration,GCAD-dependency_s10,0.01,33408,33412,4,False
train4.csv,calibration,GCAD-dependency_s10,0.01,33420,33426,6,False
train4.csv,calibration,GCAD-dependency_s10,0.01,33519,33520,1,False
train4.csv,calibration,GCAD-dependency_s10,0.01,33529,33532,3,False
train4.csv,calibration,GCAD-dependency_s10,0.01,33541,33543,2,False
train4.csv,calibration,GCAD-dependency_s10,0.01,33555,33557,2,False
train4.csv,calibration,GCAD-dependency_s10,0.01,33567,33571,4,False
train4.csv,calibration,GCAD-dependency_s10,0.01,33575,33581,6,False
train4.csv,calibration,GCAD-dependency_s10,0.01,46825,46886,61,False
train4.csv,calibration,GCAD-dependency_s10,0.01,55433,55494,61,False
train4.csv,calibration,GCAD-dependency_s10,0.01,69258,69331,73,False
train4.csv,calibration,GCAD-dependency_s10,0.01,74293,74373,80,False
train4.csv,calibration,GCAD-dependency_s10,0.01,76098,76161,63,False
train4.csv,calibration,GCAD-dependency_s10,0.01,79036,79087,51,False
train4.csv,calibration,GCAD-dependency_s10,0.01,83471,83551,80,False
train4.csv,calibration,GCAD-dependency_s10,0.01,86237,86286,49,False
train4.csv,calibration,GCAD-dependency_s10,0.02,5788,5853,65,False
train4.csv,calibration,GCAD-dependency_s10,0.02,7039,7102,63,False
train4.csv,calibration,GCAD-dependency_s10,0.02,13233,13298,65,False
train4.csv,calibration,GCAD-dependency_s10,0.02,17554,17618,64,False
train4.csv,calibration,GCAD-dependency_s10,0.02,18423,18514,91,False
train4.csv,calibration,GCAD-dependency_s10,0.02,20271,20332,61,False
train4.csv,calibration,GCAD-dependency_s10,0.02,31486,31494,8,False
train4.csv,calibration,GCAD-dependency_s10,0.02,31497,31503,6,False
train4.csv,calibration,GCAD-dependency_s10,0.02,33247,33256,9,False
train4.csv,calibration,GCAD-dependency_s10,0.02,33259,33654,395,False
train4.csv,calibration,GCAD-dependency_s10,0.02,46822,46904,82,False
train4.csv,calibration,GCAD-dependency_s10,0.02,55432,55495,63,False
train4.csv,calibration,GCAD-dependency_s10,0.02,61213,61274,61,False
train4.csv,calibration,GCAD-dependency_s10,0.02,69257,69333,76,False
train4.csv,calibration,GCAD-dependency_s10,0.02,72220,72279,59,False
train4.csv,calibration,GCAD-dependency_s10,0.02,74292,74374,82,False
train4.csv,calibration,GCAD-dependency_s10,0.02,75370,75421,51,False
train4.csv,calibration,GCAD-dependency_s10,0.02,75516,75549,33,False
train4.csv,calibration,GCAD-dependency_s10,0.02,76098,76163,65,False
train4.csv,calibration,GCAD-dependency_s10,0.02,78437,78445,8,False
train4.csv,calibration,GCAD-dependency_s10,0.02,78453,78501,48,False
train4.csv,calibration,GCAD-dependency_s10,0.02,79033,79097,64,False
train4.csv,calibration,GCAD-dependency_s10,0.02,83471,83551,80,False
train4.csv,calibration,GCAD-dependency_s10,0.02,83555,83614,59,False
train4.csv,calibration,GCAD-dependency_s10,0.02,86226,86292,66,False
train4.csv,calibration,GCAD-prediction_s11,0.005,5787,5852,65,False
train4.csv,calibration,GCAD-prediction_s11,0.005,6420,6466,46,False
train4.csv,calibration,GCAD-prediction_s11,0.005,17554,17618,64,False
train4.csv,calibration,GCAD-prediction_s11,0.005,18424,18504,80,False
train4.csv,calibration,GCAD-prediction_s11,0.005,72217,72282,65,False
train4.csv,calibration,GCAD-prediction_s11,0.005,74295,74373,78,False
train4.csv,calibration,GCAD-prediction_s11,0.005,79042,79064,22,False
train4.csv,calibration,GCAD-prediction_s11,0.005,79071,79081,10,False
train4.csv,calibration,GCAD-prediction_s11,0.01,2269,2271,2,False
train4.csv,calibration,GCAD-prediction_s11,0.01,2276,2312,36,False
train4.csv,calibration,GCAD-prediction_s11,0.01,3093,3106,13,False
train4.csv,calibration,GCAD-prediction_s11,0.01,3150,3153,3,False
train4.csv,calibration,GCAD-prediction_s11,0.01,5787,5853,66,False
train4.csv,calibration,GCAD-prediction_s11,0.01,6403,6483,80,False
train4.csv,calibration,GCAD-prediction_s11,0.01,10412,10473,61,False
train4.csv,calibration,GCAD-prediction_s11,0.01,13234,13297,63,False
train4.csv,calibration,GCAD-prediction_s11,0.01,17554,17618,64,False
train4.csv,calibration,GCAD-prediction_s11,0.01,18424,18504,80,False
train4.csv,calibration,GCAD-prediction_s11,0.01,24570,24632,62,False
train4.csv,calibration,GCAD-prediction_s11,0.01,55432,55492,60,False
train4.csv,calibration,GCAD-prediction_s11,0.01,72217,72282,65,False
train4.csv,calibration,GCAD-prediction_s11,0.01,74293,74374,81,False
train4.csv,calibration,GCAD-prediction_s11,0.01,76100,76163,63,False
train4.csv,calibration,GCAD-prediction_s11,0.01,79035,79098,63,False
train4.csv,calibration,GCAD-prediction_s11,0.02,451,511,60,False
train4.csv,calibration,GCAD-prediction_s11,0.02,2253,2315,62,False
train4.csv,calibration,GCAD-prediction_s11,0.02,3091,3155,64,False
train4.csv,calibration,GCAD-prediction_s11,0.02,5787,5853,66,False
train4.csv,calibration,GCAD-prediction_s11,0.02,6153,6213,60,False
train4.csv,calibration,GCAD-prediction_s11,0.02,6403,6483,80,False
train4.csv,calibration,GCAD-prediction_s11,0.02,7953,8013,60,False
train4.csv,calibration,GCAD-prediction_s11,0.02,9805,9851,46,False
train4.csv,calibration,GCAD-prediction_s11,0.02,10411,10474,63,False
train4.csv,calibration,GCAD-prediction_s11,0.02,10954,11013,59,False
train4.csv,calibration,GCAD-prediction_s11,0.02,11856,11914,58,False
train4.csv,calibration,GCAD-prediction_s11,0.02,13234,13298,64,False
train4.csv,calibration,GCAD-prediction_s11,0.02,13655,13715,60,False
train4.csv,calibration,GCAD-prediction_s11,0.02,13956,14014,58,False
train4.csv,calibration,GCAD-prediction_s11,0.02,15755,15814,59,False
train4.csv,calibration,GCAD-prediction_s11,0.02,17554,17618,64,False
train4.csv,calibration,GCAD-prediction_s11,0.02,17855,17916,61,False
train4.csv,calibration,GCAD-prediction_s11,0.02,18424,18504,80,False
train4.csv,calibration,GCAD-prediction_s11,0.02,20271,20284,13,False
train4.csv,calibration,GCAD-prediction_s11,0.02,24570,24633,63,False
train4.csv,calibration,GCAD-prediction_s11,0.02,27149,27210,61,False
train4.csv,calibration,GCAD-prediction_s11,0.02,55432,55494,62,False
train4.csv,calibration,GCAD-prediction_s11,0.02,69265,69319,54,False
train4.csv,calibration,GCAD-prediction_s11,0.02,72217,72282,65,False
train4.csv,calibration,GCAD-prediction_s11,0.02,74293,74374,81,False
train4.csv,calibration,GCAD-prediction_s11,0.02,75899,75907,8,False
train4.csv,calibration,GCAD-prediction_s11,0.02,76099,76163,64,False
train4.csv,calibration,GCAD-prediction_s11,0.02,79019,79098,79,False
train4.csv,calibration,GCAD-prediction_s11,0.02,83484,83535,51,False
train4.csv,calibration,GCAD-dependency_s11,0.005,18443,18486,43,False
train4.csv,calibration,GCAD-dependency_s11,0.005,20269,20332,63,False
train4.csv,calibration,GCAD-dependency_s11,0.005,27147,27211,64,False
train4.csv,calibration,GCAD-dependency_s11,0.005,55431,55494,63,False
train4.csv,calibration,GCAD-dependency_s11,0.005,72217,72282,65,False
train4.csv,calibration,GCAD-dependency_s11,0.005,74295,74363,68,False
train4.csv,calibration,GCAD-dependency_s11,0.005,76099,76163,64,False
train4.csv,calibration,GCAD-dependency_s11,0.01,5787,5852,65,False
train4.csv,calibration,GCAD-dependency_s11,0.01,13234,13297,63,False
train4.csv,calibration,GCAD-dependency_s11,0.01,18427,18504,77,False
train4.csv,calibration,GCAD-dependency_s11,0.01,20268,20333,65,False
train4.csv,calibration,GCAD-dependency_s11,0.01,27146,27211,65,False
train4.csv,calibration,GCAD-dependency_s11,0.01,46836,46884,48,False
train4.csv,calibration,GCAD-dependency_s11,0.01,48611,48675,64,False
train4.csv,calibration,GCAD-dependency_s11,0.01,55430,55495,65,False
train4.csv,calibration,GCAD-dependency_s11,0.01,72217,72282,65,False
train4.csv,calibration,GCAD-dependency_s11,0.01,74293,74373,80,False
train4.csv,calibration,GCAD-dependency_s11,0.01,76098,76163,65,False
train4.csv,calibration,GCAD-dependency_s11,0.01,79030,79097,67,False
train4.csv,calibration,GCAD-dependency_s11,0.01,83475,83548,73,False
train4.csv,calibration,GCAD-dependency_s11,0.02,5787,5853,66,False
train4.csv,calibration,GCAD-dependency_s11,0.02,6413,6475,62,False
train4.csv,calibration,GCAD-dependency_s11,0.02,13234,13298,64,False
train4.csv,calibration,GCAD-dependency_s11,0.02,17555,17617,62,False
train4.csv,calibration,GCAD-dependency_s11,0.02,18424,18512,88,False
train4.csv,calibration,GCAD-dependency_s11,0.02,20268,20333,65,False
train4.csv,calibration,GCAD-dependency_s11,0.02,27146,27211,65,False
train4.csv,calibration,GCAD-dependency_s11,0.02,31724,31769,45,False
train4.csv,calibration,GCAD-dependency_s11,0.02,33277,33644,367,False
train4.csv,calibration,GCAD-dependency_s11,0.02,46822,46909,87,False
train4.csv,calibration,GCAD-dependency_s11,0.02,48611,48676,65,False
train4.csv,calibration,GCAD-dependency_s11,0.02,50240,50286,46,False
train4.csv,calibration,GCAD-dependency_s11,0.02,55430,55495,65,False
train4.csv,calibration,GCAD-dependency_s11,0.02,69273,69320,47,False
train4.csv,calibration,GCAD-dependency_s11,0.02,72217,72282,65,False
train4.csv,calibration,GCAD-dependency_s11,0.02,74292,74374,82,False
train4.csv,calibration,GCAD-dependency_s11,0.02,75359,75422,63,False
train4.csv,calibration,GCAD-dependency_s11,0.02,75515,75554,39,False
train4.csv,calibration,GCAD-dependency_s11,0.02,76098,76163,65,False
train4.csv,calibration,GCAD-dependency_s11,0.02,79022,79098,76,False
train4.csv,calibration,GCAD-dependency_s11,0.02,83472,83550,78,False
train4.csv,calibration,GCAD-dependency_s11,0.02,86229,86292,63,False
train4.csv,calibration,GCAD-prediction_s12,0.005,5787,5852,65,False
train4.csv,calibration,GCAD-prediction_s12,0.005,17554,17618,64,False
train4.csv,calibration,GCAD-prediction_s12,0.005,18424,18487,63,False
train4.csv,calibration,GCAD-prediction_s12,0.005,61213,61275,62,False
train4.csv,calibration,GCAD-prediction_s12,0.005,72217,72282,65,False
train4.csv,calibration,GCAD-prediction_s12,0.005,74293,74373,80,False
train4.csv,calibration,GCAD-prediction_s12,0.01,3091,3102,11,False
train4.csv,calibration,GCAD-prediction_s12,0.01,5787,5852,65,False
train4.csv,calibration,GCAD-prediction_s12,0.01,7040,7102,62,False
train4.csv,calibration,GCAD-prediction_s12,0.01,10365,10473,108,False
train4.csv,calibration,GCAD-prediction_s12,0.01,17553,17618,65,False
train4.csv,calibration,GCAD-prediction_s12,0.01,18424,18504,80,False
train4.csv,calibration,GCAD-prediction_s12,0.01,55431,55493,62,False
train4.csv,calibration,GCAD-prediction_s12,0.01,61211,61275,64,False
train4.csv,calibration,GCAD-prediction_s12,0.01,69283,69288,5,False
train4.csv,calibration,GCAD-prediction_s12,0.01,72217,72282,65,False
train4.csv,calibration,GCAD-prediction_s12,0.01,74293,74373,80,False
train4.csv,calibration,GCAD-prediction_s12,0.01,76100,76161,61,False
train4.csv,calibration,GCAD-prediction_s12,0.01,83472,83541,69,False
train4.csv,calibration,GCAD-prediction_s12,0.01,83552,83617,65,False
train4.csv,calibration,GCAD-prediction_s12,0.02,3041,3212,171,False
train4.csv,calibration,GCAD-prediction_s12,0.02,5787,5912,125,False
train4.csv,calibration,GCAD-prediction_s12,0.02,7040,7103,63,False
train4.csv,calibration,GCAD-prediction_s12,0.02,9155,9213,58,False
train4.csv,calibration,GCAD-prediction_s12,0.02,10361,10474,113,False
train4.csv,calibration,GCAD-prediction_s12,0.02,10653,10713,60,False
train4.csv,calibration,GCAD-prediction_s12,0.02,10952,11013,61,False
train4.csv,calibration,GCAD-prediction_s12,0.02,12756,12814,58,False
train4.csv,calibration,GCAD-prediction_s12,0.02,15754,15814,60,False
train4.csv,calibration,GCAD-prediction_s12,0.02,17553,17618,65,False
train4.csv,calibration,GCAD-prediction_s12,0.02,17857,17915,58,False
train4.csv,calibration,GCAD-prediction_s12,0.02,18423,18504,81,False
train4.csv,calibration,GCAD-prediction_s12,0.02,20269,20331,62,False
train4.csv,calibration,GCAD-prediction_s12,0.02,55431,55494,63,False
train4.csv,calibration,GCAD-prediction_s12,0.02,61210,61275,65,False
train4.csv,calibration,GCAD-prediction_s12,0.02,69258,69323,65,False
train4.csv,calibration,GCAD-prediction_s12,0.02,71516,71574,58,False
train4.csv,calibration,GCAD-prediction_s12,0.02,72217,72282,65,False
train4.csv,calibration,GCAD-prediction_s12,0.02,73614,73675,61,False
train4.csv,calibration,GCAD-prediction_s12,0.02,74292,74373,81,False
train4.csv,calibration,GCAD-prediction_s12,0.02,76099,76161,62,False
train4.csv,calibration,GCAD-prediction_s12,0.02,76321,76327,6,False
train4.csv,calibration,GCAD-prediction_s12,0.02,76343,76348,5,False
train4.csv,calibration,GCAD-prediction_s12,0.02,76357,76377,20,False
train4.csv,calibration,GCAD-prediction_s12,0.02,83472,83546,74,False
train4.csv,calibration,GCAD-prediction_s12,0.02,83552,83617,65,False
train4.csv,calibration,GCAD-dependency_s12,0.005,5787,5852,65,False
train4.csv,calibration,GCAD-dependency_s12,0.005,7040,7102,62,False
train4.csv,calibration,GCAD-dependency_s12,0.005,17553,17618,65,False
train4.csv,calibration,GCAD-dependency_s12,0.005,18424,18487,63,False
train4.csv,calibration,GCAD-dependency_s12,0.005,61213,61245,32,False
train4.csv,calibration,GCAD-dependency_s12,0.005,61259,61272,13,False
train4.csv,calibration,GCAD-dependency_s12,0.005,72217,72282,65,False
train4.csv,calibration,GCAD-dependency_s12,0.005,74292,74357,65,False
train4.csv,calibration,GCAD-dependency_s12,0.01,5787,5852,65,False
train4.csv,calibration,GCAD-dependency_s12,0.01,7039,7104,65,False
train4.csv,calibration,GCAD-dependency_s12,0.01,13234,13297,63,False
train4.csv,calibration,GCAD-dependency_s12,0.01,17553,17618,65,False
train4.csv,calibration,GCAD-dependency_s12,0.01,18423,18504,81,False
train4.csv,calibration,GCAD-dependency_s12,0.01,46824,46886,62,False
train4.csv,calibration,GCAD-dependency_s12,0.01,61210,61275,65,False
train4.csv,calibration,GCAD-dependency_s12,0.01,69263,69324,61,False
train4.csv,calibration,GCAD-dependency_s12,0.01,72217,72282,65,False
train4.csv,calibration,GCAD-dependency_s12,0.01,74292,74373,81,False
train4.csv,calibration,GCAD-dependency_s12,0.01,75380,75407,27,False
train4.csv,calibration,GCAD-dependency_s12,0.01,79040,79081,41,False
train4.csv,calibration,GCAD-dependency_s12,0.01,83481,83537,56,False
train4.csv,calibration,GCAD-dependency_s12,0.01,83552,83617,65,False
train4.csv,calibration,GCAD-dependency_s12,0.02,2552,2576,24,False
train4.csv,calibration,GCAD-dependency_s12,0.02,5787,5853,66,False
train4.csv,calibration,GCAD-dependency_s12,0.02,7039,7104,65,False
train4.csv,calibration,GCAD-dependency_s12,0.02,13233,13298,65,False
train4.csv,calibration,GCAD-dependency_s12,0.02,17553,17618,65,False
train4.csv,calibration,GCAD-dependency_s12,0.02,18423,18521,98,False
train4.csv,calibration,GCAD-dependency_s12,0.02,31489,31492,3,False
train4.csv,calibration,GCAD-dependency_s12,0.02,31498,31503,5,False
train4.csv,calibration,GCAD-dependency_s12,0.02,31717,31777,60,False
train4.csv,calibration,GCAD-dependency_s12,0.02,33263,33656,393,False
train4.csv,calibration,GCAD-dependency_s12,0.02,46821,46909,88,False
train4.csv,calibration,GCAD-dependency_s12,0.02,55432,55493,61,False
train4.csv,calibration,GCAD-dependency_s12,0.02,61210,61275,65,False
train4.csv,calibration,GCAD-dependency_s12,0.02,69257,69330,73,False
train4.csv,calibration,GCAD-dependency_s12,0.02,72217,72282,65,False
train4.csv,calibration,GCAD-dependency_s12,0.02,74292,74374,82,False
train4.csv,calibration,GCAD-dependency_s12,0.02,75350,75420,70,False
train4.csv,calibration,GCAD-dependency_s12,0.02,75515,75552,37,False
train4.csv,calibration,GCAD-dependency_s12,0.02,76099,76161,62,False
train4.csv,calibration,GCAD-dependency_s12,0.02,78481,78484,3,False
train4.csv,calibration,GCAD-dependency_s12,0.02,79029,79097,68,False
train4.csv,calibration,GCAD-dependency_s12,0.02,83473,83544,71,False
train4.csv,calibration,GCAD-dependency_s12,0.02,83552,83617,65,False
train4.csv,calibration,GCAD-dependency_s12,0.02,86226,86297,71,False
train5.csv,calibration,S_Q3,0.005,32169,32184,15,False
train5.csv,calibration,S_Q3,0.005,32189,32214,25,False
train5.csv,calibration,S_Q3,0.005,32225,32287,62,False
train5.csv,calibration,S_Q3,0.005,82420,82438,18,False
train5.csv,calibration,S_Q3,0.01,32148,32304,156,False
train5.csv,calibration,S_Q3,0.01,80781,80803,22,False
train5.csv,calibration,S_Q3,0.01,82400,82461,61,False
train5.csv,calibration,S_Q3,0.02,32148,32304,156,False
train5.csv,calibration,S_Q3,0.02,80781,80805,24,False
train5.csv,calibration,S_Q3,0.02,82399,82461,62,False
train5.csv,calibration,Dr_Q3,0.005,32216,32224,8,False
train5.csv,calibration,Dr_Q3,0.005,32227,32231,4,False
train5.csv,calibration,Dr_Q3,0.005,34634,34669,35,False
train5.csv,calibration,Dr_Q3,0.005,38406,38479,73,False
train5.csv,calibration,Dr_Q3,0.005,39330,39374,44,False
train5.csv,calibration,Dr_Q3,0.005,39965,39989,24,False
train5.csv,calibration,Dr_Q3,0.005,40411,40488,77,False
train5.csv,calibration,Dr_Q3,0.005,41112,41172,60,False
train5.csv,calibration,Dr_Q3,0.005,41532,41561,29,False
train5.csv,calibration,Dr_Q3,0.005,41838,41848,10,False
train5.csv,calibration,Dr_Q3,0.005,42117,42122,5,False
train5.csv,calibration,Dr_Q3,0.005,42381,42422,41,False
train5.csv,calibration,Dr_Q3,0.005,43302,43397,95,False
train5.csv,calibration,Dr_Q3,0.005,45630,45679,49,False
train5.csv,calibration,Dr_Q3,0.005,49340,49360,20,False
train5.csv,calibration,Dr_Q3,0.005,50071,50124,53,False
train5.csv,calibration,Dr_Q3,0.005,50545,50597,52,False
train5.csv,calibration,Dr_Q3,0.005,50847,50886,39,False
train5.csv,calibration,Dr_Q3,0.005,51301,51317,16,False
train5.csv,calibration,Dr_Q3,0.005,51639,51661,22,False
train5.csv,calibration,Dr_Q3,0.005,54845,54871,26,False
train5.csv,calibration,Dr_Q3,0.005,54882,54972,90,False
train5.csv,calibration,Dr_Q3,0.005,55744,55818,74,False
train5.csv,calibration,Dr_Q3,0.005,56354,56438,84,False
train5.csv,calibration,Dr_Q3,0.005,56845,56865,20,False
train5.csv,calibration,Dr_Q3,0.005,57195,57241,46,False
train5.csv,calibration,Dr_Q3,0.005,80763,80764,1,False
train5.csv,calibration,Dr_Q3,0.005,80867,80868,1,False
train5.csv,calibration,Dr_Q3,0.005,80874,80910,36,False
train5.csv,calibration,Dr_Q3,0.005,125179,125194,15,False
train5.csv,calibration,Dr_Q3,0.005,125199,125219,20,False
train5.csv,calibration,Dr_Q3,0.005,125224,125241,17,False
train5.csv,calibration,Dr_Q3,0.01,28721,28735,14,False
train5.csv,calibration,Dr_Q3,0.01,32216,32224,8,False
train5.csv,calibration,Dr_Q3,0.01,32227,32233,6,False
train5.csv,calibration,Dr_Q3,0.01,34069,34087,18,False
train5.csv,calibration,Dr_Q3,0.01,34624,34674,50,False
train5.csv,calibration,Dr_Q3,0.01,38384,38502,118,False
train5.csv,calibration,Dr_Q3,0.01,38795,38814,19,False
train5.csv,calibration,Dr_Q3,0.01,39317,39381,64,False
train5.csv,calibration,Dr_Q3,0.01,39936,40001,65,False
train5.csv,calibration,Dr_Q3,0.01,40379,40500,121,False
train5.csv,calibration,Dr_Q3,0.01,41098,41187,89,False
train5.csv,calibration,Dr_Q3,0.01,41520,41571,51,False
train5.csv,calibration,Dr_Q3,0.01,41824,41859,35,False
train5.csv,calibration,Dr_Q3,0.01,42105,42136,31,False
train5.csv,calibration,Dr_Q3,0.01,42368,42434,66,False
train5.csv,calibration,Dr_Q3,0.01,42887,42908,21,False
train5.csv,calibration,Dr_Q3,0.01,43272,43418,146,False
train5.csv,calibration,Dr_Q3,0.01,43937,43957,20,False
train5.csv,calibration,Dr_Q3,0.01,45200,45226,26,False
train5.csv,calibration,Dr_Q3,0.01,45613,45694,81,False
train5.csv,calibration,Dr_Q3,0.01,45964,45973,9,False
train5.csv,calibration,Dr_Q3,0.01,46689,46708,19,False
train5.csv,calibration,Dr_Q3,0.01,49332,49374,42,False
train5.csv,calibration,Dr_Q3,0.01,49685,49723,38,False
train5.csv,calibration,Dr_Q3,0.01,50058,50132,74,False
train5.csv,calibration,Dr_Q3,0.01,50524,50602,78,False
train5.csv,calibration,Dr_Q3,0.01,50835,50893,58,False
train5.csv,calibration,Dr_Q3,0.01,51278,51335,57,False
train5.csv,calibration,Dr_Q3,0.01,51630,51674,44,False
train5.csv,calibration,Dr_Q3,0.01,54066,54093,27,False
train5.csv,calibration,Dr_Q3,0.01,54806,55062,256,False
train5.csv,calibration,Dr_Q3,0.01,55725,55840,115,False
train5.csv,calibration,Dr_Q3,0.01,56329,56454,125,False
train5.csv,calibration,Dr_Q3,0.01,56832,56876,44,False
train5.csv,calibration,Dr_Q3,0.01,57179,57248,69,False
train5.csv,calibration,Dr_Q3,0.01,58093,58101,8,False
train5.csv,calibration,Dr_Q3,0.01,58378,58418,40,False
train5.csv,calibration,Dr_Q3,0.01,58685,58732,47,False
train5.csv,calibration,Dr_Q3,0.01,60621,60656,35,False
train5.csv,calibration,Dr_Q3,0.01,63112,63116,4,False
train5.csv,calibration,Dr_Q3,0.01,63147,63187,40,False
train5.csv,calibration,Dr_Q3,0.01,80763,80764,1,False
train5.csv,calibration,Dr_Q3,0.01,80867,80910,43,False
train5.csv,calibration,Dr_Q3,0.01,125179,125194,15,False
train5.csv,calibration,Dr_Q3,0.01,125199,125219,20,False
train5.csv,calibration,Dr_Q3,0.01,125224,125241,17,False
train5.csv,calibration,Dr_Q3,0.02,13759,13770,11,False
train5.csv,calibration,Dr_Q3,0.02,14164,14174,10,False
train5.csv,calibration,Dr_Q3,0.02,14325,14363,38,False
train5.csv,calibration,Dr_Q3,0.02,14682,14718,36,False
train5.csv,calibration,Dr_Q3,0.02,15050,15074,24,False
train5.csv,calibration,Dr_Q3,0.02,15222,15252,30,False
train5.csv,calibration,Dr_Q3,0.02,23580,23582,2,False
train5.csv,calibration,Dr_Q3,0.02,25196,25213,17,False
train5.csv,calibration,Dr_Q3,0.02,28712,28743,31,False
train5.csv,calibration,Dr_Q3,0.02,31302,31306,4,False
train5.csv,calibration,Dr_Q3,0.02,31572,31597,25,False
train5.csv,calibration,Dr_Q3,0.02,32216,32224,8,False
train5.csv,calibration,Dr_Q3,0.02,32227,32233,6,False
train5.csv,calibration,Dr_Q3,0.02,33434,33438,4,False
train5.csv,calibration,Dr_Q3,0.02,34057,34116,59,False
train5.csv,calibration,Dr_Q3,0.02,34349,34376,27,False
train5.csv,calibration,Dr_Q3,0.02,34616,34679,63,False
train5.csv,calibration,Dr_Q3,0.02,34918,34941,23,False
train5.csv,calibration,Dr_Q3,0.02,35459,35474,15,False
train5.csv,calibration,Dr_Q3,0.02,35710,35728,18,False
train5.csv,calibration,Dr_Q3,0.02,36519,36587,68,False
train5.csv,calibration,Dr_Q3,0.02,37241,37250,9,False
train5.csv,calibration,Dr_Q3,0.02,38331,38517,186,False
train5.csv,calibration,Dr_Q3,0.02,38782,38829,47,False
train5.csv,calibration,Dr_Q3,0.02,39299,39392,93,False
train5.csv,calibration,Dr_Q3,0.02,39885,40011,126,False
train5.csv,calibration,Dr_Q3,0.02,40353,40510,157,False
train5.csv,calibration,Dr_Q3,0.02,40869,40871,2,False
train5.csv,calibration,Dr_Q3,0.02,41008,41202,194,False
train5.csv,calibration,Dr_Q3,0.02,41497,41578,81,False
train5.csv,calibration,Dr_Q3,0.02,41813,41869,56,False
train5.csv,calibration,Dr_Q3,0.02,42095,42146,51,False
train5.csv,calibration,Dr_Q3,0.02,42358,42447,89,False
train5.csv,calibration,Dr_Q3,0.02,42653,42678,25,False
train5.csv,calibration,Dr_Q3,0.02,42877,42917,40,False
train5.csv,calibration,Dr_Q3,0.02,43194,43433,239,False
train5.csv,calibration,Dr_Q3,0.02,43915,43968,53,False
train5.csv,calibration,Dr_Q3,0.02,44262,44302,40,False
train5.csv,calibration,Dr_Q3,0.02,45184,45234,50,False
train5.csv,calibration,Dr_Q3,0.02,45596,45710,114,False
train5.csv,calibration,Dr_Q3,0.02,45951,45984,33,False
train5.csv,calibration,Dr_Q3,0.02,46165,46181,16,False
train5.csv,calibration,Dr_Q3,0.02,46356,46375,19,False
train5.csv,calibration,Dr_Q3,0.02,46674,46723,49,False
train5.csv,calibration,Dr_Q3,0.02,46940,46947,7,False
train5.csv,calibration,Dr_Q3,0.02,48390,48430,40,False
train5.csv,calibration,Dr_Q3,0.02,48934,48955,21,False
train5.csv,calibration,Dr_Q3,0.02,49322,49387,65,False
train5.csv,calibration,Dr_Q3,0.02,49668,49736,68,False
train5.csv,calibration,Dr_Q3,0.02,50044,50139,95,False
train5.csv,calibration,Dr_Q3,0.02,50500,50607,107,False
train5.csv,calibration,Dr_Q3,0.02,50823,50900,77,False
train5.csv,calibration,Dr_Q3,0.02,51209,51342,133,False
train5.csv,calibration,Dr_Q3,0.02,51617,51684,67,False
train5.csv,calibration,Dr_Q3,0.02,54050,54113,63,False
train5.csv,calibration,Dr_Q3,0.02,54692,55078,386,False
train5.csv,calibration,Dr_Q3,0.02,55709,55852,143,False
train5.csv,calibration,Dr_Q3,0.02,56312,56465,153,False
train5.csv,calibration,Dr_Q3,0.02,56819,56886,67,False
train5.csv,calibration,Dr_Q3,0.02,57158,57256,98,False
train5.csv,calibration,Dr_Q3,0.02,58060,58116,56,False
train5.csv,calibration,Dr_Q3,0.02,58352,58429,77,False
train5.csv,calibration,Dr_Q3,0.02,58668,58745,77,False
train5.csv,calibration,Dr_Q3,0.02,59561,59596,35,False
train5.csv,calibration,Dr_Q3,0.02,60195,60210,15,False
train5.csv,calibration,Dr_Q3,0.02,60603,60664,61,False
train5.csv,calibration,Dr_Q3,0.02,61070,61096,26,False
train5.csv,calibration,Dr_Q3,0.02,62157,62185,28,False
train5.csv,calibration,Dr_Q3,0.02,62724,62927,203,False
train5.csv,calibration,Dr_Q3,0.02,63042,63223,181,False
train5.csv,calibration,Dr_Q3,0.02,80763,80779,16,False
train5.csv,calibration,Dr_Q3,0.02,80867,80910,43,False
train5.csv,calibration,Dr_Q3,0.02,125179,125194,15,False
train5.csv,calibration,Dr_Q3,0.02,125199,125220,21,False
train5.csv,calibration,Dr_Q3,0.02,125224,125241,17,False
train5.csv,calibration,GCAD-prediction_s10,0.005,7393,7455,62,False
train5.csv,calibration,GCAD-prediction_s10,0.005,8347,8424,77,False
train5.csv,calibration,GCAD-prediction_s10,0.005,37844,37906,62,False
train5.csv,calibration,GCAD-prediction_s10,0.005,52248,52322,74,False
train5.csv,calibration,GCAD-prediction_s10,0.005,111911,111974,63,False
train5.csv,calibration,GCAD-prediction_s10,0.005,129682,129747,65,False
train5.csv,calibration,GCAD-prediction_s10,0.005,146206,146277,71,False
train5.csv,calibration,GCAD-prediction_s10,0.005,147589,147652,63,False
train5.csv,calibration,GCAD-prediction_s10,0.005,153719,153798,79,False
train5.csv,calibration,GCAD-prediction_s10,0.005,162008,162107,99,False
train5.csv,calibration,GCAD-prediction_s10,0.005,171484,171546,62,False
train5.csv,calibration,GCAD-prediction_s10,0.005,216209,216290,81,False
train5.csv,calibration,GCAD-prediction_s10,0.005,232123,232201,78,False
train5.csv,calibration,GCAD-prediction_s10,0.005,233870,233932,62,False
train5.csv,calibration,GCAD-prediction_s10,0.01,803,859,56,False
train5.csv,calibration,GCAD-prediction_s10,0.01,7388,7456,68,False
train5.csv,calibration,GCAD-prediction_s10,0.01,7759,7818,59,False
train5.csv,calibration,GCAD-prediction_s10,0.01,8344,8424,80,False
train5.csv,calibration,GCAD-prediction_s10,0.01,37830,37907,77,False
train5.csv,calibration,GCAD-prediction_s10,0.01,50412,50474,62,False
train5.csv,calibration,GCAD-prediction_s10,0.01,52243,52323,80,False
train5.csv,calibration,GCAD-prediction_s10,0.01,60978,61041,63,False
train5.csv,calibration,GCAD-prediction_s10,0.01,71336,71399,63,False
train5.csv,calibration,GCAD-prediction_s10,0.01,81692,81755,63,False
train5.csv,calibration,GCAD-prediction_s10,0.01,92786,92849,63,False
train5.csv,calibration,GCAD-prediction_s10,0.01,103297,103357,60,False
train5.csv,calibration,GCAD-prediction_s10,0.01,111909,111975,66,False
train5.csv,calibration,GCAD-prediction_s10,0.01,124213,124274,61,False
train5.csv,calibration,GCAD-prediction_s10,0.01,129682,129747,65,False
train5.csv,calibration,GCAD-prediction_s10,0.01,131590,131668,78,False
train5.csv,calibration,GCAD-prediction_s10,0.01,136815,136878,63,False
train5.csv,calibration,GCAD-prediction_s10,0.01,146199,146277,78,False
train5.csv,calibration,GCAD-prediction_s10,0.01,147589,147652,63,False
train5.csv,calibration,GCAD-prediction_s10,0.01,153718,153798,80,False
train5.csv,calibration,GCAD-prediction_s10,0.01,161047,161096,49,False
train5.csv,calibration,GCAD-prediction_s10,0.01,162008,162107,99,False
train5.csv,calibration,GCAD-prediction_s10,0.01,168138,168193,55,False
train5.csv,calibration,GCAD-prediction_s10,0.01,168266,168329,63,False
train5.csv,calibration,GCAD-prediction_s10,0.01,171484,171561,77,False
train5.csv,calibration,GCAD-prediction_s10,0.01,179504,179567,63,False
train5.csv,calibration,GCAD-prediction_s10,0.01,189050,189112,62,False
train5.csv,calibration,GCAD-prediction_s10,0.01,212468,212530,62,False
train5.csv,calibration,GCAD-prediction_s10,0.01,216209,216291,82,False
train5.csv,calibration,GCAD-prediction_s10,0.01,218123,218184,61,False
train5.csv,calibration,GCAD-prediction_s10,0.01,232123,232201,78,False
train5.csv,calibration,GCAD-prediction_s10,0.01,233869,233932,63,False
train5.csv,calibration,GCAD-prediction_s10,0.02,797,865,68,False
train5.csv,calibration,GCAD-prediction_s10,0.02,1294,1386,92,False
train5.csv,calibration,GCAD-prediction_s10,0.02,1933,1934,1,False
train5.csv,calibration,GCAD-prediction_s10,0.02,1940,1968,28,False
train5.csv,calibration,GCAD-prediction_s10,0.02,2033,2034,1,False
train5.csv,calibration,GCAD-prediction_s10,0.02,2038,2040,2,False
train5.csv,calibration,GCAD-prediction_s10,0.02,2044,2045,1,False
train5.csv,calibration,GCAD-prediction_s10,0.02,2055,2074,19,False
train5.csv,calibration,GCAD-prediction_s10,0.02,2078,2079,1,False
train5.csv,calibration,GCAD-prediction_s10,0.02,2089,2090,1,False
train5.csv,calibration,GCAD-prediction_s10,0.02,2110,2111,1,False
train5.csv,calibration,GCAD-prediction_s10,0.02,2128,2129,1,False
train5.csv,calibration,GCAD-prediction_s10,0.02,2132,2151,19,False
train5.csv,calibration,GCAD-prediction_s10,0.02,2154,2162,8,False
train5.csv,calibration,GCAD-prediction_s10,0.02,2166,2168,2,False
train5.csv,calibration,GCAD-prediction_s10,0.02,2246,2247,1,False
train5.csv,calibration,GCAD-prediction_s10,0.02,2294,2296,2,False
train5.csv,calibration,GCAD-prediction_s10,0.02,2300,2302,2,False
train5.csv,calibration,GCAD-prediction_s10,0.02,3565,3630,65,False
train5.csv,calibration,GCAD-prediction_s10,0.02,3634,3635,1,False
train5.csv,calibration,GCAD-prediction_s10,0.02,5146,5210,64,False
train5.csv,calibration,GCAD-prediction_s10,0.02,5217,5218,1,False
train5.csv,calibration,GCAD-prediction_s10,0.02,5241,5266,25,False
train5.csv,calibration,GCAD-prediction_s10,0.02,5392,5400,8,False
train5.csv,calibration,GCAD-prediction_s10,0.02,7387,7456,69,False
train5.csv,calibration,GCAD-prediction_s10,0.02,7758,7820,62,False
train5.csv,calibration,GCAD-prediction_s10,0.02,8344,8424,80,False
train5.csv,calibration,GCAD-prediction_s10,0.02,37829,37907,78,False
train5.csv,calibration,GCAD-prediction_s10,0.02,50412,50474,62,False
train5.csv,calibration,GCAD-prediction_s10,0.02,52243,52323,80,False
train5.csv,calibration,GCAD-prediction_s10,0.02,60977,61041,64,False
train5.csv,calibration,GCAD-prediction_s10,0.02,71336,71399,63,False
train5.csv,calibration,GCAD-prediction_s10,0.02,81692,81755,63,False
train5.csv,calibration,GCAD-prediction_s10,0.02,92786,92849,63,False
train5.csv,calibration,GCAD-prediction_s10,0.02,103292,103363,71,False
train5.csv,calibration,GCAD-prediction_s10,0.02,104577,104710,133,False
train5.csv,calibration,GCAD-prediction_s10,0.02,104732,104872,140,False
train5.csv,calibration,GCAD-prediction_s10,0.02,106489,106548,59,False
train5.csv,calibration,GCAD-prediction_s10,0.02,106558,106560,2,False
train5.csv,calibration,GCAD-prediction_s10,0.02,106564,106569,5,False
train5.csv,calibration,GCAD-prediction_s10,0.02,107088,107123,35,False
train5.csv,calibration,GCAD-prediction_s10,0.02,107126,107127,1,False
train5.csv,calibration,GCAD-prediction_s10,0.02,107147,107150,3,False
train5.csv,calibration,GCAD-prediction_s10,0.02,107154,107161,7,False
train5.csv,calibration,GCAD-prediction_s10,0.02,107179,107196,17,False
train5.csv,calibration,GCAD-prediction_s10,0.02,107199,107207,8,False
train5.csv,calibration,GCAD-prediction_s10,0.02,107210,107218,8,False
train5.csv,calibration,GCAD-prediction_s10,0.02,107233,107263,30,False
train5.csv,calibration,GCAD-prediction_s10,0.02,107266,107273,7,False
train5.csv,calibration,GCAD-prediction_s10,0.02,107322,107385,63,False
train5.csv,calibration,GCAD-prediction_s10,0.02,107389,107390,1,False
train5.csv,calibration,GCAD-prediction_s10,0.02,107401,107402,1,False
train5.csv,calibration,GCAD-prediction_s10,0.02,107407,107418,11,False
train5.csv,calibration,GCAD-prediction_s10,0.02,107421,107443,22,False
train5.csv,calibration,GCAD-prediction_s10,0.02,107472,107473,1,False
train5.csv,calibration,GCAD-prediction_s10,0.02,107483,107485,2,False
train5.csv,calibration,GCAD-prediction_s10,0.02,107565,107566,1,False
train5.csv,calibration,GCAD-prediction_s10,0.02,107572,107601,29,False
train5.csv,calibration,GCAD-prediction_s10,0.02,107769,107870,101,False
train5.csv,calibration,GCAD-prediction_s10,0.02,107874,107875,1,False
train5.csv,calibration,GCAD-prediction_s10,0.02,108047,108078,31,False
train5.csv,calibration,GCAD-prediction_s10,0.02,109089,109122,33,False
train5.csv,calibration,GCAD-prediction_s10,0.02,109134,109162,28,False
train5.csv,calibration,GCAD-prediction_s10,0.02,109188,109201,13,False
train5.csv,calibration,GCAD-prediction_s10,0.02,109205,109225,20,False
train5.csv,calibration,GCAD-prediction_s10,0.02,109229,109243,14,False
train5.csv,calibration,GCAD-prediction_s10,0.02,109247,109250,3,False
train5.csv,calibration,GCAD-prediction_s10,0.02,109253,109255,2,False
train5.csv,calibration,GCAD-prediction_s10,0.02,109283,109286,3,False
train5.csv,calibration,GCAD-prediction_s10,0.02,109289,109303,14,False
train5.csv,calibration,GCAD-prediction_s10,0.02,109321,109322,1,False
train5.csv,calibration,GCAD-prediction_s10,0.02,109326,109327,1,False
train5.csv,calibration,GCAD-prediction_s10,0.02,109332,109333,1,False
train5.csv,calibration,GCAD-prediction_s10,0.02,109500,109501,1,False
train5.csv,calibration,GCAD-prediction_s10,0.02,109506,109507,1,False
train5.csv,calibration,GCAD-prediction_s10,0.02,109512,109513,1,False
train5.csv,calibration,GCAD-prediction_s10,0.02,109518,109521,3,False
train5.csv,calibration,GCAD-prediction_s10,0.02,109524,109525,1,False
train5.csv,calibration,GCAD-prediction_s10,0.02,110695,110696,1,False
train5.csv,calibration,GCAD-prediction_s10,0.02,111229,111230,1,False
train5.csv,calibration,GCAD-prediction_s10,0.02,111240,111390,150,False
train5.csv,calibration,GCAD-prediction_s10,0.02,111796,111799,3,False
train5.csv,calibration,GCAD-prediction_s10,0.02,111830,111850,20,False
train5.csv,calibration,GCAD-prediction_s10,0.02,111909,111985,76,False
train5.csv,calibration,GCAD-prediction_s10,0.02,124210,124281,71,False
train5.csv,calibration,GCAD-prediction_s10,0.02,129093,129095,2,False
train5.csv,calibration,GCAD-prediction_s10,0.02,129099,129101,2,False
train5.csv,calibration,GCAD-prediction_s10,0.02,129112,129123,11,False
train5.csv,calibration,GCAD-prediction_s10,0.02,129126,129138,12,False
train5.csv,calibration,GCAD-prediction_s10,0.02,129222,129320,98,False
train5.csv,calibration,GCAD-prediction_s10,0.02,129324,129325,1,False
train5.csv,calibration,GCAD-prediction_s10,0.02,129330,129331,1,False
train5.csv,calibration,GCAD-prediction_s10,0.02,129335,129336,1,False
train5.csv,calibration,GCAD-prediction_s10,0.02,129512,129518,6,False
train5.csv,calibration,GCAD-prediction_s10,0.02,129533,129534,1,False
train5.csv,calibration,GCAD-prediction_s10,0.02,129682,129747,65,False
train5.csv,calibration,GCAD-prediction_s10,0.02,131590,131668,78,False
train5.csv,calibration,GCAD-prediction_s10,0.02,136815,136878,63,False
train5.csv,calibration,GCAD-prediction_s10,0.02,146198,146277,79,False
train5.csv,calibration,GCAD-prediction_s10,0.02,147589,147652,63,False
train5.csv,calibration,GCAD-prediction_s10,0.02,153718,153798,80,False
train5.csv,calibration,GCAD-prediction_s10,0.02,157828,157889,61,False
train5.csv,calibration,GCAD-prediction_s10,0.02,161037,161102,65,False
train5.csv,calibration,GCAD-prediction_s10,0.02,161883,161889,6,False
train5.csv,calibration,GCAD-prediction_s10,0.02,161892,161899,7,False
train5.csv,calibration,GCAD-prediction_s10,0.02,161903,161948,45,False
train5.csv,calibration,GCAD-prediction_s10,0.02,161951,161958,7,False
train5.csv,calibration,GCAD-prediction_s10,0.02,161962,162107,145,False
train5.csv,calibration,GCAD-prediction_s10,0.02,168130,168201,71,False
train5.csv,calibration,GCAD-prediction_s10,0.02,168266,168329,63,False
train5.csv,calibration,GCAD-prediction_s10,0.02,168658,168705,47,False
train5.csv,calibration,GCAD-prediction_s10,0.02,169258,169259,1,False
train5.csv,calibration,GCAD-prediction_s10,0.02,169262,169265,3,False
train5.csv,calibration,GCAD-prediction_s10,0.02,169269,169270,1,False
train5.csv,calibration,GCAD-prediction_s10,0.02,169396,169437,41,False
train5.csv,calibration,GCAD-prediction_s10,0.02,169633,169639,6,False
train5.csv,calibration,GCAD-prediction_s10,0.02,169645,169658,13,False
train5.csv,calibration,GCAD-prediction_s10,0.02,169675,169681,6,False
train5.csv,calibration,GCAD-prediction_s10,0.02,169684,169737,53,False
train5.csv,calibration,GCAD-prediction_s10,0.02,169740,169747,7,False
train5.csv,calibration,GCAD-prediction_s10,0.02,171484,171567,83,False
train5.csv,calibration,GCAD-prediction_s10,0.02,175124,175186,62,False
train5.csv,calibration,GCAD-prediction_s10,0.02,179504,179567,63,False
train5.csv,calibration,GCAD-prediction_s10,0.02,189050,189112,62,False
train5.csv,calibration,GCAD-prediction_s10,0.02,210613,210675,62,False
train5.csv,calibration,GCAD-prediction_s10,0.02,212076,212077,1,False
train5.csv,calibration,GCAD-prediction_s10,0.02,212080,212082,2,False
train5.csv,calibration,GCAD-prediction_s10,0.02,212086,212087,1,False
train5.csv,calibration,GCAD-prediction_s10,0.02,212091,212093,2,False
train5.csv,calibration,GCAD-prediction_s10,0.02,212168,212170,2,False
train5.csv,calibration,GCAD-prediction_s10,0.02,212174,212175,1,False
train5.csv,calibration,GCAD-prediction_s10,0.02,212179,212219,40,False
train5.csv,calibration,GCAD-prediction_s10,0.02,212400,212414,14,False
train5.csv,calibration,GCAD-prediction_s10,0.02,212467,212530,63,False
train5.csv,calibration,GCAD-prediction_s10,0.02,212611,212612,1,False
train5.csv,calibration,GCAD-prediction_s10,0.02,212616,212617,1,False
train5.csv,calibration,GCAD-prediction_s10,0.02,212621,212623,2,False
train5.csv,calibration,GCAD-prediction_s10,0.02,212626,212627,1,False
train5.csv,calibration,GCAD-prediction_s10,0.02,212835,212936,101,False
train5.csv,calibration,GCAD-prediction_s10,0.02,216209,216291,82,False
train5.csv,calibration,GCAD-prediction_s10,0.02,217781,217789,8,False
train5.csv,calibration,GCAD-prediction_s10,0.02,218122,218185,63,False
train5.csv,calibration,GCAD-prediction_s10,0.02,219397,219410,13,False
train5.csv,calibration,GCAD-prediction_s10,0.02,223213,223274,61,False
train5.csv,calibration,GCAD-prediction_s10,0.02,232123,232201,78,False
train5.csv,calibration,GCAD-prediction_s10,0.02,233869,233932,63,False
train5.csv,calibration,GCAD-dependency_s10,0.005,7394,7443,49,False
train5.csv,calibration,GCAD-dependency_s10,0.005,8344,8424,80,False
train5.csv,calibration,GCAD-dependency_s10,0.005,37827,37907,80,False
train5.csv,calibration,GCAD-dependency_s10,0.005,52243,52323,80,False
train5.csv,calibration,GCAD-dependency_s10,0.005,60976,61041,65,False
train5.csv,calibration,GCAD-dependency_s10,0.005,103300,103358,58,False
train5.csv,calibration,GCAD-dependency_s10,0.005,111909,111975,66,False
train5.csv,calibration,GCAD-dependency_s10,0.005,124218,124277,59,False
train5.csv,calibration,GCAD-dependency_s10,0.005,129682,129747,65,False
train5.csv,calibration,GCAD-dependency_s10,0.005,131589,131668,79,False
train5.csv,calibration,GCAD-dependency_s10,0.005,136813,136878,65,False
train5.csv,calibration,GCAD-dependency_s10,0.005,146198,146277,79,False
train5.csv,calibration,GCAD-dependency_s10,0.005,153718,153798,80,False
train5.csv,calibration,GCAD-dependency_s10,0.005,162015,162107,92,False
train5.csv,calibration,GCAD-dependency_s10,0.005,168145,168190,45,False
train5.csv,calibration,GCAD-dependency_s10,0.005,171485,171553,68,False
train5.csv,calibration,GCAD-dependency_s10,0.005,232124,232200,76,False
train5.csv,calibration,GCAD-dependency_s10,0.01,800,871,71,False
train5.csv,calibration,GCAD-dependency_s10,0.01,7383,7456,73,False
train5.csv,calibration,GCAD-dependency_s10,0.01,8344,8424,80,False
train5.csv,calibration,GCAD-dependency_s10,0.01,37827,37907,80,False
train5.csv,calibration,GCAD-dependency_s10,0.01,50412,50473,61,False
train5.csv,calibration,GCAD-dependency_s10,0.01,52243,52323,80,False
train5.csv,calibration,GCAD-dependency_s10,0.01,60976,61041,65,False
train5.csv,calibration,GCAD-dependency_s10,0.01,64707,64759,52,False
train5.csv,calibration,GCAD-dependency_s10,0.01,81693,81754,61,False
train5.csv,calibration,GCAD-dependency_s10,0.01,92787,92848,61,False
train5.csv,calibration,GCAD-dependency_s10,0.01,103292,103366,74,False
train5.csv,calibration,GCAD-dependency_s10,0.01,111909,111989,80,False
train5.csv,calibration,GCAD-dependency_s10,0.01,124210,124285,75,False
train5.csv,calibration,GCAD-dependency_s10,0.01,129682,129762,80,False
train5.csv,calibration,GCAD-dependency_s10,0.01,131588,131668,80,False
train5.csv,calibration,GCAD-dependency_s10,0.01,136813,136878,65,False
train5.csv,calibration,GCAD-dependency_s10,0.01,146197,146277,80,False
train5.csv,calibration,GCAD-dependency_s10,0.01,153718,153798,80,False
train5.csv,calibration,GCAD-dependency_s10,0.01,161038,161106,68,False
train5.csv,calibration,GCAD-dependency_s10,0.01,162009,162107,98,False
train5.csv,calibration,GCAD-dependency_s10,0.01,168131,168204,73,False
train5.csv,calibration,GCAD-dependency_s10,0.01,168266,168328,62,False
train5.csv,calibration,GCAD-dependency_s10,0.01,171484,171567,83,False
train5.csv,calibration,GCAD-dependency_s10,0.01,179504,179566,62,False
train5.csv,calibration,GCAD-dependency_s10,0.01,189049,189112,63,False
train5.csv,calibration,GCAD-dependency_s10,0.01,210612,210681,69,False
train5.csv,calibration,GCAD-dependency_s10,0.01,216209,216287,78,False
train5.csv,calibration,GCAD-dependency_s10,0.01,232123,232200,77,False
train5.csv,calibration,GCAD-dependency_s10,0.02,798,873,75,False
train5.csv,calibration,GCAD-dependency_s10,0.02,7378,7456,78,False
train5.csv,calibration,GCAD-dependency_s10,0.02,8344,8424,80,False
train5.csv,calibration,GCAD-dependency_s10,0.02,18186,18247,61,False
train5.csv,calibration,GCAD-dependency_s10,0.02,25591,25617,26,False
train5.csv,calibration,GCAD-dependency_s10,0.02,32151,32190,39,False
train5.csv,calibration,GCAD-dependency_s10,0.02,32193,32291,98,False
train5.csv,calibration,GCAD-dependency_s10,0.02,36053,36116,63,False
train5.csv,calibration,GCAD-dependency_s10,0.02,37827,37907,80,False
train5.csv,calibration,GCAD-dependency_s10,0.02,39603,39650,47,False
train5.csv,calibration,GCAD-dependency_s10,0.02,50410,50474,64,False
train5.csv,calibration,GCAD-dependency_s10,0.02,52243,52323,80,False
train5.csv,calibration,GCAD-dependency_s10,0.02,57671,57734,63,False
train5.csv,calibration,GCAD-dependency_s10,0.02,60976,61041,65,False
train5.csv,calibration,GCAD-dependency_s10,0.02,64704,64767,63,False
train5.csv,calibration,GCAD-dependency_s10,0.02,71337,71398,61,False
train5.csv,calibration,GCAD-dependency_s10,0.02,81692,81755,63,False
train5.csv,calibration,GCAD-dependency_s10,0.02,92786,92849,63,False
train5.csv,calibration,GCAD-dependency_s10,0.02,103291,103367,76,False
train5.csv,calibration,GCAD-dependency_s10,0.02,111909,111991,82,False
train5.csv,calibration,GCAD-dependency_s10,0.02,124210,124286,76,False
train5.csv,calibration,GCAD-dependency_s10,0.02,125180,125241,61,False
train5.csv,calibration,GCAD-dependency_s10,0.02,125965,126027,62,False
train5.csv,calibration,GCAD-dependency_s10,0.02,129449,129491,42,False
train5.csv,calibration,GCAD-dependency_s10,0.02,129682,129763,81,False
train5.csv,calibration,GCAD-dependency_s10,0.02,131588,131668,80,False
train5.csv,calibration,GCAD-dependency_s10,0.02,136473,136526,53,False
train5.csv,calibration,GCAD-dependency_s10,0.02,136813,136882,69,False
train5.csv,calibration,GCAD-dependency_s10,0.02,146197,146277,80,False
train5.csv,calibration,GCAD-dependency_s10,0.02,147589,147652,63,False
train5.csv,calibration,GCAD-dependency_s10,0.02,153718,153798,80,False
train5.csv,calibration,GCAD-dependency_s10,0.02,157843,157889,46,False
train5.csv,calibration,GCAD-dependency_s10,0.02,161035,161109,74,False
train5.csv,calibration,GCAD-dependency_s10,0.02,162008,162107,99,False
train5.csv,calibration,GCAD-dependency_s10,0.02,168129,168205,76,False
train5.csv,calibration,GCAD-dependency_s10,0.02,168266,168329,63,False
train5.csv,calibration,GCAD-dependency_s10,0.02,171484,171577,93,False
train5.csv,calibration,GCAD-dependency_s10,0.02,175542,175569,27,False
train5.csv,calibration,GCAD-dependency_s10,0.02,179503,179567,64,False
train5.csv,calibration,GCAD-dependency_s10,0.02,189049,189112,63,False
train5.csv,calibration,GCAD-dependency_s10,0.02,210609,210683,74,False
train5.csv,calibration,GCAD-dependency_s10,0.02,216209,216290,81,False
train5.csv,calibration,GCAD-dependency_s10,0.02,217781,217790,9,False
train5.csv,calibration,GCAD-dependency_s10,0.02,219398,219411,13,False
train5.csv,calibration,GCAD-dependency_s10,0.02,230710,230771,61,False
train5.csv,calibration,GCAD-dependency_s10,0.02,232122,232201,79,False
train5.csv,calibration,GCAD-dependency_s10,0.02,233869,233931,62,False
train5.csv,calibration,GCAD-prediction_s11,0.005,7392,7455,63,False
train5.csv,calibration,GCAD-prediction_s11,0.005,7756,7821,65,False
train5.csv,calibration,GCAD-prediction_s11,0.005,111910,111987,77,False
train5.csv,calibration,GCAD-prediction_s11,0.005,129683,129746,63,False
train5.csv,calibration,GCAD-prediction_s11,0.005,162010,162089,79,False
train5.csv,calibration,GCAD-prediction_s11,0.005,171487,171567,80,False
train5.csv,calibration,GCAD-prediction_s11,0.005,216211,216291,80,False
train5.csv,calibration,GCAD-prediction_s11,0.005,223211,223276,65,False
train5.csv,calibration,GCAD-prediction_s11,0.01,7375,7458,83,False
train5.csv,calibration,GCAD-prediction_s11,0.01,7756,7821,65,False
train5.csv,calibration,GCAD-prediction_s11,0.01,18185,18248,63,False
train5.csv,calibration,GCAD-prediction_s11,0.01,37830,37904,74,False
train5.csv,calibration,GCAD-prediction_s11,0.01,39602,39664,62,False
train5.csv,calibration,GCAD-prediction_s11,0.01,57671,57734,63,False
train5.csv,calibration,GCAD-prediction_s11,0.01,68173,68235,62,False
train5.csv,calibration,GCAD-prediction_s11,0.01,79268,79330,62,False
train5.csv,calibration,GCAD-prediction_s11,0.01,103307,103370,63,False
train5.csv,calibration,GCAD-prediction_s11,0.01,108047,108126,79,False
train5.csv,calibration,GCAD-prediction_s11,0.01,111909,111992,83,False
train5.csv,calibration,GCAD-prediction_s11,0.01,125973,126019,46,False
train5.csv,calibration,GCAD-prediction_s11,0.01,129440,129502,62,False
train5.csv,calibration,GCAD-prediction_s11,0.01,129683,129763,80,False
train5.csv,calibration,GCAD-prediction_s11,0.01,131595,131662,67,False
train5.csv,calibration,GCAD-prediction_s11,0.01,136819,136883,64,False
train5.csv,calibration,GCAD-prediction_s11,0.01,146204,146271,67,False
train5.csv,calibration,GCAD-prediction_s11,0.01,147238,147300,62,False
train5.csv,calibration,GCAD-prediction_s11,0.01,162009,162090,81,False
train5.csv,calibration,GCAD-prediction_s11,0.01,168143,168205,62,False
train5.csv,calibration,GCAD-prediction_s11,0.01,171487,171567,80,False
train5.csv,calibration,GCAD-prediction_s11,0.01,179111,179190,79,False
train5.csv,calibration,GCAD-prediction_s11,0.01,189049,189111,62,False
train5.csv,calibration,GCAD-prediction_s11,0.01,205354,205364,10,False
train5.csv,calibration,GCAD-prediction_s11,0.01,212468,212547,79,False
train5.csv,calibration,GCAD-prediction_s11,0.01,216210,216291,81,False
train5.csv,calibration,GCAD-prediction_s11,0.01,217728,217793,65,False
train5.csv,calibration,GCAD-prediction_s11,0.01,218125,218185,60,False
train5.csv,calibration,GCAD-prediction_s11,0.01,219348,219459,111,False
train5.csv,calibration,GCAD-prediction_s11,0.01,223211,223276,65,False
train5.csv,calibration,GCAD-prediction_s11,0.01,227752,227814,62,False
train5.csv,calibration,GCAD-prediction_s11,0.01,228114,228174,60,False
train5.csv,calibration,GCAD-prediction_s11,0.01,232124,232194,70,False
train5.csv,calibration,GCAD-prediction_s11,0.01,232913,232976,63,False
train5.csv,calibration,GCAD-prediction_s11,0.01,233869,233931,62,False
train5.csv,calibration,GCAD-prediction_s11,0.02,3426,3484,58,False
train5.csv,calibration,GCAD-prediction_s11,0.02,3725,3787,62,False
train5.csv,calibration,GCAD-prediction_s11,0.02,5526,5586,60,False
train5.csv,calibration,GCAD-prediction_s11,0.02,7375,7458,83,False
train5.csv,calibration,GCAD-prediction_s11,0.02,7756,7821,65,False
train5.csv,calibration,GCAD-prediction_s11,0.02,8228,8288,60,False
train5.csv,calibration,GCAD-prediction_s11,0.02,18185,18248,63,False
train5.csv,calibration,GCAD-prediction_s11,0.02,37829,37905,76,False
train5.csv,calibration,GCAD-prediction_s11,0.02,39602,39665,63,False
train5.csv,calibration,GCAD-prediction_s11,0.02,57671,57734,63,False
train5.csv,calibration,GCAD-prediction_s11,0.02,68173,68235,62,False
train5.csv,calibration,GCAD-prediction_s11,0.02,79268,79331,63,False
train5.csv,calibration,GCAD-prediction_s11,0.02,103307,103370,63,False
train5.csv,calibration,GCAD-prediction_s11,0.02,108047,108126,79,False
train5.csv,calibration,GCAD-prediction_s11,0.02,111909,111992,83,False
train5.csv,calibration,GCAD-prediction_s11,0.02,124226,124272,46,False
train5.csv,calibration,GCAD-prediction_s11,0.02,125957,126035,78,False
train5.csv,calibration,GCAD-prediction_s11,0.02,126185,126244,59,False
train5.csv,calibration,GCAD-prediction_s11,0.02,129440,129503,63,False
train5.csv,calibration,GCAD-prediction_s11,0.02,129683,129763,80,False
train5.csv,calibration,GCAD-prediction_s11,0.02,130220,130280,60,False
train5.csv,calibration,GCAD-prediction_s11,0.02,131592,131666,74,False
train5.csv,calibration,GCAD-prediction_s11,0.02,136458,136536,78,False
train5.csv,calibration,GCAD-prediction_s11,0.02,136819,136930,111,False
train5.csv,calibration,GCAD-prediction_s11,0.02,146201,146274,73,False
train5.csv,calibration,GCAD-prediction_s11,0.02,147233,147300,67,False
train5.csv,calibration,GCAD-prediction_s11,0.02,157856,157918,62,False
train5.csv,calibration,GCAD-prediction_s11,0.02,162009,162105,96,False
train5.csv,calibration,GCAD-prediction_s11,0.02,168143,168205,62,False
train5.csv,calibration,GCAD-prediction_s11,0.02,170281,170303,22,False
train5.csv,calibration,GCAD-prediction_s11,0.02,171142,171202,60,False
train5.csv,calibration,GCAD-prediction_s11,0.02,171486,171567,81,False
train5.csv,calibration,GCAD-prediction_s11,0.02,172086,172104,18,False
train5.csv,calibration,GCAD-prediction_s11,0.02,175127,175187,60,False
train5.csv,calibration,GCAD-prediction_s11,0.02,179111,179191,80,False
train5.csv,calibration,GCAD-prediction_s11,0.02,179546,179605,59,False
train5.csv,calibration,GCAD-prediction_s11,0.02,189049,189111,62,False
train5.csv,calibration,GCAD-prediction_s11,0.02,205304,205367,63,False
train5.csv,calibration,GCAD-prediction_s11,0.02,210625,210669,44,False
train5.csv,calibration,GCAD-prediction_s11,0.02,212468,212547,79,False
train5.csv,calibration,GCAD-prediction_s11,0.02,216161,216291,130,False
train5.csv,calibration,GCAD-prediction_s11,0.02,217728,217839,111,False
train5.csv,calibration,GCAD-prediction_s11,0.02,218124,218186,62,False
train5.csv,calibration,GCAD-prediction_s11,0.02,219347,219462,115,False
train5.csv,calibration,GCAD-prediction_s11,0.02,223211,223276,65,False
train5.csv,calibration,GCAD-prediction_s11,0.02,227751,227816,65,False
train5.csv,calibration,GCAD-prediction_s11,0.02,228111,228222,111,False
train5.csv,calibration,GCAD-prediction_s11,0.02,232123,232197,74,False
train5.csv,calibration,GCAD-prediction_s11,0.02,232912,233023,111,False
train5.csv,calibration,GCAD-prediction_s11,0.02,233869,233931,62,False
train5.csv,calibration,GCAD-dependency_s11,0.005,7756,7821,65,False
train5.csv,calibration,GCAD-dependency_s11,0.005,8352,8417,65,False
train5.csv,calibration,GCAD-dependency_s11,0.005,37829,37905,76,False
train5.csv,calibration,GCAD-dependency_s11,0.005,111910,111975,65,False
train5.csv,calibration,GCAD-dependency_s11,0.005,129683,129747,64,False
train5.csv,calibration,GCAD-dependency_s11,0.005,131592,131664,72,False
train5.csv,calibration,GCAD-dependency_s11,0.005,146203,146271,68,False
train5.csv,calibration,GCAD-dependency_s11,0.005,153724,153792,68,False
train5.csv,calibration,GCAD-dependency_s11,0.005,162024,162107,83,False
train5.csv,calibration,GCAD-dependency_s11,0.005,175125,175189,64,False
train5.csv,calibration,GCAD-dependency_s11,0.005,189047,189111,64,False
train5.csv,calibration,GCAD-dependency_s11,0.005,218123,218187,64,False
train5.csv,calibration,GCAD-dependency_s11,0.005,223211,223276,65,False
train5.csv,calibration,GCAD-dependency_s11,0.005,225135,225195,60,False
train5.csv,calibration,GCAD-dependency_s11,0.01,7387,7452,65,False
train5.csv,calibration,GCAD-dependency_s11,0.01,7756,7821,65,False
train5.csv,calibration,GCAD-dependency_s11,0.01,8345,8423,78,False
train5.csv,calibration,GCAD-dependency_s11,0.01,18185,18247,62,False
train5.csv,calibration,GCAD-dependency_s11,0.01,37828,37906,78,False
train5.csv,calibration,GCAD-dependency_s11,0.01,39603,39654,51,False
train5.csv,calibration,GCAD-dependency_s11,0.01,52246,52321,75,False
train5.csv,calibration,GCAD-dependency_s11,0.01,57668,57734,66,False
train5.csv,calibration,GCAD-dependency_s11,0.01,60977,61039,62,False
train5.csv,calibration,GCAD-dependency_s11,0.01,111909,111991,82,False
train5.csv,calibration,GCAD-dependency_s11,0.01,124220,124272,52,False
train5.csv,calibration,GCAD-dependency_s11,0.01,125973,126020,47,False
train5.csv,calibration,GCAD-dependency_s11,0.01,129682,129762,80,False
train5.csv,calibration,GCAD-dependency_s11,0.01,131589,131667,78,False
train5.csv,calibration,GCAD-dependency_s11,0.01,136475,136520,45,False
train5.csv,calibration,GCAD-dependency_s11,0.01,136814,136876,62,False
train5.csv,calibration,GCAD-dependency_s11,0.01,138791,138852,61,False
train5.csv,calibration,GCAD-dependency_s11,0.01,146199,146276,77,False
train5.csv,calibration,GCAD-dependency_s11,0.01,153719,153797,78,False
train5.csv,calibration,GCAD-dependency_s11,0.01,162010,162107,97,False
train5.csv,calibration,GCAD-dependency_s11,0.01,171487,171567,80,False
train5.csv,calibration,GCAD-dependency_s11,0.01,175124,175189,65,False
train5.csv,calibration,GCAD-dependency_s11,0.01,182234,182297,63,False
train5.csv,calibration,GCAD-dependency_s11,0.01,189047,189112,65,False
train5.csv,calibration,GCAD-dependency_s11,0.01,216219,216289,70,False
train5.csv,calibration,GCAD-dependency_s11,0.01,218122,218187,65,False
train5.csv,calibration,GCAD-dependency_s11,0.01,223211,223276,65,False
train5.csv,calibration,GCAD-dependency_s11,0.01,225133,225197,64,False
train5.csv,calibration,GCAD-dependency_s11,0.01,232124,232198,74,False
train5.csv,calibration,GCAD-dependency_s11,0.02,813,859,46,False
train5.csv,calibration,GCAD-dependency_s11,0.02,7376,7455,79,False
train5.csv,calibration,GCAD-dependency_s11,0.02,7756,7821,65,False
train5.csv,calibration,GCAD-dependency_s11,0.02,8345,8424,79,False
train5.csv,calibration,GCAD-dependency_s11,0.02,18175,18248,73,False
train5.csv,calibration,GCAD-dependency_s11,0.02,25554,25619,65,False
train5.csv,calibration,GCAD-dependency_s11,0.02,32175,32185,10,False
train5.csv,calibration,GCAD-dependency_s11,0.02,32212,32214,2,False
train5.csv,calibration,GCAD-dependency_s11,0.02,32228,32291,63,False
train5.csv,calibration,GCAD-dependency_s11,0.02,36054,36117,63,False
train5.csv,calibration,GCAD-dependency_s11,0.02,37828,37906,78,False
train5.csv,calibration,GCAD-dependency_s11,0.02,39590,39665,75,False
train5.csv,calibration,GCAD-dependency_s11,0.02,46776,46830,54,False
train5.csv,calibration,GCAD-dependency_s11,0.02,52244,52322,78,False
train5.csv,calibration,GCAD-dependency_s11,0.02,57657,57734,77,False
train5.csv,calibration,GCAD-dependency_s11,0.02,60976,61041,65,False
train5.csv,calibration,GCAD-dependency_s11,0.02,64704,64767,63,False
train5.csv,calibration,GCAD-dependency_s11,0.02,97203,97264,61,False
train5.csv,calibration,GCAD-dependency_s11,0.02,103291,103369,78,False
train5.csv,calibration,GCAD-dependency_s11,0.02,111909,111992,83,False
train5.csv,calibration,GCAD-dependency_s11,0.02,122457,122477,20,False
train5.csv,calibration,GCAD-dependency_s11,0.02,124210,124283,73,False
train5.csv,calibration,GCAD-dependency_s11,0.02,125958,126035,77,False
train5.csv,calibration,GCAD-dependency_s11,0.02,129457,129490,33,False
train5.csv,calibration,GCAD-dependency_s11,0.02,129682,129763,81,False
train5.csv,calibration,GCAD-dependency_s11,0.02,131589,131667,78,False
train5.csv,calibration,GCAD-dependency_s11,0.02,136458,136536,78,False
train5.csv,calibration,GCAD-dependency_s11,0.02,136813,136883,70,False
train5.csv,calibration,GCAD-dependency_s11,0.02,138790,138853,63,False
train5.csv,calibration,GCAD-dependency_s11,0.02,146198,146276,78,False
train5.csv,calibration,GCAD-dependency_s11,0.02,147241,147302,61,False
train5.csv,calibration,GCAD-dependency_s11,0.02,153719,153798,79,False
train5.csv,calibration,GCAD-dependency_s11,0.02,154459,154519,60,False
train5.csv,calibration,GCAD-dependency_s11,0.02,157852,157914,62,False
train5.csv,calibration,GCAD-dependency_s11,0.02,161050,161096,46,False
train5.csv,calibration,GCAD-dependency_s11,0.02,162009,162107,98,False
train5.csv,calibration,GCAD-dependency_s11,0.02,165111,165175,64,False
train5.csv,calibration,GCAD-dependency_s11,0.02,168143,168205,62,False
train5.csv,calibration,GCAD-dependency_s11,0.02,171486,171583,97,False
train5.csv,calibration,GCAD-dependency_s11,0.02,175124,175189,65,False
train5.csv,calibration,GCAD-dependency_s11,0.02,175513,175576,63,False
train5.csv,calibration,GCAD-dependency_s11,0.02,179121,179189,68,False
train5.csv,calibration,GCAD-dependency_s11,0.02,182233,182297,64,False
train5.csv,calibration,GCAD-dependency_s11,0.02,189047,189112,65,False
train5.csv,calibration,GCAD-dependency_s11,0.02,216211,216291,80,False
train5.csv,calibration,GCAD-dependency_s11,0.02,217731,217791,60,False
train5.csv,calibration,GCAD-dependency_s11,0.02,218122,218187,65,False
train5.csv,calibration,GCAD-dependency_s11,0.02,219350,219413,63,False
train5.csv,calibration,GCAD-dependency_s11,0.02,223211,223276,65,False
train5.csv,calibration,GCAD-dependency_s11,0.02,223362,223379,17,False
train5.csv,calibration,GCAD-dependency_s11,0.02,223391,223406,15,False
train5.csv,calibration,GCAD-dependency_s11,0.02,225132,225197,65,False
train5.csv,calibration,GCAD-dependency_s11,0.02,227804,227813,9,False
train5.csv,calibration,GCAD-dependency_s11,0.02,230710,230772,62,False
train5.csv,calibration,GCAD-dependency_s11,0.02,232123,232199,76,False
train5.csv,calibration,GCAD-dependency_s11,0.02,232965,232974,9,False
train5.csv,calibration,GCAD-prediction_s12,0.005,7393,7457,64,False
train5.csv,calibration,GCAD-prediction_s12,0.005,7757,7821,64,False
train5.csv,calibration,GCAD-prediction_s12,0.005,8345,8414,69,False
train5.csv,calibration,GCAD-prediction_s12,0.005,50410,50474,64,False
train5.csv,calibration,GCAD-prediction_s12,0.005,52261,52291,30,False
train5.csv,calibration,GCAD-prediction_s12,0.005,60977,61041,64,False
train5.csv,calibration,GCAD-prediction_s12,0.005,111909,111975,66,False
train5.csv,calibration,GCAD-prediction_s12,0.005,129683,129747,64,False
train5.csv,calibration,GCAD-prediction_s12,0.005,136815,136878,63,False
train5.csv,calibration,GCAD-prediction_s12,0.005,147590,147652,62,False
train5.csv,calibration,GCAD-prediction_s12,0.005,153719,153790,71,False
train5.csv,calibration,GCAD-prediction_s12,0.005,162009,162105,96,False
train5.csv,calibration,GCAD-prediction_s12,0.005,168265,168329,64,False
train5.csv,calibration,GCAD-prediction_s12,0.005,171484,171547,63,False
train5.csv,calibration,GCAD-prediction_s12,0.005,179503,179567,64,False
train5.csv,calibration,GCAD-prediction_s12,0.005,216210,216290,80,False
train5.csv,calibration,GCAD-prediction_s12,0.005,219398,219409,11,False
train5.csv,calibration,GCAD-prediction_s12,0.005,223211,223275,64,False
train5.csv,calibration,GCAD-prediction_s12,0.005,233869,233932,63,False
train5.csv,calibration,GCAD-prediction_s12,0.01,7392,7458,66,False
train5.csv,calibration,GCAD-prediction_s12,0.01,7756,7821,65,False
train5.csv,calibration,GCAD-prediction_s12,0.01,8227,8287,60,False
train5.csv,calibration,GCAD-prediction_s12,0.01,8345,8420,75,False
train5.csv,calibration,GCAD-prediction_s12,0.01,37844,37906,62,False
train5.csv,calibration,GCAD-prediction_s12,0.01,50409,50474,65,False
train5.csv,calibration,GCAD-prediction_s12,0.01,52244,52315,71,False
train5.csv,calibration,GCAD-prediction_s12,0.01,60976,61041,65,False
train5.csv,calibration,GCAD-prediction_s12,0.01,71337,71399,62,False
train5.csv,calibration,GCAD-prediction_s12,0.01,81691,81755,64,False
train5.csv,calibration,GCAD-prediction_s12,0.01,92787,92849,62,False
train5.csv,calibration,GCAD-prediction_s12,0.01,103305,103353,48,False
train5.csv,calibration,GCAD-prediction_s12,0.01,111909,111991,82,False
train5.csv,calibration,GCAD-prediction_s12,0.01,129682,129763,81,False
train5.csv,calibration,GCAD-prediction_s12,0.01,136813,136930,117,False
train5.csv,calibration,GCAD-prediction_s12,0.01,147589,147653,64,False
train5.csv,calibration,GCAD-prediction_s12,0.01,153719,153794,75,False
train5.csv,calibration,GCAD-prediction_s12,0.01,157826,157890,64,False
train5.csv,calibration,GCAD-prediction_s12,0.01,162009,162106,97,False
train5.csv,calibration,GCAD-prediction_s12,0.01,168143,168205,62,False
train5.csv,calibration,GCAD-prediction_s12,0.01,168265,168329,64,False
train5.csv,calibration,GCAD-prediction_s12,0.01,171484,171567,83,False
train5.csv,calibration,GCAD-prediction_s12,0.01,179502,179567,65,False
train5.csv,calibration,GCAD-prediction_s12,0.01,189048,189110,62,False
train5.csv,calibration,GCAD-prediction_s12,0.01,205353,205364,11,False
train5.csv,calibration,GCAD-prediction_s12,0.01,216210,216291,81,False
train5.csv,calibration,GCAD-prediction_s12,0.01,217727,217840,113,False
train5.csv,calibration,GCAD-prediction_s12,0.01,219347,219459,112,False
train5.csv,calibration,GCAD-prediction_s12,0.01,223211,223276,65,False
train5.csv,calibration,GCAD-prediction_s12,0.01,227752,227816,64,False
train5.csv,calibration,GCAD-prediction_s12,0.01,228112,228175,63,False
train5.csv,calibration,GCAD-prediction_s12,0.01,232914,232975,61,False
train5.csv,calibration,GCAD-prediction_s12,0.01,233867,233932,65,False
train5.csv,calibration,GCAD-prediction_s12,0.02,803,860,57,False
train5.csv,calibration,GCAD-prediction_s12,0.02,7326,7388,62,False
train5.csv,calibration,GCAD-prediction_s12,0.02,7392,7458,66,False
train5.csv,calibration,GCAD-prediction_s12,0.02,7756,7821,65,False
train5.csv,calibration,GCAD-prediction_s12,0.02,8225,8287,62,False
train5.csv,calibration,GCAD-prediction_s12,0.02,8345,8421,76,False
train5.csv,calibration,GCAD-prediction_s12,0.02,37844,37907,63,False
train5.csv,calibration,GCAD-prediction_s12,0.02,50409,50474,65,False
train5.csv,calibration,GCAD-prediction_s12,0.02,52244,52318,74,False
train5.csv,calibration,GCAD-prediction_s12,0.02,60976,61041,65,False
train5.csv,calibration,GCAD-prediction_s12,0.02,71337,71400,63,False
train5.csv,calibration,GCAD-prediction_s12,0.02,81690,81755,65,False
train5.csv,calibration,GCAD-prediction_s12,0.02,92787,92850,63,False
train5.csv,calibration,GCAD-prediction_s12,0.02,103292,103358,66,False
train5.csv,calibration,GCAD-prediction_s12,0.02,106619,106680,61,False
train5.csv,calibration,GCAD-prediction_s12,0.02,110822,110881,59,False
train5.csv,calibration,GCAD-prediction_s12,0.02,111303,111354,51,False
train5.csv,calibration,GCAD-prediction_s12,0.02,111909,111991,82,False
train5.csv,calibration,GCAD-prediction_s12,0.02,124211,124276,65,False
train5.csv,calibration,GCAD-prediction_s12,0.02,126182,126244,62,False
train5.csv,calibration,GCAD-prediction_s12,0.02,129127,129187,60,False
train5.csv,calibration,GCAD-prediction_s12,0.02,129682,129763,81,False
train5.csv,calibration,GCAD-prediction_s12,0.02,130266,130278,12,False
train5.csv,calibration,GCAD-prediction_s12,0.02,130326,130329,3,False
train5.csv,calibration,GCAD-prediction_s12,0.02,131605,131667,62,False
train5.csv,calibration,GCAD-prediction_s12,0.02,136813,136930,117,False
train5.csv,calibration,GCAD-prediction_s12,0.02,146214,146276,62,False
train5.csv,calibration,GCAD-prediction_s12,0.02,147589,147653,64,False
train5.csv,calibration,GCAD-prediction_s12,0.02,153718,153795,77,False
train5.csv,calibration,GCAD-prediction_s12,0.02,156736,156797,61,False
train5.csv,calibration,GCAD-prediction_s12,0.02,157825,157890,65,False
train5.csv,calibration,GCAD-prediction_s12,0.02,161040,161097,57,False
train5.csv,calibration,GCAD-prediction_s12,0.02,162009,162106,97,False
train5.csv,calibration,GCAD-prediction_s12,0.02,168132,168205,73,False
train5.csv,calibration,GCAD-prediction_s12,0.02,168264,168329,65,False
train5.csv,calibration,GCAD-prediction_s12,0.02,171484,171567,83,False
train5.csv,calibration,GCAD-prediction_s12,0.02,172042,172103,61,False
train5.csv,calibration,GCAD-prediction_s12,0.02,179502,179605,103,False
train5.csv,calibration,GCAD-prediction_s12,0.02,189048,189111,63,False
train5.csv,calibration,GCAD-prediction_s12,0.02,205303,205414,111,False
train5.csv,calibration,GCAD-prediction_s12,0.02,210617,210670,53,False
train5.csv,calibration,GCAD-prediction_s12,0.02,214356,214417,61,False
train5.csv,calibration,GCAD-prediction_s12,0.02,216209,216291,82,False
train5.csv,calibration,GCAD-prediction_s12,0.02,217727,217843,116,False
train5.csv,calibration,GCAD-prediction_s12,0.02,219347,219460,113,False
train5.csv,calibration,GCAD-prediction_s12,0.02,223211,223276,65,False
train5.csv,calibration,GCAD-prediction_s12,0.02,227750,227862,112,False
train5.csv,calibration,GCAD-prediction_s12,0.02,228110,228222,112,False
train5.csv,calibration,GCAD-prediction_s12,0.02,232911,233023,112,False
train5.csv,calibration,GCAD-prediction_s12,0.02,233867,233932,65,False
train5.csv,calibration,GCAD-dependency_s12,0.005,7394,7456,62,False
train5.csv,calibration,GCAD-dependency_s12,0.005,7756,7821,65,False
train5.csv,calibration,GCAD-dependency_s12,0.005,60976,61041,65,False
train5.csv,calibration,GCAD-dependency_s12,0.005,71337,71400,63,False
train5.csv,calibration,GCAD-dependency_s12,0.005,81690,81755,65,False
train5.csv,calibration,GCAD-dependency_s12,0.005,92787,92850,63,False
train5.csv,calibration,GCAD-dependency_s12,0.005,111909,111975,66,False
train5.csv,calibration,GCAD-dependency_s12,0.005,129682,129747,65,False
train5.csv,calibration,GCAD-dependency_s12,0.005,136813,136878,65,False
train5.csv,calibration,GCAD-dependency_s12,0.005,162009,162106,97,False
train5.csv,calibration,GCAD-dependency_s12,0.005,168265,168329,64,False
train5.csv,calibration,GCAD-dependency_s12,0.005,171485,171548,63,False
train5.csv,calibration,GCAD-dependency_s12,0.005,179503,179567,64,False
train5.csv,calibration,GCAD-dependency_s12,0.005,216210,216273,63,False
train5.csv,calibration,GCAD-dependency_s12,0.005,223211,223276,65,False
train5.csv,calibration,GCAD-dependency_s12,0.01,809,859,50,False
train5.csv,calibration,GCAD-dependency_s12,0.01,7389,7458,69,False
train5.csv,calibration,GCAD-dependency_s12,0.01,7756,7821,65,False
train5.csv,calibration,GCAD-dependency_s12,0.01,8345,8420,75,False
train5.csv,calibration,GCAD-dependency_s12,0.01,37839,37905,66,False
train5.csv,calibration,GCAD-dependency_s12,0.01,39600,39648,48,False
train5.csv,calibration,GCAD-dependency_s12,0.01,50409,50474,65,False
train5.csv,calibration,GCAD-dependency_s12,0.01,52246,52317,71,False
train5.csv,calibration,GCAD-dependency_s12,0.01,60976,61041,65,False
train5.csv,calibration,GCAD-dependency_s12,0.01,71336,71401,65,False
train5.csv,calibration,GCAD-dependency_s12,0.01,81690,81755,65,False
train5.csv,calibration,GCAD-dependency_s12,0.01,92786,92851,65,False
train5.csv,calibration,GCAD-dependency_s12,0.01,103294,103362,68,False
train5.csv,calibration,GCAD-dependency_s12,0.01,111909,111992,83,False
train5.csv,calibration,GCAD-dependency_s12,0.01,124211,124281,70,False
train5.csv,calibration,GCAD-dependency_s12,0.01,125964,126024,60,False
train5.csv,calibration,GCAD-dependency_s12,0.01,129682,129763,81,False
train5.csv,calibration,GCAD-dependency_s12,0.01,136463,136525,62,False
train5.csv,calibration,GCAD-dependency_s12,0.01,136813,136878,65,False
train5.csv,calibration,GCAD-dependency_s12,0.01,147590,147652,62,False
train5.csv,calibration,GCAD-dependency_s12,0.01,153719,153795,76,False
train5.csv,calibration,GCAD-dependency_s12,0.01,157826,157888,62,False
train5.csv,calibration,GCAD-dependency_s12,0.01,161040,161100,60,False
train5.csv,calibration,GCAD-dependency_s12,0.01,162008,162107,99,False
train5.csv,calibration,GCAD-dependency_s12,0.01,168138,168196,58,False
train5.csv,calibration,GCAD-dependency_s12,0.01,168264,168329,65,False
train5.csv,calibration,GCAD-dependency_s12,0.01,171484,171567,83,False
train5.csv,calibration,GCAD-dependency_s12,0.01,179502,179567,65,False
train5.csv,calibration,GCAD-dependency_s12,0.01,210620,210671,51,False
train5.csv,calibration,GCAD-dependency_s12,0.01,216209,216290,81,False
train5.csv,calibration,GCAD-dependency_s12,0.01,223211,223276,65,False
train5.csv,calibration,GCAD-dependency_s12,0.01,233868,233932,64,False
train5.csv,calibration,GCAD-dependency_s12,0.02,798,868,70,False
train5.csv,calibration,GCAD-dependency_s12,0.02,7378,7458,80,False
train5.csv,calibration,GCAD-dependency_s12,0.02,7756,7821,65,False
train5.csv,calibration,GCAD-dependency_s12,0.02,8345,8421,76,False
train5.csv,calibration,GCAD-dependency_s12,0.02,10573,10628,55,False
train5.csv,calibration,GCAD-dependency_s12,0.02,18186,18247,61,False
train5.csv,calibration,GCAD-dependency_s12,0.02,25551,25616,65,False
train5.csv,calibration,GCAD-dependency_s12,0.02,32173,32187,14,False
train5.csv,calibration,GCAD-dependency_s12,0.02,32209,32306,97,False
train5.csv,calibration,GCAD-dependency_s12,0.02,36053,36117,64,False
train5.csv,calibration,GCAD-dependency_s12,0.02,37831,37906,75,False
train5.csv,calibration,GCAD-dependency_s12,0.02,39589,39658,69,False
train5.csv,calibration,GCAD-dependency_s12,0.02,46772,46828,56,False
train5.csv,calibration,GCAD-dependency_s12,0.02,50409,50474,65,False
train5.csv,calibration,GCAD-dependency_s12,0.02,52244,52319,75,False
train5.csv,calibration,GCAD-dependency_s12,0.02,57671,57734,63,False
train5.csv,calibration,GCAD-dependency_s12,0.02,60976,61041,65,False
train5.csv,calibration,GCAD-dependency_s12,0.02,64705,64764,59,False
train5.csv,calibration,GCAD-dependency_s12,0.02,71336,71401,65,False
train5.csv,calibration,GCAD-dependency_s12,0.02,81690,81755,65,False
train5.csv,calibration,GCAD-dependency_s12,0.02,92786,92851,65,False
train5.csv,calibration,GCAD-dependency_s12,0.02,103291,103366,75,False
train5.csv,calibration,GCAD-dependency_s12,0.02,111909,111992,83,False
train5.csv,calibration,GCAD-dependency_s12,0.02,122465,122471,6,False
train5.csv,calibration,GCAD-dependency_s12,0.02,124210,124285,75,False
train5.csv,calibration,GCAD-dependency_s12,0.02,125217,125218,1,False
train5.csv,calibration,GCAD-dependency_s12,0.02,125958,126031,73,False
train5.csv,calibration,GCAD-dependency_s12,0.02,129682,129763,81,False
train5.csv,calibration,GCAD-dependency_s12,0.02,131599,131667,68,False
train5.csv,calibration,GCAD-dependency_s12,0.02,136458,136532,74,False
train5.csv,calibration,GCAD-dependency_s12,0.02,136813,136882,69,False
train5.csv,calibration,GCAD-dependency_s12,0.02,146214,146269,55,False
train5.csv,calibration,GCAD-dependency_s12,0.02,147590,147653,63,False
train5.csv,calibration,GCAD-dependency_s12,0.02,153719,153795,76,False
train5.csv,calibration,GCAD-dependency_s12,0.02,154455,154515,60,False
train5.csv,calibration,GCAD-dependency_s12,0.02,157825,157890,65,False
train5.csv,calibration,GCAD-dependency_s12,0.02,161034,161107,73,False
train5.csv,calibration,GCAD-dependency_s12,0.02,162008,162107,99,False
train5.csv,calibration,GCAD-dependency_s12,0.02,165109,165173,64,False
train5.csv,calibration,GCAD-dependency_s12,0.02,168130,168202,72,False
train5.csv,calibration,GCAD-dependency_s12,0.02,168264,168329,65,False
train5.csv,calibration,GCAD-dependency_s12,0.02,171484,171584,100,False
train5.csv,calibration,GCAD-dependency_s12,0.02,175508,175575,67,False
train5.csv,calibration,GCAD-dependency_s12,0.02,179120,179177,57,False
train5.csv,calibration,GCAD-dependency_s12,0.02,179502,179567,65,False
train5.csv,calibration,GCAD-dependency_s12,0.02,189048,189111,63,False
train5.csv,calibration,GCAD-dependency_s12,0.02,210611,210680,69,False
train5.csv,calibration,GCAD-dependency_s12,0.02,216209,216290,81,False
train5.csv,calibration,GCAD-dependency_s12,0.02,217780,217791,11,False
train5.csv,calibration,GCAD-dependency_s12,0.02,219398,219412,14,False
train5.csv,calibration,GCAD-dependency_s12,0.02,223211,223276,65,False
train5.csv,calibration,GCAD-dependency_s12,0.02,223354,223411,57,False
train5.csv,calibration,GCAD-dependency_s12,0.02,230726,230769,43,False
train5.csv,calibration,GCAD-dependency_s12,0.02,233867,233932,65,False
train2.csv,seen_normal_audit,S_Q3,0.005,66825,66847,22,False
train2.csv,seen_normal_audit,S_Q3,0.005,69583,69900,317,False
train2.csv,seen_normal_audit,S_Q3,0.005,70436,70445,9,False
train2.csv,seen_normal_audit,S_Q3,0.005,73127,73599,472,False
train2.csv,seen_normal_audit,S_Q3,0.005,80792,80799,7,False
train2.csv,seen_normal_audit,S_Q3,0.005,80815,80834,19,False
train2.csv,seen_normal_audit,S_Q3,0.005,80977,81106,129,False
train2.csv,seen_normal_audit,S_Q3,0.005,81181,81288,107,False
train2.csv,seen_normal_audit,S_Q3,0.005,81380,81472,92,False
train2.csv,seen_normal_audit,S_Q3,0.005,81570,81647,77,False
train2.csv,seen_normal_audit,S_Q3,0.005,81813,81870,57,False
train2.csv,seen_normal_audit,S_Q3,0.005,82120,82138,18,False
train2.csv,seen_normal_audit,S_Q3,0.005,84054,84134,80,False
train2.csv,seen_normal_audit,S_Q3,0.005,84227,84310,83,False
train2.csv,seen_normal_audit,S_Q3,0.005,84365,84448,83,False
train2.csv,seen_normal_audit,S_Q3,0.005,84494,84575,81,False
train2.csv,seen_normal_audit,S_Q3,0.005,84613,84696,83,False
train2.csv,seen_normal_audit,S_Q3,0.005,84767,84860,93,False
train2.csv,seen_normal_audit,S_Q3,0.005,84941,85000,59,False
train2.csv,seen_normal_audit,S_Q3,0.005,85119,85188,69,False
train2.csv,seen_normal_audit,S_Q3,0.005,85313,85374,61,False
train2.csv,seen_normal_audit,S_Q3,0.005,85535,85576,41,False
train2.csv,seen_normal_audit,S_Q3,0.005,85753,85780,27,False
train2.csv,seen_normal_audit,S_Q3,0.005,87922,88014,92,False
train2.csv,seen_normal_audit,S_Q3,0.005,88074,88165,91,False
train2.csv,seen_normal_audit,S_Q3,0.005,88200,88294,94,False
train2.csv,seen_normal_audit,S_Q3,0.005,88333,88414,81,False
train2.csv,seen_normal_audit,S_Q3,0.005,88457,88551,94,False
train2.csv,seen_normal_audit,S_Q3,0.005,88618,88737,119,False
train2.csv,seen_normal_audit,S_Q3,0.005,88826,88926,100,False
train2.csv,seen_normal_audit,S_Q3,0.005,89050,89098,48,False
train2.csv,seen_normal_audit,S_Q3,0.005,89262,89302,40,False
train2.csv,seen_normal_audit,S_Q3,0.005,91132,91227,95,False
train2.csv,seen_normal_audit,S_Q3,0.005,91277,91384,107,False
train2.csv,seen_normal_audit,S_Q3,0.005,91410,91537,127,False
train2.csv,seen_normal_audit,S_Q3,0.005,91558,91814,256,False
train2.csv,seen_normal_audit,S_Q3,0.005,91831,92919,1088,False
train2.csv,seen_normal_audit,S_Q3,0.005,92949,92956,7,False
train2.csv,seen_normal_audit,S_Q3,0.005,94883,94901,18,False
train2.csv,seen_normal_audit,S_Q3,0.005,94921,94943,22,False
train2.csv,seen_normal_audit,S_Q3,0.005,94963,94989,26,False
train2.csv,seen_normal_audit,S_Q3,0.005,94999,95031,32,False
train2.csv,seen_normal_audit,S_Q3,0.005,95043,95064,21,False
train2.csv,seen_normal_audit,S_Q3,0.005,95090,95104,14,False
train2.csv,seen_normal_audit,S_Q3,0.005,95127,95140,13,False
train2.csv,seen_normal_audit,S_Q3,0.005,96890,96901,11,False
train2.csv,seen_normal_audit,S_Q3,0.005,97006,97026,20,False
train2.csv,seen_normal_audit,S_Q3,0.005,97035,97066,31,False
train2.csv,seen_normal_audit,S_Q3,0.005,97077,97985,908,False
train2.csv,seen_normal_audit,S_Q3,0.005,97997,98019,22,False
train2.csv,seen_normal_audit,S_Q3,0.005,98840,98908,68,False
train2.csv,seen_normal_audit,S_Q3,0.005,99391,99411,20,False
train2.csv,seen_normal_audit,S_Q3,0.005,99689,99748,59,False
train2.csv,seen_normal_audit,S_Q3,0.005,100640,100702,62,False
train2.csv,seen_normal_audit,S_Q3,0.005,101174,101240,66,False
train2.csv,seen_normal_audit,S_Q3,0.005,101481,101502,21,False
train2.csv,seen_normal_audit,S_Q3,0.005,101711,101811,100,False
train2.csv,seen_normal_audit,S_Q3,0.005,101934,102046,112,False
train2.csv,seen_normal_audit,S_Q3,0.005,102113,102228,115,False
train2.csv,seen_normal_audit,S_Q3,0.005,102428,102511,83,False
train2.csv,seen_normal_audit,S_Q3,0.005,102788,102842,54,False
train2.csv,seen_normal_audit,S_Q3,0.005,103106,103157,51,False
train2.csv,seen_normal_audit,S_Q3,0.005,103312,103365,53,False
train2.csv,seen_normal_audit,S_Q3,0.005,103584,103631,47,False
train2.csv,seen_normal_audit,S_Q3,0.005,103874,103943,69,False
train2.csv,seen_normal_audit,S_Q3,0.005,104175,104232,57,False
train2.csv,seen_normal_audit,S_Q3,0.005,104416,104455,39,False
train2.csv,seen_normal_audit,S_Q3,0.005,105088,105150,62,False
train2.csv,seen_normal_audit,S_Q3,0.005,105279,105379,100,False
train2.csv,seen_normal_audit,S_Q3,0.005,105423,105521,98,False
train2.csv,seen_normal_audit,S_Q3,0.005,105569,105662,93,False
train2.csv,seen_normal_audit,S_Q3,0.005,105709,105929,220,False
train2.csv,seen_normal_audit,S_Q3,0.005,105935,106003,68,False
train2.csv,seen_normal_audit,S_Q3,0.005,107864,108974,1110,False
train2.csv,seen_normal_audit,S_Q3,0.005,109098,109130,32,False
train2.csv,seen_normal_audit,S_Q3,0.005,109167,109173,6,False
train2.csv,seen_normal_audit,S_Q3,0.005,109176,109190,14,False
train2.csv,seen_normal_audit,S_Q3,0.005,109194,109199,5,False
train2.csv,seen_normal_audit,S_Q3,0.005,109203,109208,5,False
train2.csv,seen_normal_audit,S_Q3,0.005,109215,109216,1,False
train2.csv,seen_normal_audit,S_Q3,0.005,109281,109596,315,False
train2.csv,seen_normal_audit,S_Q3,0.005,109606,109693,87,False
train2.csv,seen_normal_audit,S_Q3,0.005,109696,109729,33,False
train2.csv,seen_normal_audit,S_Q3,0.005,111567,111626,59,False
train2.csv,seen_normal_audit,S_Q3,0.005,111654,111666,12,False
train2.csv,seen_normal_audit,S_Q3,0.005,111672,111755,83,False
train2.csv,seen_normal_audit,S_Q3,0.005,111782,111788,6,False
train2.csv,seen_normal_audit,S_Q3,0.005,111791,111845,54,False
train2.csv,seen_normal_audit,S_Q3,0.005,111914,111916,2,False
train2.csv,seen_normal_audit,S_Q3,0.005,111922,111932,10,False
train2.csv,seen_normal_audit,S_Q3,0.005,112147,112149,2,False
train2.csv,seen_normal_audit,S_Q3,0.005,112338,112341,3,False
train2.csv,seen_normal_audit,S_Q3,0.005,112344,112347,3,False
train2.csv,seen_normal_audit,S_Q3,0.005,112440,112444,4,False
train2.csv,seen_normal_audit,S_Q3,0.005,112555,112556,1,False
train2.csv,seen_normal_audit,S_Q3,0.005,112559,112581,22,False
train2.csv,seen_normal_audit,S_Q3,0.005,112682,112687,5,False
train2.csv,seen_normal_audit,S_Q3,0.005,112690,112700,10,False
train2.csv,seen_normal_audit,S_Q3,0.005,112783,112786,3,False
train2.csv,seen_normal_audit,S_Q3,0.005,112792,112798,6,False
train2.csv,seen_normal_audit,S_Q3,0.005,112801,112807,6,False
train2.csv,seen_normal_audit,S_Q3,0.005,112810,112833,23,False
train2.csv,seen_normal_audit,S_Q3,0.005,112911,112926,15,False
train2.csv,seen_normal_audit,S_Q3,0.005,112929,112934,5,False
train2.csv,seen_normal_audit,S_Q3,0.005,112938,112943,5,False
train2.csv,seen_normal_audit,S_Q3,0.005,112947,112952,5,False
train2.csv,seen_normal_audit,S_Q3,0.005,113026,113030,4,False
train2.csv,seen_normal_audit,S_Q3,0.005,113033,113061,28,False
train2.csv,seen_normal_audit,S_Q3,0.005,114168,115954,1786,False
train2.csv,seen_normal_audit,S_Q3,0.005,115969,115991,22,False
train2.csv,seen_normal_audit,S_Q3,0.005,116005,116037,32,False
train2.csv,seen_normal_audit,S_Q3,0.005,116042,116151,109,False
train2.csv,seen_normal_audit,S_Q3,0.005,116255,116269,14,False
train2.csv,seen_normal_audit,S_Q3,0.005,116295,116298,3,False
train2.csv,seen_normal_audit,S_Q3,0.005,116341,116342,1,False
train2.csv,seen_normal_audit,S_Q3,0.005,116372,116388,16,False
train2.csv,seen_normal_audit,S_Q3,0.005,116398,117151,753,False
train2.csv,seen_normal_audit,S_Q3,0.005,117175,117177,2,False
train2.csv,seen_normal_audit,S_Q3,0.005,117180,117184,4,False
train2.csv,seen_normal_audit,S_Q3,0.005,117187,117189,2,False
train2.csv,seen_normal_audit,S_Q3,0.005,117211,117238,27,False
train2.csv,seen_normal_audit,S_Q3,0.005,117248,117276,28,False
train2.csv,seen_normal_audit,S_Q3,0.005,117294,117298,4,False
train2.csv,seen_normal_audit,S_Q3,0.005,117420,117425,5,False
train2.csv,seen_normal_audit,S_Q3,0.005,117455,117456,1,False
train2.csv,seen_normal_audit,S_Q3,0.005,117500,117504,4,False
train2.csv,seen_normal_audit,S_Q3,0.005,117531,117550,19,False
train2.csv,seen_normal_audit,S_Q3,0.005,117573,117589,16,False
train2.csv,seen_normal_audit,S_Q3,0.005,117615,117618,3,False
train2.csv,seen_normal_audit,S_Q3,0.005,117621,117623,2,False
train2.csv,seen_normal_audit,S_Q3,0.005,117655,117669,14,False
train2.csv,seen_normal_audit,S_Q3,0.005,117691,117710,19,False
train2.csv,seen_normal_audit,S_Q3,0.005,117733,117749,16,False
train2.csv,seen_normal_audit,S_Q3,0.005,117949,117952,3,False
train2.csv,seen_normal_audit,S_Q3,0.005,117989,117993,4,False
train2.csv,seen_normal_audit,S_Q3,0.005,118031,118032,1,False
train2.csv,seen_normal_audit,S_Q3,0.005,118108,118112,4,False
train2.csv,seen_normal_audit,S_Q3,0.005,118300,118316,16,False
train2.csv,seen_normal_audit,S_Q3,0.005,118341,118357,16,False
train2.csv,seen_normal_audit,S_Q3,0.005,118382,118386,4,False
train2.csv,seen_normal_audit,S_Q3,0.005,118396,118398,2,False
train2.csv,seen_normal_audit,S_Q3,0.005,118424,118444,20,False
train2.csv,seen_normal_audit,S_Q3,0.005,118556,118573,17,False
train2.csv,seen_normal_audit,S_Q3,0.005,118607,118608,1,False
train2.csv,seen_normal_audit,S_Q3,0.005,118789,118798,9,False
train2.csv,seen_normal_audit,S_Q3,0.005,119005,119008,3,False
train2.csv,seen_normal_audit,S_Q3,0.005,119046,119047,1,False
train2.csv,seen_normal_audit,S_Q3,0.005,119292,119305,13,False
train2.csv,seen_normal_audit,S_Q3,0.005,119329,119349,20,False
train2.csv,seen_normal_audit,S_Q3,0.005,119370,119371,1,False
train2.csv,seen_normal_audit,S_Q3,0.005,119374,119392,18,False
train2.csv,seen_normal_audit,S_Q3,0.005,119410,119483,73,False
train2.csv,seen_normal_audit,S_Q3,0.005,119488,119524,36,False
train2.csv,seen_normal_audit,S_Q3,0.005,119529,161842,42313,False
train2.csv,seen_normal_audit,S_Q3,0.005,161846,161847,1,False
train2.csv,seen_normal_audit,S_Q3,0.005,161934,161936,2,False
train2.csv,seen_normal_audit,S_Q3,0.005,161940,165279,3339,False
train2.csv,seen_normal_audit,S_Q3,0.005,169325,169326,1,False
train2.csv,seen_normal_audit,S_Q3,0.005,169405,170097,692,False
train2.csv,seen_normal_audit,S_Q3,0.005,170257,170372,115,False
train2.csv,seen_normal_audit,S_Q3,0.005,170376,170377,1,False
train2.csv,seen_normal_audit,S_Q3,0.005,170414,170415,1,False
train2.csv,seen_normal_audit,S_Q3,0.005,170427,170428,1,False
train2.csv,seen_normal_audit,S_Q3,0.005,172065,172108,43,False
train2.csv,seen_normal_audit,S_Q3,0.005,172122,172123,1,False
train2.csv,seen_normal_audit,S_Q3,0.005,172128,172129,1,False
train2.csv,seen_normal_audit,S_Q3,0.005,172134,172260,126,False
train2.csv,seen_normal_audit,S_Q3,0.005,172443,172566,123,False
train2.csv,seen_normal_audit,S_Q3,0.005,172569,172571,2,False
train2.csv,seen_normal_audit,S_Q3,0.005,172576,172584,8,False
train2.csv,seen_normal_audit,S_Q3,0.005,173800,173808,8,False
train2.csv,seen_normal_audit,S_Q3,0.005,173814,173881,67,False
train2.csv,seen_normal_audit,S_Q3,0.005,173920,174056,136,False
train2.csv,seen_normal_audit,S_Q3,0.005,174550,174615,65,False
train2.csv,seen_normal_audit,S_Q3,0.005,174643,174644,1,False
train2.csv,seen_normal_audit,S_Q3,0.005,174647,175024,377,False
train2.csv,seen_normal_audit,S_Q3,0.005,176301,176309,8,False
train2.csv,seen_normal_audit,S_Q3,0.005,176834,176909,75,False
train2.csv,seen_normal_audit,S_Q3,0.005,176913,177045,132,False
train2.csv,seen_normal_audit,S_Q3,0.005,177060,177074,14,False
train2.csv,seen_normal_audit,S_Q3,0.005,180073,180074,1,False
train2.csv,seen_normal_audit,S_Q3,0.005,180079,180154,75,False
train2.csv,seen_normal_audit,S_Q3,0.005,180158,180160,2,False
train2.csv,seen_normal_audit,S_Q3,0.005,180165,180166,1,False
train2.csv,seen_normal_audit,S_Q3,0.005,180195,180204,9,False
train2.csv,seen_normal_audit,S_Q3,0.005,180207,180284,77,False
train2.csv,seen_normal_audit,S_Q3,0.005,180848,181454,606,False
train2.csv,seen_normal_audit,S_Q3,0.005,182131,182160,29,False
train2.csv,seen_normal_audit,S_Q3,0.005,182830,182889,59,False
train2.csv,seen_normal_audit,S_Q3,0.005,182983,183049,66,False
train2.csv,seen_normal_audit,S_Q3,0.005,186266,186289,23,False
train2.csv,seen_normal_audit,S_Q3,0.005,189352,189376,24,False
train2.csv,seen_normal_audit,S_Q3,0.005,189379,189380,1,False
train2.csv,seen_normal_audit,S_Q3,0.005,189567,189568,1,False
train2.csv,seen_normal_audit,S_Q3,0.005,189571,189586,15,False
train2.csv,seen_normal_audit,S_Q3,0.005,189589,189592,3,False
train2.csv,seen_normal_audit,S_Q3,0.005,189599,189600,1,False
train2.csv,seen_normal_audit,S_Q3,0.005,189603,189616,13,False
train2.csv,seen_normal_audit,S_Q3,0.005,194915,194916,1,False
train2.csv,seen_normal_audit,S_Q3,0.005,195078,195217,139,False
train2.csv,seen_normal_audit,S_Q3,0.005,198341,198439,98,False
train2.csv,seen_normal_audit,S_Q3,0.005,199279,199444,165,False
train2.csv,seen_normal_audit,S_Q3,0.01,52341,52630,289,False
train2.csv,seen_normal_audit,S_Q3,0.01,52634,52636,2,False
train2.csv,seen_normal_audit,S_Q3,0.01,54431,54823,392,False
train2.csv,seen_normal_audit,S_Q3,0.01,59836,59941,105,False
train2.csv,seen_normal_audit,S_Q3,0.01,61861,62281,420,False
train2.csv,seen_normal_audit,S_Q3,0.01,62284,62348,64,False
train2.csv,seen_normal_audit,S_Q3,0.01,62427,62456,29,False
train2.csv,seen_normal_audit,S_Q3,0.01,63320,63524,204,False
train2.csv,seen_normal_audit,S_Q3,0.01,63725,64162,437,False
train2.csv,seen_normal_audit,S_Q3,0.01,64298,64458,160,False
train2.csv,seen_normal_audit,S_Q3,0.01,64702,64832,130,False
train2.csv,seen_normal_audit,S_Q3,0.01,65773,65901,128,False
train2.csv,seen_normal_audit,S_Q3,0.01,66153,66190,37,False
train2.csv,seen_normal_audit,S_Q3,0.01,66737,66967,230,False
train2.csv,seen_normal_audit,S_Q3,0.01,67126,67541,415,False
train2.csv,seen_normal_audit,S_Q3,0.01,67763,67873,110,False
train2.csv,seen_normal_audit,S_Q3,0.01,68084,68176,92,False
train2.csv,seen_normal_audit,S_Q3,0.01,68448,68640,192,False
train2.csv,seen_normal_audit,S_Q3,0.01,69152,69218,66,False
train2.csv,seen_normal_audit,S_Q3,0.01,69228,70003,775,False
train2.csv,seen_normal_audit,S_Q3,0.01,70035,70040,5,False
train2.csv,seen_normal_audit,S_Q3,0.01,70218,70275,57,False
train2.csv,seen_normal_audit,S_Q3,0.01,70398,70484,86,False
train2.csv,seen_normal_audit,S_Q3,0.01,70652,70729,77,False
train2.csv,seen_normal_audit,S_Q3,0.01,71030,71145,115,False
train2.csv,seen_normal_audit,S_Q3,0.01,71335,71401,66,False
train2.csv,seen_normal_audit,S_Q3,0.01,71669,71711,42,False
train2.csv,seen_normal_audit,S_Q3,0.01,72829,72909,80,False
train2.csv,seen_normal_audit,S_Q3,0.01,73053,73662,609,False
train2.csv,seen_normal_audit,S_Q3,0.01,73836,73988,152,False
train2.csv,seen_normal_audit,S_Q3,0.01,74469,74491,22,False
train2.csv,seen_normal_audit,S_Q3,0.01,74499,74812,313,False
train2.csv,seen_normal_audit,S_Q3,0.01,75118,75448,330,False
train2.csv,seen_normal_audit,S_Q3,0.01,75636,76057,421,False
train2.csv,seen_normal_audit,S_Q3,0.01,76579,77113,534,False
train2.csv,seen_normal_audit,S_Q3,0.01,77277,77417,140,False
train2.csv,seen_normal_audit,S_Q3,0.01,77719,77907,188,False
train2.csv,seen_normal_audit,S_Q3,0.01,78132,78382,250,False
train2.csv,seen_normal_audit,S_Q3,0.01,78530,78706,176,False
train2.csv,seen_normal_audit,S_Q3,0.01,78886,79046,160,False
train2.csv,seen_normal_audit,S_Q3,0.01,79561,79835,274,False
train2.csv,seen_normal_audit,S_Q3,0.01,80084,80337,253,False
train2.csv,seen_normal_audit,S_Q3,0.01,80709,80908,199,False
train2.csv,seen_normal_audit,S_Q3,0.01,80911,81685,774,False
train2.csv,seen_normal_audit,S_Q3,0.01,81751,81929,178,False
train2.csv,seen_normal_audit,S_Q3,0.01,82044,82200,156,False
train2.csv,seen_normal_audit,S_Q3,0.01,82325,82496,171,False
train2.csv,seen_normal_audit,S_Q3,0.01,82688,82952,264,False
train2.csv,seen_normal_audit,S_Q3,0.01,83271,83468,197,False
train2.csv,seen_normal_audit,S_Q3,0.01,83696,85233,1537,False
train2.csv,seen_normal_audit,S_Q3,0.01,85278,85408,130,False
train2.csv,seen_normal_audit,S_Q3,0.01,85488,85637,149,False
train2.csv,seen_normal_audit,S_Q3,0.01,85697,85834,137,False
train2.csv,seen_normal_audit,S_Q3,0.01,85929,86041,112,False
train2.csv,seen_normal_audit,S_Q3,0.01,86111,86232,121,False
train2.csv,seen_normal_audit,S_Q3,0.01,86342,86457,115,False
train2.csv,seen_normal_audit,S_Q3,0.01,86587,86699,112,False
train2.csv,seen_normal_audit,S_Q3,0.01,86805,86885,80,False
train2.csv,seen_normal_audit,S_Q3,0.01,86984,87121,137,False
train2.csv,seen_normal_audit,S_Q3,0.01,87288,87464,176,False
train2.csv,seen_normal_audit,S_Q3,0.01,87691,87804,113,False
train2.csv,seen_normal_audit,S_Q3,0.01,87863,89136,1273,False
train2.csv,seen_normal_audit,S_Q3,0.01,89201,89362,161,False
train2.csv,seen_normal_audit,S_Q3,0.01,89643,89795,152,False
train2.csv,seen_normal_audit,S_Q3,0.01,89946,90224,278,False
train2.csv,seen_normal_audit,S_Q3,0.01,90424,90581,157,False
train2.csv,seen_normal_audit,S_Q3,0.01,90844,91063,219,False
train2.csv,seen_normal_audit,S_Q3,0.01,91096,93253,2157,False
train2.csv,seen_normal_audit,S_Q3,0.01,93257,93290,33,False
train2.csv,seen_normal_audit,S_Q3,0.01,93300,93330,30,False
train2.csv,seen_normal_audit,S_Q3,0.01,93345,93369,24,False
train2.csv,seen_normal_audit,S_Q3,0.01,93388,93410,22,False
train2.csv,seen_normal_audit,S_Q3,0.01,93428,93451,23,False
train2.csv,seen_normal_audit,S_Q3,0.01,93468,93493,25,False
train2.csv,seen_normal_audit,S_Q3,0.01,93510,93538,28,False
train2.csv,seen_normal_audit,S_Q3,0.01,93552,93580,28,False
train2.csv,seen_normal_audit,S_Q3,0.01,93595,93622,27,False
train2.csv,seen_normal_audit,S_Q3,0.01,93637,93662,25,False
train2.csv,seen_normal_audit,S_Q3,0.01,93677,93704,27,False
train2.csv,seen_normal_audit,S_Q3,0.01,93716,93745,29,False
train2.csv,seen_normal_audit,S_Q3,0.01,93756,93784,28,False
train2.csv,seen_normal_audit,S_Q3,0.01,93796,93824,28,False
train2.csv,seen_normal_audit,S_Q3,0.01,93836,93866,30,False
train2.csv,seen_normal_audit,S_Q3,0.01,93877,93908,31,False
train2.csv,seen_normal_audit,S_Q3,0.01,93920,93948,28,False
train2.csv,seen_normal_audit,S_Q3,0.01,93962,93990,28,False
train2.csv,seen_normal_audit,S_Q3,0.01,94001,94029,28,False
train2.csv,seen_normal_audit,S_Q3,0.01,94041,94068,27,False
train2.csv,seen_normal_audit,S_Q3,0.01,94080,94108,28,False
train2.csv,seen_normal_audit,S_Q3,0.01,94117,94149,32,False
train2.csv,seen_normal_audit,S_Q3,0.01,94156,94186,30,False
train2.csv,seen_normal_audit,S_Q3,0.01,94197,94228,31,False
train2.csv,seen_normal_audit,S_Q3,0.01,94233,94267,34,False
train2.csv,seen_normal_audit,S_Q3,0.01,94275,94306,31,False
train2.csv,seen_normal_audit,S_Q3,0.01,94314,94463,149,False
train2.csv,seen_normal_audit,S_Q3,0.01,94471,94500,29,False
train2.csv,seen_normal_audit,S_Q3,0.01,94514,94539,25,False
train2.csv,seen_normal_audit,S_Q3,0.01,94555,94581,26,False
train2.csv,seen_normal_audit,S_Q3,0.01,94591,94622,31,False
train2.csv,seen_normal_audit,S_Q3,0.01,94629,94660,31,False
train2.csv,seen_normal_audit,S_Q3,0.01,94669,95873,1204,False
train2.csv,seen_normal_audit,S_Q3,0.01,95879,95912,33,False
train2.csv,seen_normal_audit,S_Q3,0.01,95916,96024,108,False
train2.csv,seen_normal_audit,S_Q3,0.01,96033,96063,30,False
train2.csv,seen_normal_audit,S_Q3,0.01,96074,96106,32,False
train2.csv,seen_normal_audit,S_Q3,0.01,96117,96145,28,False
train2.csv,seen_normal_audit,S_Q3,0.01,96160,96188,28,False
train2.csv,seen_normal_audit,S_Q3,0.01,96197,96261,64,False
train2.csv,seen_normal_audit,S_Q3,0.01,96276,96297,21,False
train2.csv,seen_normal_audit,S_Q3,0.01,96315,96334,19,False
train2.csv,seen_normal_audit,S_Q3,0.01,96353,96372,19,False
train2.csv,seen_normal_audit,S_Q3,0.01,96390,96412,22,False
train2.csv,seen_normal_audit,S_Q3,0.01,96429,96451,22,False
train2.csv,seen_normal_audit,S_Q3,0.01,96468,96489,21,False
train2.csv,seen_normal_audit,S_Q3,0.01,96508,96527,19,False
train2.csv,seen_normal_audit,S_Q3,0.01,96546,96566,20,False
train2.csv,seen_normal_audit,S_Q3,0.01,96585,96606,21,False
train2.csv,seen_normal_audit,S_Q3,0.01,96622,96644,22,False
train2.csv,seen_normal_audit,S_Q3,0.01,96662,96681,19,False
train2.csv,seen_normal_audit,S_Q3,0.01,96699,96719,20,False
train2.csv,seen_normal_audit,S_Q3,0.01,96734,96834,100,False
train2.csv,seen_normal_audit,S_Q3,0.01,96839,98701,1862,False
train2.csv,seen_normal_audit,S_Q3,0.01,98771,98955,184,False
train2.csv,seen_normal_audit,S_Q3,0.01,99099,99221,122,False
train2.csv,seen_normal_audit,S_Q3,0.01,99319,99522,203,False
train2.csv,seen_normal_audit,S_Q3,0.01,99631,99818,187,False
train2.csv,seen_normal_audit,S_Q3,0.01,100136,100407,271,False
train2.csv,seen_normal_audit,S_Q3,0.01,100555,100936,381,False
train2.csv,seen_normal_audit,S_Q3,0.01,101108,101307,199,False
train2.csv,seen_normal_audit,S_Q3,0.01,101410,101568,158,False
train2.csv,seen_normal_audit,S_Q3,0.01,101682,102270,588,False
train2.csv,seen_normal_audit,S_Q3,0.01,102355,102576,221,False
train2.csv,seen_normal_audit,S_Q3,0.01,102695,102917,222,False
train2.csv,seen_normal_audit,S_Q3,0.01,103033,103207,174,False
train2.csv,seen_normal_audit,S_Q3,0.01,103263,103414,151,False
train2.csv,seen_normal_audit,S_Q3,0.01,103498,103718,220,False
train2.csv,seen_normal_audit,S_Q3,0.01,103819,103989,170,False
train2.csv,seen_normal_audit,S_Q3,0.01,104101,104281,180,False
train2.csv,seen_normal_audit,S_Q3,0.01,104363,104597,234,False
train2.csv,seen_normal_audit,S_Q3,0.01,104809,104935,126,False
train2.csv,seen_normal_audit,S_Q3,0.01,105050,107417,2367,False
train2.csv,seen_normal_audit,S_Q3,0.01,107430,107580,150,False
train2.csv,seen_normal_audit,S_Q3,0.01,107590,171148,63558,False
train2.csv,seen_normal_audit,S_Q3,0.01,171152,171154,2,False
train2.csv,seen_normal_audit,S_Q3,0.01,171158,178448,7290,False
train2.csv,seen_normal_audit,S_Q3,0.01,178451,178453,2,False
train2.csv,seen_normal_audit,S_Q3,0.01,178457,178480,23,False
train2.csv,seen_normal_audit,S_Q3,0.01,178483,178512,29,False
train2.csv,seen_normal_audit,S_Q3,0.01,178515,178525,10,False
train2.csv,seen_normal_audit,S_Q3,0.01,178530,178531,1,False
train2.csv,seen_normal_audit,S_Q3,0.01,178536,178538,2,False
train2.csv,seen_normal_audit,S_Q3,0.01,178543,178544,1,False
train2.csv,seen_normal_audit,S_Q3,0.01,178659,178663,4,False
train2.csv,seen_normal_audit,S_Q3,0.01,178666,178677,11,False
train2.csv,seen_normal_audit,S_Q3,0.01,178680,178709,29,False
train2.csv,seen_normal_audit,S_Q3,0.01,178712,178715,3,False
train2.csv,seen_normal_audit,S_Q3,0.01,178869,178870,1,False
train2.csv,seen_normal_audit,S_Q3,0.01,178882,178883,1,False
train2.csv,seen_normal_audit,S_Q3,0.01,178888,178890,2,False
train2.csv,seen_normal_audit,S_Q3,0.01,178894,178897,3,False
train2.csv,seen_normal_audit,S_Q3,0.01,178901,178903,2,False
train2.csv,seen_normal_audit,S_Q3,0.01,178907,178909,2,False
train2.csv,seen_normal_audit,S_Q3,0.01,178914,178916,2,False
train2.csv,seen_normal_audit,S_Q3,0.01,178921,178922,1,False
train2.csv,seen_normal_audit,S_Q3,0.01,178927,178929,2,False
train2.csv,seen_normal_audit,S_Q3,0.01,178933,178936,3,False
train2.csv,seen_normal_audit,S_Q3,0.01,178940,178941,1,False
train2.csv,seen_normal_audit,S_Q3,0.01,178947,178948,1,False
train2.csv,seen_normal_audit,S_Q3,0.01,178960,178961,1,False
train2.csv,seen_normal_audit,S_Q3,0.01,178966,178968,2,False
train2.csv,seen_normal_audit,S_Q3,0.01,178972,178975,3,False
train2.csv,seen_normal_audit,S_Q3,0.01,178979,178981,2,False
train2.csv,seen_normal_audit,S_Q3,0.01,179174,179176,2,False
train2.csv,seen_normal_audit,S_Q3,0.01,179180,183634,4454,False
train2.csv,seen_normal_audit,S_Q3,0.01,185368,185369,1,False
train2.csv,seen_normal_audit,S_Q3,0.01,185530,185716,186,False
train2.csv,seen_normal_audit,S_Q3,0.01,185720,185722,2,False
train2.csv,seen_normal_audit,S_Q3,0.01,185729,187178,1449,False
train2.csv,seen_normal_audit,S_Q3,0.01,187280,187335,55,False
train2.csv,seen_normal_audit,S_Q3,0.01,187338,187343,5,False
train2.csv,seen_normal_audit,S_Q3,0.01,187893,187905,12,False
train2.csv,seen_normal_audit,S_Q3,0.01,188031,188036,5,False
train2.csv,seen_normal_audit,S_Q3,0.01,188040,188041,1,False
train2.csv,seen_normal_audit,S_Q3,0.01,188044,188057,13,False
train2.csv,seen_normal_audit,S_Q3,0.01,188776,188832,56,False
train2.csv,seen_normal_audit,S_Q3,0.01,188835,188836,1,False
train2.csv,seen_normal_audit,S_Q3,0.01,188844,188850,6,False
train2.csv,seen_normal_audit,S_Q3,0.01,188853,188857,4,False
train2.csv,seen_normal_audit,S_Q3,0.01,188867,188939,72,False
train2.csv,seen_normal_audit,S_Q3,0.01,189086,189964,878,False
train2.csv,seen_normal_audit,S_Q3,0.01,189967,189969,2,False
train2.csv,seen_normal_audit,S_Q3,0.01,190041,190043,2,False
train2.csv,seen_normal_audit,S_Q3,0.01,190046,190104,58,False
train2.csv,seen_normal_audit,S_Q3,0.01,190198,190201,3,False
train2.csv,seen_normal_audit,S_Q3,0.01,190207,190208,1,False
train2.csv,seen_normal_audit,S_Q3,0.01,190211,190213,2,False
train2.csv,seen_normal_audit,S_Q3,0.01,190288,190438,150,False
train2.csv,seen_normal_audit,S_Q3,0.01,190441,190446,5,False
train2.csv,seen_normal_audit,S_Q3,0.01,190742,190794,52,False
train2.csv,seen_normal_audit,S_Q3,0.01,190829,190947,118,False
train2.csv,seen_normal_audit,S_Q3,0.01,190955,190956,1,False
train2.csv,seen_normal_audit,S_Q3,0.01,190959,191211,252,False
train2.csv,seen_normal_audit,S_Q3,0.01,191301,191635,334,False
train2.csv,seen_normal_audit,S_Q3,0.01,191686,191692,6,False
train2.csv,seen_normal_audit,S_Q3,0.01,191695,191817,122,False
train2.csv,seen_normal_audit,S_Q3,0.01,191865,191959,94,False
train2.csv,seen_normal_audit,S_Q3,0.01,192038,192044,6,False
train2.csv,seen_normal_audit,S_Q3,0.01,192047,192088,41,False
train2.csv,seen_normal_audit,S_Q3,0.01,192194,192195,1,False
train2.csv,seen_normal_audit,S_Q3,0.01,192198,192256,58,False
train2.csv,seen_normal_audit,S_Q3,0.01,192325,192468,143,False
train2.csv,seen_normal_audit,S_Q3,0.01,192546,192547,1,False
train2.csv,seen_normal_audit,S_Q3,0.01,192550,192579,29,False
train2.csv,seen_normal_audit,S_Q3,0.01,192582,192602,20,False
train2.csv,seen_normal_audit,S_Q3,0.01,192605,192609,4,False
train2.csv,seen_normal_audit,S_Q3,0.01,192879,193035,156,False
train2.csv,seen_normal_audit,S_Q3,0.01,193038,193040,2,False
train2.csv,seen_normal_audit,S_Q3,0.01,193084,193086,2,False
train2.csv,seen_normal_audit,S_Q3,0.01,193107,193109,2,False
train2.csv,seen_normal_audit,S_Q3,0.01,193112,193547,435,False
train2.csv,seen_normal_audit,S_Q3,0.01,193615,193655,40,False
train2.csv,seen_normal_audit,S_Q3,0.01,193748,193752,4,False
train2.csv,seen_normal_audit,S_Q3,0.01,193757,193778,21,False
train2.csv,seen_normal_audit,S_Q3,0.01,193840,193841,1,False
train2.csv,seen_normal_audit,S_Q3,0.01,193844,193871,27,False
train2.csv,seen_normal_audit,S_Q3,0.01,194598,194616,18,False
train2.csv,seen_normal_audit,S_Q3,0.01,194627,194628,1,False
train2.csv,seen_normal_audit,S_Q3,0.01,194717,194751,34,False
train2.csv,seen_normal_audit,S_Q3,0.01,194754,194758,4,False
train2.csv,seen_normal_audit,S_Q3,0.01,194832,195843,1011,False
train2.csv,seen_normal_audit,S_Q3,0.01,196126,196252,126,False
train2.csv,seen_normal_audit,S_Q3,0.01,196258,196260,2,False
train2.csv,seen_normal_audit,S_Q3,0.01,196463,196635,172,False
train2.csv,seen_normal_audit,S_Q3,0.01,196779,196780,1,False
train2.csv,seen_normal_audit,S_Q3,0.01,196783,196947,164,False
train2.csv,seen_normal_audit,S_Q3,0.01,197072,197267,195,False
train2.csv,seen_normal_audit,S_Q3,0.01,197280,197281,1,False
train2.csv,seen_normal_audit,S_Q3,0.01,197514,197516,2,False
train2.csv,seen_normal_audit,S_Q3,0.01,197519,197525,6,False
train2.csv,seen_normal_audit,S_Q3,0.01,197528,198022,494,False
train2.csv,seen_normal_audit,S_Q3,0.01,198051,198053,2,False
train2.csv,seen_normal_audit,S_Q3,0.01,198083,198086,3,False
train2.csv,seen_normal_audit,S_Q3,0.01,198091,198095,4,False
train2.csv,seen_normal_audit,S_Q3,0.01,198100,198657,557,False
train2.csv,seen_normal_audit,S_Q3,0.01,198660,199865,1205,False
train2.csv,seen_normal_audit,S_Q3,0.01,199914,200034,120,False
train2.csv,seen_normal_audit,S_Q3,0.01,200037,201600,1563,False
train2.csv,seen_normal_audit,S_Q3,0.02,52236,52246,10,False
train2.csv,seen_normal_audit,S_Q3,0.02,52249,52284,35,False
train2.csv,seen_normal_audit,S_Q3,0.02,52287,52314,27,False
train2.csv,seen_normal_audit,S_Q3,0.02,52318,52652,334,False
train2.csv,seen_normal_audit,S_Q3,0.02,52656,52659,3,False
train2.csv,seen_normal_audit,S_Q3,0.02,54416,54838,422,False
train2.csv,seen_normal_audit,S_Q3,0.02,54842,54846,4,False
train2.csv,seen_normal_audit,S_Q3,0.02,54850,54853,3,False
train2.csv,seen_normal_audit,S_Q3,0.02,54856,54861,5,False
train2.csv,seen_normal_audit,S_Q3,0.02,54864,54884,20,False
train2.csv,seen_normal_audit,S_Q3,0.02,54887,54898,11,False
train2.csv,seen_normal_audit,S_Q3,0.02,54902,54904,2,False
train2.csv,seen_normal_audit,S_Q3,0.02,54963,54964,1,False
train2.csv,seen_normal_audit,S_Q3,0.02,59820,59988,168,False
train2.csv,seen_normal_audit,S_Q3,0.02,60080,60082,2,False
train2.csv,seen_normal_audit,S_Q3,0.02,60085,60087,2,False
train2.csv,seen_normal_audit,S_Q3,0.02,60095,60145,50,False
train2.csv,seen_normal_audit,S_Q3,0.02,60154,60172,18,False
train2.csv,seen_normal_audit,S_Q3,0.02,60187,60206,19,False
train2.csv,seen_normal_audit,S_Q3,0.02,60356,60398,42,False
train2.csv,seen_normal_audit,S_Q3,0.02,60413,60415,2,False
train2.csv,seen_normal_audit,S_Q3,0.02,60470,60478,8,False
train2.csv,seen_normal_audit,S_Q3,0.02,61011,61051,40,False
train2.csv,seen_normal_audit,S_Q3,0.02,61074,61076,2,False
train2.csv,seen_normal_audit,S_Q3,0.02,61162,61165,3,False
train2.csv,seen_normal_audit,S_Q3,0.02,61188,61190,2,False
train2.csv,seen_normal_audit,S_Q3,0.02,61193,61196,3,False
train2.csv,seen_normal_audit,S_Q3,0.02,61220,61232,12,False
train2.csv,seen_normal_audit,S_Q3,0.02,61242,61265,23,False
train2.csv,seen_normal_audit,S_Q3,0.02,61270,61294,24,False
train2.csv,seen_normal_audit,S_Q3,0.02,61302,61319,17,False
train2.csv,seen_normal_audit,S_Q3,0.02,61329,61331,2,False
train2.csv,seen_normal_audit,S_Q3,0.02,61334,61346,12,False
train2.csv,seen_normal_audit,S_Q3,0.02,61848,62484,636,False
train2.csv,seen_normal_audit,S_Q3,0.02,63306,63570,264,False
train2.csv,seen_normal_audit,S_Q3,0.02,63682,64174,492,False
train2.csv,seen_normal_audit,S_Q3,0.02,64290,64472,182,False
train2.csv,seen_normal_audit,S_Q3,0.02,64687,64844,157,False
train2.csv,seen_normal_audit,S_Q3,0.02,65758,65917,159,False
train2.csv,seen_normal_audit,S_Q3,0.02,66143,66199,56,False
train2.csv,seen_normal_audit,S_Q3,0.02,66729,66983,254,False
train2.csv,seen_normal_audit,S_Q3,0.02,67119,67574,455,False
train2.csv,seen_normal_audit,S_Q3,0.02,67755,67885,130,False
train2.csv,seen_normal_audit,S_Q3,0.02,68076,68188,112,False
train2.csv,seen_normal_audit,S_Q3,0.02,68419,68661,242,False
train2.csv,seen_normal_audit,S_Q3,0.02,69116,70047,931,False
train2.csv,seen_normal_audit,S_Q3,0.02,70210,70281,71,False
train2.csv,seen_normal_audit,S_Q3,0.02,70394,70488,94,False
train2.csv,seen_normal_audit,S_Q3,0.02,70643,70742,99,False
train2.csv,seen_normal_audit,S_Q3,0.02,71019,71157,138,False
train2.csv,seen_normal_audit,S_Q3,0.02,71324,71413,89,False
train2.csv,seen_normal_audit,S_Q3,0.02,71654,71728,74,False
train2.csv,seen_normal_audit,S_Q3,0.02,71940,71972,32,False
train2.csv,seen_normal_audit,S_Q3,0.02,72126,72150,24,False
train2.csv,seen_normal_audit,S_Q3,0.02,72626,72653,27,False
train2.csv,seen_normal_audit,S_Q3,0.02,72822,72918,96,False
train2.csv,seen_normal_audit,S_Q3,0.02,73044,73668,624,False
train2.csv,seen_normal_audit,S_Q3,0.02,73823,74003,180,False
train2.csv,seen_normal_audit,S_Q3,0.02,74422,74828,406,False
train2.csv,seen_normal_audit,S_Q3,0.02,75102,75547,445,False
train2.csv,seen_normal_audit,S_Q3,0.02,75621,76068,447,False
train2.csv,seen_normal_audit,S_Q3,0.02,76503,77130,627,False
train2.csv,seen_normal_audit,S_Q3,0.02,77269,77435,166,False
train2.csv,seen_normal_audit,S_Q3,0.02,77708,77921,213,False
train2.csv,seen_normal_audit,S_Q3,0.02,78112,78393,281,False
train2.csv,seen_normal_audit,S_Q3,0.02,78516,78716,200,False
train2.csv,seen_normal_audit,S_Q3,0.02,78878,79061,183,False
train2.csv,seen_normal_audit,S_Q3,0.02,79540,79845,305,False
train2.csv,seen_normal_audit,S_Q3,0.02,80068,80359,291,False
train2.csv,seen_normal_audit,S_Q3,0.02,80700,81694,994,False
train2.csv,seen_normal_audit,S_Q3,0.02,81740,81938,198,False
train2.csv,seen_normal_audit,S_Q3,0.02,82036,82208,172,False
train2.csv,seen_normal_audit,S_Q3,0.02,82315,82507,192,False
train2.csv,seen_normal_audit,S_Q3,0.02,82673,82965,292,False
train2.csv,seen_normal_audit,S_Q3,0.02,83259,83485,226,False
train2.csv,seen_normal_audit,S_Q3,0.02,83680,85244,1564,False
train2.csv,seen_normal_audit,S_Q3,0.02,85266,85416,150,False
train2.csv,seen_normal_audit,S_Q3,0.02,85482,85649,167,False
train2.csv,seen_normal_audit,S_Q3,0.02,85688,85842,154,False
train2.csv,seen_normal_audit,S_Q3,0.02,85921,86047,126,False
train2.csv,seen_normal_audit,S_Q3,0.02,86106,86238,132,False
train2.csv,seen_normal_audit,S_Q3,0.02,86336,86465,129,False
train2.csv,seen_normal_audit,S_Q3,0.02,86579,86705,126,False
train2.csv,seen_normal_audit,S_Q3,0.02,86798,86890,92,False
train2.csv,seen_normal_audit,S_Q3,0.02,86977,87132,155,False
train2.csv,seen_normal_audit,S_Q3,0.02,87280,87488,208,False
train2.csv,seen_normal_audit,S_Q3,0.02,87683,87810,127,False
train2.csv,seen_normal_audit,S_Q3,0.02,87858,89142,1284,False
train2.csv,seen_normal_audit,S_Q3,0.02,89194,89373,179,False
train2.csv,seen_normal_audit,S_Q3,0.02,89631,89803,172,False
train2.csv,seen_normal_audit,S_Q3,0.02,89933,90233,300,False
train2.csv,seen_normal_audit,S_Q3,0.02,90403,90592,189,False
train2.csv,seen_normal_audit,S_Q3,0.02,90827,91069,242,False
train2.csv,seen_normal_audit,S_Q3,0.02,91089,93336,2247,False
train2.csv,seen_normal_audit,S_Q3,0.02,93340,93373,33,False
train2.csv,seen_normal_audit,S_Q3,0.02,93384,93414,30,False
train2.csv,seen_normal_audit,S_Q3,0.02,93424,93455,31,False
train2.csv,seen_normal_audit,S_Q3,0.02,93464,93499,35,False
train2.csv,seen_normal_audit,S_Q3,0.02,93504,94544,1040,False
train2.csv,seen_normal_audit,S_Q3,0.02,94549,96301,1752,False
train2.csv,seen_normal_audit,S_Q3,0.02,96311,96338,27,False
train2.csv,seen_normal_audit,S_Q3,0.02,96349,96377,28,False
train2.csv,seen_normal_audit,S_Q3,0.02,96386,96416,30,False
train2.csv,seen_normal_audit,S_Q3,0.02,96425,96455,30,False
train2.csv,seen_normal_audit,S_Q3,0.02,96464,96493,29,False
train2.csv,seen_normal_audit,S_Q3,0.02,96503,96531,28,False
train2.csv,seen_normal_audit,S_Q3,0.02,96543,96569,26,False
train2.csv,seen_normal_audit,S_Q3,0.02,96581,96611,30,False
train2.csv,seen_normal_audit,S_Q3,0.02,96617,96648,31,False
train2.csv,seen_normal_audit,S_Q3,0.02,96658,96685,27,False
train2.csv,seen_normal_audit,S_Q3,0.02,96694,98704,2010,False
train2.csv,seen_normal_audit,S_Q3,0.02,98760,98962,202,False
train2.csv,seen_normal_audit,S_Q3,0.02,99085,99227,142,False
train2.csv,seen_normal_audit,S_Q3,0.02,99312,99537,225,False
train2.csv,seen_normal_audit,S_Q3,0.02,99624,99831,207,False
train2.csv,seen_normal_audit,S_Q3,0.02,100115,100424,309,False
train2.csv,seen_normal_audit,S_Q3,0.02,100543,100976,433,False
train2.csv,seen_normal_audit,S_Q3,0.02,101099,101315,216,False
train2.csv,seen_normal_audit,S_Q3,0.02,101400,101578,178,False
train2.csv,seen_normal_audit,S_Q3,0.02,101672,102283,611,False
train2.csv,seen_normal_audit,S_Q3,0.02,102337,102585,248,False
train2.csv,seen_normal_audit,S_Q3,0.02,102679,102930,251,False
train2.csv,seen_normal_audit,S_Q3,0.02,103023,103216,193,False
train2.csv,seen_normal_audit,S_Q3,0.02,103254,103422,168,False
train2.csv,seen_normal_audit,S_Q3,0.02,103487,103726,239,False
train2.csv,seen_normal_audit,S_Q3,0.02,103811,103999,188,False
train2.csv,seen_normal_audit,S_Q3,0.02,104084,104289,205,False
train2.csv,seen_normal_audit,S_Q3,0.02,104355,104608,253,False
train2.csv,seen_normal_audit,S_Q3,0.02,104779,104942,163,False
train2.csv,seen_normal_audit,S_Q3,0.02,105045,183759,78714,False
train2.csv,seen_normal_audit,S_Q3,0.02,183763,183765,2,False
train2.csv,seen_normal_audit,S_Q3,0.02,183769,183771,2,False
train2.csv,seen_normal_audit,S_Q3,0.02,183776,183777,1,False
train2.csv,seen_normal_audit,S_Q3,0.02,183796,183797,1,False
train2.csv,seen_normal_audit,S_Q3,0.02,185316,185317,1,False
train2.csv,seen_normal_audit,S_Q3,0.02,185322,185324,2,False
train2.csv,seen_normal_audit,S_Q3,0.02,185328,185397,69,False
train2.csv,seen_normal_audit,S_Q3,0.02,185400,185403,3,False
train2.csv,seen_normal_audit,S_Q3,0.02,185506,187210,1704,False
train2.csv,seen_normal_audit,S_Q3,0.02,187248,187366,118,False
train2.csv,seen_normal_audit,S_Q3,0.02,187477,187478,1,False
train2.csv,seen_normal_audit,S_Q3,0.02,187481,187521,40,False
train2.csv,seen_normal_audit,S_Q3,0.02,187866,187919,53,False
train2.csv,seen_normal_audit,S_Q3,0.02,188003,188004,1,False
train2.csv,seen_normal_audit,S_Q3,0.02,188007,188065,58,False
train2.csv,seen_normal_audit,S_Q3,0.02,188069,188088,19,False
train2.csv,seen_normal_audit,S_Q3,0.02,188091,188092,1,False
train2.csv,seen_normal_audit,S_Q3,0.02,188188,188226,38,False
train2.csv,seen_normal_audit,S_Q3,0.02,188231,188232,1,False
train2.csv,seen_normal_audit,S_Q3,0.02,188236,188240,4,False
train2.csv,seen_normal_audit,S_Q3,0.02,188245,188249,4,False
train2.csv,seen_normal_audit,S_Q3,0.02,188721,188944,223,False
train2.csv,seen_normal_audit,S_Q3,0.02,189081,189992,911,False
train2.csv,seen_normal_audit,S_Q3,0.02,190010,190118,108,False
train2.csv,seen_normal_audit,S_Q3,0.02,190174,190180,6,False
train2.csv,seen_normal_audit,S_Q3,0.02,190183,190229,46,False
train2.csv,seen_normal_audit,S_Q3,0.02,190278,190538,260,False
train2.csv,seen_normal_audit,S_Q3,0.02,190659,191241,582,False
train2.csv,seen_normal_audit,S_Q3,0.02,191292,191658,366,False
train2.csv,seen_normal_audit,S_Q3,0.02,191662,191664,2,False
train2.csv,seen_normal_audit,S_Q3,0.02,191672,191827,155,False
train2.csv,seen_normal_audit,S_Q3,0.02,191831,191978,147,False
train2.csv,seen_normal_audit,S_Q3,0.02,192005,192007,2,False
train2.csv,seen_normal_audit,S_Q3,0.02,192025,192100,75,False
train2.csv,seen_normal_audit,S_Q3,0.02,192175,192275,100,False
train2.csv,seen_normal_audit,S_Q3,0.02,192312,192500,188,False
train2.csv,seen_normal_audit,S_Q3,0.02,192503,192678,175,False
train2.csv,seen_normal_audit,S_Q3,0.02,192681,192687,6,False
train2.csv,seen_normal_audit,S_Q3,0.02,192690,192695,5,False
train2.csv,seen_normal_audit,S_Q3,0.02,192851,192853,2,False
train2.csv,seen_normal_audit,S_Q3,0.02,192856,193569,713,False
train2.csv,seen_normal_audit,S_Q3,0.02,193573,193575,2,False
train2.csv,seen_normal_audit,S_Q3,0.02,193587,193669,82,False
train2.csv,seen_normal_audit,S_Q3,0.02,193734,193794,60,False
train2.csv,seen_normal_audit,S_Q3,0.02,193816,193883,67,False
train2.csv,seen_normal_audit,S_Q3,0.02,193954,193974,20,False
train2.csv,seen_normal_audit,S_Q3,0.02,194219,194221,2,False
train2.csv,seen_normal_audit,S_Q3,0.02,194333,194351,18,False
train2.csv,seen_normal_audit,S_Q3,0.02,194580,194649,69,False
train2.csv,seen_normal_audit,S_Q3,0.02,194703,194775,72,False
train2.csv,seen_normal_audit,S_Q3,0.02,194778,194779,1,False
train2.csv,seen_normal_audit,S_Q3,0.02,194812,195901,1089,False
train2.csv,seen_normal_audit,S_Q3,0.02,195906,195919,13,False
train2.csv,seen_normal_audit,S_Q3,0.02,196079,196294,215,False
train2.csv,seen_normal_audit,S_Q3,0.02,196297,196298,1,False
train2.csv,seen_normal_audit,S_Q3,0.02,196432,196651,219,False
train2.csv,seen_normal_audit,S_Q3,0.02,196755,196757,2,False
train2.csv,seen_normal_audit,S_Q3,0.02,196760,196970,210,False
train2.csv,seen_normal_audit,S_Q3,0.02,197049,197337,288,False
train2.csv,seen_normal_audit,S_Q3,0.02,197390,201600,4210,False
train2.csv,seen_normal_audit,Jr_Q3,0.005,62112,62114,2,False
train2.csv,seen_normal_audit,Jr_Q3,0.005,62117,62126,9,False
train2.csv,seen_normal_audit,Jr_Q3,0.005,62210,62211,1,False
train2.csv,seen_normal_audit,Jr_Q3,0.005,66778,66789,11,False
train2.csv,seen_normal_audit,Jr_Q3,0.005,66803,66846,43,False
train2.csv,seen_normal_audit,Jr_Q3,0.005,67309,67324,15,False
train2.csv,seen_normal_audit,Jr_Q3,0.005,69574,69933,359,False
train2.csv,seen_normal_audit,Jr_Q3,0.005,73146,73631,485,False
train2.csv,seen_normal_audit,Jr_Q3,0.005,80774,80799,25,False
train2.csv,seen_normal_audit,Jr_Q3,0.005,80816,80832,16,False
train2.csv,seen_normal_audit,Jr_Q3,0.005,80936,81316,380,False
train2.csv,seen_normal_audit,Jr_Q3,0.005,81351,81502,151,False
train2.csv,seen_normal_audit,Jr_Q3,0.005,81536,81653,117,False
train2.csv,seen_normal_audit,Jr_Q3,0.005,81796,81870,74,False
train2.csv,seen_normal_audit,Jr_Q3,0.005,82096,82136,40,False
train2.csv,seen_normal_audit,Jr_Q3,0.005,84030,84184,154,False
train2.csv,seen_normal_audit,Jr_Q3,0.005,84206,84903,697,False
train2.csv,seen_normal_audit,Jr_Q3,0.005,84920,85019,99,False
train2.csv,seen_normal_audit,Jr_Q3,0.005,85108,85192,84,False
train2.csv,seen_normal_audit,Jr_Q3,0.005,85304,85377,73,False
train2.csv,seen_normal_audit,Jr_Q3,0.005,85527,85613,86,False
train2.csv,seen_normal_audit,Jr_Q3,0.005,85743,85775,32,False
train2.csv,seen_normal_audit,Jr_Q3,0.005,87883,88950,1067,False
train2.csv,seen_normal_audit,Jr_Q3,0.005,88998,89003,5,False
train2.csv,seen_normal_audit,Jr_Q3,0.005,89026,89106,80,False
train2.csv,seen_normal_audit,Jr_Q3,0.005,89241,89304,63,False
train2.csv,seen_normal_audit,Jr_Q3,0.005,91117,92934,1817,False
train2.csv,seen_normal_audit,Jr_Q3,0.005,94867,95074,207,False
train2.csv,seen_normal_audit,Jr_Q3,0.005,95088,95141,53,False
train2.csv,seen_normal_audit,Jr_Q3,0.005,96885,96901,16,False
train2.csv,seen_normal_audit,Jr_Q3,0.005,97000,98027,1027,False
train2.csv,seen_normal_audit,Jr_Q3,0.005,98827,98907,80,False
train2.csv,seen_normal_audit,Jr_Q3,0.005,99683,99736,53,False
train2.csv,seen_normal_audit,Jr_Q3,0.005,99739,99740,1,False
train2.csv,seen_normal_audit,Jr_Q3,0.005,100639,100692,53,False
train2.csv,seen_normal_audit,Jr_Q3,0.005,101166,101229,63,False
train2.csv,seen_normal_audit,Jr_Q3,0.005,101468,101499,31,False
train2.csv,seen_normal_audit,Jr_Q3,0.005,101701,101809,108,False
train2.csv,seen_normal_audit,Jr_Q3,0.005,101901,102235,334,False
train2.csv,seen_normal_audit,Jr_Q3,0.005,102414,102508,94,False
train2.csv,seen_normal_audit,Jr_Q3,0.005,102773,102832,59,False
train2.csv,seen_normal_audit,Jr_Q3,0.005,103102,103150,48,False
train2.csv,seen_normal_audit,Jr_Q3,0.005,103315,103357,42,False
train2.csv,seen_normal_audit,Jr_Q3,0.005,103583,103606,23,False
train2.csv,seen_normal_audit,Jr_Q3,0.005,103870,103934,64,False
train2.csv,seen_normal_audit,Jr_Q3,0.005,104174,104222,48,False
train2.csv,seen_normal_audit,Jr_Q3,0.005,105082,105152,70,False
train2.csv,seen_normal_audit,Jr_Q3,0.005,105234,106072,838,False
train2.csv,seen_normal_audit,Jr_Q3,0.005,106150,106160,10,False
train2.csv,seen_normal_audit,Jr_Q3,0.005,107779,107780,1,False
train2.csv,seen_normal_audit,Jr_Q3,0.005,107795,107834,39,False
train2.csv,seen_normal_audit,Jr_Q3,0.005,107847,109226,1379,False
train2.csv,seen_normal_audit,Jr_Q3,0.005,109255,109259,4,False
train2.csv,seen_normal_audit,Jr_Q3,0.005,109264,109920,656,False
train2.csv,seen_normal_audit,Jr_Q3,0.005,109928,109930,2,False
train2.csv,seen_normal_audit,Jr_Q3,0.005,109935,110012,77,False
train2.csv,seen_normal_audit,Jr_Q3,0.005,110018,110065,47,False
train2.csv,seen_normal_audit,Jr_Q3,0.005,110098,110117,19,False
train2.csv,seen_normal_audit,Jr_Q3,0.005,110123,110125,2,False
train2.csv,seen_normal_audit,Jr_Q3,0.005,110132,110135,3,False
train2.csv,seen_normal_audit,Jr_Q3,0.005,110188,110217,29,False
train2.csv,seen_normal_audit,Jr_Q3,0.005,110273,110277,4,False
train2.csv,seen_normal_audit,Jr_Q3,0.005,110356,110374,18,False
train2.csv,seen_normal_audit,Jr_Q3,0.005,110521,110533,12,False
train2.csv,seen_normal_audit,Jr_Q3,0.005,111188,111191,3,False
train2.csv,seen_normal_audit,Jr_Q3,0.005,111195,111196,1,False
train2.csv,seen_normal_audit,Jr_Q3,0.005,111267,111270,3,False
train2.csv,seen_normal_audit,Jr_Q3,0.005,111274,111305,31,False
train2.csv,seen_normal_audit,Jr_Q3,0.005,111327,111328,1,False
train2.csv,seen_normal_audit,Jr_Q3,0.005,111334,111348,14,False
train2.csv,seen_normal_audit,Jr_Q3,0.005,111353,111426,73,False
train2.csv,seen_normal_audit,Jr_Q3,0.005,111430,111435,5,False
train2.csv,seen_normal_audit,Jr_Q3,0.005,111439,111445,6,False
train2.csv,seen_normal_audit,Jr_Q3,0.005,111448,111513,65,False
train2.csv,seen_normal_audit,Jr_Q3,0.005,111516,111522,6,False
train2.csv,seen_normal_audit,Jr_Q3,0.005,111525,111529,4,False
train2.csv,seen_normal_audit,Jr_Q3,0.005,111550,111982,432,False
train2.csv,seen_normal_audit,Jr_Q3,0.005,111985,111986,1,False
train2.csv,seen_normal_audit,Jr_Q3,0.005,111998,112086,88,False
train2.csv,seen_normal_audit,Jr_Q3,0.005,112094,112395,301,False
train2.csv,seen_normal_audit,Jr_Q3,0.005,112398,112402,4,False
train2.csv,seen_normal_audit,Jr_Q3,0.005,112409,112498,89,False
train2.csv,seen_normal_audit,Jr_Q3,0.005,112510,112513,3,False
train2.csv,seen_normal_audit,Jr_Q3,0.005,112518,112746,228,False
train2.csv,seen_normal_audit,Jr_Q3,0.005,112751,112755,4,False
train2.csv,seen_normal_audit,Jr_Q3,0.005,112761,113132,371,False
train2.csv,seen_normal_audit,Jr_Q3,0.005,114023,114036,13,False
train2.csv,seen_normal_audit,Jr_Q3,0.005,114050,114051,1,False
train2.csv,seen_normal_audit,Jr_Q3,0.005,114055,114056,1,False
train2.csv,seen_normal_audit,Jr_Q3,0.005,114154,116156,2002,False
train2.csv,seen_normal_audit,Jr_Q3,0.005,116172,116194,22,False
train2.csv,seen_normal_audit,Jr_Q3,0.005,116205,117333,1128,False
train2.csv,seen_normal_audit,Jr_Q3,0.005,117336,117338,2,False
train2.csv,seen_normal_audit,Jr_Q3,0.005,117341,117342,1,False
train2.csv,seen_normal_audit,Jr_Q3,0.005,117368,117793,425,False
train2.csv,seen_normal_audit,Jr_Q3,0.005,117804,117808,4,False
train2.csv,seen_normal_audit,Jr_Q3,0.005,117811,117813,2,False
train2.csv,seen_normal_audit,Jr_Q3,0.005,117816,117823,7,False
train2.csv,seen_normal_audit,Jr_Q3,0.005,117831,117832,1,False
train2.csv,seen_normal_audit,Jr_Q3,0.005,117843,117875,32,False
train2.csv,seen_normal_audit,Jr_Q3,0.005,117878,117880,2,False
train2.csv,seen_normal_audit,Jr_Q3,0.005,117899,117900,1,False
train2.csv,seen_normal_audit,Jr_Q3,0.005,117903,117905,2,False
train2.csv,seen_normal_audit,Jr_Q3,0.005,117929,118154,225,False
train2.csv,seen_normal_audit,Jr_Q3,0.005,118163,118164,1,False
train2.csv,seen_normal_audit,Jr_Q3,0.005,118167,118168,1,False
train2.csv,seen_normal_audit,Jr_Q3,0.005,118177,118198,21,False
train2.csv,seen_normal_audit,Jr_Q3,0.005,118201,118203,2,False
train2.csv,seen_normal_audit,Jr_Q3,0.005,118208,118210,2,False
train2.csv,seen_normal_audit,Jr_Q3,0.005,118213,118215,2,False
train2.csv,seen_normal_audit,Jr_Q3,0.005,118218,118230,12,False
train2.csv,seen_normal_audit,Jr_Q3,0.005,118233,118244,11,False
train2.csv,seen_normal_audit,Jr_Q3,0.005,118249,118481,232,False
train2.csv,seen_normal_audit,Jr_Q3,0.005,118506,118630,124,False
train2.csv,seen_normal_audit,Jr_Q3,0.005,118633,118707,74,False
train2.csv,seen_normal_audit,Jr_Q3,0.005,118735,118835,100,False
train2.csv,seen_normal_audit,Jr_Q3,0.005,118877,118879,2,False
train2.csv,seen_normal_audit,Jr_Q3,0.005,118904,118905,1,False
train2.csv,seen_normal_audit,Jr_Q3,0.005,118913,118915,2,False
train2.csv,seen_normal_audit,Jr_Q3,0.005,118918,118920,2,False
train2.csv,seen_normal_audit,Jr_Q3,0.005,118986,119089,103,False
train2.csv,seen_normal_audit,Jr_Q3,0.005,119247,171136,51889,False
train2.csv,seen_normal_audit,Jr_Q3,0.005,171141,171143,2,False
train2.csv,seen_normal_audit,Jr_Q3,0.005,171173,178219,7046,False
train2.csv,seen_normal_audit,Jr_Q3,0.005,178222,178225,3,False
train2.csv,seen_normal_audit,Jr_Q3,0.005,178229,178233,4,False
train2.csv,seen_normal_audit,Jr_Q3,0.005,178236,178237,1,False
train2.csv,seen_normal_audit,Jr_Q3,0.005,178250,178251,1,False
train2.csv,seen_normal_audit,Jr_Q3,0.005,178255,178265,10,False
train2.csv,seen_normal_audit,Jr_Q3,0.005,178268,178271,3,False
train2.csv,seen_normal_audit,Jr_Q3,0.005,178275,178389,114,False
train2.csv,seen_normal_audit,Jr_Q3,0.005,178393,178395,2,False
train2.csv,seen_normal_audit,Jr_Q3,0.005,178400,178401,1,False
train2.csv,seen_normal_audit,Jr_Q3,0.005,178657,178658,1,False
train2.csv,seen_normal_audit,Jr_Q3,0.005,178662,178663,1,False
train2.csv,seen_normal_audit,Jr_Q3,0.005,178688,178690,2,False
train2.csv,seen_normal_audit,Jr_Q3,0.005,179313,183604,4291,False
train2.csv,seen_normal_audit,Jr_Q3,0.005,185521,187198,1677,False
train2.csv,seen_normal_audit,Jr_Q3,0.005,187286,187287,1,False
train2.csv,seen_normal_audit,Jr_Q3,0.005,187310,187311,1,False
train2.csv,seen_normal_audit,Jr_Q3,0.005,187315,187322,7,False
train2.csv,seen_normal_audit,Jr_Q3,0.005,187325,187331,6,False
train2.csv,seen_normal_audit,Jr_Q3,0.005,188079,188088,9,False
train2.csv,seen_normal_audit,Jr_Q3,0.005,188752,188760,8,False
train2.csv,seen_normal_audit,Jr_Q3,0.005,188764,188825,61,False
train2.csv,seen_normal_audit,Jr_Q3,0.005,188870,188935,65,False
train2.csv,seen_normal_audit,Jr_Q3,0.005,189080,189147,67,False
train2.csv,seen_normal_audit,Jr_Q3,0.005,189161,189993,832,False
train2.csv,seen_normal_audit,Jr_Q3,0.005,190052,190106,54,False
train2.csv,seen_normal_audit,Jr_Q3,0.005,190193,190195,2,False
train2.csv,seen_normal_audit,Jr_Q3,0.005,190198,190200,2,False
train2.csv,seen_normal_audit,Jr_Q3,0.005,190293,190469,176,False
train2.csv,seen_normal_audit,Jr_Q3,0.005,190475,190476,1,False
train2.csv,seen_normal_audit,Jr_Q3,0.005,190491,190492,1,False
train2.csv,seen_normal_audit,Jr_Q3,0.005,190505,190510,5,False
train2.csv,seen_normal_audit,Jr_Q3,0.005,190530,190531,1,False
train2.csv,seen_normal_audit,Jr_Q3,0.005,190671,190698,27,False
train2.csv,seen_normal_audit,Jr_Q3,0.005,190701,190944,243,False
train2.csv,seen_normal_audit,Jr_Q3,0.005,190962,191253,291,False
train2.csv,seen_normal_audit,Jr_Q3,0.005,191257,191262,5,False
train2.csv,seen_normal_audit,Jr_Q3,0.005,191266,191271,5,False
train2.csv,seen_normal_audit,Jr_Q3,0.005,191280,191285,5,False
train2.csv,seen_normal_audit,Jr_Q3,0.005,191290,192012,722,False
train2.csv,seen_normal_audit,Jr_Q3,0.005,192015,192098,83,False
train2.csv,seen_normal_audit,Jr_Q3,0.005,192134,192135,1,False
train2.csv,seen_normal_audit,Jr_Q3,0.005,192162,192164,2,False
train2.csv,seen_normal_audit,Jr_Q3,0.005,192167,192272,105,False
train2.csv,seen_normal_audit,Jr_Q3,0.005,192281,192286,5,False
train2.csv,seen_normal_audit,Jr_Q3,0.005,192289,192601,312,False
train2.csv,seen_normal_audit,Jr_Q3,0.005,192857,193571,714,False
train2.csv,seen_normal_audit,Jr_Q3,0.005,193575,193580,5,False
train2.csv,seen_normal_audit,Jr_Q3,0.005,193584,193604,20,False
train2.csv,seen_normal_audit,Jr_Q3,0.005,193607,193655,48,False
train2.csv,seen_normal_audit,Jr_Q3,0.005,193759,193802,43,False
train2.csv,seen_normal_audit,Jr_Q3,0.005,193836,193837,1,False
train2.csv,seen_normal_audit,Jr_Q3,0.005,193840,193841,1,False
train2.csv,seen_normal_audit,Jr_Q3,0.005,193845,193847,2,False
train2.csv,seen_normal_audit,Jr_Q3,0.005,193850,193871,21,False
train2.csv,seen_normal_audit,Jr_Q3,0.005,194704,194705,1,False
train2.csv,seen_normal_audit,Jr_Q3,0.005,194718,194743,25,False
train2.csv,seen_normal_audit,Jr_Q3,0.005,194808,195895,1087,False
train2.csv,seen_normal_audit,Jr_Q3,0.005,196103,196119,16,False
train2.csv,seen_normal_audit,Jr_Q3,0.005,196128,196179,51,False
train2.csv,seen_normal_audit,Jr_Q3,0.005,196182,196211,29,False
train2.csv,seen_normal_audit,Jr_Q3,0.005,196219,196260,41,False
train2.csv,seen_normal_audit,Jr_Q3,0.005,196459,196494,35,False
train2.csv,seen_normal_audit,Jr_Q3,0.005,196512,196641,129,False
train2.csv,seen_normal_audit,Jr_Q3,0.005,196775,196791,16,False
train2.csv,seen_normal_audit,Jr_Q3,0.005,196795,196986,191,False
train2.csv,seen_normal_audit,Jr_Q3,0.005,197068,197337,269,False
train2.csv,seen_normal_audit,Jr_Q3,0.005,197383,201600,4217,False
train2.csv,seen_normal_audit,Jr_Q3,0.01,62103,62135,32,False
train2.csv,seen_normal_audit,Jr_Q3,0.01,62206,62216,10,False
train2.csv,seen_normal_audit,Jr_Q3,0.01,64342,64355,13,False
train2.csv,seen_normal_audit,Jr_Q3,0.01,66775,66849,74,False
train2.csv,seen_normal_audit,Jr_Q3,0.01,67297,67328,31,False
train2.csv,seen_normal_audit,Jr_Q3,0.01,69481,69482,1,False
train2.csv,seen_normal_audit,Jr_Q3,0.01,69570,69938,368,False
train2.csv,seen_normal_audit,Jr_Q3,0.01,73139,73639,500,False
train2.csv,seen_normal_audit,Jr_Q3,0.01,80772,80801,29,False
train2.csv,seen_normal_audit,Jr_Q3,0.01,80813,80834,21,False
train2.csv,seen_normal_audit,Jr_Q3,0.01,80934,81321,387,False
train2.csv,seen_normal_audit,Jr_Q3,0.01,81345,81520,175,False
train2.csv,seen_normal_audit,Jr_Q3,0.01,81526,81657,131,False
train2.csv,seen_normal_audit,Jr_Q3,0.01,81790,81874,84,False
train2.csv,seen_normal_audit,Jr_Q3,0.01,82089,82145,56,False
train2.csv,seen_normal_audit,Jr_Q3,0.01,82383,82404,21,False
train2.csv,seen_normal_audit,Jr_Q3,0.01,84028,85026,998,False
train2.csv,seen_normal_audit,Jr_Q3,0.01,85105,85196,91,False
train2.csv,seen_normal_audit,Jr_Q3,0.01,85301,85379,78,False
train2.csv,seen_normal_audit,Jr_Q3,0.01,85521,85616,95,False
train2.csv,seen_normal_audit,Jr_Q3,0.01,85736,85783,47,False
train2.csv,seen_normal_audit,Jr_Q3,0.01,85976,85988,12,False
train2.csv,seen_normal_audit,Jr_Q3,0.01,86152,86172,20,False
train2.csv,seen_normal_audit,Jr_Q3,0.01,87879,88952,1073,False
train2.csv,seen_normal_audit,Jr_Q3,0.01,88990,89010,20,False
train2.csv,seen_normal_audit,Jr_Q3,0.01,89016,89109,93,False
train2.csv,seen_normal_audit,Jr_Q3,0.01,89236,89308,72,False
train2.csv,seen_normal_audit,Jr_Q3,0.01,91115,92939,1824,False
train2.csv,seen_normal_audit,Jr_Q3,0.01,92957,92961,4,False
train2.csv,seen_normal_audit,Jr_Q3,0.01,94862,95145,283,False
train2.csv,seen_normal_audit,Jr_Q3,0.01,96855,96857,2,False
train2.csv,seen_normal_audit,Jr_Q3,0.01,96883,96903,20,False
train2.csv,seen_normal_audit,Jr_Q3,0.01,96996,98029,1033,False
train2.csv,seen_normal_audit,Jr_Q3,0.01,98821,98914,93,False
train2.csv,seen_normal_audit,Jr_Q3,0.01,99381,99392,11,False
train2.csv,seen_normal_audit,Jr_Q3,0.01,99397,99398,1,False
train2.csv,seen_normal_audit,Jr_Q3,0.01,99680,99744,64,False
train2.csv,seen_normal_audit,Jr_Q3,0.01,100629,100701,72,False
train2.csv,seen_normal_audit,Jr_Q3,0.01,101162,101233,71,False
train2.csv,seen_normal_audit,Jr_Q3,0.01,101459,101505,46,False
train2.csv,seen_normal_audit,Jr_Q3,0.01,101700,101810,110,False
train2.csv,seen_normal_audit,Jr_Q3,0.01,101897,102237,340,False
train2.csv,seen_normal_audit,Jr_Q3,0.01,102409,102513,104,False
train2.csv,seen_normal_audit,Jr_Q3,0.01,102763,102840,77,False
train2.csv,seen_normal_audit,Jr_Q3,0.01,103092,103156,64,False
train2.csv,seen_normal_audit,Jr_Q3,0.01,103311,103362,51,False
train2.csv,seen_normal_audit,Jr_Q3,0.01,103571,103613,42,False
train2.csv,seen_normal_audit,Jr_Q3,0.01,103865,103939,74,False
train2.csv,seen_normal_audit,Jr_Q3,0.01,104167,104229,62,False
train2.csv,seen_normal_audit,Jr_Q3,0.01,104413,104433,20,False
train2.csv,seen_normal_audit,Jr_Q3,0.01,105076,105153,77,False
train2.csv,seen_normal_audit,Jr_Q3,0.01,105232,106080,848,False
train2.csv,seen_normal_audit,Jr_Q3,0.01,106141,106166,25,False
train2.csv,seen_normal_audit,Jr_Q3,0.01,107777,107835,58,False
train2.csv,seen_normal_audit,Jr_Q3,0.01,107847,109235,1388,False
train2.csv,seen_normal_audit,Jr_Q3,0.01,109249,110145,896,False
train2.csv,seen_normal_audit,Jr_Q3,0.01,110150,110154,4,False
train2.csv,seen_normal_audit,Jr_Q3,0.01,110160,110162,2,False
train2.csv,seen_normal_audit,Jr_Q3,0.01,110169,110171,2,False
train2.csv,seen_normal_audit,Jr_Q3,0.01,110179,110228,49,False
train2.csv,seen_normal_audit,Jr_Q3,0.01,110257,110258,1,False
train2.csv,seen_normal_audit,Jr_Q3,0.01,110265,110286,21,False
train2.csv,seen_normal_audit,Jr_Q3,0.01,110292,110296,4,False
train2.csv,seen_normal_audit,Jr_Q3,0.01,110303,110304,1,False
train2.csv,seen_normal_audit,Jr_Q3,0.01,110312,110313,1,False
train2.csv,seen_normal_audit,Jr_Q3,0.01,110330,110331,1,False
train2.csv,seen_normal_audit,Jr_Q3,0.01,110339,110341,2,False
train2.csv,seen_normal_audit,Jr_Q3,0.01,110347,110386,39,False
train2.csv,seen_normal_audit,Jr_Q3,0.01,110426,110428,2,False
train2.csv,seen_normal_audit,Jr_Q3,0.01,110434,110439,5,False
train2.csv,seen_normal_audit,Jr_Q3,0.01,110442,110447,5,False
train2.csv,seen_normal_audit,Jr_Q3,0.01,110452,110455,3,False
train2.csv,seen_normal_audit,Jr_Q3,0.01,110461,110466,5,False
train2.csv,seen_normal_audit,Jr_Q3,0.01,110469,110473,4,False
train2.csv,seen_normal_audit,Jr_Q3,0.01,110480,110482,2,False
train2.csv,seen_normal_audit,Jr_Q3,0.01,110507,110542,35,False
train2.csv,seen_normal_audit,Jr_Q3,0.01,110548,110552,4,False
train2.csv,seen_normal_audit,Jr_Q3,0.01,110604,110607,3,False
train2.csv,seen_normal_audit,Jr_Q3,0.01,110611,110615,4,False
train2.csv,seen_normal_audit,Jr_Q3,0.01,110621,110624,3,False
train2.csv,seen_normal_audit,Jr_Q3,0.01,111088,111101,13,False
train2.csv,seen_normal_audit,Jr_Q3,0.01,111171,111205,34,False
train2.csv,seen_normal_audit,Jr_Q3,0.01,111249,111250,1,False
train2.csv,seen_normal_audit,Jr_Q3,0.01,111257,111261,4,False
train2.csv,seen_normal_audit,Jr_Q3,0.01,111266,111539,273,False
train2.csv,seen_normal_audit,Jr_Q3,0.01,111545,111988,443,False
train2.csv,seen_normal_audit,Jr_Q3,0.01,111992,113148,1156,False
train2.csv,seen_normal_audit,Jr_Q3,0.01,113689,113695,6,False
train2.csv,seen_normal_audit,Jr_Q3,0.01,114002,114014,12,False
train2.csv,seen_normal_audit,Jr_Q3,0.01,114018,114061,43,False
train2.csv,seen_normal_audit,Jr_Q3,0.01,114152,116158,2006,False
train2.csv,seen_normal_audit,Jr_Q3,0.01,116167,117348,1181,False
train2.csv,seen_normal_audit,Jr_Q3,0.01,117363,117885,522,False
train2.csv,seen_normal_audit,Jr_Q3,0.01,117888,118483,595,False
train2.csv,seen_normal_audit,Jr_Q3,0.01,118486,118503,17,False
train2.csv,seen_normal_audit,Jr_Q3,0.01,118506,118715,209,False
train2.csv,seen_normal_audit,Jr_Q3,0.01,118718,118726,8,False
train2.csv,seen_normal_audit,Jr_Q3,0.01,118730,118850,120,False
train2.csv,seen_normal_audit,Jr_Q3,0.01,118871,118888,17,False
train2.csv,seen_normal_audit,Jr_Q3,0.01,118898,118922,24,False
train2.csv,seen_normal_audit,Jr_Q3,0.01,118927,118929,2,False
train2.csv,seen_normal_audit,Jr_Q3,0.01,118955,118961,6,False
train2.csv,seen_normal_audit,Jr_Q3,0.01,118971,119094,123,False
train2.csv,seen_normal_audit,Jr_Q3,0.01,119133,119135,2,False
train2.csv,seen_normal_audit,Jr_Q3,0.01,119155,119181,26,False
train2.csv,seen_normal_audit,Jr_Q3,0.01,119201,119202,1,False
train2.csv,seen_normal_audit,Jr_Q3,0.01,119205,119207,2,False
train2.csv,seen_normal_audit,Jr_Q3,0.01,119242,171147,51905,False
train2.csv,seen_normal_audit,Jr_Q3,0.01,171160,178448,7288,False
train2.csv,seen_normal_audit,Jr_Q3,0.01,178453,178455,2,False
train2.csv,seen_normal_audit,Jr_Q3,0.01,178458,178475,17,False
train2.csv,seen_normal_audit,Jr_Q3,0.01,178478,178480,2,False
train2.csv,seen_normal_audit,Jr_Q3,0.01,178485,178487,2,False
train2.csv,seen_normal_audit,Jr_Q3,0.01,178490,178494,4,False
train2.csv,seen_normal_audit,Jr_Q3,0.01,178497,178500,3,False
train2.csv,seen_normal_audit,Jr_Q3,0.01,178503,178507,4,False
train2.csv,seen_normal_audit,Jr_Q3,0.01,178656,178678,22,False
train2.csv,seen_normal_audit,Jr_Q3,0.01,178681,178709,28,False
train2.csv,seen_normal_audit,Jr_Q3,0.01,178870,178871,1,False
train2.csv,seen_normal_audit,Jr_Q3,0.01,179202,179222,20,False
train2.csv,seen_normal_audit,Jr_Q3,0.01,179234,179235,1,False
train2.csv,seen_normal_audit,Jr_Q3,0.01,179241,179248,7,False
train2.csv,seen_normal_audit,Jr_Q3,0.01,179252,179266,14,False
train2.csv,seen_normal_audit,Jr_Q3,0.01,179286,179301,15,False
train2.csv,seen_normal_audit,Jr_Q3,0.01,179304,183617,4313,False
train2.csv,seen_normal_audit,Jr_Q3,0.01,185356,185357,1,False
train2.csv,seen_normal_audit,Jr_Q3,0.01,185370,185372,2,False
train2.csv,seen_normal_audit,Jr_Q3,0.01,185512,187209,1697,False
train2.csv,seen_normal_audit,Jr_Q3,0.01,187258,187259,1,False
train2.csv,seen_normal_audit,Jr_Q3,0.01,187277,187297,20,False
train2.csv,seen_normal_audit,Jr_Q3,0.01,187300,187345,45,False
train2.csv,seen_normal_audit,Jr_Q3,0.01,187894,187905,11,False
train2.csv,seen_normal_audit,Jr_Q3,0.01,188031,188037,6,False
train2.csv,seen_normal_audit,Jr_Q3,0.01,188041,188047,6,False
train2.csv,seen_normal_audit,Jr_Q3,0.01,188052,188058,6,False
train2.csv,seen_normal_audit,Jr_Q3,0.01,188073,188093,20,False
train2.csv,seen_normal_audit,Jr_Q3,0.01,188191,188193,2,False
train2.csv,seen_normal_audit,Jr_Q3,0.01,188199,188206,7,False
train2.csv,seen_normal_audit,Jr_Q3,0.01,188730,188731,1,False
train2.csv,seen_normal_audit,Jr_Q3,0.01,188735,188829,94,False
train2.csv,seen_normal_audit,Jr_Q3,0.01,188832,188833,1,False
train2.csv,seen_normal_audit,Jr_Q3,0.01,188845,188861,16,False
train2.csv,seen_normal_audit,Jr_Q3,0.01,188867,188938,71,False
train2.csv,seen_normal_audit,Jr_Q3,0.01,189078,189150,72,False
train2.csv,seen_normal_audit,Jr_Q3,0.01,189156,189997,841,False
train2.csv,seen_normal_audit,Jr_Q3,0.01,190001,190003,2,False
train2.csv,seen_normal_audit,Jr_Q3,0.01,190010,190012,2,False
train2.csv,seen_normal_audit,Jr_Q3,0.01,190015,190018,3,False
train2.csv,seen_normal_audit,Jr_Q3,0.01,190033,190035,2,False
train2.csv,seen_normal_audit,Jr_Q3,0.01,190038,190120,82,False
train2.csv,seen_normal_audit,Jr_Q3,0.01,190189,190218,29,False
train2.csv,seen_normal_audit,Jr_Q3,0.01,190284,190549,265,False
train2.csv,seen_normal_audit,Jr_Q3,0.01,190553,190554,1,False
train2.csv,seen_normal_audit,Jr_Q3,0.01,190562,190567,5,False
train2.csv,seen_normal_audit,Jr_Q3,0.01,190630,190631,1,False
train2.csv,seen_normal_audit,Jr_Q3,0.01,190635,190948,313,False
train2.csv,seen_normal_audit,Jr_Q3,0.01,190953,192101,1148,False
train2.csv,seen_normal_audit,Jr_Q3,0.01,192124,192126,2,False
train2.csv,seen_normal_audit,Jr_Q3,0.01,192129,192145,16,False
train2.csv,seen_normal_audit,Jr_Q3,0.01,192148,192149,1,False
train2.csv,seen_normal_audit,Jr_Q3,0.01,192153,192617,464,False
train2.csv,seen_normal_audit,Jr_Q3,0.01,192630,192631,1,False
train2.csv,seen_normal_audit,Jr_Q3,0.01,192636,192746,110,False
train2.csv,seen_normal_audit,Jr_Q3,0.01,192839,193662,823,False
train2.csv,seen_normal_audit,Jr_Q3,0.01,193749,193813,64,False
train2.csv,seen_normal_audit,Jr_Q3,0.01,193817,193879,62,False
train2.csv,seen_normal_audit,Jr_Q3,0.01,194595,194608,13,False
train2.csv,seen_normal_audit,Jr_Q3,0.01,194611,194615,4,False
train2.csv,seen_normal_audit,Jr_Q3,0.01,194627,194631,4,False
train2.csv,seen_normal_audit,Jr_Q3,0.01,194634,194635,1,False
train2.csv,seen_normal_audit,Jr_Q3,0.01,194648,194652,4,False
train2.csv,seen_normal_audit,Jr_Q3,0.01,194676,194677,1,False
train2.csv,seen_normal_audit,Jr_Q3,0.01,194681,194691,10,False
train2.csv,seen_normal_audit,Jr_Q3,0.01,194695,194748,53,False
train2.csv,seen_normal_audit,Jr_Q3,0.01,194771,194773,2,False
train2.csv,seen_normal_audit,Jr_Q3,0.01,194803,195899,1096,False
train2.csv,seen_normal_audit,Jr_Q3,0.01,195904,195918,14,False
train2.csv,seen_normal_audit,Jr_Q3,0.01,195929,195932,3,False
train2.csv,seen_normal_audit,Jr_Q3,0.01,195948,195950,2,False
train2.csv,seen_normal_audit,Jr_Q3,0.01,195961,195967,6,False
train2.csv,seen_normal_audit,Jr_Q3,0.01,196048,196049,1,False
train2.csv,seen_normal_audit,Jr_Q3,0.01,196058,196059,1,False
train2.csv,seen_normal_audit,Jr_Q3,0.01,196062,196077,15,False
train2.csv,seen_normal_audit,Jr_Q3,0.01,196080,196082,2,False
train2.csv,seen_normal_audit,Jr_Q3,0.01,196085,196092,7,False
train2.csv,seen_normal_audit,Jr_Q3,0.01,196095,196284,189,False
train2.csv,seen_normal_audit,Jr_Q3,0.01,196432,196647,215,False
train2.csv,seen_normal_audit,Jr_Q3,0.01,196650,196652,2,False
train2.csv,seen_normal_audit,Jr_Q3,0.01,196664,196677,13,False
train2.csv,seen_normal_audit,Jr_Q3,0.01,196766,196995,229,False
train2.csv,seen_normal_audit,Jr_Q3,0.01,196998,197004,6,False
train2.csv,seen_normal_audit,Jr_Q3,0.01,197007,197013,6,False
train2.csv,seen_normal_audit,Jr_Q3,0.01,197017,197018,1,False
train2.csv,seen_normal_audit,Jr_Q3,0.01,197031,197033,2,False
train2.csv,seen_normal_audit,Jr_Q3,0.01,197063,197344,281,False
train2.csv,seen_normal_audit,Jr_Q3,0.01,197353,197356,3,False
train2.csv,seen_normal_audit,Jr_Q3,0.01,197361,197362,1,False
train2.csv,seen_normal_audit,Jr_Q3,0.01,197373,201600,4227,False
train2.csv,seen_normal_audit,Jr_Q3,0.02,54624,54648,24,False
train2.csv,seen_normal_audit,Jr_Q3,0.02,54652,54691,39,False
train2.csv,seen_normal_audit,Jr_Q3,0.02,61893,62014,121,False
train2.csv,seen_normal_audit,Jr_Q3,0.02,62039,62046,7,False
train2.csv,seen_normal_audit,Jr_Q3,0.02,62071,62170,99,False
train2.csv,seen_normal_audit,Jr_Q3,0.02,62173,62231,58,False
train2.csv,seen_normal_audit,Jr_Q3,0.02,64326,64376,50,False
train2.csv,seen_normal_audit,Jr_Q3,0.02,66766,66866,100,False
train2.csv,seen_normal_audit,Jr_Q3,0.02,67136,67184,48,False
train2.csv,seen_normal_audit,Jr_Q3,0.02,67284,67342,58,False
train2.csv,seen_normal_audit,Jr_Q3,0.02,69395,69398,3,False
train2.csv,seen_normal_audit,Jr_Q3,0.02,69472,69504,32,False
train2.csv,seen_normal_audit,Jr_Q3,0.02,69562,69955,393,False
train2.csv,seen_normal_audit,Jr_Q3,0.02,70432,70455,23,False
train2.csv,seen_normal_audit,Jr_Q3,0.02,73121,73654,533,False
train2.csv,seen_normal_audit,Jr_Q3,0.02,77790,77804,14,False
train2.csv,seen_normal_audit,Jr_Q3,0.02,78579,78629,50,False
train2.csv,seen_normal_audit,Jr_Q3,0.02,78926,78940,14,False
train2.csv,seen_normal_audit,Jr_Q3,0.02,80738,80858,120,False
train2.csv,seen_normal_audit,Jr_Q3,0.02,80865,80872,7,False
train2.csv,seen_normal_audit,Jr_Q3,0.02,80923,81666,743,False
train2.csv,seen_normal_audit,Jr_Q3,0.02,81775,81888,113,False
train2.csv,seen_normal_audit,Jr_Q3,0.02,82068,82161,93,False
train2.csv,seen_normal_audit,Jr_Q3,0.02,82355,82430,75,False
train2.csv,seen_normal_audit,Jr_Q3,0.02,83943,83945,2,False
train2.csv,seen_normal_audit,Jr_Q3,0.02,83953,83956,3,False
train2.csv,seen_normal_audit,Jr_Q3,0.02,83980,83992,12,False
train2.csv,seen_normal_audit,Jr_Q3,0.02,84022,85039,1017,False
train2.csv,seen_normal_audit,Jr_Q3,0.02,85062,85075,13,False
train2.csv,seen_normal_audit,Jr_Q3,0.02,85085,85207,122,False
train2.csv,seen_normal_audit,Jr_Q3,0.02,85294,85387,93,False
train2.csv,seen_normal_audit,Jr_Q3,0.02,85509,85626,117,False
train2.csv,seen_normal_audit,Jr_Q3,0.02,85721,85797,76,False
train2.csv,seen_normal_audit,Jr_Q3,0.02,85957,86009,52,False
train2.csv,seen_normal_audit,Jr_Q3,0.02,86137,86193,56,False
train2.csv,seen_normal_audit,Jr_Q3,0.02,86369,86410,41,False
train2.csv,seen_normal_audit,Jr_Q3,0.02,86619,86655,36,False
train2.csv,seen_normal_audit,Jr_Q3,0.02,87019,87042,23,False
train2.csv,seen_normal_audit,Jr_Q3,0.02,87328,87344,16,False
train2.csv,seen_normal_audit,Jr_Q3,0.02,87726,87753,27,False
train2.csv,seen_normal_audit,Jr_Q3,0.02,87860,88965,1105,False
train2.csv,seen_normal_audit,Jr_Q3,0.02,88979,89119,140,False
train2.csv,seen_normal_audit,Jr_Q3,0.02,89222,89319,97,False
train2.csv,seen_normal_audit,Jr_Q3,0.02,89687,89741,54,False
train2.csv,seen_normal_audit,Jr_Q3,0.02,89987,89990,3,False
train2.csv,seen_normal_audit,Jr_Q3,0.02,90015,90074,59,False
train2.csv,seen_normal_audit,Jr_Q3,0.02,91010,91027,17,False
train2.csv,seen_normal_audit,Jr_Q3,0.02,91034,91037,3,False
train2.csv,seen_normal_audit,Jr_Q3,0.02,91040,91049,9,False
train2.csv,seen_normal_audit,Jr_Q3,0.02,91103,91104,1,False
train2.csv,seen_normal_audit,Jr_Q3,0.02,91107,92995,1888,False
train2.csv,seen_normal_audit,Jr_Q3,0.02,94853,95153,300,False
train2.csv,seen_normal_audit,Jr_Q3,0.02,96851,96868,17,False
train2.csv,seen_normal_audit,Jr_Q3,0.02,96875,96908,33,False
train2.csv,seen_normal_audit,Jr_Q3,0.02,96930,96941,11,False
train2.csv,seen_normal_audit,Jr_Q3,0.02,96965,96980,15,False
train2.csv,seen_normal_audit,Jr_Q3,0.02,96987,98185,1198,False
train2.csv,seen_normal_audit,Jr_Q3,0.02,98208,98218,10,False
train2.csv,seen_normal_audit,Jr_Q3,0.02,98433,98451,18,False
train2.csv,seen_normal_audit,Jr_Q3,0.02,98800,98925,125,False
train2.csv,seen_normal_audit,Jr_Q3,0.02,99132,99187,55,False
train2.csv,seen_normal_audit,Jr_Q3,0.02,99354,99432,78,False
train2.csv,seen_normal_audit,Jr_Q3,0.02,99664,99762,98,False
train2.csv,seen_normal_audit,Jr_Q3,0.02,100209,100310,101,False
train2.csv,seen_normal_audit,Jr_Q3,0.02,100595,100706,111,False
train2.csv,seen_normal_audit,Jr_Q3,0.02,100713,100797,84,False
train2.csv,seen_normal_audit,Jr_Q3,0.02,101135,101257,122,False
train2.csv,seen_normal_audit,Jr_Q3,0.02,101442,101521,79,False
train2.csv,seen_normal_audit,Jr_Q3,0.02,101696,101830,134,False
train2.csv,seen_normal_audit,Jr_Q3,0.02,101883,102244,361,False
train2.csv,seen_normal_audit,Jr_Q3,0.02,102391,102526,135,False
train2.csv,seen_normal_audit,Jr_Q3,0.02,102736,102855,119,False
train2.csv,seen_normal_audit,Jr_Q3,0.02,103067,103171,104,False
train2.csv,seen_normal_audit,Jr_Q3,0.02,103296,103376,80,False
train2.csv,seen_normal_audit,Jr_Q3,0.02,103545,103643,98,False
train2.csv,seen_normal_audit,Jr_Q3,0.02,103850,103952,102,False
train2.csv,seen_normal_audit,Jr_Q3,0.02,104150,104243,93,False
train2.csv,seen_normal_audit,Jr_Q3,0.02,104399,104457,58,False
train2.csv,seen_normal_audit,Jr_Q3,0.02,105063,105160,97,False
train2.csv,seen_normal_audit,Jr_Q3,0.02,105212,106251,1039,False
train2.csv,seen_normal_audit,Jr_Q3,0.02,106254,106259,5,False
train2.csv,seen_normal_audit,Jr_Q3,0.02,106264,106267,3,False
train2.csv,seen_normal_audit,Jr_Q3,0.02,106275,106276,1,False
train2.csv,seen_normal_audit,Jr_Q3,0.02,106283,106329,46,False
train2.csv,seen_normal_audit,Jr_Q3,0.02,106361,106383,22,False
train2.csv,seen_normal_audit,Jr_Q3,0.02,106387,106392,5,False
train2.csv,seen_normal_audit,Jr_Q3,0.02,106397,106401,4,False
train2.csv,seen_normal_audit,Jr_Q3,0.02,106406,106409,3,False
train2.csv,seen_normal_audit,Jr_Q3,0.02,106452,106487,35,False
train2.csv,seen_normal_audit,Jr_Q3,0.02,107709,107717,8,False
train2.csv,seen_normal_audit,Jr_Q3,0.02,107768,110711,2943,False
train2.csv,seen_normal_audit,Jr_Q3,0.02,110736,110738,2,False
train2.csv,seen_normal_audit,Jr_Q3,0.02,110745,110747,2,False
train2.csv,seen_normal_audit,Jr_Q3,0.02,110753,110759,6,False
train2.csv,seen_normal_audit,Jr_Q3,0.02,110762,110803,41,False
train2.csv,seen_normal_audit,Jr_Q3,0.02,110840,110842,2,False
train2.csv,seen_normal_audit,Jr_Q3,0.02,110845,110859,14,False
train2.csv,seen_normal_audit,Jr_Q3,0.02,110887,110889,2,False
train2.csv,seen_normal_audit,Jr_Q3,0.02,110896,110899,3,False
train2.csv,seen_normal_audit,Jr_Q3,0.02,110904,110908,4,False
train2.csv,seen_normal_audit,Jr_Q3,0.02,110914,110963,49,False
train2.csv,seen_normal_audit,Jr_Q3,0.02,110967,111042,75,False
train2.csv,seen_normal_audit,Jr_Q3,0.02,111045,111054,9,False
train2.csv,seen_normal_audit,Jr_Q3,0.02,111057,111059,2,False
train2.csv,seen_normal_audit,Jr_Q3,0.02,111065,111138,73,False
train2.csv,seen_normal_audit,Jr_Q3,0.02,111141,113216,2075,False
train2.csv,seen_normal_audit,Jr_Q3,0.02,113227,113233,6,False
train2.csv,seen_normal_audit,Jr_Q3,0.02,113273,113275,2,False
train2.csv,seen_normal_audit,Jr_Q3,0.02,113278,113279,1,False
train2.csv,seen_normal_audit,Jr_Q3,0.02,113300,113326,26,False
train2.csv,seen_normal_audit,Jr_Q3,0.02,113329,113413,84,False
train2.csv,seen_normal_audit,Jr_Q3,0.02,113419,113440,21,False
train2.csv,seen_normal_audit,Jr_Q3,0.02,113462,113467,5,False
train2.csv,seen_normal_audit,Jr_Q3,0.02,113470,113471,1,False
train2.csv,seen_normal_audit,Jr_Q3,0.02,113492,113515,23,False
train2.csv,seen_normal_audit,Jr_Q3,0.02,113524,113525,1,False
train2.csv,seen_normal_audit,Jr_Q3,0.02,113528,113554,26,False
train2.csv,seen_normal_audit,Jr_Q3,0.02,113570,113588,18,False
train2.csv,seen_normal_audit,Jr_Q3,0.02,113611,113732,121,False
train2.csv,seen_normal_audit,Jr_Q3,0.02,113735,113736,1,False
train2.csv,seen_normal_audit,Jr_Q3,0.02,113794,113812,18,False
train2.csv,seen_normal_audit,Jr_Q3,0.02,113991,113993,2,False
train2.csv,seen_normal_audit,Jr_Q3,0.02,113997,114085,88,False
train2.csv,seen_normal_audit,Jr_Q3,0.02,114089,178631,64542,False
train2.csv,seen_normal_audit,Jr_Q3,0.02,178636,178637,1,False
train2.csv,seen_normal_audit,Jr_Q3,0.02,178642,178644,2,False
train2.csv,seen_normal_audit,Jr_Q3,0.02,178648,178719,71,False
train2.csv,seen_normal_audit,Jr_Q3,0.02,178740,178741,1,False
train2.csv,seen_normal_audit,Jr_Q3,0.02,178747,178748,1,False
train2.csv,seen_normal_audit,Jr_Q3,0.02,178751,178800,49,False
train2.csv,seen_normal_audit,Jr_Q3,0.02,178811,178813,2,False
train2.csv,seen_normal_audit,Jr_Q3,0.02,178818,178819,1,False
train2.csv,seen_normal_audit,Jr_Q3,0.02,178825,178827,2,False
train2.csv,seen_normal_audit,Jr_Q3,0.02,178830,179022,192,False
train2.csv,seen_normal_audit,Jr_Q3,0.02,179045,183663,4618,False
train2.csv,seen_normal_audit,Jr_Q3,0.02,183666,183726,60,False
train2.csv,seen_normal_audit,Jr_Q3,0.02,185310,187400,2090,False
train2.csv,seen_normal_audit,Jr_Q3,0.02,187478,187484,6,False
train2.csv,seen_normal_audit,Jr_Q3,0.02,187487,187489,2,False
train2.csv,seen_normal_audit,Jr_Q3,0.02,187501,187503,2,False
train2.csv,seen_normal_audit,Jr_Q3,0.02,187507,187517,10,False
train2.csv,seen_normal_audit,Jr_Q3,0.02,187520,187521,1,False
train2.csv,seen_normal_audit,Jr_Q3,0.02,187848,187919,71,False
train2.csv,seen_normal_audit,Jr_Q3,0.02,187927,187928,1,False
train2.csv,seen_normal_audit,Jr_Q3,0.02,187999,188065,66,False
train2.csv,seen_normal_audit,Jr_Q3,0.02,188069,188134,65,False
train2.csv,seen_normal_audit,Jr_Q3,0.02,188148,188227,79,False
train2.csv,seen_normal_audit,Jr_Q3,0.02,188230,188232,2,False
train2.csv,seen_normal_audit,Jr_Q3,0.02,188237,188239,2,False
train2.csv,seen_normal_audit,Jr_Q3,0.02,188244,188250,6,False
train2.csv,seen_normal_audit,Jr_Q3,0.02,188299,188305,6,False
train2.csv,seen_normal_audit,Jr_Q3,0.02,188309,188313,4,False
train2.csv,seen_normal_audit,Jr_Q3,0.02,188598,188943,345,False
train2.csv,seen_normal_audit,Jr_Q3,0.02,189041,189042,1,False
train2.csv,seen_normal_audit,Jr_Q3,0.02,189045,193697,4652,False
train2.csv,seen_normal_audit,Jr_Q3,0.02,193713,193900,187,False
train2.csv,seen_normal_audit,Jr_Q3,0.02,193903,193907,4,False
train2.csv,seen_normal_audit,Jr_Q3,0.02,193913,193918,5,False
train2.csv,seen_normal_audit,Jr_Q3,0.02,193940,193994,54,False
train2.csv,seen_normal_audit,Jr_Q3,0.02,194060,194062,2,False
train2.csv,seen_normal_audit,Jr_Q3,0.02,194220,194222,2,False
train2.csv,seen_normal_audit,Jr_Q3,0.02,194302,194304,2,False
train2.csv,seen_normal_audit,Jr_Q3,0.02,194312,194351,39,False
train2.csv,seen_normal_audit,Jr_Q3,0.02,194476,194477,1,False
train2.csv,seen_normal_audit,Jr_Q3,0.02,194497,194501,4,False
train2.csv,seen_normal_audit,Jr_Q3,0.02,194511,194512,1,False
train2.csv,seen_normal_audit,Jr_Q3,0.02,194538,194539,1,False
train2.csv,seen_normal_audit,Jr_Q3,0.02,194544,194549,5,False
train2.csv,seen_normal_audit,Jr_Q3,0.02,194553,194554,1,False
train2.csv,seen_normal_audit,Jr_Q3,0.02,194557,194563,6,False
train2.csv,seen_normal_audit,Jr_Q3,0.02,194567,196331,1764,False
train2.csv,seen_normal_audit,Jr_Q3,0.02,196334,196336,2,False
train2.csv,seen_normal_audit,Jr_Q3,0.02,196409,201600,5191,False
train2.csv,seen_normal_audit,Dr_Q3,0.02,135048,135055,7,False
train2.csv,seen_normal_audit,Dr_Q3,0.02,136187,136202,15,False
train2.csv,seen_normal_audit,Dr_Q3,0.02,179791,179812,21,False
train2.csv,seen_normal_audit,PairError-Q3,0.005,62122,62126,4,False
train2.csv,seen_normal_audit,PairError-Q3,0.005,66784,66785,1,False
train2.csv,seen_normal_audit,PairError-Q3,0.005,66815,66844,29,False
train2.csv,seen_normal_audit,PairError-Q3,0.005,67310,67323,13,False
train2.csv,seen_normal_audit,PairError-Q3,0.005,69575,69931,356,False
train2.csv,seen_normal_audit,PairError-Q3,0.005,73150,73629,479,False
train2.csv,seen_normal_audit,PairError-Q3,0.005,80783,80789,6,False
train2.csv,seen_normal_audit,PairError-Q3,0.005,80792,80797,5,False
train2.csv,seen_normal_audit,PairError-Q3,0.005,80818,80829,11,False
train2.csv,seen_normal_audit,PairError-Q3,0.005,80937,81315,378,False
train2.csv,seen_normal_audit,PairError-Q3,0.005,81352,81500,148,False
train2.csv,seen_normal_audit,PairError-Q3,0.005,81539,81652,113,False
train2.csv,seen_normal_audit,PairError-Q3,0.005,81797,81869,72,False
train2.csv,seen_normal_audit,PairError-Q3,0.005,82099,82131,32,False
train2.csv,seen_normal_audit,PairError-Q3,0.005,84031,84168,137,False
train2.csv,seen_normal_audit,PairError-Q3,0.005,84176,84182,6,False
train2.csv,seen_normal_audit,PairError-Q3,0.005,84208,84902,694,False
train2.csv,seen_normal_audit,PairError-Q3,0.005,84924,85018,94,False
train2.csv,seen_normal_audit,PairError-Q3,0.005,85110,85191,81,False
train2.csv,seen_normal_audit,PairError-Q3,0.005,85305,85376,71,False
train2.csv,seen_normal_audit,PairError-Q3,0.005,85532,85578,46,False
train2.csv,seen_normal_audit,PairError-Q3,0.005,85590,85612,22,False
train2.csv,seen_normal_audit,PairError-Q3,0.005,85746,85772,26,False
train2.csv,seen_normal_audit,PairError-Q3,0.005,87883,88949,1066,False
train2.csv,seen_normal_audit,PairError-Q3,0.005,88999,89003,4,False
train2.csv,seen_normal_audit,PairError-Q3,0.005,89027,89104,77,False
train2.csv,seen_normal_audit,PairError-Q3,0.005,89243,89303,60,False
train2.csv,seen_normal_audit,PairError-Q3,0.005,91117,92933,1816,False
train2.csv,seen_normal_audit,PairError-Q3,0.005,94869,95072,203,False
train2.csv,seen_normal_audit,PairError-Q3,0.005,95090,95140,50,False
train2.csv,seen_normal_audit,PairError-Q3,0.005,96885,96900,15,False
train2.csv,seen_normal_audit,PairError-Q3,0.005,97001,98026,1025,False
train2.csv,seen_normal_audit,PairError-Q3,0.005,98829,98905,76,False
train2.csv,seen_normal_audit,PairError-Q3,0.005,99685,99734,49,False
train2.csv,seen_normal_audit,PairError-Q3,0.005,100640,100674,34,False
train2.csv,seen_normal_audit,PairError-Q3,0.005,101169,101226,57,False
train2.csv,seen_normal_audit,PairError-Q3,0.005,101472,101496,24,False
train2.csv,seen_normal_audit,PairError-Q3,0.005,101702,101808,106,False
train2.csv,seen_normal_audit,PairError-Q3,0.005,101902,102234,332,False
train2.csv,seen_normal_audit,PairError-Q3,0.005,102417,102506,89,False
train2.csv,seen_normal_audit,PairError-Q3,0.005,102779,102829,50,False
train2.csv,seen_normal_audit,PairError-Q3,0.005,103111,103148,37,False
train2.csv,seen_normal_audit,PairError-Q3,0.005,103318,103354,36,False
train2.csv,seen_normal_audit,PairError-Q3,0.005,103588,103596,8,False
train2.csv,seen_normal_audit,PairError-Q3,0.005,103599,103600,1,False
train2.csv,seen_normal_audit,PairError-Q3,0.005,103872,103931,59,False
train2.csv,seen_normal_audit,PairError-Q3,0.005,104181,104218,37,False
train2.csv,seen_normal_audit,PairError-Q3,0.005,105084,105151,67,False
train2.csv,seen_normal_audit,PairError-Q3,0.005,105235,106020,785,False
train2.csv,seen_normal_audit,PairError-Q3,0.005,106032,106071,39,False
train2.csv,seen_normal_audit,PairError-Q3,0.005,106151,106154,3,False
train2.csv,seen_normal_audit,PairError-Q3,0.005,107795,107833,38,False
train2.csv,seen_normal_audit,PairError-Q3,0.005,107848,109226,1378,False
train2.csv,seen_normal_audit,PairError-Q3,0.005,109255,109257,2,False
train2.csv,seen_normal_audit,PairError-Q3,0.005,109264,109825,561,False
train2.csv,seen_normal_audit,PairError-Q3,0.005,109830,109834,4,False
train2.csv,seen_normal_audit,PairError-Q3,0.005,109840,109916,76,False
train2.csv,seen_normal_audit,PairError-Q3,0.005,109936,109939,3,False
train2.csv,seen_normal_audit,PairError-Q3,0.005,109945,109950,5,False
train2.csv,seen_normal_audit,PairError-Q3,0.005,109953,110003,50,False
train2.csv,seen_normal_audit,PairError-Q3,0.005,110010,110011,1,False
train2.csv,seen_normal_audit,PairError-Q3,0.005,110022,110062,40,False
train2.csv,seen_normal_audit,PairError-Q3,0.005,110105,110107,2,False
train2.csv,seen_normal_audit,PairError-Q3,0.005,110114,110117,3,False
train2.csv,seen_normal_audit,PairError-Q3,0.005,110196,110210,14,False
train2.csv,seen_normal_audit,PairError-Q3,0.005,110213,110214,1,False
train2.csv,seen_normal_audit,PairError-Q3,0.005,110275,110276,1,False
train2.csv,seen_normal_audit,PairError-Q3,0.005,110357,110362,5,False
train2.csv,seen_normal_audit,PairError-Q3,0.005,110365,110373,8,False
train2.csv,seen_normal_audit,PairError-Q3,0.005,110521,110533,12,False
train2.csv,seen_normal_audit,PairError-Q3,0.005,111189,111190,1,False
train2.csv,seen_normal_audit,PairError-Q3,0.005,111275,111301,26,False
train2.csv,seen_normal_audit,PairError-Q3,0.005,111335,111338,3,False
train2.csv,seen_normal_audit,PairError-Q3,0.005,111344,111347,3,False
train2.csv,seen_normal_audit,PairError-Q3,0.005,111353,111426,73,False
train2.csv,seen_normal_audit,PairError-Q3,0.005,111431,111434,3,False
train2.csv,seen_normal_audit,PairError-Q3,0.005,111440,111443,3,False
train2.csv,seen_normal_audit,PairError-Q3,0.005,111450,111504,54,False
train2.csv,seen_normal_audit,PairError-Q3,0.005,111507,111512,5,False
train2.csv,seen_normal_audit,PairError-Q3,0.005,111518,111520,2,False
train2.csv,seen_normal_audit,PairError-Q3,0.005,111527,111529,2,False
train2.csv,seen_normal_audit,PairError-Q3,0.005,111550,111978,428,False
train2.csv,seen_normal_audit,PairError-Q3,0.005,112002,112003,1,False
train2.csv,seen_normal_audit,PairError-Q3,0.005,112006,112086,80,False
train2.csv,seen_normal_audit,PairError-Q3,0.005,112094,112211,117,False
train2.csv,seen_normal_audit,PairError-Q3,0.005,112216,112280,64,False
train2.csv,seen_normal_audit,PairError-Q3,0.005,112285,112394,109,False
train2.csv,seen_normal_audit,PairError-Q3,0.005,112400,112402,2,False
train2.csv,seen_normal_audit,PairError-Q3,0.005,112409,112498,89,False
train2.csv,seen_normal_audit,PairError-Q3,0.005,112511,112512,1,False
train2.csv,seen_normal_audit,PairError-Q3,0.005,112520,112522,2,False
train2.csv,seen_normal_audit,PairError-Q3,0.005,112527,112627,100,False
train2.csv,seen_normal_audit,PairError-Q3,0.005,112638,112737,99,False
train2.csv,seen_normal_audit,PairError-Q3,0.005,112742,112745,3,False
train2.csv,seen_normal_audit,PairError-Q3,0.005,112753,112755,2,False
train2.csv,seen_normal_audit,PairError-Q3,0.005,112762,112884,122,False
train2.csv,seen_normal_audit,PairError-Q3,0.005,112888,112979,91,False
train2.csv,seen_normal_audit,PairError-Q3,0.005,112982,112984,2,False
train2.csv,seen_normal_audit,PairError-Q3,0.005,112990,113109,119,False
train2.csv,seen_normal_audit,PairError-Q3,0.005,113113,113124,11,False
train2.csv,seen_normal_audit,PairError-Q3,0.005,113127,113129,2,False
train2.csv,seen_normal_audit,PairError-Q3,0.005,114023,114025,2,False
train2.csv,seen_normal_audit,PairError-Q3,0.005,114154,116156,2002,False
train2.csv,seen_normal_audit,PairError-Q3,0.005,116176,116192,16,False
train2.csv,seen_normal_audit,PairError-Q3,0.005,116212,116214,2,False
train2.csv,seen_normal_audit,PairError-Q3,0.005,116217,117328,1111,False
train2.csv,seen_normal_audit,PairError-Q3,0.005,117368,117374,6,False
train2.csv,seen_normal_audit,PairError-Q3,0.005,117377,117791,414,False
train2.csv,seen_normal_audit,PairError-Q3,0.005,117816,117818,2,False
train2.csv,seen_normal_audit,PairError-Q3,0.005,117821,117823,2,False
train2.csv,seen_normal_audit,PairError-Q3,0.005,117843,117869,26,False
train2.csv,seen_normal_audit,PairError-Q3,0.005,117872,117873,1,False
train2.csv,seen_normal_audit,PairError-Q3,0.005,117903,117905,2,False
train2.csv,seen_normal_audit,PairError-Q3,0.005,117930,118154,224,False
train2.csv,seen_normal_audit,PairError-Q3,0.005,118177,118184,7,False
train2.csv,seen_normal_audit,PairError-Q3,0.005,118187,118198,11,False
train2.csv,seen_normal_audit,PairError-Q3,0.005,118218,118225,7,False
train2.csv,seen_normal_audit,PairError-Q3,0.005,118239,118241,2,False
train2.csv,seen_normal_audit,PairError-Q3,0.005,118250,118475,225,False
train2.csv,seen_normal_audit,PairError-Q3,0.005,118511,118628,117,False
train2.csv,seen_normal_audit,PairError-Q3,0.005,118634,118705,71,False
train2.csv,seen_normal_audit,PairError-Q3,0.005,118742,118756,14,False
train2.csv,seen_normal_audit,PairError-Q3,0.005,118761,118813,52,False
train2.csv,seen_normal_audit,PairError-Q3,0.005,118816,118828,12,False
train2.csv,seen_normal_audit,PairError-Q3,0.005,118832,118833,1,False
train2.csv,seen_normal_audit,PairError-Q3,0.005,118877,118879,2,False
train2.csv,seen_normal_audit,PairError-Q3,0.005,118988,119067,79,False
train2.csv,seen_normal_audit,PairError-Q3,0.005,119072,119079,7,False
train2.csv,seen_normal_audit,PairError-Q3,0.005,119082,119089,7,False
train2.csv,seen_normal_audit,PairError-Q3,0.005,119247,119249,2,False
train2.csv,seen_normal_audit,PairError-Q3,0.005,119261,171136,51875,False
train2.csv,seen_normal_audit,PairError-Q3,0.005,171141,171142,1,False
train2.csv,seen_normal_audit,PairError-Q3,0.005,171174,171175,1,False
train2.csv,seen_normal_audit,PairError-Q3,0.005,171178,178219,7041,False
train2.csv,seen_normal_audit,PairError-Q3,0.005,178223,178225,2,False
train2.csv,seen_normal_audit,PairError-Q3,0.005,178229,178232,3,False
train2.csv,seen_normal_audit,PairError-Q3,0.005,178250,178251,1,False
train2.csv,seen_normal_audit,PairError-Q3,0.005,178255,178265,10,False
train2.csv,seen_normal_audit,PairError-Q3,0.005,178269,178271,2,False
train2.csv,seen_normal_audit,PairError-Q3,0.005,178275,178357,82,False
train2.csv,seen_normal_audit,PairError-Q3,0.005,178360,178389,29,False
train2.csv,seen_normal_audit,PairError-Q3,0.005,178394,178395,1,False
train2.csv,seen_normal_audit,PairError-Q3,0.005,178662,178663,1,False
train2.csv,seen_normal_audit,PairError-Q3,0.005,178688,178690,2,False
train2.csv,seen_normal_audit,PairError-Q3,0.005,179314,183592,4278,False
train2.csv,seen_normal_audit,PairError-Q3,0.005,183595,183604,9,False
train2.csv,seen_normal_audit,PairError-Q3,0.005,185521,187198,1677,False
train2.csv,seen_normal_audit,PairError-Q3,0.005,187203,187204,1,False
train2.csv,seen_normal_audit,PairError-Q3,0.005,187286,187287,1,False
train2.csv,seen_normal_audit,PairError-Q3,0.005,187310,187311,1,False
train2.csv,seen_normal_audit,PairError-Q3,0.005,187315,187322,7,False
train2.csv,seen_normal_audit,PairError-Q3,0.005,187325,187331,6,False
train2.csv,seen_normal_audit,PairError-Q3,0.005,188079,188088,9,False
train2.csv,seen_normal_audit,PairError-Q3,0.005,188752,188760,8,False
train2.csv,seen_normal_audit,PairError-Q3,0.005,188764,188774,10,False
train2.csv,seen_normal_audit,PairError-Q3,0.005,188777,188824,47,False
train2.csv,seen_normal_audit,PairError-Q3,0.005,188870,188935,65,False
train2.csv,seen_normal_audit,PairError-Q3,0.005,189080,189147,67,False
train2.csv,seen_normal_audit,PairError-Q3,0.005,189162,189993,831,False
train2.csv,seen_normal_audit,PairError-Q3,0.005,190057,190106,49,False
train2.csv,seen_normal_audit,PairError-Q3,0.005,190193,190195,2,False
train2.csv,seen_normal_audit,PairError-Q3,0.005,190198,190200,2,False
train2.csv,seen_normal_audit,PairError-Q3,0.005,190293,190469,176,False
train2.csv,seen_normal_audit,PairError-Q3,0.005,190475,190476,1,False
train2.csv,seen_normal_audit,PairError-Q3,0.005,190491,190492,1,False
train2.csv,seen_normal_audit,PairError-Q3,0.005,190501,190502,1,False
train2.csv,seen_normal_audit,PairError-Q3,0.005,190505,190512,7,False
train2.csv,seen_normal_audit,PairError-Q3,0.005,190530,190531,1,False
train2.csv,seen_normal_audit,PairError-Q3,0.005,190671,190698,27,False
train2.csv,seen_normal_audit,PairError-Q3,0.005,190701,190944,243,False
train2.csv,seen_normal_audit,PairError-Q3,0.005,190962,191253,291,False
train2.csv,seen_normal_audit,PairError-Q3,0.005,191256,191262,6,False
train2.csv,seen_normal_audit,PairError-Q3,0.005,191266,191272,6,False
train2.csv,seen_normal_audit,PairError-Q3,0.005,191280,191285,5,False
train2.csv,seen_normal_audit,PairError-Q3,0.005,191290,192098,808,False
train2.csv,seen_normal_audit,PairError-Q3,0.005,192130,192131,1,False
train2.csv,seen_normal_audit,PairError-Q3,0.005,192134,192138,4,False
train2.csv,seen_normal_audit,PairError-Q3,0.005,192162,192164,2,False
train2.csv,seen_normal_audit,PairError-Q3,0.005,192167,192272,105,False
train2.csv,seen_normal_audit,PairError-Q3,0.005,192281,192286,5,False
train2.csv,seen_normal_audit,PairError-Q3,0.005,192289,192599,310,False
train2.csv,seen_normal_audit,PairError-Q3,0.005,192719,192720,1,False
train2.csv,seen_normal_audit,PairError-Q3,0.005,192732,192733,1,False
train2.csv,seen_normal_audit,PairError-Q3,0.005,192848,193571,723,False
train2.csv,seen_normal_audit,PairError-Q3,0.005,193575,193580,5,False
train2.csv,seen_normal_audit,PairError-Q3,0.005,193584,193604,20,False
train2.csv,seen_normal_audit,PairError-Q3,0.005,193607,193655,48,False
train2.csv,seen_normal_audit,PairError-Q3,0.005,193759,193802,43,False
train2.csv,seen_normal_audit,PairError-Q3,0.005,193808,193809,1,False
train2.csv,seen_normal_audit,PairError-Q3,0.005,193836,193837,1,False
train2.csv,seen_normal_audit,PairError-Q3,0.005,193840,193841,1,False
train2.csv,seen_normal_audit,PairError-Q3,0.005,193845,193847,2,False
train2.csv,seen_normal_audit,PairError-Q3,0.005,193852,193871,19,False
train2.csv,seen_normal_audit,PairError-Q3,0.005,194704,194705,1,False
train2.csv,seen_normal_audit,PairError-Q3,0.005,194718,194739,21,False
train2.csv,seen_normal_audit,PairError-Q3,0.005,194808,195895,1087,False
train2.csv,seen_normal_audit,PairError-Q3,0.005,196103,196119,16,False
train2.csv,seen_normal_audit,PairError-Q3,0.005,196128,196179,51,False
train2.csv,seen_normal_audit,PairError-Q3,0.005,196183,196185,2,False
train2.csv,seen_normal_audit,PairError-Q3,0.005,196188,196211,23,False
train2.csv,seen_normal_audit,PairError-Q3,0.005,196219,196260,41,False
train2.csv,seen_normal_audit,PairError-Q3,0.005,196459,196494,35,False
train2.csv,seen_normal_audit,PairError-Q3,0.005,196512,196641,129,False
train2.csv,seen_normal_audit,PairError-Q3,0.005,196775,196791,16,False
train2.csv,seen_normal_audit,PairError-Q3,0.005,196798,196805,7,False
train2.csv,seen_normal_audit,PairError-Q3,0.005,196808,196988,180,False
train2.csv,seen_normal_audit,PairError-Q3,0.005,197068,197338,270,False
train2.csv,seen_normal_audit,PairError-Q3,0.005,197383,201600,4217,False
train2.csv,seen_normal_audit,PairError-Q3,0.01,62105,62130,25,False
train2.csv,seen_normal_audit,PairError-Q3,0.01,62207,62216,9,False
train2.csv,seen_normal_audit,PairError-Q3,0.01,66776,66847,71,False
train2.csv,seen_normal_audit,PairError-Q3,0.01,67298,67326,28,False
train2.csv,seen_normal_audit,PairError-Q3,0.01,69572,69936,364,False
train2.csv,seen_normal_audit,PairError-Q3,0.01,73143,73634,491,False
train2.csv,seen_normal_audit,PairError-Q3,0.01,80773,80800,27,False
train2.csv,seen_normal_audit,PairError-Q3,0.01,80814,80834,20,False
train2.csv,seen_normal_audit,PairError-Q3,0.01,80934,81320,386,False
train2.csv,seen_normal_audit,PairError-Q3,0.01,81348,81519,171,False
train2.csv,seen_normal_audit,PairError-Q3,0.01,81528,81655,127,False
train2.csv,seen_normal_audit,PairError-Q3,0.01,81793,81872,79,False
train2.csv,seen_normal_audit,PairError-Q3,0.01,82092,82139,47,False
train2.csv,seen_normal_audit,PairError-Q3,0.01,84029,84196,167,False
train2.csv,seen_normal_audit,PairError-Q3,0.01,84202,84908,706,False
train2.csv,seen_normal_audit,PairError-Q3,0.01,84914,85024,110,False
train2.csv,seen_normal_audit,PairError-Q3,0.01,85106,85194,88,False
train2.csv,seen_normal_audit,PairError-Q3,0.01,85303,85377,74,False
train2.csv,seen_normal_audit,PairError-Q3,0.01,85525,85615,90,False
train2.csv,seen_normal_audit,PairError-Q3,0.01,85739,85780,41,False
train2.csv,seen_normal_audit,PairError-Q3,0.01,86158,86165,7,False
train2.csv,seen_normal_audit,PairError-Q3,0.01,87880,88951,1071,False
train2.csv,seen_normal_audit,PairError-Q3,0.01,88992,89009,17,False
train2.csv,seen_normal_audit,PairError-Q3,0.01,89022,89107,85,False
train2.csv,seen_normal_audit,PairError-Q3,0.01,89238,89306,68,False
train2.csv,seen_normal_audit,PairError-Q3,0.01,91115,92937,1822,False
train2.csv,seen_normal_audit,PairError-Q3,0.01,94864,95143,279,False
train2.csv,seen_normal_audit,PairError-Q3,0.01,96883,96902,19,False
train2.csv,seen_normal_audit,PairError-Q3,0.01,96999,98028,1029,False
train2.csv,seen_normal_audit,PairError-Q3,0.01,98824,98909,85,False
train2.csv,seen_normal_audit,PairError-Q3,0.01,99681,99742,61,False
train2.csv,seen_normal_audit,PairError-Q3,0.01,100638,100700,62,False
train2.csv,seen_normal_audit,PairError-Q3,0.01,101163,101231,68,False
train2.csv,seen_normal_audit,PairError-Q3,0.01,101462,101500,38,False
train2.csv,seen_normal_audit,PairError-Q3,0.01,101700,101809,109,False
train2.csv,seen_normal_audit,PairError-Q3,0.01,101898,102236,338,False
train2.csv,seen_normal_audit,PairError-Q3,0.01,102411,102510,99,False
train2.csv,seen_normal_audit,PairError-Q3,0.01,102769,102836,67,False
train2.csv,seen_normal_audit,PairError-Q3,0.01,103098,103152,54,False
train2.csv,seen_normal_audit,PairError-Q3,0.01,103313,103359,46,False
train2.csv,seen_normal_audit,PairError-Q3,0.01,103576,103609,33,False
train2.csv,seen_normal_audit,PairError-Q3,0.01,103868,103936,68,False
train2.csv,seen_normal_audit,PairError-Q3,0.01,104170,104224,54,False
train2.csv,seen_normal_audit,PairError-Q3,0.01,104415,104422,7,False
train2.csv,seen_normal_audit,PairError-Q3,0.01,105079,105152,73,False
train2.csv,seen_normal_audit,PairError-Q3,0.01,105232,106079,847,False
train2.csv,seen_normal_audit,PairError-Q3,0.01,106141,106164,23,False
train2.csv,seen_normal_audit,PairError-Q3,0.01,107778,107782,4,False
train2.csv,seen_normal_audit,PairError-Q3,0.01,107787,107790,3,False
train2.csv,seen_normal_audit,PairError-Q3,0.01,107795,107835,40,False
train2.csv,seen_normal_audit,PairError-Q3,0.01,107847,109227,1380,False
train2.csv,seen_normal_audit,PairError-Q3,0.01,109254,110077,823,False
train2.csv,seen_normal_audit,PairError-Q3,0.01,110087,110089,2,False
train2.csv,seen_normal_audit,PairError-Q3,0.01,110095,110128,33,False
train2.csv,seen_normal_audit,PairError-Q3,0.01,110131,110136,5,False
train2.csv,seen_normal_audit,PairError-Q3,0.01,110141,110144,3,False
train2.csv,seen_normal_audit,PairError-Q3,0.01,110152,110153,1,False
train2.csv,seen_normal_audit,PairError-Q3,0.01,110161,110162,1,False
train2.csv,seen_normal_audit,PairError-Q3,0.01,110170,110171,1,False
train2.csv,seen_normal_audit,PairError-Q3,0.01,110180,110225,45,False
train2.csv,seen_normal_audit,PairError-Q3,0.01,110267,110278,11,False
train2.csv,seen_normal_audit,PairError-Q3,0.01,110283,110286,3,False
train2.csv,seen_normal_audit,PairError-Q3,0.01,110347,110382,35,False
train2.csv,seen_normal_audit,PairError-Q3,0.01,110434,110438,4,False
train2.csv,seen_normal_audit,PairError-Q3,0.01,110444,110446,2,False
train2.csv,seen_normal_audit,PairError-Q3,0.01,110452,110455,3,False
train2.csv,seen_normal_audit,PairError-Q3,0.01,110461,110465,4,False
train2.csv,seen_normal_audit,PairError-Q3,0.01,110471,110473,2,False
train2.csv,seen_normal_audit,PairError-Q3,0.01,110511,110535,24,False
train2.csv,seen_normal_audit,PairError-Q3,0.01,110538,110542,4,False
train2.csv,seen_normal_audit,PairError-Q3,0.01,110550,110551,1,False
train2.csv,seen_normal_audit,PairError-Q3,0.01,111092,111100,8,False
train2.csv,seen_normal_audit,PairError-Q3,0.01,111180,111182,2,False
train2.csv,seen_normal_audit,PairError-Q3,0.01,111188,111197,9,False
train2.csv,seen_normal_audit,PairError-Q3,0.01,111267,111314,47,False
train2.csv,seen_normal_audit,PairError-Q3,0.01,111326,111530,204,False
train2.csv,seen_normal_audit,PairError-Q3,0.01,111537,111538,1,False
train2.csv,seen_normal_audit,PairError-Q3,0.01,111546,111987,441,False
train2.csv,seen_normal_audit,PairError-Q3,0.01,111998,112088,90,False
train2.csv,seen_normal_audit,PairError-Q3,0.01,112092,112404,312,False
train2.csv,seen_normal_audit,PairError-Q3,0.01,112407,112499,92,False
train2.csv,seen_normal_audit,PairError-Q3,0.01,112502,112504,2,False
train2.csv,seen_normal_audit,PairError-Q3,0.01,112508,113141,633,False
train2.csv,seen_normal_audit,PairError-Q3,0.01,113144,113148,4,False
train2.csv,seen_normal_audit,PairError-Q3,0.01,114018,114039,21,False
train2.csv,seen_normal_audit,PairError-Q3,0.01,114050,114060,10,False
train2.csv,seen_normal_audit,PairError-Q3,0.01,114153,116157,2004,False
train2.csv,seen_normal_audit,PairError-Q3,0.01,116167,116168,1,False
train2.csv,seen_normal_audit,PairError-Q3,0.01,116171,116197,26,False
train2.csv,seen_normal_audit,PairError-Q3,0.01,116203,117343,1140,False
train2.csv,seen_normal_audit,PairError-Q3,0.01,117363,117796,433,False
train2.csv,seen_normal_audit,PairError-Q3,0.01,117802,117883,81,False
train2.csv,seen_normal_audit,PairError-Q3,0.01,117889,117890,1,False
train2.csv,seen_normal_audit,PairError-Q3,0.01,117893,117895,2,False
train2.csv,seen_normal_audit,PairError-Q3,0.01,117898,117910,12,False
train2.csv,seen_normal_audit,PairError-Q3,0.01,117915,118157,242,False
train2.csv,seen_normal_audit,PairError-Q3,0.01,118162,118169,7,False
train2.csv,seen_normal_audit,PairError-Q3,0.01,118172,118481,309,False
train2.csv,seen_normal_audit,PairError-Q3,0.01,118496,118501,5,False
train2.csv,seen_normal_audit,PairError-Q3,0.01,118506,118710,204,False
train2.csv,seen_normal_audit,PairError-Q3,0.01,118721,118722,1,False
train2.csv,seen_normal_audit,PairError-Q3,0.01,118730,118838,108,False
train2.csv,seen_normal_audit,PairError-Q3,0.01,118846,118847,1,False
train2.csv,seen_normal_audit,PairError-Q3,0.01,118872,118879,7,False
train2.csv,seen_normal_audit,PairError-Q3,0.01,118899,118910,11,False
train2.csv,seen_normal_audit,PairError-Q3,0.01,118913,118920,7,False
train2.csv,seen_normal_audit,PairError-Q3,0.01,118959,118961,2,False
train2.csv,seen_normal_audit,PairError-Q3,0.01,118974,118975,1,False
train2.csv,seen_normal_audit,PairError-Q3,0.01,118978,119094,116,False
train2.csv,seen_normal_audit,PairError-Q3,0.01,119160,119166,6,False
train2.csv,seen_normal_audit,PairError-Q3,0.01,119169,119176,7,False
train2.csv,seen_normal_audit,PairError-Q3,0.01,119242,171147,51905,False
train2.csv,seen_normal_audit,PairError-Q3,0.01,171160,178435,7275,False
train2.csv,seen_normal_audit,PairError-Q3,0.01,178438,178443,5,False
train2.csv,seen_normal_audit,PairError-Q3,0.01,178446,178448,2,False
train2.csv,seen_normal_audit,PairError-Q3,0.01,178453,178454,1,False
train2.csv,seen_normal_audit,PairError-Q3,0.01,178458,178461,3,False
train2.csv,seen_normal_audit,PairError-Q3,0.01,178464,178474,10,False
train2.csv,seen_normal_audit,PairError-Q3,0.01,178479,178480,1,False
train2.csv,seen_normal_audit,PairError-Q3,0.01,178486,178487,1,False
train2.csv,seen_normal_audit,PairError-Q3,0.01,178491,178494,3,False
train2.csv,seen_normal_audit,PairError-Q3,0.01,178498,178500,2,False
train2.csv,seen_normal_audit,PairError-Q3,0.01,178503,178507,4,False
train2.csv,seen_normal_audit,PairError-Q3,0.01,178656,178677,21,False
train2.csv,seen_normal_audit,PairError-Q3,0.01,178681,178708,27,False
train2.csv,seen_normal_audit,PairError-Q3,0.01,178870,178871,1,False
train2.csv,seen_normal_audit,PairError-Q3,0.01,179203,179216,13,False
train2.csv,seen_normal_audit,PairError-Q3,0.01,179221,179222,1,False
train2.csv,seen_normal_audit,PairError-Q3,0.01,179234,179235,1,False
train2.csv,seen_normal_audit,PairError-Q3,0.01,179246,179248,2,False
train2.csv,seen_normal_audit,PairError-Q3,0.01,179253,179257,4,False
train2.csv,seen_normal_audit,PairError-Q3,0.01,179260,179266,6,False
train2.csv,seen_normal_audit,PairError-Q3,0.01,179292,179298,6,False
train2.csv,seen_normal_audit,PairError-Q3,0.01,179304,183617,4313,False
train2.csv,seen_normal_audit,PairError-Q3,0.01,185370,185372,2,False
train2.csv,seen_normal_audit,PairError-Q3,0.01,185512,187209,1697,False
train2.csv,seen_normal_audit,PairError-Q3,0.01,187277,187291,14,False
train2.csv,seen_normal_audit,PairError-Q3,0.01,187295,187297,2,False
train2.csv,seen_normal_audit,PairError-Q3,0.01,187305,187345,40,False
train2.csv,seen_normal_audit,PairError-Q3,0.01,187894,187905,11,False
train2.csv,seen_normal_audit,PairError-Q3,0.01,188032,188037,5,False
train2.csv,seen_normal_audit,PairError-Q3,0.01,188042,188047,5,False
train2.csv,seen_normal_audit,PairError-Q3,0.01,188052,188058,6,False
train2.csv,seen_normal_audit,PairError-Q3,0.01,188073,188093,20,False
train2.csv,seen_normal_audit,PairError-Q3,0.01,188191,188193,2,False
train2.csv,seen_normal_audit,PairError-Q3,0.01,188199,188206,7,False
train2.csv,seen_normal_audit,PairError-Q3,0.01,188730,188731,1,False
train2.csv,seen_normal_audit,PairError-Q3,0.01,188735,188829,94,False
train2.csv,seen_normal_audit,PairError-Q3,0.01,188845,188861,16,False
train2.csv,seen_normal_audit,PairError-Q3,0.01,188868,188937,69,False
train2.csv,seen_normal_audit,PairError-Q3,0.01,189078,189150,72,False
train2.csv,seen_normal_audit,PairError-Q3,0.01,189156,189997,841,False
train2.csv,seen_normal_audit,PairError-Q3,0.01,190001,190003,2,False
train2.csv,seen_normal_audit,PairError-Q3,0.01,190010,190012,2,False
train2.csv,seen_normal_audit,PairError-Q3,0.01,190015,190018,3,False
train2.csv,seen_normal_audit,PairError-Q3,0.01,190033,190034,1,False
train2.csv,seen_normal_audit,PairError-Q3,0.01,190038,190044,6,False
train2.csv,seen_normal_audit,PairError-Q3,0.01,190047,190120,73,False
train2.csv,seen_normal_audit,PairError-Q3,0.01,190189,190215,26,False
train2.csv,seen_normal_audit,PairError-Q3,0.01,190284,190286,2,False
train2.csv,seen_normal_audit,PairError-Q3,0.01,190289,190549,260,False
train2.csv,seen_normal_audit,PairError-Q3,0.01,190553,190556,3,False
train2.csv,seen_normal_audit,PairError-Q3,0.01,190562,190567,5,False
train2.csv,seen_normal_audit,PairError-Q3,0.01,190630,190948,318,False
train2.csv,seen_normal_audit,PairError-Q3,0.01,190953,192101,1148,False
train2.csv,seen_normal_audit,PairError-Q3,0.01,192124,192149,25,False
train2.csv,seen_normal_audit,PairError-Q3,0.01,192152,192617,465,False
train2.csv,seen_normal_audit,PairError-Q3,0.01,192639,192748,109,False
train2.csv,seen_normal_audit,PairError-Q3,0.01,192751,192752,1,False
train2.csv,seen_normal_audit,PairError-Q3,0.01,192839,193662,823,False
train2.csv,seen_normal_audit,PairError-Q3,0.01,193749,193813,64,False
train2.csv,seen_normal_audit,PairError-Q3,0.01,193817,193879,62,False
train2.csv,seen_normal_audit,PairError-Q3,0.01,194595,194601,6,False
train2.csv,seen_normal_audit,PairError-Q3,0.01,194604,194608,4,False
train2.csv,seen_normal_audit,PairError-Q3,0.01,194613,194615,2,False
train2.csv,seen_normal_audit,PairError-Q3,0.01,194627,194631,4,False
train2.csv,seen_normal_audit,PairError-Q3,0.01,194648,194652,4,False
train2.csv,seen_normal_audit,PairError-Q3,0.01,194676,194677,1,False
train2.csv,seen_normal_audit,PairError-Q3,0.01,194681,194692,11,False
train2.csv,seen_normal_audit,PairError-Q3,0.01,194695,194748,53,False
train2.csv,seen_normal_audit,PairError-Q3,0.01,194771,194773,2,False
train2.csv,seen_normal_audit,PairError-Q3,0.01,194779,194780,1,False
train2.csv,seen_normal_audit,PairError-Q3,0.01,194803,195899,1096,False
train2.csv,seen_normal_audit,PairError-Q3,0.01,195904,195918,14,False
train2.csv,seen_normal_audit,PairError-Q3,0.01,195929,195932,3,False
train2.csv,seen_normal_audit,PairError-Q3,0.01,195948,195950,2,False
train2.csv,seen_normal_audit,PairError-Q3,0.01,195955,195956,1,False
train2.csv,seen_normal_audit,PairError-Q3,0.01,195961,195967,6,False
train2.csv,seen_normal_audit,PairError-Q3,0.01,196048,196049,1,False
train2.csv,seen_normal_audit,PairError-Q3,0.01,196055,196077,22,False
train2.csv,seen_normal_audit,PairError-Q3,0.01,196080,196092,12,False
train2.csv,seen_normal_audit,PairError-Q3,0.01,196095,196097,2,False
train2.csv,seen_normal_audit,PairError-Q3,0.01,196100,196286,186,False
train2.csv,seen_normal_audit,PairError-Q3,0.01,196432,196504,72,False
train2.csv,seen_normal_audit,PairError-Q3,0.01,196507,196647,140,False
train2.csv,seen_normal_audit,PairError-Q3,0.01,196650,196652,2,False
train2.csv,seen_normal_audit,PairError-Q3,0.01,196662,196679,17,False
train2.csv,seen_normal_audit,PairError-Q3,0.01,196766,196995,229,False
train2.csv,seen_normal_audit,PairError-Q3,0.01,196998,197014,16,False
train2.csv,seen_normal_audit,PairError-Q3,0.01,197017,197025,8,False
train2.csv,seen_normal_audit,PairError-Q3,0.01,197031,197033,2,False
train2.csv,seen_normal_audit,PairError-Q3,0.01,197063,197344,281,False
train2.csv,seen_normal_audit,PairError-Q3,0.01,197351,197358,7,False
train2.csv,seen_normal_audit,PairError-Q3,0.01,197361,197363,2,False
train2.csv,seen_normal_audit,PairError-Q3,0.01,197373,201600,4227,False
train2.csv,seen_normal_audit,PairError-Q3,0.02,54631,54640,9,False
train2.csv,seen_normal_audit,PairError-Q3,0.02,54645,54647,2,False
train2.csv,seen_normal_audit,PairError-Q3,0.02,54653,54654,1,False
train2.csv,seen_normal_audit,PairError-Q3,0.02,54660,54685,25,False
train2.csv,seen_normal_audit,PairError-Q3,0.02,61893,61916,23,False
train2.csv,seen_normal_audit,PairError-Q3,0.02,61920,62014,94,False
train2.csv,seen_normal_audit,PairError-Q3,0.02,62044,62045,1,False
train2.csv,seen_normal_audit,PairError-Q3,0.02,62073,62167,94,False
train2.csv,seen_normal_audit,PairError-Q3,0.02,62176,62185,9,False
train2.csv,seen_normal_audit,PairError-Q3,0.02,62191,62229,38,False
train2.csv,seen_normal_audit,PairError-Q3,0.02,64327,64373,46,False
train2.csv,seen_normal_audit,PairError-Q3,0.02,66767,66864,97,False
train2.csv,seen_normal_audit,PairError-Q3,0.02,67138,67182,44,False
train2.csv,seen_normal_audit,PairError-Q3,0.02,67285,67340,55,False
train2.csv,seen_normal_audit,PairError-Q3,0.02,69396,69397,1,False
train2.csv,seen_normal_audit,PairError-Q3,0.02,69473,69503,30,False
train2.csv,seen_normal_audit,PairError-Q3,0.02,69564,69954,390,False
train2.csv,seen_normal_audit,PairError-Q3,0.02,70433,70453,20,False
train2.csv,seen_normal_audit,PairError-Q3,0.02,73123,73653,530,False
train2.csv,seen_normal_audit,PairError-Q3,0.02,78585,78622,37,False
train2.csv,seen_normal_audit,PairError-Q3,0.02,80739,80848,109,False
train2.csv,seen_normal_audit,PairError-Q3,0.02,80853,80856,3,False
train2.csv,seen_normal_audit,PairError-Q3,0.02,80866,80871,5,False
train2.csv,seen_normal_audit,PairError-Q3,0.02,80924,81664,740,False
train2.csv,seen_normal_audit,PairError-Q3,0.02,81777,81885,108,False
train2.csv,seen_normal_audit,PairError-Q3,0.02,82071,82158,87,False
train2.csv,seen_normal_audit,PairError-Q3,0.02,82358,82427,69,False
train2.csv,seen_normal_audit,PairError-Q3,0.02,83954,83955,1,False
train2.csv,seen_normal_audit,PairError-Q3,0.02,83980,83990,10,False
train2.csv,seen_normal_audit,PairError-Q3,0.02,84023,85038,1015,False
train2.csv,seen_normal_audit,PairError-Q3,0.02,85087,85205,118,False
train2.csv,seen_normal_audit,PairError-Q3,0.02,85294,85385,91,False
train2.csv,seen_normal_audit,PairError-Q3,0.02,85511,85625,114,False
train2.csv,seen_normal_audit,PairError-Q3,0.02,85723,85795,72,False
train2.csv,seen_normal_audit,PairError-Q3,0.02,85958,86006,48,False
train2.csv,seen_normal_audit,PairError-Q3,0.02,86138,86191,53,False
train2.csv,seen_normal_audit,PairError-Q3,0.02,86372,86406,34,False
train2.csv,seen_normal_audit,PairError-Q3,0.02,86623,86648,25,False
train2.csv,seen_normal_audit,PairError-Q3,0.02,87029,87033,4,False
train2.csv,seen_normal_audit,PairError-Q3,0.02,87731,87745,14,False
train2.csv,seen_normal_audit,PairError-Q3,0.02,87861,88964,1103,False
train2.csv,seen_normal_audit,PairError-Q3,0.02,88980,89118,138,False
train2.csv,seen_normal_audit,PairError-Q3,0.02,89224,89317,93,False
train2.csv,seen_normal_audit,PairError-Q3,0.02,89696,89722,26,False
train2.csv,seen_normal_audit,PairError-Q3,0.02,89725,89738,13,False
train2.csv,seen_normal_audit,PairError-Q3,0.02,90056,90071,15,False
train2.csv,seen_normal_audit,PairError-Q3,0.02,91011,91026,15,False
train2.csv,seen_normal_audit,PairError-Q3,0.02,91041,91048,7,False
train2.csv,seen_normal_audit,PairError-Q3,0.02,91108,92988,1880,False
train2.csv,seen_normal_audit,PairError-Q3,0.02,94854,95151,297,False
train2.csv,seen_normal_audit,PairError-Q3,0.02,96851,96866,15,False
train2.csv,seen_normal_audit,PairError-Q3,0.02,96876,96907,31,False
train2.csv,seen_normal_audit,PairError-Q3,0.02,96932,96940,8,False
train2.csv,seen_normal_audit,PairError-Q3,0.02,96966,96974,8,False
train2.csv,seen_normal_audit,PairError-Q3,0.02,96988,98036,1048,False
train2.csv,seen_normal_audit,PairError-Q3,0.02,98043,98153,110,False
train2.csv,seen_normal_audit,PairError-Q3,0.02,98439,98446,7,False
train2.csv,seen_normal_audit,PairError-Q3,0.02,98804,98924,120,False
train2.csv,seen_normal_audit,PairError-Q3,0.02,99135,99184,49,False
train2.csv,seen_normal_audit,PairError-Q3,0.02,99356,99426,70,False
train2.csv,seen_normal_audit,PairError-Q3,0.02,99667,99758,91,False
train2.csv,seen_normal_audit,PairError-Q3,0.02,100215,100303,88,False
train2.csv,seen_normal_audit,PairError-Q3,0.02,100597,100704,107,False
train2.csv,seen_normal_audit,PairError-Q3,0.02,100720,100778,58,False
train2.csv,seen_normal_audit,PairError-Q3,0.02,101141,101254,113,False
train2.csv,seen_normal_audit,PairError-Q3,0.02,101445,101518,73,False
train2.csv,seen_normal_audit,PairError-Q3,0.02,101696,101828,132,False
train2.csv,seen_normal_audit,PairError-Q3,0.02,101884,102243,359,False
train2.csv,seen_normal_audit,PairError-Q3,0.02,102393,102525,132,False
train2.csv,seen_normal_audit,PairError-Q3,0.02,102741,102852,111,False
train2.csv,seen_normal_audit,PairError-Q3,0.02,103072,103167,95,False
train2.csv,seen_normal_audit,PairError-Q3,0.02,103298,103375,77,False
train2.csv,seen_normal_audit,PairError-Q3,0.02,103550,103638,88,False
train2.csv,seen_normal_audit,PairError-Q3,0.02,103851,103950,99,False
train2.csv,seen_normal_audit,PairError-Q3,0.02,104152,104241,89,False
train2.csv,seen_normal_audit,PairError-Q3,0.02,104401,104455,54,False
train2.csv,seen_normal_audit,PairError-Q3,0.02,105065,105159,94,False
train2.csv,seen_normal_audit,PairError-Q3,0.02,105214,106100,886,False
train2.csv,seen_normal_audit,PairError-Q3,0.02,106104,106119,15,False
train2.csv,seen_normal_audit,PairError-Q3,0.02,106122,106182,60,False
train2.csv,seen_normal_audit,PairError-Q3,0.02,106185,106188,3,False
train2.csv,seen_normal_audit,PairError-Q3,0.02,106191,106241,50,False
train2.csv,seen_normal_audit,PairError-Q3,0.02,106246,106250,4,False
train2.csv,seen_normal_audit,PairError-Q3,0.02,106256,106258,2,False
train2.csv,seen_normal_audit,PairError-Q3,0.02,106265,106267,2,False
train2.csv,seen_normal_audit,PairError-Q3,0.02,106292,106327,35,False
train2.csv,seen_normal_audit,PairError-Q3,0.02,106361,106363,2,False
train2.csv,seen_normal_audit,PairError-Q3,0.02,106370,106371,1,False
train2.csv,seen_normal_audit,PairError-Q3,0.02,106379,106382,3,False
train2.csv,seen_normal_audit,PairError-Q3,0.02,106389,106391,2,False
train2.csv,seen_normal_audit,PairError-Q3,0.02,106399,106400,1,False
train2.csv,seen_normal_audit,PairError-Q3,0.02,106452,106484,32,False
train2.csv,seen_normal_audit,PairError-Q3,0.02,107710,107711,1,False
train2.csv,seen_normal_audit,PairError-Q3,0.02,107769,110656,2887,False
train2.csv,seen_normal_audit,PairError-Q3,0.02,110659,110711,52,False
train2.csv,seen_normal_audit,PairError-Q3,0.02,110737,110738,1,False
train2.csv,seen_normal_audit,PairError-Q3,0.02,110746,110747,1,False
train2.csv,seen_normal_audit,PairError-Q3,0.02,110755,110757,2,False
train2.csv,seen_normal_audit,PairError-Q3,0.02,110763,110768,5,False
train2.csv,seen_normal_audit,PairError-Q3,0.02,110771,110793,22,False
train2.csv,seen_normal_audit,PairError-Q3,0.02,110797,110802,5,False
train2.csv,seen_normal_audit,PairError-Q3,0.02,110845,110854,9,False
train2.csv,seen_normal_audit,PairError-Q3,0.02,110897,110898,1,False
train2.csv,seen_normal_audit,PairError-Q3,0.02,110906,110907,1,False
train2.csv,seen_normal_audit,PairError-Q3,0.02,110914,110917,3,False
train2.csv,seen_normal_audit,PairError-Q3,0.02,110923,110963,40,False
train2.csv,seen_normal_audit,PairError-Q3,0.02,110976,110979,3,False
train2.csv,seen_normal_audit,PairError-Q3,0.02,110982,111014,32,False
train2.csv,seen_normal_audit,PairError-Q3,0.02,111018,111032,14,False
train2.csv,seen_normal_audit,PairError-Q3,0.02,111038,111040,2,False
train2.csv,seen_normal_audit,PairError-Q3,0.02,111047,111050,3,False
train2.csv,seen_normal_audit,PairError-Q3,0.02,111065,111129,64,False
train2.csv,seen_normal_audit,PairError-Q3,0.02,111134,111136,2,False
train2.csv,seen_normal_audit,PairError-Q3,0.02,111144,111146,2,False
train2.csv,seen_normal_audit,PairError-Q3,0.02,111151,111155,4,False
train2.csv,seen_normal_audit,PairError-Q3,0.02,111160,111219,59,False
train2.csv,seen_normal_audit,PairError-Q3,0.02,111229,113207,1978,False
train2.csv,seen_normal_audit,PairError-Q3,0.02,113302,113321,19,False
train2.csv,seen_normal_audit,PairError-Q3,0.02,113331,113364,33,False
train2.csv,seen_normal_audit,PairError-Q3,0.02,113372,113401,29,False
train2.csv,seen_normal_audit,PairError-Q3,0.02,113404,113410,6,False
train2.csv,seen_normal_audit,PairError-Q3,0.02,113419,113440,21,False
train2.csv,seen_normal_audit,PairError-Q3,0.02,113465,113466,1,False
train2.csv,seen_normal_audit,PairError-Q3,0.02,113494,113503,9,False
train2.csv,seen_normal_audit,PairError-Q3,0.02,113506,113513,7,False
train2.csv,seen_normal_audit,PairError-Q3,0.02,113538,113554,16,False
train2.csv,seen_normal_audit,PairError-Q3,0.02,113579,113586,7,False
train2.csv,seen_normal_audit,PairError-Q3,0.02,113611,113632,21,False
train2.csv,seen_normal_audit,PairError-Q3,0.02,113638,113730,92,False
train2.csv,seen_normal_audit,PairError-Q3,0.02,113798,113800,2,False
train2.csv,seen_normal_audit,PairError-Q3,0.02,113803,113810,7,False
train2.csv,seen_normal_audit,PairError-Q3,0.02,113998,114076,78,False
train2.csv,seen_normal_audit,PairError-Q3,0.02,114079,114085,6,False
train2.csv,seen_normal_audit,PairError-Q3,0.02,114091,114093,2,False
train2.csv,seen_normal_audit,PairError-Q3,0.02,114096,114098,2,False
train2.csv,seen_normal_audit,PairError-Q3,0.02,114111,114112,1,False
train2.csv,seen_normal_audit,PairError-Q3,0.02,114123,178631,64508,False
train2.csv,seen_normal_audit,PairError-Q3,0.02,178636,178637,1,False
train2.csv,seen_normal_audit,PairError-Q3,0.02,178642,178643,1,False
train2.csv,seen_normal_audit,PairError-Q3,0.02,178648,178718,70,False
train2.csv,seen_normal_audit,PairError-Q3,0.02,178751,178755,4,False
train2.csv,seen_normal_audit,PairError-Q3,0.02,178758,178800,42,False
train2.csv,seen_normal_audit,PairError-Q3,0.02,178811,178813,2,False
train2.csv,seen_normal_audit,PairError-Q3,0.02,178818,178819,1,False
train2.csv,seen_normal_audit,PairError-Q3,0.02,178825,178827,2,False
train2.csv,seen_normal_audit,PairError-Q3,0.02,178830,178997,167,False
train2.csv,seen_normal_audit,PairError-Q3,0.02,179000,179015,15,False
train2.csv,seen_normal_audit,PairError-Q3,0.02,179020,179021,1,False
train2.csv,seen_normal_audit,PairError-Q3,0.02,179045,183663,4618,False
train2.csv,seen_normal_audit,PairError-Q3,0.02,183666,183702,36,False
train2.csv,seen_normal_audit,PairError-Q3,0.02,183705,183709,4,False
train2.csv,seen_normal_audit,PairError-Q3,0.02,183712,183722,10,False
train2.csv,seen_normal_audit,PairError-Q3,0.02,185310,187400,2090,False
train2.csv,seen_normal_audit,PairError-Q3,0.02,187487,187489,2,False
train2.csv,seen_normal_audit,PairError-Q3,0.02,187501,187503,2,False
train2.csv,seen_normal_audit,PairError-Q3,0.02,187510,187514,4,False
train2.csv,seen_normal_audit,PairError-Q3,0.02,187848,187919,71,False
train2.csv,seen_normal_audit,PairError-Q3,0.02,187927,187928,1,False
train2.csv,seen_normal_audit,PairError-Q3,0.02,187999,188065,66,False
train2.csv,seen_normal_audit,PairError-Q3,0.02,188069,188134,65,False
train2.csv,seen_normal_audit,PairError-Q3,0.02,188148,188226,78,False
train2.csv,seen_normal_audit,PairError-Q3,0.02,188230,188232,2,False
train2.csv,seen_normal_audit,PairError-Q3,0.02,188237,188239,2,False
train2.csv,seen_normal_audit,PairError-Q3,0.02,188244,188250,6,False
train2.csv,seen_normal_audit,PairError-Q3,0.02,188302,188305,3,False
train2.csv,seen_normal_audit,PairError-Q3,0.02,188309,188313,4,False
train2.csv,seen_normal_audit,PairError-Q3,0.02,188423,188425,2,False
train2.csv,seen_normal_audit,PairError-Q3,0.02,188510,188512,2,False
train2.csv,seen_normal_audit,PairError-Q3,0.02,188597,188943,346,False
train2.csv,seen_normal_audit,PairError-Q3,0.02,189041,189042,1,False
train2.csv,seen_normal_audit,PairError-Q3,0.02,189045,193697,4652,False
train2.csv,seen_normal_audit,PairError-Q3,0.02,193713,193900,187,False
train2.csv,seen_normal_audit,PairError-Q3,0.02,193903,193908,5,False
train2.csv,seen_normal_audit,PairError-Q3,0.02,193913,193918,5,False
train2.csv,seen_normal_audit,PairError-Q3,0.02,193937,193994,57,False
train2.csv,seen_normal_audit,PairError-Q3,0.02,193999,194000,1,False
train2.csv,seen_normal_audit,PairError-Q3,0.02,194060,194062,2,False
train2.csv,seen_normal_audit,PairError-Q3,0.02,194220,194222,2,False
train2.csv,seen_normal_audit,PairError-Q3,0.02,194302,194304,2,False
train2.csv,seen_normal_audit,PairError-Q3,0.02,194312,194331,19,False
train2.csv,seen_normal_audit,PairError-Q3,0.02,194334,194351,17,False
train2.csv,seen_normal_audit,PairError-Q3,0.02,194476,194477,1,False
train2.csv,seen_normal_audit,PairError-Q3,0.02,194497,194501,4,False
train2.csv,seen_normal_audit,PairError-Q3,0.02,194511,194512,1,False
train2.csv,seen_normal_audit,PairError-Q3,0.02,194538,194540,2,False
train2.csv,seen_normal_audit,PairError-Q3,0.02,194544,194549,5,False
train2.csv,seen_normal_audit,PairError-Q3,0.02,194553,194554,1,False
train2.csv,seen_normal_audit,PairError-Q3,0.02,194557,194563,6,False
train2.csv,seen_normal_audit,PairError-Q3,0.02,194567,196331,1764,False
train2.csv,seen_normal_audit,PairError-Q3,0.02,196334,196339,5,False
train2.csv,seen_normal_audit,PairError-Q3,0.02,196409,201600,5191,False
train2.csv,seen_normal_audit,PCA-SPE,0.005,27072,34285,7213,False
train2.csv,seen_normal_audit,PCA-SPE,0.005,105698,113164,7466,False
train2.csv,seen_normal_audit,PCA-SPE,0.01,27072,34285,7213,False
train2.csv,seen_normal_audit,PCA-SPE,0.01,105698,113164,7466,False
train2.csv,seen_normal_audit,PCA-SPE,0.02,27072,34285,7213,False
train2.csv,seen_normal_audit,PCA-SPE,0.02,105698,113164,7466,False
train2.csv,seen_normal_audit,GCAD-prediction_s10,0.005,12452,12532,80,False
train2.csv,seen_normal_audit,GCAD-prediction_s10,0.005,18016,18078,62,False
train2.csv,seen_normal_audit,GCAD-prediction_s10,0.005,27071,27133,62,False
train2.csv,seen_normal_audit,GCAD-prediction_s10,0.005,34227,34291,64,False
train2.csv,seen_normal_audit,GCAD-prediction_s10,0.005,49784,49846,62,False
train2.csv,seen_normal_audit,GCAD-prediction_s10,0.005,63296,63357,61,False
train2.csv,seen_normal_audit,GCAD-prediction_s10,0.005,103651,103714,63,False
train2.csv,seen_normal_audit,GCAD-prediction_s10,0.005,104408,104472,64,False
train2.csv,seen_normal_audit,GCAD-prediction_s10,0.005,105698,105760,62,False
train2.csv,seen_normal_audit,GCAD-prediction_s10,0.005,113103,113168,65,False
train2.csv,seen_normal_audit,GCAD-prediction_s10,0.005,115097,115160,63,False
train2.csv,seen_normal_audit,GCAD-prediction_s10,0.005,120141,120207,66,False
train2.csv,seen_normal_audit,GCAD-prediction_s10,0.005,127411,127476,65,False
train2.csv,seen_normal_audit,GCAD-prediction_s10,0.005,137178,137240,62,False
train2.csv,seen_normal_audit,GCAD-prediction_s10,0.005,141985,142064,79,False
train2.csv,seen_normal_audit,GCAD-prediction_s10,0.005,144261,144329,68,False
train2.csv,seen_normal_audit,GCAD-prediction_s10,0.005,147526,147587,61,False
train2.csv,seen_normal_audit,GCAD-prediction_s10,0.005,178214,178289,75,False
train2.csv,seen_normal_audit,GCAD-prediction_s10,0.005,192528,192607,79,False
train2.csv,seen_normal_audit,GCAD-prediction_s10,0.01,12452,12533,81,False
train2.csv,seen_normal_audit,GCAD-prediction_s10,0.01,17808,17870,62,False
train2.csv,seen_normal_audit,GCAD-prediction_s10,0.01,18013,18078,65,False
train2.csv,seen_normal_audit,GCAD-prediction_s10,0.01,27070,27133,63,False
train2.csv,seen_normal_audit,GCAD-prediction_s10,0.01,34226,34291,65,False
train2.csv,seen_normal_audit,GCAD-prediction_s10,0.01,38645,38708,63,False
train2.csv,seen_normal_audit,GCAD-prediction_s10,0.01,49782,49846,64,False
train2.csv,seen_normal_audit,GCAD-prediction_s10,0.01,63295,63358,63,False
train2.csv,seen_normal_audit,GCAD-prediction_s10,0.01,93621,93682,61,False
train2.csv,seen_normal_audit,GCAD-prediction_s10,0.01,103651,103716,65,False
train2.csv,seen_normal_audit,GCAD-prediction_s10,0.01,104408,104473,65,False
train2.csv,seen_normal_audit,GCAD-prediction_s10,0.01,105695,105760,65,False
train2.csv,seen_normal_audit,GCAD-prediction_s10,0.01,113103,113168,65,False
train2.csv,seen_normal_audit,GCAD-prediction_s10,0.01,115097,115160,63,False
train2.csv,seen_normal_audit,GCAD-prediction_s10,0.01,115369,115432,63,False
train2.csv,seen_normal_audit,GCAD-prediction_s10,0.01,120141,120207,66,False
train2.csv,seen_normal_audit,GCAD-prediction_s10,0.01,126042,126104,62,False
train2.csv,seen_normal_audit,GCAD-prediction_s10,0.01,127411,127476,65,False
train2.csv,seen_normal_audit,GCAD-prediction_s10,0.01,134462,134523,61,False
train2.csv,seen_normal_audit,GCAD-prediction_s10,0.01,137131,137242,111,False
train2.csv,seen_normal_audit,GCAD-prediction_s10,0.01,141985,142065,80,False
train2.csv,seen_normal_audit,GCAD-prediction_s10,0.01,144261,144329,68,False
train2.csv,seen_normal_audit,GCAD-prediction_s10,0.01,147525,147588,63,False
train2.csv,seen_normal_audit,GCAD-prediction_s10,0.01,147924,147986,62,False
train2.csv,seen_normal_audit,GCAD-prediction_s10,0.01,178209,178289,80,False
train2.csv,seen_normal_audit,GCAD-prediction_s10,0.01,190807,190869,62,False
train2.csv,seen_normal_audit,GCAD-prediction_s10,0.01,191331,191358,27,False
train2.csv,seen_normal_audit,GCAD-prediction_s10,0.01,192528,192608,80,False
train2.csv,seen_normal_audit,GCAD-prediction_s10,0.02,164,167,3,False
train2.csv,seen_normal_audit,GCAD-prediction_s10,0.02,171,173,2,False
train2.csv,seen_normal_audit,GCAD-prediction_s10,0.02,790,793,3,False
train2.csv,seen_normal_audit,GCAD-prediction_s10,0.02,797,815,18,False
train2.csv,seen_normal_audit,GCAD-prediction_s10,0.02,5414,5476,62,False
train2.csv,seen_normal_audit,GCAD-prediction_s10,0.02,5938,5993,55,False
train2.csv,seen_normal_audit,GCAD-prediction_s10,0.02,6113,6127,14,False
train2.csv,seen_normal_audit,GCAD-prediction_s10,0.02,6131,6132,1,False
train2.csv,seen_normal_audit,GCAD-prediction_s10,0.02,6181,6182,1,False
train2.csv,seen_normal_audit,GCAD-prediction_s10,0.02,6290,6291,1,False
train2.csv,seen_normal_audit,GCAD-prediction_s10,0.02,6314,6332,18,False
train2.csv,seen_normal_audit,GCAD-prediction_s10,0.02,11173,11176,3,False
train2.csv,seen_normal_audit,GCAD-prediction_s10,0.02,12452,12533,81,False
train2.csv,seen_normal_audit,GCAD-prediction_s10,0.02,12578,12582,4,False
train2.csv,seen_normal_audit,GCAD-prediction_s10,0.02,12586,12587,1,False
train2.csv,seen_normal_audit,GCAD-prediction_s10,0.02,12590,12630,40,False
train2.csv,seen_normal_audit,GCAD-prediction_s10,0.02,12633,12635,2,False
train2.csv,seen_normal_audit,GCAD-prediction_s10,0.02,12638,12640,2,False
train2.csv,seen_normal_audit,GCAD-prediction_s10,0.02,12644,12652,8,False
train2.csv,seen_normal_audit,GCAD-prediction_s10,0.02,17745,17746,1,False
train2.csv,seen_normal_audit,GCAD-prediction_s10,0.02,17749,17751,2,False
train2.csv,seen_normal_audit,GCAD-prediction_s10,0.02,17757,17758,1,False
train2.csv,seen_normal_audit,GCAD-prediction_s10,0.02,17761,17764,3,False
train2.csv,seen_normal_audit,GCAD-prediction_s10,0.02,17769,17770,1,False
train2.csv,seen_normal_audit,GCAD-prediction_s10,0.02,17775,17776,1,False
train2.csv,seen_normal_audit,GCAD-prediction_s10,0.02,17781,17782,1,False
train2.csv,seen_normal_audit,GCAD-prediction_s10,0.02,17785,17788,3,False
train2.csv,seen_normal_audit,GCAD-prediction_s10,0.02,17794,17795,1,False
train2.csv,seen_normal_audit,GCAD-prediction_s10,0.02,17798,17801,3,False
train2.csv,seen_normal_audit,GCAD-prediction_s10,0.02,17807,17893,86,False
train2.csv,seen_normal_audit,GCAD-prediction_s10,0.02,18013,18078,65,False
train2.csv,seen_normal_audit,GCAD-prediction_s10,0.02,19004,19061,57,False
train2.csv,seen_normal_audit,GCAD-prediction_s10,0.02,19064,19066,2,False
train2.csv,seen_normal_audit,GCAD-prediction_s10,0.02,19200,19202,2,False
train2.csv,seen_normal_audit,GCAD-prediction_s10,0.02,19219,19223,4,False
train2.csv,seen_normal_audit,GCAD-prediction_s10,0.02,20120,20125,5,False
train2.csv,seen_normal_audit,GCAD-prediction_s10,0.02,20128,20133,5,False
train2.csv,seen_normal_audit,GCAD-prediction_s10,0.02,20141,20144,3,False
train2.csv,seen_normal_audit,GCAD-prediction_s10,0.02,21218,21240,22,False
train2.csv,seen_normal_audit,GCAD-prediction_s10,0.02,21245,21246,1,False
train2.csv,seen_normal_audit,GCAD-prediction_s10,0.02,24710,24718,8,False
train2.csv,seen_normal_audit,GCAD-prediction_s10,0.02,24856,24861,5,False
train2.csv,seen_normal_audit,GCAD-prediction_s10,0.02,25904,25991,87,False
train2.csv,seen_normal_audit,GCAD-prediction_s10,0.02,25994,25996,2,False
train2.csv,seen_normal_audit,GCAD-prediction_s10,0.02,26559,26577,18,False
train2.csv,seen_normal_audit,GCAD-prediction_s10,0.02,26581,26582,1,False
train2.csv,seen_normal_audit,GCAD-prediction_s10,0.02,26674,26699,25,False
train2.csv,seen_normal_audit,GCAD-prediction_s10,0.02,27069,27133,64,False
train2.csv,seen_normal_audit,GCAD-prediction_s10,0.02,28428,28490,62,False
train2.csv,seen_normal_audit,GCAD-prediction_s10,0.02,29004,29005,1,False
train2.csv,seen_normal_audit,GCAD-prediction_s10,0.02,29009,29089,80,False
train2.csv,seen_normal_audit,GCAD-prediction_s10,0.02,29093,29094,1,False
train2.csv,seen_normal_audit,GCAD-prediction_s10,0.02,29209,29277,68,False
train2.csv,seen_normal_audit,GCAD-prediction_s10,0.02,29280,29282,2,False
train2.csv,seen_normal_audit,GCAD-prediction_s10,0.02,29285,29288,3,False
train2.csv,seen_normal_audit,GCAD-prediction_s10,0.02,29384,29385,1,False
train2.csv,seen_normal_audit,GCAD-prediction_s10,0.02,29388,29391,3,False
train2.csv,seen_normal_audit,GCAD-prediction_s10,0.02,29395,29397,2,False
train2.csv,seen_normal_audit,GCAD-prediction_s10,0.02,30391,30475,84,False
train2.csv,seen_normal_audit,GCAD-prediction_s10,0.02,30479,30480,1,False
train2.csv,seen_normal_audit,GCAD-prediction_s10,0.02,34226,34291,65,False
train2.csv,seen_normal_audit,GCAD-prediction_s10,0.02,35825,35827,2,False
train2.csv,seen_normal_audit,GCAD-prediction_s10,0.02,35867,35869,2,False
train2.csv,seen_normal_audit,GCAD-prediction_s10,0.02,35873,35875,2,False
train2.csv,seen_normal_audit,GCAD-prediction_s10,0.02,35885,35887,2,False
train2.csv,seen_normal_audit,GCAD-prediction_s10,0.02,35891,35893,2,False
train2.csv,seen_normal_audit,GCAD-prediction_s10,0.02,35897,36052,155,False
train2.csv,seen_normal_audit,GCAD-prediction_s10,0.02,36055,36063,8,False
train2.csv,seen_normal_audit,GCAD-prediction_s10,0.02,36067,36069,2,False
train2.csv,seen_normal_audit,GCAD-prediction_s10,0.02,36074,36075,1,False
train2.csv,seen_normal_audit,GCAD-prediction_s10,0.02,36257,36347,90,False
train2.csv,seen_normal_audit,GCAD-prediction_s10,0.02,36350,36418,68,False
train2.csv,seen_normal_audit,GCAD-prediction_s10,0.02,36492,36628,136,False
train2.csv,seen_normal_audit,GCAD-prediction_s10,0.02,37644,37646,2,False
train2.csv,seen_normal_audit,GCAD-prediction_s10,0.02,37650,37651,1,False
train2.csv,seen_normal_audit,GCAD-prediction_s10,0.02,38645,38708,63,False
train2.csv,seen_normal_audit,GCAD-prediction_s10,0.02,40570,40571,1,False
train2.csv,seen_normal_audit,GCAD-prediction_s10,0.02,40575,40576,1,False
train2.csv,seen_normal_audit,GCAD-prediction_s10,0.02,40581,40591,10,False
train2.csv,seen_normal_audit,GCAD-prediction_s10,0.02,40830,40868,38,False
train2.csv,seen_normal_audit,GCAD-prediction_s10,0.02,40871,40876,5,False
train2.csv,seen_normal_audit,GCAD-prediction_s10,0.02,40879,40881,2,False
train2.csv,seen_normal_audit,GCAD-prediction_s10,0.02,44244,44245,1,False
train2.csv,seen_normal_audit,GCAD-prediction_s10,0.02,44248,44298,50,False
train2.csv,seen_normal_audit,GCAD-prediction_s10,0.02,47529,47533,4,False
train2.csv,seen_normal_audit,GCAD-prediction_s10,0.02,47536,47541,5,False
train2.csv,seen_normal_audit,GCAD-prediction_s10,0.02,47545,47563,18,False
train2.csv,seen_normal_audit,GCAD-prediction_s10,0.02,47628,47637,9,False
train2.csv,seen_normal_audit,GCAD-prediction_s10,0.02,47641,47648,7,False
train2.csv,seen_normal_audit,GCAD-prediction_s10,0.02,47651,47659,8,False
train2.csv,seen_normal_audit,GCAD-prediction_s10,0.02,47663,47671,8,False
train2.csv,seen_normal_audit,GCAD-prediction_s10,0.02,47675,47683,8,False
train2.csv,seen_normal_audit,GCAD-prediction_s10,0.02,47688,47690,2,False
train2.csv,seen_normal_audit,GCAD-prediction_s10,0.02,47694,47695,1,False
train2.csv,seen_normal_audit,GCAD-prediction_s10,0.02,47700,47703,3,False
train2.csv,seen_normal_audit,GCAD-prediction_s10,0.02,47706,47707,1,False
train2.csv,seen_normal_audit,GCAD-prediction_s10,0.02,47712,47716,4,False
train2.csv,seen_normal_audit,GCAD-prediction_s10,0.02,47719,47720,1,False
train2.csv,seen_normal_audit,GCAD-prediction_s10,0.02,47724,47725,1,False
train2.csv,seen_normal_audit,GCAD-prediction_s10,0.02,47837,47845,8,False
train2.csv,seen_normal_audit,GCAD-prediction_s10,0.02,47849,47850,1,False
train2.csv,seen_normal_audit,GCAD-prediction_s10,0.02,47864,48013,149,False
train2.csv,seen_normal_audit,GCAD-prediction_s10,0.02,48016,48018,2,False
train2.csv,seen_normal_audit,GCAD-prediction_s10,0.02,48022,48023,1,False
train2.csv,seen_normal_audit,GCAD-prediction_s10,0.02,48728,48789,61,False
train2.csv,seen_normal_audit,GCAD-prediction_s10,0.02,49781,49846,65,False
train2.csv,seen_normal_audit,GCAD-prediction_s10,0.02,52982,53129,147,False
train2.csv,seen_normal_audit,GCAD-prediction_s10,0.02,53166,53167,1,False
train2.csv,seen_normal_audit,GCAD-prediction_s10,0.02,53171,53173,2,False
train2.csv,seen_normal_audit,GCAD-prediction_s10,0.02,53177,53179,2,False
train2.csv,seen_normal_audit,GCAD-prediction_s10,0.02,53182,53184,2,False
train2.csv,seen_normal_audit,GCAD-prediction_s10,0.02,53199,53252,53,False
train2.csv,seen_normal_audit,GCAD-prediction_s10,0.02,53255,53267,12,False
train2.csv,seen_normal_audit,GCAD-prediction_s10,0.02,53411,53412,1,False
train2.csv,seen_normal_audit,GCAD-prediction_s10,0.02,53695,53696,1,False
train2.csv,seen_normal_audit,GCAD-prediction_s10,0.02,53739,53742,3,False
train2.csv,seen_normal_audit,GCAD-prediction_s10,0.02,53750,53751,1,False
train2.csv,seen_normal_audit,GCAD-prediction_s10,0.02,53754,53757,3,False
train2.csv,seen_normal_audit,GCAD-prediction_s10,0.02,55856,55918,62,False
train2.csv,seen_normal_audit,GCAD-prediction_s10,0.02,57976,57977,1,False
train2.csv,seen_normal_audit,GCAD-prediction_s10,0.02,57982,57984,2,False
train2.csv,seen_normal_audit,GCAD-prediction_s10,0.02,58616,58622,6,False
train2.csv,seen_normal_audit,GCAD-prediction_s10,0.02,58632,58640,8,False
train2.csv,seen_normal_audit,GCAD-prediction_s10,0.02,58647,58648,1,False
train2.csv,seen_normal_audit,GCAD-prediction_s10,0.02,58651,58656,5,False
train2.csv,seen_normal_audit,GCAD-prediction_s10,0.02,58693,58711,18,False
train2.csv,seen_normal_audit,GCAD-prediction_s10,0.02,58714,58741,27,False
train2.csv,seen_normal_audit,GCAD-prediction_s10,0.02,63295,63358,63,False
train2.csv,seen_normal_audit,GCAD-prediction_s10,0.02,63636,63637,1,False
train2.csv,seen_normal_audit,GCAD-prediction_s10,0.02,63640,63720,80,False
train2.csv,seen_normal_audit,GCAD-prediction_s10,0.02,63889,63895,6,False
train2.csv,seen_normal_audit,GCAD-prediction_s10,0.02,63898,63903,5,False
train2.csv,seen_normal_audit,GCAD-prediction_s10,0.02,63993,64054,61,False
train2.csv,seen_normal_audit,GCAD-prediction_s10,0.02,64058,64077,19,False
train2.csv,seen_normal_audit,GCAD-prediction_s10,0.02,64101,64103,2,False
train2.csv,seen_normal_audit,GCAD-prediction_s10,0.02,64107,64109,2,False
train2.csv,seen_normal_audit,GCAD-prediction_s10,0.02,68012,68013,1,False
train2.csv,seen_normal_audit,GCAD-prediction_s10,0.02,68025,68028,3,False
train2.csv,seen_normal_audit,GCAD-prediction_s10,0.02,68031,68032,1,False
train2.csv,seen_normal_audit,GCAD-prediction_s10,0.02,68037,68040,3,False
train2.csv,seen_normal_audit,GCAD-prediction_s10,0.02,68043,68051,8,False
train2.csv,seen_normal_audit,GCAD-prediction_s10,0.02,68056,68057,1,False
train2.csv,seen_normal_audit,GCAD-prediction_s10,0.02,68586,68626,40,False
train2.csv,seen_normal_audit,GCAD-prediction_s10,0.02,68629,68631,2,False
train2.csv,seen_normal_audit,GCAD-prediction_s10,0.02,68704,68766,62,False
train2.csv,seen_normal_audit,GCAD-prediction_s10,0.02,68914,68934,20,False
train2.csv,seen_normal_audit,GCAD-prediction_s10,0.02,68943,68949,6,False
train2.csv,seen_normal_audit,GCAD-prediction_s10,0.02,68955,69034,79,False
train2.csv,seen_normal_audit,GCAD-prediction_s10,0.02,73955,74021,66,False
train2.csv,seen_normal_audit,GCAD-prediction_s10,0.02,74033,74039,6,False
train2.csv,seen_normal_audit,GCAD-prediction_s10,0.02,74051,74052,1,False
train2.csv,seen_normal_audit,GCAD-prediction_s10,0.02,74056,74067,11,False
train2.csv,seen_normal_audit,GCAD-prediction_s10,0.02,74101,74107,6,False
train2.csv,seen_normal_audit,GCAD-prediction_s10,0.02,74110,74113,3,False
train2.csv,seen_normal_audit,GCAD-prediction_s10,0.02,74116,74118,2,False
train2.csv,seen_normal_audit,GCAD-prediction_s10,0.02,74121,74187,66,False
train2.csv,seen_normal_audit,GCAD-prediction_s10,0.02,74193,74196,3,False
train2.csv,seen_normal_audit,GCAD-prediction_s10,0.02,74298,74300,2,False
train2.csv,seen_normal_audit,GCAD-prediction_s10,0.02,74304,74305,1,False
train2.csv,seen_normal_audit,GCAD-prediction_s10,0.02,74309,74327,18,False
train2.csv,seen_normal_audit,GCAD-prediction_s10,0.02,74331,74355,24,False
train2.csv,seen_normal_audit,GCAD-prediction_s10,0.02,74359,74360,1,False
train2.csv,seen_normal_audit,GCAD-prediction_s10,0.02,74364,74372,8,False
train2.csv,seen_normal_audit,GCAD-prediction_s10,0.02,74392,74393,1,False
train2.csv,seen_normal_audit,GCAD-prediction_s10,0.02,74502,74523,21,False
train2.csv,seen_normal_audit,GCAD-prediction_s10,0.02,78401,78505,104,False
train2.csv,seen_normal_audit,GCAD-prediction_s10,0.02,78508,78510,2,False
train2.csv,seen_normal_audit,GCAD-prediction_s10,0.02,78516,78529,13,False
train2.csv,seen_normal_audit,GCAD-prediction_s10,0.02,78578,78579,1,False
train2.csv,seen_normal_audit,GCAD-prediction_s10,0.02,78583,78592,9,False
train2.csv,seen_normal_audit,GCAD-prediction_s10,0.02,78600,78729,129,False
train2.csv,seen_normal_audit,GCAD-prediction_s10,0.02,78819,78832,13,False
train2.csv,seen_normal_audit,GCAD-prediction_s10,0.02,78902,78903,1,False
train2.csv,seen_normal_audit,GCAD-prediction_s10,0.02,78909,79006,97,False
train2.csv,seen_normal_audit,GCAD-prediction_s10,0.02,79191,79198,7,False
train2.csv,seen_normal_audit,GCAD-prediction_s10,0.02,79203,79299,96,False
train2.csv,seen_normal_audit,GCAD-prediction_s10,0.02,79303,79305,2,False
train2.csv,seen_normal_audit,GCAD-prediction_s10,0.02,79414,79415,1,False
train2.csv,seen_normal_audit,GCAD-prediction_s10,0.02,79420,79422,2,False
train2.csv,seen_normal_audit,GCAD-prediction_s10,0.02,79425,79434,9,False
train2.csv,seen_normal_audit,GCAD-prediction_s10,0.02,79437,79478,41,False
train2.csv,seen_normal_audit,GCAD-prediction_s10,0.02,79544,79648,104,False
train2.csv,seen_normal_audit,GCAD-prediction_s10,0.02,80035,80036,1,False
train2.csv,seen_normal_audit,GCAD-prediction_s10,0.02,80040,80054,14,False
train2.csv,seen_normal_audit,GCAD-prediction_s10,0.02,80058,80063,5,False
train2.csv,seen_normal_audit,GCAD-prediction_s10,0.02,81358,81360,2,False
train2.csv,seen_normal_audit,GCAD-prediction_s10,0.02,81365,81366,1,False
train2.csv,seen_normal_audit,GCAD-prediction_s10,0.02,81370,81432,62,False
train2.csv,seen_normal_audit,GCAD-prediction_s10,0.02,85940,86068,128,False
train2.csv,seen_normal_audit,GCAD-prediction_s10,0.02,86354,86422,68,False
train2.csv,seen_normal_audit,GCAD-prediction_s10,0.02,90296,90297,1,False
train2.csv,seen_normal_audit,GCAD-prediction_s10,0.02,90300,90303,3,False
train2.csv,seen_normal_audit,GCAD-prediction_s10,0.02,90306,90307,1,False
train2.csv,seen_normal_audit,GCAD-prediction_s10,0.02,90324,90351,27,False
train2.csv,seen_normal_audit,GCAD-prediction_s10,0.02,90552,90625,73,False
train2.csv,seen_normal_audit,GCAD-prediction_s10,0.02,90628,90636,8,False
train2.csv,seen_normal_audit,GCAD-prediction_s10,0.02,90644,90649,5,False
train2.csv,seen_normal_audit,GCAD-prediction_s10,0.02,90683,90706,23,False
train2.csv,seen_normal_audit,GCAD-prediction_s10,0.02,90709,90718,9,False
train2.csv,seen_normal_audit,GCAD-prediction_s10,0.02,90730,90741,11,False
train2.csv,seen_normal_audit,GCAD-prediction_s10,0.02,90770,90879,109,False
train2.csv,seen_normal_audit,GCAD-prediction_s10,0.02,90884,90891,7,False
train2.csv,seen_normal_audit,GCAD-prediction_s10,0.02,90894,90896,2,False
train2.csv,seen_normal_audit,GCAD-prediction_s10,0.02,90906,91071,165,False
train2.csv,seen_normal_audit,GCAD-prediction_s10,0.02,91074,91088,14,False
train2.csv,seen_normal_audit,GCAD-prediction_s10,0.02,91091,91093,2,False
train2.csv,seen_normal_audit,GCAD-prediction_s10,0.02,91107,91121,14,False
train2.csv,seen_normal_audit,GCAD-prediction_s10,0.02,91125,91126,1,False
train2.csv,seen_normal_audit,GCAD-prediction_s10,0.02,91243,91308,65,False
train2.csv,seen_normal_audit,GCAD-prediction_s10,0.02,91414,91415,1,False
train2.csv,seen_normal_audit,GCAD-prediction_s10,0.02,91418,91463,45,False
train2.csv,seen_normal_audit,GCAD-prediction_s10,0.02,91542,91619,77,False
train2.csv,seen_normal_audit,GCAD-prediction_s10,0.02,91623,91625,2,False
train2.csv,seen_normal_audit,GCAD-prediction_s10,0.02,91815,91876,61,False
train2.csv,seen_normal_audit,GCAD-prediction_s10,0.02,93532,93533,1,False
train2.csv,seen_normal_audit,GCAD-prediction_s10,0.02,93537,93538,1,False
train2.csv,seen_normal_audit,GCAD-prediction_s10,0.02,93543,93551,8,False
train2.csv,seen_normal_audit,GCAD-prediction_s10,0.02,93555,93557,2,False
train2.csv,seen_normal_audit,GCAD-prediction_s10,0.02,93614,93685,71,False
train2.csv,seen_normal_audit,GCAD-prediction_s10,0.02,95355,95388,33,False
train2.csv,seen_normal_audit,GCAD-prediction_s10,0.02,95391,95393,2,False
train2.csv,seen_normal_audit,GCAD-prediction_s10,0.02,95396,95399,3,False
train2.csv,seen_normal_audit,GCAD-prediction_s10,0.02,95402,95404,2,False
train2.csv,seen_normal_audit,GCAD-prediction_s10,0.02,97360,97361,1,False
train2.csv,seen_normal_audit,GCAD-prediction_s10,0.02,97371,97403,32,False
train2.csv,seen_normal_audit,GCAD-prediction_s10,0.02,97425,97446,21,False
train2.csv,seen_normal_audit,GCAD-prediction_s10,0.02,97453,97504,51,False
train2.csv,seen_normal_audit,GCAD-prediction_s10,0.02,97507,97522,15,False
train2.csv,seen_normal_audit,GCAD-prediction_s10,0.02,97525,97526,1,False
train2.csv,seen_normal_audit,GCAD-prediction_s10,0.02,97529,97553,24,False
train2.csv,seen_normal_audit,GCAD-prediction_s10,0.02,97567,97609,42,False
train2.csv,seen_normal_audit,GCAD-prediction_s10,0.02,97616,97730,114,False
train2.csv,seen_normal_audit,GCAD-prediction_s10,0.02,97743,97744,1,False
train2.csv,seen_normal_audit,GCAD-prediction_s10,0.02,97749,97750,1,False
train2.csv,seen_normal_audit,GCAD-prediction_s10,0.02,97765,97838,73,False
train2.csv,seen_normal_audit,GCAD-prediction_s10,0.02,97905,98008,103,False
train2.csv,seen_normal_audit,GCAD-prediction_s10,0.02,101929,102016,87,False
train2.csv,seen_normal_audit,GCAD-prediction_s10,0.02,102075,102076,1,False
train2.csv,seen_normal_audit,GCAD-prediction_s10,0.02,102080,102182,102,False
train2.csv,seen_normal_audit,GCAD-prediction_s10,0.02,102185,102191,6,False
train2.csv,seen_normal_audit,GCAD-prediction_s10,0.02,102263,102270,7,False
train2.csv,seen_normal_audit,GCAD-prediction_s10,0.02,102304,102305,1,False
train2.csv,seen_normal_audit,GCAD-prediction_s10,0.02,102310,102311,1,False
train2.csv,seen_normal_audit,GCAD-prediction_s10,0.02,102378,102379,1,False
train2.csv,seen_normal_audit,GCAD-prediction_s10,0.02,102387,102429,42,False
train2.csv,seen_normal_audit,GCAD-prediction_s10,0.02,102432,102434,2,False
train2.csv,seen_normal_audit,GCAD-prediction_s10,0.02,102443,102457,14,False
train2.csv,seen_normal_audit,GCAD-prediction_s10,0.02,102483,102507,24,False
train2.csv,seen_normal_audit,GCAD-prediction_s10,0.02,102510,102545,35,False
train2.csv,seen_normal_audit,GCAD-prediction_s10,0.02,102549,102550,1,False
train2.csv,seen_normal_audit,GCAD-prediction_s10,0.02,102554,102555,1,False
train2.csv,seen_normal_audit,GCAD-prediction_s10,0.02,102577,102578,1,False
train2.csv,seen_normal_audit,GCAD-prediction_s10,0.02,102588,102589,1,False
train2.csv,seen_normal_audit,GCAD-prediction_s10,0.02,102592,102594,2,False
train2.csv,seen_normal_audit,GCAD-prediction_s10,0.02,102599,102629,30,False
train2.csv,seen_normal_audit,GCAD-prediction_s10,0.02,102632,102634,2,False
train2.csv,seen_normal_audit,GCAD-prediction_s10,0.02,102638,102639,1,False
train2.csv,seen_normal_audit,GCAD-prediction_s10,0.02,102694,102700,6,False
train2.csv,seen_normal_audit,GCAD-prediction_s10,0.02,102710,102746,36,False
train2.csv,seen_normal_audit,GCAD-prediction_s10,0.02,102864,102865,1,False
train2.csv,seen_normal_audit,GCAD-prediction_s10,0.02,102869,102899,30,False
train2.csv,seen_normal_audit,GCAD-prediction_s10,0.02,102902,102903,1,False
train2.csv,seen_normal_audit,GCAD-prediction_s10,0.02,102925,102934,9,False
train2.csv,seen_normal_audit,GCAD-prediction_s10,0.02,102948,102949,1,False
train2.csv,seen_normal_audit,GCAD-prediction_s10,0.02,103020,103071,51,False
train2.csv,seen_normal_audit,GCAD-prediction_s10,0.02,103077,103081,4,False
train2.csv,seen_normal_audit,GCAD-prediction_s10,0.02,103088,103092,4,False
train2.csv,seen_normal_audit,GCAD-prediction_s10,0.02,103100,103102,2,False
train2.csv,seen_normal_audit,GCAD-prediction_s10,0.02,103482,103483,1,False
train2.csv,seen_normal_audit,GCAD-prediction_s10,0.02,103486,103487,1,False
train2.csv,seen_normal_audit,GCAD-prediction_s10,0.02,103571,103597,26,False
train2.csv,seen_normal_audit,GCAD-prediction_s10,0.02,103600,103602,2,False
train2.csv,seen_normal_audit,GCAD-prediction_s10,0.02,103651,103716,65,False
train2.csv,seen_normal_audit,GCAD-prediction_s10,0.02,103827,103828,1,False
train2.csv,seen_normal_audit,GCAD-prediction_s10,0.02,103838,103840,2,False
train2.csv,seen_normal_audit,GCAD-prediction_s10,0.02,103845,103846,1,False
train2.csv,seen_normal_audit,GCAD-prediction_s10,0.02,103851,103852,1,False
train2.csv,seen_normal_audit,GCAD-prediction_s10,0.02,103857,103859,2,False
train2.csv,seen_normal_audit,GCAD-prediction_s10,0.02,103863,103866,3,False
train2.csv,seen_normal_audit,GCAD-prediction_s10,0.02,103887,103889,2,False
train2.csv,seen_normal_audit,GCAD-prediction_s10,0.02,103899,103900,1,False
train2.csv,seen_normal_audit,GCAD-prediction_s10,0.02,103905,103907,2,False
train2.csv,seen_normal_audit,GCAD-prediction_s10,0.02,103924,103925,1,False
train2.csv,seen_normal_audit,GCAD-prediction_s10,0.02,104024,104025,1,False
train2.csv,seen_normal_audit,GCAD-prediction_s10,0.02,104030,104031,1,False
train2.csv,seen_normal_audit,GCAD-prediction_s10,0.02,104108,104110,2,False
train2.csv,seen_normal_audit,GCAD-prediction_s10,0.02,104114,104116,2,False
train2.csv,seen_normal_audit,GCAD-prediction_s10,0.02,104121,104122,1,False
train2.csv,seen_normal_audit,GCAD-prediction_s10,0.02,104127,104128,1,False
train2.csv,seen_normal_audit,GCAD-prediction_s10,0.02,104408,104473,65,False
train2.csv,seen_normal_audit,GCAD-prediction_s10,0.02,105054,105056,2,False
train2.csv,seen_normal_audit,GCAD-prediction_s10,0.02,105066,105068,2,False
train2.csv,seen_normal_audit,GCAD-prediction_s10,0.02,105073,105074,1,False
train2.csv,seen_normal_audit,GCAD-prediction_s10,0.02,105078,105086,8,False
train2.csv,seen_normal_audit,GCAD-prediction_s10,0.02,105090,105098,8,False
train2.csv,seen_normal_audit,GCAD-prediction_s10,0.02,105102,105104,2,False
train2.csv,seen_normal_audit,GCAD-prediction_s10,0.02,105695,105760,65,False
train2.csv,seen_normal_audit,GCAD-prediction_s10,0.02,108819,108886,67,False
train2.csv,seen_normal_audit,GCAD-prediction_s10,0.02,108960,108966,6,False
train2.csv,seen_normal_audit,GCAD-prediction_s10,0.02,108972,108973,1,False
train2.csv,seen_normal_audit,GCAD-prediction_s10,0.02,108982,108983,1,False
train2.csv,seen_normal_audit,GCAD-prediction_s10,0.02,109161,109163,2,False
train2.csv,seen_normal_audit,GCAD-prediction_s10,0.02,109166,109168,2,False
train2.csv,seen_normal_audit,GCAD-prediction_s10,0.02,109177,109178,1,False
train2.csv,seen_normal_audit,GCAD-prediction_s10,0.02,109212,109218,6,False
train2.csv,seen_normal_audit,GCAD-prediction_s10,0.02,109222,109223,1,False
train2.csv,seen_normal_audit,GCAD-prediction_s10,0.02,109233,109312,79,False
train2.csv,seen_normal_audit,GCAD-prediction_s10,0.02,109316,109317,1,False
train2.csv,seen_normal_audit,GCAD-prediction_s10,0.02,109320,109323,3,False
train2.csv,seen_normal_audit,GCAD-prediction_s10,0.02,109327,109328,1,False
train2.csv,seen_normal_audit,GCAD-prediction_s10,0.02,109405,109407,2,False
train2.csv,seen_normal_audit,GCAD-prediction_s10,0.02,109410,109411,1,False
train2.csv,seen_normal_audit,GCAD-prediction_s10,0.02,109488,109491,3,False
train2.csv,seen_normal_audit,GCAD-prediction_s10,0.02,109494,109500,6,False
train2.csv,seen_normal_audit,GCAD-prediction_s10,0.02,113103,113168,65,False
train2.csv,seen_normal_audit,GCAD-prediction_s10,0.02,113371,113444,73,False
train2.csv,seen_normal_audit,GCAD-prediction_s10,0.02,113573,113581,8,False
train2.csv,seen_normal_audit,GCAD-prediction_s10,0.02,113584,113586,2,False
train2.csv,seen_normal_audit,GCAD-prediction_s10,0.02,113591,113592,1,False
train2.csv,seen_normal_audit,GCAD-prediction_s10,0.02,113630,113631,1,False
train2.csv,seen_normal_audit,GCAD-prediction_s10,0.02,113640,113698,58,False
train2.csv,seen_normal_audit,GCAD-prediction_s10,0.02,113702,113703,1,False
train2.csv,seen_normal_audit,GCAD-prediction_s10,0.02,113793,113805,12,False
train2.csv,seen_normal_audit,GCAD-prediction_s10,0.02,113808,113821,13,False
train2.csv,seen_normal_audit,GCAD-prediction_s10,0.02,113824,113826,2,False
train2.csv,seen_normal_audit,GCAD-prediction_s10,0.02,113887,113932,45,False
train2.csv,seen_normal_audit,GCAD-prediction_s10,0.02,113935,113941,6,False
train2.csv,seen_normal_audit,GCAD-prediction_s10,0.02,113950,113953,3,False
train2.csv,seen_normal_audit,GCAD-prediction_s10,0.02,114001,114070,69,False
train2.csv,seen_normal_audit,GCAD-prediction_s10,0.02,114075,114079,4,False
train2.csv,seen_normal_audit,GCAD-prediction_s10,0.02,114453,114454,1,False
train2.csv,seen_normal_audit,GCAD-prediction_s10,0.02,114459,114465,6,False
train2.csv,seen_normal_audit,GCAD-prediction_s10,0.02,114477,114486,9,False
train2.csv,seen_normal_audit,GCAD-prediction_s10,0.02,114501,114502,1,False
train2.csv,seen_normal_audit,GCAD-prediction_s10,0.02,114508,114509,1,False
train2.csv,seen_normal_audit,GCAD-prediction_s10,0.02,114520,114521,1,False
train2.csv,seen_normal_audit,GCAD-prediction_s10,0.02,114543,114545,2,False
train2.csv,seen_normal_audit,GCAD-prediction_s10,0.02,114936,114982,46,False
train2.csv,seen_normal_audit,GCAD-prediction_s10,0.02,114992,115011,19,False
train2.csv,seen_normal_audit,GCAD-prediction_s10,0.02,115014,115034,20,False
train2.csv,seen_normal_audit,GCAD-prediction_s10,0.02,115040,115056,16,False
train2.csv,seen_normal_audit,GCAD-prediction_s10,0.02,115060,115066,6,False
train2.csv,seen_normal_audit,GCAD-prediction_s10,0.02,115074,115087,13,False
train2.csv,seen_normal_audit,GCAD-prediction_s10,0.02,115090,115093,3,False
train2.csv,seen_normal_audit,GCAD-prediction_s10,0.02,115096,115160,64,False
train2.csv,seen_normal_audit,GCAD-prediction_s10,0.02,115338,115339,1,False
train2.csv,seen_normal_audit,GCAD-prediction_s10,0.02,115344,115347,3,False
train2.csv,seen_normal_audit,GCAD-prediction_s10,0.02,115350,115433,83,False
train2.csv,seen_normal_audit,GCAD-prediction_s10,0.02,118676,118679,3,False
train2.csv,seen_normal_audit,GCAD-prediction_s10,0.02,118682,118685,3,False
train2.csv,seen_normal_audit,GCAD-prediction_s10,0.02,118688,118702,14,False
train2.csv,seen_normal_audit,GCAD-prediction_s10,0.02,118717,118720,3,False
train2.csv,seen_normal_audit,GCAD-prediction_s10,0.02,120141,120207,66,False
train2.csv,seen_normal_audit,GCAD-prediction_s10,0.02,120288,120297,9,False
train2.csv,seen_normal_audit,GCAD-prediction_s10,0.02,120303,120305,2,False
train2.csv,seen_normal_audit,GCAD-prediction_s10,0.02,120308,120396,88,False
train2.csv,seen_normal_audit,GCAD-prediction_s10,0.02,120649,120651,2,False
train2.csv,seen_normal_audit,GCAD-prediction_s10,0.02,120655,120657,2,False
train2.csv,seen_normal_audit,GCAD-prediction_s10,0.02,120790,120852,62,False
train2.csv,seen_normal_audit,GCAD-prediction_s10,0.02,120914,120915,1,False
train2.csv,seen_normal_audit,GCAD-prediction_s10,0.02,120919,120966,47,False
train2.csv,seen_normal_audit,GCAD-prediction_s10,0.02,121065,121066,1,False
train2.csv,seen_normal_audit,GCAD-prediction_s10,0.02,121069,121131,62,False
train2.csv,seen_normal_audit,GCAD-prediction_s10,0.02,124775,124777,2,False
train2.csv,seen_normal_audit,GCAD-prediction_s10,0.02,124781,124791,10,False
train2.csv,seen_normal_audit,GCAD-prediction_s10,0.02,124844,125015,171,False
train2.csv,seen_normal_audit,GCAD-prediction_s10,0.02,125035,125059,24,False
train2.csv,seen_normal_audit,GCAD-prediction_s10,0.02,125062,125103,41,False
train2.csv,seen_normal_audit,GCAD-prediction_s10,0.02,125111,125139,28,False
train2.csv,seen_normal_audit,GCAD-prediction_s10,0.02,125170,125171,1,False
train2.csv,seen_normal_audit,GCAD-prediction_s10,0.02,125197,125260,63,False
train2.csv,seen_normal_audit,GCAD-prediction_s10,0.02,125436,125438,2,False
train2.csv,seen_normal_audit,GCAD-prediction_s10,0.02,125441,125557,116,False
train2.csv,seen_normal_audit,GCAD-prediction_s10,0.02,125561,125564,3,False
train2.csv,seen_normal_audit,GCAD-prediction_s10,0.02,125568,125569,1,False
train2.csv,seen_normal_audit,GCAD-prediction_s10,0.02,125573,125575,2,False
train2.csv,seen_normal_audit,GCAD-prediction_s10,0.02,125579,125693,114,False
train2.csv,seen_normal_audit,GCAD-prediction_s10,0.02,125968,126031,63,False
train2.csv,seen_normal_audit,GCAD-prediction_s10,0.02,126034,126036,2,False
train2.csv,seen_normal_audit,GCAD-prediction_s10,0.02,126041,126104,63,False
train2.csv,seen_normal_audit,GCAD-prediction_s10,0.02,126285,126286,1,False
train2.csv,seen_normal_audit,GCAD-prediction_s10,0.02,126303,126304,1,False
train2.csv,seen_normal_audit,GCAD-prediction_s10,0.02,126363,126365,2,False
train2.csv,seen_normal_audit,GCAD-prediction_s10,0.02,126375,126419,44,False
train2.csv,seen_normal_audit,GCAD-prediction_s10,0.02,126752,126802,50,False
train2.csv,seen_normal_audit,GCAD-prediction_s10,0.02,126838,126841,3,False
train2.csv,seen_normal_audit,GCAD-prediction_s10,0.02,126850,126882,32,False
train2.csv,seen_normal_audit,GCAD-prediction_s10,0.02,127392,127407,15,False
train2.csv,seen_normal_audit,GCAD-prediction_s10,0.02,127410,127514,104,False
train2.csv,seen_normal_audit,GCAD-prediction_s10,0.02,130710,130721,11,False
train2.csv,seen_normal_audit,GCAD-prediction_s10,0.02,130725,130728,3,False
train2.csv,seen_normal_audit,GCAD-prediction_s10,0.02,130732,130734,2,False
train2.csv,seen_normal_audit,GCAD-prediction_s10,0.02,130738,130741,3,False
train2.csv,seen_normal_audit,GCAD-prediction_s10,0.02,130744,130746,2,False
train2.csv,seen_normal_audit,GCAD-prediction_s10,0.02,130750,130756,6,False
train2.csv,seen_normal_audit,GCAD-prediction_s10,0.02,131345,131444,99,False
train2.csv,seen_normal_audit,GCAD-prediction_s10,0.02,131584,131668,84,False
train2.csv,seen_normal_audit,GCAD-prediction_s10,0.02,131740,131741,1,False
train2.csv,seen_normal_audit,GCAD-prediction_s10,0.02,131751,131752,1,False
train2.csv,seen_normal_audit,GCAD-prediction_s10,0.02,131762,131763,1,False
train2.csv,seen_normal_audit,GCAD-prediction_s10,0.02,131772,131781,9,False
train2.csv,seen_normal_audit,GCAD-prediction_s10,0.02,131784,131786,2,False
train2.csv,seen_normal_audit,GCAD-prediction_s10,0.02,131790,131791,1,False
train2.csv,seen_normal_audit,GCAD-prediction_s10,0.02,131794,131820,26,False
train2.csv,seen_normal_audit,GCAD-prediction_s10,0.02,131823,131825,2,False
train2.csv,seen_normal_audit,GCAD-prediction_s10,0.02,131962,131968,6,False
train2.csv,seen_normal_audit,GCAD-prediction_s10,0.02,134461,134524,63,False
train2.csv,seen_normal_audit,GCAD-prediction_s10,0.02,135143,135145,2,False
train2.csv,seen_normal_audit,GCAD-prediction_s10,0.02,135153,135161,8,False
train2.csv,seen_normal_audit,GCAD-prediction_s10,0.02,135310,135405,95,False
train2.csv,seen_normal_audit,GCAD-prediction_s10,0.02,135571,135584,13,False
train2.csv,seen_normal_audit,GCAD-prediction_s10,0.02,135651,135696,45,False
train2.csv,seen_normal_audit,GCAD-prediction_s10,0.02,135700,135702,2,False
train2.csv,seen_normal_audit,GCAD-prediction_s10,0.02,135818,135880,62,False
train2.csv,seen_normal_audit,GCAD-prediction_s10,0.02,135897,135898,1,False
train2.csv,seen_normal_audit,GCAD-prediction_s10,0.02,136422,136423,1,False
train2.csv,seen_normal_audit,GCAD-prediction_s10,0.02,136473,136476,3,False
train2.csv,seen_normal_audit,GCAD-prediction_s10,0.02,136904,136946,42,False
train2.csv,seen_normal_audit,GCAD-prediction_s10,0.02,137015,137018,3,False
train2.csv,seen_normal_audit,GCAD-prediction_s10,0.02,137021,137089,68,False
train2.csv,seen_normal_audit,GCAD-prediction_s10,0.02,137094,137095,1,False
train2.csv,seen_normal_audit,GCAD-prediction_s10,0.02,137100,137101,1,False
train2.csv,seen_normal_audit,GCAD-prediction_s10,0.02,137130,137242,112,False
train2.csv,seen_normal_audit,GCAD-prediction_s10,0.02,141412,141646,234,False
train2.csv,seen_normal_audit,GCAD-prediction_s10,0.02,141898,141899,1,False
train2.csv,seen_normal_audit,GCAD-prediction_s10,0.02,141910,141912,2,False
train2.csv,seen_normal_audit,GCAD-prediction_s10,0.02,141916,141918,2,False
train2.csv,seen_normal_audit,GCAD-prediction_s10,0.02,141921,142065,144,False
train2.csv,seen_normal_audit,GCAD-prediction_s10,0.02,143103,143106,3,False
train2.csv,seen_normal_audit,GCAD-prediction_s10,0.02,143109,143110,1,False
train2.csv,seen_normal_audit,GCAD-prediction_s10,0.02,143115,143165,50,False
train2.csv,seen_normal_audit,GCAD-prediction_s10,0.02,143197,143270,73,False
train2.csv,seen_normal_audit,GCAD-prediction_s10,0.02,143275,143276,1,False
train2.csv,seen_normal_audit,GCAD-prediction_s10,0.02,143428,143434,6,False
train2.csv,seen_normal_audit,GCAD-prediction_s10,0.02,143443,143445,2,False
train2.csv,seen_normal_audit,GCAD-prediction_s10,0.02,143456,143609,153,False
train2.csv,seen_normal_audit,GCAD-prediction_s10,0.02,143760,143767,7,False
train2.csv,seen_normal_audit,GCAD-prediction_s10,0.02,143773,143780,7,False
train2.csv,seen_normal_audit,GCAD-prediction_s10,0.02,143784,143786,2,False
train2.csv,seen_normal_audit,GCAD-prediction_s10,0.02,143806,143815,9,False
train2.csv,seen_normal_audit,GCAD-prediction_s10,0.02,144162,144168,6,False
train2.csv,seen_normal_audit,GCAD-prediction_s10,0.02,144261,144329,68,False
train2.csv,seen_normal_audit,GCAD-prediction_s10,0.02,147525,147588,63,False
train2.csv,seen_normal_audit,GCAD-prediction_s10,0.02,147924,147986,62,False
train2.csv,seen_normal_audit,GCAD-prediction_s10,0.02,148201,148204,3,False
train2.csv,seen_normal_audit,GCAD-prediction_s10,0.02,148207,148210,3,False
train2.csv,seen_normal_audit,GCAD-prediction_s10,0.02,148213,148326,113,False
train2.csv,seen_normal_audit,GCAD-prediction_s10,0.02,148329,148404,75,False
train2.csv,seen_normal_audit,GCAD-prediction_s10,0.02,148412,148418,6,False
train2.csv,seen_normal_audit,GCAD-prediction_s10,0.02,148423,148532,109,False
train2.csv,seen_normal_audit,GCAD-prediction_s10,0.02,148595,148612,17,False
train2.csv,seen_normal_audit,GCAD-prediction_s10,0.02,149341,149363,22,False
train2.csv,seen_normal_audit,GCAD-prediction_s10,0.02,149366,149370,4,False
train2.csv,seen_normal_audit,GCAD-prediction_s10,0.02,149411,149415,4,False
train2.csv,seen_normal_audit,GCAD-prediction_s10,0.02,149423,149442,19,False
train2.csv,seen_normal_audit,GCAD-prediction_s10,0.02,149445,149448,3,False
train2.csv,seen_normal_audit,GCAD-prediction_s10,0.02,153419,153420,1,False
train2.csv,seen_normal_audit,GCAD-prediction_s10,0.02,153424,153427,3,False
train2.csv,seen_normal_audit,GCAD-prediction_s10,0.02,153430,153432,2,False
train2.csv,seen_normal_audit,GCAD-prediction_s10,0.02,153435,153645,210,False
train2.csv,seen_normal_audit,GCAD-prediction_s10,0.02,153727,153728,1,False
train2.csv,seen_normal_audit,GCAD-prediction_s10,0.02,153731,153758,27,False
train2.csv,seen_normal_audit,GCAD-prediction_s10,0.02,153774,153789,15,False
train2.csv,seen_normal_audit,GCAD-prediction_s10,0.02,153823,154015,192,False
train2.csv,seen_normal_audit,GCAD-prediction_s10,0.02,154018,154021,3,False
train2.csv,seen_normal_audit,GCAD-prediction_s10,0.02,154137,154139,2,False
train2.csv,seen_normal_audit,GCAD-prediction_s10,0.02,154144,154156,12,False
train2.csv,seen_normal_audit,GCAD-prediction_s10,0.02,154159,154160,1,False
train2.csv,seen_normal_audit,GCAD-prediction_s10,0.02,154166,154301,135,False
train2.csv,seen_normal_audit,GCAD-prediction_s10,0.02,154304,154307,3,False
train2.csv,seen_normal_audit,GCAD-prediction_s10,0.02,154572,154573,1,False
train2.csv,seen_normal_audit,GCAD-prediction_s10,0.02,154582,154585,3,False
train2.csv,seen_normal_audit,GCAD-prediction_s10,0.02,154592,154611,19,False
train2.csv,seen_normal_audit,GCAD-prediction_s10,0.02,154627,154630,3,False
train2.csv,seen_normal_audit,GCAD-prediction_s10,0.02,154633,154634,1,False
train2.csv,seen_normal_audit,GCAD-prediction_s10,0.02,154643,154644,1,False
train2.csv,seen_normal_audit,GCAD-prediction_s10,0.02,154649,154650,1,False
train2.csv,seen_normal_audit,GCAD-prediction_s10,0.02,154653,154654,1,False
train2.csv,seen_normal_audit,GCAD-prediction_s10,0.02,154679,154681,2,False
train2.csv,seen_normal_audit,GCAD-prediction_s10,0.02,158465,158467,2,False
train2.csv,seen_normal_audit,GCAD-prediction_s10,0.02,158470,158471,1,False
train2.csv,seen_normal_audit,GCAD-prediction_s10,0.02,158476,158549,73,False
train2.csv,seen_normal_audit,GCAD-prediction_s10,0.02,158620,158622,2,False
train2.csv,seen_normal_audit,GCAD-prediction_s10,0.02,158625,158628,3,False
train2.csv,seen_normal_audit,GCAD-prediction_s10,0.02,158631,158659,28,False
train2.csv,seen_normal_audit,GCAD-prediction_s10,0.02,158662,158663,1,False
train2.csv,seen_normal_audit,GCAD-prediction_s10,0.02,158666,158669,3,False
train2.csv,seen_normal_audit,GCAD-prediction_s10,0.02,158681,158807,126,False
train2.csv,seen_normal_audit,GCAD-prediction_s10,0.02,158822,158823,1,False
train2.csv,seen_normal_audit,GCAD-prediction_s10,0.02,158828,158829,1,False
train2.csv,seen_normal_audit,GCAD-prediction_s10,0.02,158902,158942,40,False
train2.csv,seen_normal_audit,GCAD-prediction_s10,0.02,158945,158946,1,False
train2.csv,seen_normal_audit,GCAD-prediction_s10,0.02,158952,158955,3,False
train2.csv,seen_normal_audit,GCAD-prediction_s10,0.02,159024,159088,64,False
train2.csv,seen_normal_audit,GCAD-prediction_s10,0.02,159943,159964,21,False
train2.csv,seen_normal_audit,GCAD-prediction_s10,0.02,159967,159968,1,False
train2.csv,seen_normal_audit,GCAD-prediction_s10,0.02,159971,160041,70,False
train2.csv,seen_normal_audit,GCAD-prediction_s10,0.02,160044,160047,3,False
train2.csv,seen_normal_audit,GCAD-prediction_s10,0.02,164705,164779,74,False
train2.csv,seen_normal_audit,GCAD-prediction_s10,0.02,164974,164976,2,False
train2.csv,seen_normal_audit,GCAD-prediction_s10,0.02,164980,165008,28,False
train2.csv,seen_normal_audit,GCAD-prediction_s10,0.02,165011,165012,1,False
train2.csv,seen_normal_audit,GCAD-prediction_s10,0.02,169519,169583,64,False
train2.csv,seen_normal_audit,GCAD-prediction_s10,0.02,169597,169598,1,False
train2.csv,seen_normal_audit,GCAD-prediction_s10,0.02,169649,169651,2,False
train2.csv,seen_normal_audit,GCAD-prediction_s10,0.02,169670,169674,4,False
train2.csv,seen_normal_audit,GCAD-prediction_s10,0.02,169677,169719,42,False
train2.csv,seen_normal_audit,GCAD-prediction_s10,0.02,169722,169723,1,False
train2.csv,seen_normal_audit,GCAD-prediction_s10,0.02,169727,169728,1,False
train2.csv,seen_normal_audit,GCAD-prediction_s10,0.02,169739,169777,38,False
train2.csv,seen_normal_audit,GCAD-prediction_s10,0.02,169799,169800,1,False
train2.csv,seen_normal_audit,GCAD-prediction_s10,0.02,169958,169970,12,False
train2.csv,seen_normal_audit,GCAD-prediction_s10,0.02,169984,170051,67,False
train2.csv,seen_normal_audit,GCAD-prediction_s10,0.02,170054,170060,6,False
train2.csv,seen_normal_audit,GCAD-prediction_s10,0.02,170071,170076,5,False
train2.csv,seen_normal_audit,GCAD-prediction_s10,0.02,170085,170088,3,False
train2.csv,seen_normal_audit,GCAD-prediction_s10,0.02,170091,170198,107,False
train2.csv,seen_normal_audit,GCAD-prediction_s10,0.02,174683,174739,56,False
train2.csv,seen_normal_audit,GCAD-prediction_s10,0.02,174743,174745,2,False
train2.csv,seen_normal_audit,GCAD-prediction_s10,0.02,174749,174750,1,False
train2.csv,seen_normal_audit,GCAD-prediction_s10,0.02,174845,174864,19,False
train2.csv,seen_normal_audit,GCAD-prediction_s10,0.02,174872,174873,1,False
train2.csv,seen_normal_audit,GCAD-prediction_s10,0.02,175073,175074,1,False
train2.csv,seen_normal_audit,GCAD-prediction_s10,0.02,178209,178289,80,False
train2.csv,seen_normal_audit,GCAD-prediction_s10,0.02,181004,181005,1,False
train2.csv,seen_normal_audit,GCAD-prediction_s10,0.02,185257,185354,97,False
train2.csv,seen_normal_audit,GCAD-prediction_s10,0.02,185375,185437,62,False
train2.csv,seen_normal_audit,GCAD-prediction_s10,0.02,190035,190172,137,False
train2.csv,seen_normal_audit,GCAD-prediction_s10,0.02,190175,190176,1,False
train2.csv,seen_normal_audit,GCAD-prediction_s10,0.02,190179,190181,2,False
train2.csv,seen_normal_audit,GCAD-prediction_s10,0.02,190807,190869,62,False
train2.csv,seen_normal_audit,GCAD-prediction_s10,0.02,191308,191370,62,False
train2.csv,seen_normal_audit,GCAD-prediction_s10,0.02,191468,191581,113,False
train2.csv,seen_normal_audit,GCAD-prediction_s10,0.02,191668,191674,6,False
train2.csv,seen_normal_audit,GCAD-prediction_s10,0.02,191679,191702,23,False
train2.csv,seen_normal_audit,GCAD-prediction_s10,0.02,191706,191707,1,False
train2.csv,seen_normal_audit,GCAD-prediction_s10,0.02,192256,192307,51,False
train2.csv,seen_normal_audit,GCAD-prediction_s10,0.02,192528,192608,80,False
train2.csv,seen_normal_audit,GCAD-prediction_s10,0.02,196613,196614,1,False
train2.csv,seen_normal_audit,GCAD-prediction_s10,0.02,196618,196620,2,False
train2.csv,seen_normal_audit,GCAD-prediction_s10,0.02,196624,196675,51,False
train2.csv,seen_normal_audit,GCAD-prediction_s10,0.02,196678,196680,2,False
train2.csv,seen_normal_audit,GCAD-dependency_s10,0.005,12452,12532,80,False
train2.csv,seen_normal_audit,GCAD-dependency_s10,0.005,63296,63357,61,False
train2.csv,seen_normal_audit,GCAD-dependency_s10,0.005,103651,103714,63,False
train2.csv,seen_normal_audit,GCAD-dependency_s10,0.005,104409,104473,64,False
train2.csv,seen_normal_audit,GCAD-dependency_s10,0.005,105695,105757,62,False
train2.csv,seen_normal_audit,GCAD-dependency_s10,0.005,113104,113165,61,False
train2.csv,seen_normal_audit,GCAD-dependency_s10,0.005,120142,120206,64,False
train2.csv,seen_normal_audit,GCAD-dependency_s10,0.005,144261,144329,68,False
train2.csv,seen_normal_audit,GCAD-dependency_s10,0.005,178210,178289,79,False
train2.csv,seen_normal_audit,GCAD-dependency_s10,0.005,192528,192608,80,False
train2.csv,seen_normal_audit,GCAD-dependency_s10,0.01,12452,12532,80,False
train2.csv,seen_normal_audit,GCAD-dependency_s10,0.01,27070,27133,63,False
train2.csv,seen_normal_audit,GCAD-dependency_s10,0.01,34228,34290,62,False
train2.csv,seen_normal_audit,GCAD-dependency_s10,0.01,49784,49843,59,False
train2.csv,seen_normal_audit,GCAD-dependency_s10,0.01,63295,63358,63,False
train2.csv,seen_normal_audit,GCAD-dependency_s10,0.01,68362,68415,53,False
train2.csv,seen_normal_audit,GCAD-dependency_s10,0.01,70533,70587,54,False
train2.csv,seen_normal_audit,GCAD-dependency_s10,0.01,72030,72088,58,False
train2.csv,seen_normal_audit,GCAD-dependency_s10,0.01,103651,103716,65,False
train2.csv,seen_normal_audit,GCAD-dependency_s10,0.01,104408,104473,65,False
train2.csv,seen_normal_audit,GCAD-dependency_s10,0.01,105695,105760,65,False
train2.csv,seen_normal_audit,GCAD-dependency_s10,0.01,113103,113168,65,False
train2.csv,seen_normal_audit,GCAD-dependency_s10,0.01,120141,120207,66,False
train2.csv,seen_normal_audit,GCAD-dependency_s10,0.01,127412,127476,64,False
train2.csv,seen_normal_audit,GCAD-dependency_s10,0.01,137177,137240,63,False
train2.csv,seen_normal_audit,GCAD-dependency_s10,0.01,141992,142053,61,False
train2.csv,seen_normal_audit,GCAD-dependency_s10,0.01,144261,144329,68,False
train2.csv,seen_normal_audit,GCAD-dependency_s10,0.01,178209,178289,80,False
train2.csv,seen_normal_audit,GCAD-dependency_s10,0.01,192528,192608,80,False
train2.csv,seen_normal_audit,GCAD-dependency_s10,0.02,3671,3672,1,False
train2.csv,seen_normal_audit,GCAD-dependency_s10,0.02,5414,5476,62,False
train2.csv,seen_normal_audit,GCAD-dependency_s10,0.02,12452,12532,80,False
train2.csv,seen_normal_audit,GCAD-dependency_s10,0.02,18015,18078,63,False
train2.csv,seen_normal_audit,GCAD-dependency_s10,0.02,21213,21268,55,False
train2.csv,seen_normal_audit,GCAD-dependency_s10,0.02,27070,27137,67,False
train2.csv,seen_normal_audit,GCAD-dependency_s10,0.02,34226,34291,65,False
train2.csv,seen_normal_audit,GCAD-dependency_s10,0.02,38646,38707,61,False
train2.csv,seen_normal_audit,GCAD-dependency_s10,0.02,49783,49846,63,False
train2.csv,seen_normal_audit,GCAD-dependency_s10,0.02,55856,55917,61,False
train2.csv,seen_normal_audit,GCAD-dependency_s10,0.02,63295,63358,63,False
train2.csv,seen_normal_audit,GCAD-dependency_s10,0.02,64495,64584,89,False
train2.csv,seen_normal_audit,GCAD-dependency_s10,0.02,68353,68423,70,False
train2.csv,seen_normal_audit,GCAD-dependency_s10,0.02,68764,68817,53,False
train2.csv,seen_normal_audit,GCAD-dependency_s10,0.02,68887,68921,34,False
train2.csv,seen_normal_audit,GCAD-dependency_s10,0.02,70525,70595,70,False
train2.csv,seen_normal_audit,GCAD-dependency_s10,0.02,71591,71618,27,False
train2.csv,seen_normal_audit,GCAD-dependency_s10,0.02,72009,72095,86,False
train2.csv,seen_normal_audit,GCAD-dependency_s10,0.02,79544,79619,75,False
train2.csv,seen_normal_audit,GCAD-dependency_s10,0.02,90049,90159,110,False
train2.csv,seen_normal_audit,GCAD-dependency_s10,0.02,90210,90271,61,False
train2.csv,seen_normal_audit,GCAD-dependency_s10,0.02,91817,91819,2,False
train2.csv,seen_normal_audit,GCAD-dependency_s10,0.02,91827,91854,27,False
train2.csv,seen_normal_audit,GCAD-dependency_s10,0.02,100942,100987,45,False
train2.csv,seen_normal_audit,GCAD-dependency_s10,0.02,103651,103716,65,False
train2.csv,seen_normal_audit,GCAD-dependency_s10,0.02,104408,104473,65,False
train2.csv,seen_normal_audit,GCAD-dependency_s10,0.02,105695,105760,65,False
train2.csv,seen_normal_audit,GCAD-dependency_s10,0.02,113103,113168,65,False
train2.csv,seen_normal_audit,GCAD-dependency_s10,0.02,115098,115157,59,False
train2.csv,seen_normal_audit,GCAD-dependency_s10,0.02,120141,120207,66,False
train2.csv,seen_normal_audit,GCAD-dependency_s10,0.02,127411,127476,65,False
train2.csv,seen_normal_audit,GCAD-dependency_s10,0.02,129453,129513,60,False
train2.csv,seen_normal_audit,GCAD-dependency_s10,0.02,134462,134523,61,False
train2.csv,seen_normal_audit,GCAD-dependency_s10,0.02,137177,137240,63,False
train2.csv,seen_normal_audit,GCAD-dependency_s10,0.02,141990,142059,69,False
train2.csv,seen_normal_audit,GCAD-dependency_s10,0.02,144251,144329,78,False
train2.csv,seen_normal_audit,GCAD-dependency_s10,0.02,147525,147588,63,False
train2.csv,seen_normal_audit,GCAD-dependency_s10,0.02,147925,147956,31,False
train2.csv,seen_normal_audit,GCAD-dependency_s10,0.02,155064,155108,44,False
train2.csv,seen_normal_audit,GCAD-dependency_s10,0.02,178209,178289,80,False
train2.csv,seen_normal_audit,GCAD-dependency_s10,0.02,185375,185436,61,False
train2.csv,seen_normal_audit,GCAD-dependency_s10,0.02,190806,190868,62,False
train2.csv,seen_normal_audit,GCAD-dependency_s10,0.02,192528,192608,80,False
train2.csv,seen_normal_audit,GCAD-prediction_s11,0.005,12468,12532,64,False
train2.csv,seen_normal_audit,GCAD-prediction_s11,0.005,27071,27132,61,False
train2.csv,seen_normal_audit,GCAD-prediction_s11,0.005,28426,28491,65,False
train2.csv,seen_normal_audit,GCAD-prediction_s11,0.005,49782,49846,64,False
train2.csv,seen_normal_audit,GCAD-prediction_s11,0.005,93614,93686,72,False
train2.csv,seen_normal_audit,GCAD-prediction_s11,0.005,104409,104470,61,False
train2.csv,seen_normal_audit,GCAD-prediction_s11,0.005,105698,105758,60,False
train2.csv,seen_normal_audit,GCAD-prediction_s11,0.005,113104,113166,62,False
train2.csv,seen_normal_audit,GCAD-prediction_s11,0.005,115095,115160,65,False
train2.csv,seen_normal_audit,GCAD-prediction_s11,0.005,115370,115416,46,False
train2.csv,seen_normal_audit,GCAD-prediction_s11,0.005,120141,120206,65,False
train2.csv,seen_normal_audit,GCAD-prediction_s11,0.005,127412,127476,64,False
train2.csv,seen_normal_audit,GCAD-prediction_s11,0.005,137116,137177,61,False
train2.csv,seen_normal_audit,GCAD-prediction_s11,0.005,141991,142053,62,False
train2.csv,seen_normal_audit,GCAD-prediction_s11,0.005,147923,147987,64,False
train2.csv,seen_normal_audit,GCAD-prediction_s11,0.01,7143,7205,62,False
train2.csv,seen_normal_audit,GCAD-prediction_s11,0.01,12453,12532,79,False
train2.csv,seen_normal_audit,GCAD-prediction_s11,0.01,17808,17886,78,False
train2.csv,seen_normal_audit,GCAD-prediction_s11,0.01,18013,18078,65,False
train2.csv,seen_normal_audit,GCAD-prediction_s11,0.01,27069,27133,64,False
train2.csv,seen_normal_audit,GCAD-prediction_s11,0.01,28426,28491,65,False
train2.csv,seen_normal_audit,GCAD-prediction_s11,0.01,28552,28614,62,False
train2.csv,seen_normal_audit,GCAD-prediction_s11,0.01,34227,34290,63,False
train2.csv,seen_normal_audit,GCAD-prediction_s11,0.01,38877,38925,48,False
train2.csv,seen_normal_audit,GCAD-prediction_s11,0.01,39427,39489,62,False
train2.csv,seen_normal_audit,GCAD-prediction_s11,0.01,49782,49846,64,False
train2.csv,seen_normal_audit,GCAD-prediction_s11,0.01,50218,50280,62,False
train2.csv,seen_normal_audit,GCAD-prediction_s11,0.01,53818,53865,47,False
train2.csv,seen_normal_audit,GCAD-prediction_s11,0.01,63297,63360,63,False
train2.csv,seen_normal_audit,GCAD-prediction_s11,0.01,70535,70581,46,False
train2.csv,seen_normal_audit,GCAD-prediction_s11,0.01,91815,91877,62,False
train2.csv,seen_normal_audit,GCAD-prediction_s11,0.01,93606,93687,81,False
train2.csv,seen_normal_audit,GCAD-prediction_s11,0.01,103653,103715,62,False
train2.csv,seen_normal_audit,GCAD-prediction_s11,0.01,104408,104471,63,False
train2.csv,seen_normal_audit,GCAD-prediction_s11,0.01,104650,104713,63,False
train2.csv,seen_normal_audit,GCAD-prediction_s11,0.01,105696,105760,64,False
train2.csv,seen_normal_audit,GCAD-prediction_s11,0.01,113104,113168,64,False
train2.csv,seen_normal_audit,GCAD-prediction_s11,0.01,115095,115160,65,False
train2.csv,seen_normal_audit,GCAD-prediction_s11,0.01,115354,115433,79,False
train2.csv,seen_normal_audit,GCAD-prediction_s11,0.01,120141,120207,66,False
train2.csv,seen_normal_audit,GCAD-prediction_s11,0.01,126042,126121,79,False
train2.csv,seen_normal_audit,GCAD-prediction_s11,0.01,127412,127476,64,False
train2.csv,seen_normal_audit,GCAD-prediction_s11,0.01,137114,137242,128,False
train2.csv,seen_normal_audit,GCAD-prediction_s11,0.01,141986,142065,79,False
train2.csv,seen_normal_audit,GCAD-prediction_s11,0.01,144265,144327,62,False
train2.csv,seen_normal_audit,GCAD-prediction_s11,0.01,147922,147987,65,False
train2.csv,seen_normal_audit,GCAD-prediction_s11,0.01,178214,178287,73,False
train2.csv,seen_normal_audit,GCAD-prediction_s11,0.01,180014,180093,79,False
train2.csv,seen_normal_audit,GCAD-prediction_s11,0.01,185372,185437,65,False
train2.csv,seen_normal_audit,GCAD-prediction_s11,0.01,191308,191387,79,False
train2.csv,seen_normal_audit,GCAD-prediction_s11,0.01,192531,192598,67,False
train2.csv,seen_normal_audit,GCAD-prediction_s11,0.01,195175,195237,62,False
train2.csv,seen_normal_audit,GCAD-prediction_s11,0.02,1966,2025,59,False
train2.csv,seen_normal_audit,GCAD-prediction_s11,0.02,4066,4126,60,False
train2.csv,seen_normal_audit,GCAD-prediction_s11,0.02,5413,5475,62,False
train2.csv,seen_normal_audit,GCAD-prediction_s11,0.02,6167,6228,61,False
train2.csv,seen_normal_audit,GCAD-prediction_s11,0.02,7127,7205,78,False
train2.csv,seen_normal_audit,GCAD-prediction_s11,0.02,12453,12532,79,False
train2.csv,seen_normal_audit,GCAD-prediction_s11,0.02,17808,17886,78,False
train2.csv,seen_normal_audit,GCAD-prediction_s11,0.02,18013,18078,65,False
train2.csv,seen_normal_audit,GCAD-prediction_s11,0.02,21218,21264,46,False
train2.csv,seen_normal_audit,GCAD-prediction_s11,0.02,27068,27133,65,False
train2.csv,seen_normal_audit,GCAD-prediction_s11,0.02,27176,27237,61,False
train2.csv,seen_normal_audit,GCAD-prediction_s11,0.02,28426,28491,65,False
train2.csv,seen_normal_audit,GCAD-prediction_s11,0.02,28552,28615,63,False
train2.csv,seen_normal_audit,GCAD-prediction_s11,0.02,29618,29636,18,False
train2.csv,seen_normal_audit,GCAD-prediction_s11,0.02,31696,31738,42,False
train2.csv,seen_normal_audit,GCAD-prediction_s11,0.02,34227,34291,64,False
train2.csv,seen_normal_audit,GCAD-prediction_s11,0.02,38867,38938,71,False
train2.csv,seen_normal_audit,GCAD-prediction_s11,0.02,39411,39490,79,False
train2.csv,seen_normal_audit,GCAD-prediction_s11,0.02,41325,41338,13,False
train2.csv,seen_normal_audit,GCAD-prediction_s11,0.02,43126,43187,61,False
train2.csv,seen_normal_audit,GCAD-prediction_s11,0.02,49782,49846,64,False
train2.csv,seen_normal_audit,GCAD-prediction_s11,0.02,50051,50094,43,False
train2.csv,seen_normal_audit,GCAD-prediction_s11,0.02,50217,50282,65,False
train2.csv,seen_normal_audit,GCAD-prediction_s11,0.02,53803,53880,77,False
train2.csv,seen_normal_audit,GCAD-prediction_s11,0.02,55855,55917,62,False
train2.csv,seen_normal_audit,GCAD-prediction_s11,0.02,63296,63360,64,False
train2.csv,seen_normal_audit,GCAD-prediction_s11,0.02,68350,68412,62,False
train2.csv,seen_normal_audit,GCAD-prediction_s11,0.02,70519,70597,78,False
train2.csv,seen_normal_audit,GCAD-prediction_s11,0.02,79560,79606,46,False
train2.csv,seen_normal_audit,GCAD-prediction_s11,0.02,91815,91878,63,False
train2.csv,seen_normal_audit,GCAD-prediction_s11,0.02,93606,93687,81,False
train2.csv,seen_normal_audit,GCAD-prediction_s11,0.02,103653,103715,62,False
train2.csv,seen_normal_audit,GCAD-prediction_s11,0.02,104408,104472,64,False
train2.csv,seen_normal_audit,GCAD-prediction_s11,0.02,104650,104713,63,False
train2.csv,seen_normal_audit,GCAD-prediction_s11,0.02,105696,105760,64,False
train2.csv,seen_normal_audit,GCAD-prediction_s11,0.02,113104,113168,64,False
train2.csv,seen_normal_audit,GCAD-prediction_s11,0.02,115095,115160,65,False
train2.csv,seen_normal_audit,GCAD-prediction_s11,0.02,115354,115433,79,False
train2.csv,seen_normal_audit,GCAD-prediction_s11,0.02,120141,120207,66,False
train2.csv,seen_normal_audit,GCAD-prediction_s11,0.02,126042,126121,79,False
train2.csv,seen_normal_audit,GCAD-prediction_s11,0.02,127411,127476,65,False
train2.csv,seen_normal_audit,GCAD-prediction_s11,0.02,134464,134525,61,False
train2.csv,seen_normal_audit,GCAD-prediction_s11,0.02,137114,137242,128,False
train2.csv,seen_normal_audit,GCAD-prediction_s11,0.02,141986,142065,79,False
train2.csv,seen_normal_audit,GCAD-prediction_s11,0.02,144265,144327,62,False
train2.csv,seen_normal_audit,GCAD-prediction_s11,0.02,147922,147987,65,False
train2.csv,seen_normal_audit,GCAD-prediction_s11,0.02,178212,178288,76,False
train2.csv,seen_normal_audit,GCAD-prediction_s11,0.02,180013,180093,80,False
train2.csv,seen_normal_audit,GCAD-prediction_s11,0.02,183646,183692,46,False
train2.csv,seen_normal_audit,GCAD-prediction_s11,0.02,185372,185437,65,False
train2.csv,seen_normal_audit,GCAD-prediction_s11,0.02,191308,191387,79,False
train2.csv,seen_normal_audit,GCAD-prediction_s11,0.02,192529,192599,70,False
train2.csv,seen_normal_audit,GCAD-prediction_s11,0.02,195175,195237,62,False
train2.csv,seen_normal_audit,GCAD-dependency_s11,0.005,5411,5475,64,False
train2.csv,seen_normal_audit,GCAD-dependency_s11,0.005,28426,28491,65,False
train2.csv,seen_normal_audit,GCAD-dependency_s11,0.005,48729,48791,62,False
train2.csv,seen_normal_audit,GCAD-dependency_s11,0.005,49782,49846,64,False
train2.csv,seen_normal_audit,GCAD-dependency_s11,0.005,55854,55917,63,False
train2.csv,seen_normal_audit,GCAD-dependency_s11,0.005,63295,63360,65,False
train2.csv,seen_normal_audit,GCAD-dependency_s11,0.005,105696,105758,62,False
train2.csv,seen_normal_audit,GCAD-dependency_s11,0.005,113102,113167,65,False
train2.csv,seen_normal_audit,GCAD-dependency_s11,0.005,115095,115160,65,False
train2.csv,seen_normal_audit,GCAD-dependency_s11,0.005,120141,120206,65,False
train2.csv,seen_normal_audit,GCAD-dependency_s11,0.005,127412,127476,64,False
train2.csv,seen_normal_audit,GCAD-dependency_s11,0.005,134462,134526,64,False
train2.csv,seen_normal_audit,GCAD-dependency_s11,0.005,144262,144329,67,False
train2.csv,seen_normal_audit,GCAD-dependency_s11,0.005,178212,178285,73,False
train2.csv,seen_normal_audit,GCAD-dependency_s11,0.005,185373,185436,63,False
train2.csv,seen_normal_audit,GCAD-dependency_s11,0.005,192536,192601,65,False
train2.csv,seen_normal_audit,GCAD-dependency_s11,0.01,5411,5476,65,False
train2.csv,seen_normal_audit,GCAD-dependency_s11,0.01,12455,12531,76,False
train2.csv,seen_normal_audit,GCAD-dependency_s11,0.01,19981,20045,64,False
train2.csv,seen_normal_audit,GCAD-dependency_s11,0.01,27070,27132,62,False
train2.csv,seen_normal_audit,GCAD-dependency_s11,0.01,28426,28491,65,False
train2.csv,seen_normal_audit,GCAD-dependency_s11,0.01,34227,34290,63,False
train2.csv,seen_normal_audit,GCAD-dependency_s11,0.01,41356,41418,62,False
train2.csv,seen_normal_audit,GCAD-dependency_s11,0.01,48727,48792,65,False
train2.csv,seen_normal_audit,GCAD-dependency_s11,0.01,49781,49846,65,False
train2.csv,seen_normal_audit,GCAD-dependency_s11,0.01,55853,55918,65,False
train2.csv,seen_normal_audit,GCAD-dependency_s11,0.01,63295,63360,65,False
train2.csv,seen_normal_audit,GCAD-dependency_s11,0.01,64496,64555,59,False
train2.csv,seen_normal_audit,GCAD-dependency_s11,0.01,70525,70594,69,False
train2.csv,seen_normal_audit,GCAD-dependency_s11,0.01,72036,72076,40,False
train2.csv,seen_normal_audit,GCAD-dependency_s11,0.01,91817,91877,60,False
train2.csv,seen_normal_audit,GCAD-dependency_s11,0.01,98672,98733,61,False
train2.csv,seen_normal_audit,GCAD-dependency_s11,0.01,103653,103716,63,False
train2.csv,seen_normal_audit,GCAD-dependency_s11,0.01,104410,104471,61,False
train2.csv,seen_normal_audit,GCAD-dependency_s11,0.01,105695,105760,65,False
train2.csv,seen_normal_audit,GCAD-dependency_s11,0.01,113102,113167,65,False
train2.csv,seen_normal_audit,GCAD-dependency_s11,0.01,115095,115160,65,False
train2.csv,seen_normal_audit,GCAD-dependency_s11,0.01,120141,120206,65,False
train2.csv,seen_normal_audit,GCAD-dependency_s11,0.01,127411,127476,65,False
train2.csv,seen_normal_audit,GCAD-dependency_s11,0.01,134461,134526,65,False
train2.csv,seen_normal_audit,GCAD-dependency_s11,0.01,144261,144329,68,False
train2.csv,seen_normal_audit,GCAD-dependency_s11,0.01,147923,147986,63,False
train2.csv,seen_normal_audit,GCAD-dependency_s11,0.01,148933,148995,62,False
train2.csv,seen_normal_audit,GCAD-dependency_s11,0.01,155807,155871,64,False
train2.csv,seen_normal_audit,GCAD-dependency_s11,0.01,178210,178288,78,False
train2.csv,seen_normal_audit,GCAD-dependency_s11,0.01,185372,185437,65,False
train2.csv,seen_normal_audit,GCAD-dependency_s11,0.01,192529,192607,78,False
train2.csv,seen_normal_audit,GCAD-dependency_s11,0.02,5411,5476,65,False
train2.csv,seen_normal_audit,GCAD-dependency_s11,0.02,12453,12532,79,False
train2.csv,seen_normal_audit,GCAD-dependency_s11,0.02,17824,17870,46,False
train2.csv,seen_normal_audit,GCAD-dependency_s11,0.02,19980,20045,65,False
train2.csv,seen_normal_audit,GCAD-dependency_s11,0.02,27069,27133,64,False
train2.csv,seen_normal_audit,GCAD-dependency_s11,0.02,28426,28491,65,False
train2.csv,seen_normal_audit,GCAD-dependency_s11,0.02,28546,28614,68,False
train2.csv,seen_normal_audit,GCAD-dependency_s11,0.02,34226,34291,65,False
train2.csv,seen_normal_audit,GCAD-dependency_s11,0.02,39428,39473,45,False
train2.csv,seen_normal_audit,GCAD-dependency_s11,0.02,41355,41419,64,False
train2.csv,seen_normal_audit,GCAD-dependency_s11,0.02,48727,48792,65,False
train2.csv,seen_normal_audit,GCAD-dependency_s11,0.02,49781,49846,65,False
train2.csv,seen_normal_audit,GCAD-dependency_s11,0.02,50233,50240,7,False
train2.csv,seen_normal_audit,GCAD-dependency_s11,0.02,50245,50246,1,False
train2.csv,seen_normal_audit,GCAD-dependency_s11,0.02,55853,55918,65,False
train2.csv,seen_normal_audit,GCAD-dependency_s11,0.02,63295,63360,65,False
train2.csv,seen_normal_audit,GCAD-dependency_s11,0.02,64483,64604,121,False
train2.csv,seen_normal_audit,GCAD-dependency_s11,0.02,65288,65290,2,False
train2.csv,seen_normal_audit,GCAD-dependency_s11,0.02,65326,65329,3,False
train2.csv,seen_normal_audit,GCAD-dependency_s11,0.02,68351,68428,77,False
train2.csv,seen_normal_audit,GCAD-dependency_s11,0.02,68567,68689,122,False
train2.csv,seen_normal_audit,GCAD-dependency_s11,0.02,68743,68829,86,False
train2.csv,seen_normal_audit,GCAD-dependency_s11,0.02,68869,68930,61,False
train2.csv,seen_normal_audit,GCAD-dependency_s11,0.02,69214,69251,37,False
train2.csv,seen_normal_audit,GCAD-dependency_s11,0.02,70519,70598,79,False
train2.csv,seen_normal_audit,GCAD-dependency_s11,0.02,71505,71548,43,False
train2.csv,seen_normal_audit,GCAD-dependency_s11,0.02,71590,71651,61,False
train2.csv,seen_normal_audit,GCAD-dependency_s11,0.02,72014,72097,83,False
train2.csv,seen_normal_audit,GCAD-dependency_s11,0.02,74497,74519,22,False
train2.csv,seen_normal_audit,GCAD-dependency_s11,0.02,75912,75950,38,False
train2.csv,seen_normal_audit,GCAD-dependency_s11,0.02,77524,77534,10,False
train2.csv,seen_normal_audit,GCAD-dependency_s11,0.02,77571,77599,28,False
train2.csv,seen_normal_audit,GCAD-dependency_s11,0.02,77605,77606,1,False
train2.csv,seen_normal_audit,GCAD-dependency_s11,0.02,77612,77721,109,False
train2.csv,seen_normal_audit,GCAD-dependency_s11,0.02,77730,77744,14,False
train2.csv,seen_normal_audit,GCAD-dependency_s11,0.02,77772,77799,27,False
train2.csv,seen_normal_audit,GCAD-dependency_s11,0.02,77804,77835,31,False
train2.csv,seen_normal_audit,GCAD-dependency_s11,0.02,77857,77924,67,False
train2.csv,seen_normal_audit,GCAD-dependency_s11,0.02,78488,78497,9,False
train2.csv,seen_normal_audit,GCAD-dependency_s11,0.02,78511,78575,64,False
train2.csv,seen_normal_audit,GCAD-dependency_s11,0.02,79543,79623,80,False
train2.csv,seen_normal_audit,GCAD-dependency_s11,0.02,83066,83076,10,False
train2.csv,seen_normal_audit,GCAD-dependency_s11,0.02,89460,89528,68,False
train2.csv,seen_normal_audit,GCAD-dependency_s11,0.02,89541,89663,122,False
train2.csv,seen_normal_audit,GCAD-dependency_s11,0.02,90024,90169,145,False
train2.csv,seen_normal_audit,GCAD-dependency_s11,0.02,90205,90274,69,False
train2.csv,seen_normal_audit,GCAD-dependency_s11,0.02,90351,90423,72,False
train2.csv,seen_normal_audit,GCAD-dependency_s11,0.02,91815,91879,64,False
train2.csv,seen_normal_audit,GCAD-dependency_s11,0.02,93619,93687,68,False
train2.csv,seen_normal_audit,GCAD-dependency_s11,0.02,98671,98734,63,False
train2.csv,seen_normal_audit,GCAD-dependency_s11,0.02,100926,101004,78,False
train2.csv,seen_normal_audit,GCAD-dependency_s11,0.02,101367,101395,28,False
train2.csv,seen_normal_audit,GCAD-dependency_s11,0.02,103652,103716,64,False
train2.csv,seen_normal_audit,GCAD-dependency_s11,0.02,104408,104473,65,False
train2.csv,seen_normal_audit,GCAD-dependency_s11,0.02,104651,104708,57,False
train2.csv,seen_normal_audit,GCAD-dependency_s11,0.02,105695,105760,65,False
train2.csv,seen_normal_audit,GCAD-dependency_s11,0.02,113102,113168,66,False
train2.csv,seen_normal_audit,GCAD-dependency_s11,0.02,115095,115160,65,False
train2.csv,seen_normal_audit,GCAD-dependency_s11,0.02,115363,115430,67,False
train2.csv,seen_normal_audit,GCAD-dependency_s11,0.02,120141,120207,66,False
train2.csv,seen_normal_audit,GCAD-dependency_s11,0.02,126049,126110,61,False
train2.csv,seen_normal_audit,GCAD-dependency_s11,0.02,127411,127476,65,False
train2.csv,seen_normal_audit,GCAD-dependency_s11,0.02,134461,134526,65,False
train2.csv,seen_normal_audit,GCAD-dependency_s11,0.02,137117,137190,73,False
train2.csv,seen_normal_audit,GCAD-dependency_s11,0.02,141989,142060,71,False
train2.csv,seen_normal_audit,GCAD-dependency_s11,0.02,144252,144329,77,False
train2.csv,seen_normal_audit,GCAD-dependency_s11,0.02,147899,147987,88,False
train2.csv,seen_normal_audit,GCAD-dependency_s11,0.02,148932,148996,64,False
train2.csv,seen_normal_audit,GCAD-dependency_s11,0.02,155053,155115,62,False
train2.csv,seen_normal_audit,GCAD-dependency_s11,0.02,155807,155872,65,False
train2.csv,seen_normal_audit,GCAD-dependency_s11,0.02,178210,178288,78,False
train2.csv,seen_normal_audit,GCAD-dependency_s11,0.02,180030,180077,47,False
train2.csv,seen_normal_audit,GCAD-dependency_s11,0.02,185372,185437,65,False
train2.csv,seen_normal_audit,GCAD-dependency_s11,0.02,191318,191378,60,False
train2.csv,seen_normal_audit,GCAD-dependency_s11,0.02,192529,192608,79,False
train2.csv,seen_normal_audit,GCAD-prediction_s12,0.005,12455,12517,62,False
train2.csv,seen_normal_audit,GCAD-prediction_s12,0.005,18014,18078,64,False
train2.csv,seen_normal_audit,GCAD-prediction_s12,0.005,28427,28491,64,False
train2.csv,seen_normal_audit,GCAD-prediction_s12,0.005,38646,38708,62,False
train2.csv,seen_normal_audit,GCAD-prediction_s12,0.005,49782,49846,64,False
train2.csv,seen_normal_audit,GCAD-prediction_s12,0.005,103652,103714,62,False
train2.csv,seen_normal_audit,GCAD-prediction_s12,0.005,104408,104473,65,False
train2.csv,seen_normal_audit,GCAD-prediction_s12,0.005,105696,105758,62,False
train2.csv,seen_normal_audit,GCAD-prediction_s12,0.005,113104,113166,62,False
train2.csv,seen_normal_audit,GCAD-prediction_s12,0.005,115095,115160,65,False
train2.csv,seen_normal_audit,GCAD-prediction_s12,0.005,120141,120206,65,False
train2.csv,seen_normal_audit,GCAD-prediction_s12,0.005,127412,127474,62,False
train2.csv,seen_normal_audit,GCAD-prediction_s12,0.005,137178,137240,62,False
train2.csv,seen_normal_audit,GCAD-prediction_s12,0.005,144265,144327,62,False
train2.csv,seen_normal_audit,GCAD-prediction_s12,0.005,147526,147589,63,False
train2.csv,seen_normal_audit,GCAD-prediction_s12,0.005,147923,147987,64,False
train2.csv,seen_normal_audit,GCAD-prediction_s12,0.005,190805,190869,64,False
train2.csv,seen_normal_audit,GCAD-prediction_s12,0.005,192529,192598,69,False
train2.csv,seen_normal_audit,GCAD-prediction_s12,0.01,5413,5474,61,False
train2.csv,seen_normal_audit,GCAD-prediction_s12,0.01,12453,12529,76,False
train2.csv,seen_normal_audit,GCAD-prediction_s12,0.01,18013,18078,65,False
train2.csv,seen_normal_audit,GCAD-prediction_s12,0.01,28426,28491,65,False
train2.csv,seen_normal_audit,GCAD-prediction_s12,0.01,38646,38709,63,False
train2.csv,seen_normal_audit,GCAD-prediction_s12,0.01,38864,38926,62,False
train2.csv,seen_normal_audit,GCAD-prediction_s12,0.01,49781,49846,65,False
train2.csv,seen_normal_audit,GCAD-prediction_s12,0.01,50217,50277,60,False
train2.csv,seen_normal_audit,GCAD-prediction_s12,0.01,55855,55916,61,False
train2.csv,seen_normal_audit,GCAD-prediction_s12,0.01,63296,63358,62,False
train2.csv,seen_normal_audit,GCAD-prediction_s12,0.01,103652,103714,62,False
train2.csv,seen_normal_audit,GCAD-prediction_s12,0.01,104408,104473,65,False
train2.csv,seen_normal_audit,GCAD-prediction_s12,0.01,105696,105759,63,False
train2.csv,seen_normal_audit,GCAD-prediction_s12,0.01,113103,113167,64,False
train2.csv,seen_normal_audit,GCAD-prediction_s12,0.01,115095,115160,65,False
train2.csv,seen_normal_audit,GCAD-prediction_s12,0.01,120141,120206,65,False
train2.csv,seen_normal_audit,GCAD-prediction_s12,0.01,127412,127474,62,False
train2.csv,seen_normal_audit,GCAD-prediction_s12,0.01,137178,137240,62,False
train2.csv,seen_normal_audit,GCAD-prediction_s12,0.01,141991,142052,61,False
train2.csv,seen_normal_audit,GCAD-prediction_s12,0.01,144263,144327,64,False
train2.csv,seen_normal_audit,GCAD-prediction_s12,0.01,147525,147589,64,False
train2.csv,seen_normal_audit,GCAD-prediction_s12,0.01,147922,147987,65,False
train2.csv,seen_normal_audit,GCAD-prediction_s12,0.01,178226,178288,62,False
train2.csv,seen_normal_audit,GCAD-prediction_s12,0.01,185373,185435,62,False
train2.csv,seen_normal_audit,GCAD-prediction_s12,0.01,190804,190869,65,False
train2.csv,seen_normal_audit,GCAD-prediction_s12,0.01,192529,192604,75,False
train2.csv,seen_normal_audit,GCAD-prediction_s12,0.02,5412,5475,63,False
train2.csv,seen_normal_audit,GCAD-prediction_s12,0.02,7369,7427,58,False
train2.csv,seen_normal_audit,GCAD-prediction_s12,0.02,12453,12532,79,False
train2.csv,seen_normal_audit,GCAD-prediction_s12,0.02,13667,13728,61,False
train2.csv,seen_normal_audit,GCAD-prediction_s12,0.02,18013,18078,65,False
train2.csv,seen_normal_audit,GCAD-prediction_s12,0.02,22676,22734,58,False
train2.csv,seen_normal_audit,GCAD-prediction_s12,0.02,27073,27135,62,False
train2.csv,seen_normal_audit,GCAD-prediction_s12,0.02,27172,27233,61,False
train2.csv,seen_normal_audit,GCAD-prediction_s12,0.02,28426,28491,65,False
train2.csv,seen_normal_audit,GCAD-prediction_s12,0.02,29574,29633,59,False
train2.csv,seen_normal_audit,GCAD-prediction_s12,0.02,31673,31734,61,False
train2.csv,seen_normal_audit,GCAD-prediction_s12,0.02,38646,38709,63,False
train2.csv,seen_normal_audit,GCAD-prediction_s12,0.02,38863,38937,74,False
train2.csv,seen_normal_audit,GCAD-prediction_s12,0.02,41279,41337,58,False
train2.csv,seen_normal_audit,GCAD-prediction_s12,0.02,43079,43138,59,False
train2.csv,seen_normal_audit,GCAD-prediction_s12,0.02,43377,43438,61,False
train2.csv,seen_normal_audit,GCAD-prediction_s12,0.02,49781,49846,65,False
train2.csv,seen_normal_audit,GCAD-prediction_s12,0.02,50214,50279,65,False
train2.csv,seen_normal_audit,GCAD-prediction_s12,0.02,51182,51240,58,False
train2.csv,seen_normal_audit,GCAD-prediction_s12,0.02,55854,55917,63,False
train2.csv,seen_normal_audit,GCAD-prediction_s12,0.02,63296,63358,62,False
train2.csv,seen_normal_audit,GCAD-prediction_s12,0.02,71587,71649,62,False
train2.csv,seen_normal_audit,GCAD-prediction_s12,0.02,103652,103715,63,False
train2.csv,seen_normal_audit,GCAD-prediction_s12,0.02,104408,104473,65,False
train2.csv,seen_normal_audit,GCAD-prediction_s12,0.02,105695,105759,64,False
train2.csv,seen_normal_audit,GCAD-prediction_s12,0.02,113103,113167,64,False
train2.csv,seen_normal_audit,GCAD-prediction_s12,0.02,115095,115160,65,False
train2.csv,seen_normal_audit,GCAD-prediction_s12,0.02,120141,120206,65,False
train2.csv,seen_normal_audit,GCAD-prediction_s12,0.02,127412,127475,63,False
train2.csv,seen_normal_audit,GCAD-prediction_s12,0.02,137178,137241,63,False
train2.csv,seen_normal_audit,GCAD-prediction_s12,0.02,141986,142053,67,False
train2.csv,seen_normal_audit,GCAD-prediction_s12,0.02,144262,144328,66,False
train2.csv,seen_normal_audit,GCAD-prediction_s12,0.02,147525,147589,64,False
train2.csv,seen_normal_audit,GCAD-prediction_s12,0.02,147922,147987,65,False
train2.csv,seen_normal_audit,GCAD-prediction_s12,0.02,157660,157718,58,False
train2.csv,seen_normal_audit,GCAD-prediction_s12,0.02,167561,167622,61,False
train2.csv,seen_normal_audit,GCAD-prediction_s12,0.02,178226,178288,62,False
train2.csv,seen_normal_audit,GCAD-prediction_s12,0.02,185373,185436,63,False
train2.csv,seen_normal_audit,GCAD-prediction_s12,0.02,190804,190869,65,False
train2.csv,seen_normal_audit,GCAD-prediction_s12,0.02,192469,192605,136,False
train2.csv,seen_normal_audit,GCAD-prediction_s12,0.02,195473,195532,59,False
train2.csv,seen_normal_audit,GCAD-prediction_s12,0.02,197875,197933,58,False
train2.csv,seen_normal_audit,GCAD-dependency_s12,0.005,27071,27131,60,False
train2.csv,seen_normal_audit,GCAD-dependency_s12,0.005,28426,28491,65,False
train2.csv,seen_normal_audit,GCAD-dependency_s12,0.005,38646,38708,62,False
train2.csv,seen_normal_audit,GCAD-dependency_s12,0.005,49781,49846,65,False
train2.csv,seen_normal_audit,GCAD-dependency_s12,0.005,103652,103715,63,False
train2.csv,seen_normal_audit,GCAD-dependency_s12,0.005,104408,104473,65,False
train2.csv,seen_normal_audit,GCAD-dependency_s12,0.005,105695,105759,64,False
train2.csv,seen_normal_audit,GCAD-dependency_s12,0.005,115095,115160,65,False
train2.csv,seen_normal_audit,GCAD-dependency_s12,0.005,120141,120206,65,False
train2.csv,seen_normal_audit,GCAD-dependency_s12,0.005,137177,137241,64,False
train2.csv,seen_normal_audit,GCAD-dependency_s12,0.005,144261,144329,68,False
train2.csv,seen_normal_audit,GCAD-dependency_s12,0.005,147925,147985,60,False
train2.csv,seen_normal_audit,GCAD-dependency_s12,0.01,12455,12526,71,False
train2.csv,seen_normal_audit,GCAD-dependency_s12,0.01,18013,18078,65,False
train2.csv,seen_normal_audit,GCAD-dependency_s12,0.01,27068,27135,67,False
train2.csv,seen_normal_audit,GCAD-dependency_s12,0.01,28426,28491,65,False
train2.csv,seen_normal_audit,GCAD-dependency_s12,0.01,34227,34289,62,False
train2.csv,seen_normal_audit,GCAD-dependency_s12,0.01,38645,38710,65,False
train2.csv,seen_normal_audit,GCAD-dependency_s12,0.01,49781,49846,65,False
train2.csv,seen_normal_audit,GCAD-dependency_s12,0.01,64510,64546,36,False
train2.csv,seen_normal_audit,GCAD-dependency_s12,0.01,68364,68413,49,False
train2.csv,seen_normal_audit,GCAD-dependency_s12,0.01,70536,70591,55,False
train2.csv,seen_normal_audit,GCAD-dependency_s12,0.01,72030,72091,61,False
train2.csv,seen_normal_audit,GCAD-dependency_s12,0.01,90075,90077,2,False
train2.csv,seen_normal_audit,GCAD-dependency_s12,0.01,103651,103716,65,False
train2.csv,seen_normal_audit,GCAD-dependency_s12,0.01,104408,104473,65,False
train2.csv,seen_normal_audit,GCAD-dependency_s12,0.01,105695,105760,65,False
train2.csv,seen_normal_audit,GCAD-dependency_s12,0.01,113103,113167,64,False
train2.csv,seen_normal_audit,GCAD-dependency_s12,0.01,115095,115160,65,False
train2.csv,seen_normal_audit,GCAD-dependency_s12,0.01,120141,120207,66,False
train2.csv,seen_normal_audit,GCAD-dependency_s12,0.01,127412,127476,64,False
train2.csv,seen_normal_audit,GCAD-dependency_s12,0.01,137177,137242,65,False
train2.csv,seen_normal_audit,GCAD-dependency_s12,0.01,141991,142049,58,False
train2.csv,seen_normal_audit,GCAD-dependency_s12,0.01,144261,144329,68,False
train2.csv,seen_normal_audit,GCAD-dependency_s12,0.01,147526,147589,63,False
train2.csv,seen_normal_audit,GCAD-dependency_s12,0.01,147922,147987,65,False
train2.csv,seen_normal_audit,GCAD-dependency_s12,0.01,190805,190869,64,False
train2.csv,seen_normal_audit,GCAD-dependency_s12,0.01,192529,192605,76,False
train2.csv,seen_normal_audit,GCAD-dependency_s12,0.02,5413,5474,61,False
train2.csv,seen_normal_audit,GCAD-dependency_s12,0.02,12453,12528,75,False
train2.csv,seen_normal_audit,GCAD-dependency_s12,0.02,18013,18078,65,False
train2.csv,seen_normal_audit,GCAD-dependency_s12,0.02,21211,21265,54,False
train2.csv,seen_normal_audit,GCAD-dependency_s12,0.02,27068,27135,67,False
train2.csv,seen_normal_audit,GCAD-dependency_s12,0.02,28426,28491,65,False
train2.csv,seen_normal_audit,GCAD-dependency_s12,0.02,34227,34291,64,False
train2.csv,seen_normal_audit,GCAD-dependency_s12,0.02,38645,38710,65,False
train2.csv,seen_normal_audit,GCAD-dependency_s12,0.02,49781,49846,65,False
train2.csv,seen_normal_audit,GCAD-dependency_s12,0.02,53819,53865,46,False
train2.csv,seen_normal_audit,GCAD-dependency_s12,0.02,55855,55916,61,False
train2.csv,seen_normal_audit,GCAD-dependency_s12,0.02,63296,63358,62,False
train2.csv,seen_normal_audit,GCAD-dependency_s12,0.02,64485,64600,115,False
train2.csv,seen_normal_audit,GCAD-dependency_s12,0.02,64686,64695,9,False
train2.csv,seen_normal_audit,GCAD-dependency_s12,0.02,68351,68425,74,False
train2.csv,seen_normal_audit,GCAD-dependency_s12,0.02,68600,68620,20,False
train2.csv,seen_normal_audit,GCAD-dependency_s12,0.02,68783,68814,31,False
train2.csv,seen_normal_audit,GCAD-dependency_s12,0.02,68880,68917,37,False
train2.csv,seen_normal_audit,GCAD-dependency_s12,0.02,70526,70598,72,False
train2.csv,seen_normal_audit,GCAD-dependency_s12,0.02,71589,71650,61,False
train2.csv,seen_normal_audit,GCAD-dependency_s12,0.02,72004,72098,94,False
train2.csv,seen_normal_audit,GCAD-dependency_s12,0.02,77578,77592,14,False
train2.csv,seen_normal_audit,GCAD-dependency_s12,0.02,77614,77708,94,False
train2.csv,seen_normal_audit,GCAD-dependency_s12,0.02,79544,79621,77,False
train2.csv,seen_normal_audit,GCAD-dependency_s12,0.02,89464,89527,63,False
train2.csv,seen_normal_audit,GCAD-dependency_s12,0.02,89579,89617,38,False
train2.csv,seen_normal_audit,GCAD-dependency_s12,0.02,90024,90160,136,False
train2.csv,seen_normal_audit,GCAD-dependency_s12,0.02,90207,90275,68,False
train2.csv,seen_normal_audit,GCAD-dependency_s12,0.02,90357,90416,59,False
train2.csv,seen_normal_audit,GCAD-dependency_s12,0.02,97064,97124,60,False
train2.csv,seen_normal_audit,GCAD-dependency_s12,0.02,100937,100999,62,False
train2.csv,seen_normal_audit,GCAD-dependency_s12,0.02,103651,103716,65,False
train2.csv,seen_normal_audit,GCAD-dependency_s12,0.02,104408,104473,65,False
train2.csv,seen_normal_audit,GCAD-dependency_s12,0.02,105695,105760,65,False
train2.csv,seen_normal_audit,GCAD-dependency_s12,0.02,113103,113168,65,False
train2.csv,seen_normal_audit,GCAD-dependency_s12,0.02,115095,115160,65,False
train2.csv,seen_normal_audit,GCAD-dependency_s12,0.02,120141,120207,66,False
train2.csv,seen_normal_audit,GCAD-dependency_s12,0.02,127412,127476,64,False
train2.csv,seen_normal_audit,GCAD-dependency_s12,0.02,129450,129511,61,False
train2.csv,seen_normal_audit,GCAD-dependency_s12,0.02,137177,137242,65,False
train2.csv,seen_normal_audit,GCAD-dependency_s12,0.02,141986,142056,70,False
train2.csv,seen_normal_audit,GCAD-dependency_s12,0.02,144252,144329,77,False
train2.csv,seen_normal_audit,GCAD-dependency_s12,0.02,147525,147589,64,False
train2.csv,seen_normal_audit,GCAD-dependency_s12,0.02,147922,147987,65,False
train2.csv,seen_normal_audit,GCAD-dependency_s12,0.02,155049,155113,64,False
train2.csv,seen_normal_audit,GCAD-dependency_s12,0.02,178217,178282,65,False
train2.csv,seen_normal_audit,GCAD-dependency_s12,0.02,185375,185435,60,False
train2.csv,seen_normal_audit,GCAD-dependency_s12,0.02,190804,190869,65,False
train2.csv,seen_normal_audit,GCAD-dependency_s12,0.02,192529,192605,76,False
train6.csv,seen_normal_audit,PCA-SPE,0.005,23454,30653,7199,False
train6.csv,seen_normal_audit,PCA-SPE,0.005,74237,74299,62,False
train6.csv,seen_normal_audit,PCA-SPE,0.01,23453,30653,7200,False
train6.csv,seen_normal_audit,PCA-SPE,0.01,74237,74299,62,False
train6.csv,seen_normal_audit,PCA-SPE,0.02,23452,30653,7201,False
train6.csv,seen_normal_audit,PCA-SPE,0.02,74237,74299,62,False
train6.csv,seen_normal_audit,GCAD-prediction_s10,0.005,6550,6612,62,False
train6.csv,seen_normal_audit,GCAD-prediction_s10,0.005,9328,9408,80,False
train6.csv,seen_normal_audit,GCAD-prediction_s10,0.005,16868,16931,63,False
train6.csv,seen_normal_audit,GCAD-prediction_s10,0.005,23436,23501,65,False
train6.csv,seen_normal_audit,GCAD-prediction_s10,0.005,30592,30658,66,False
train6.csv,seen_normal_audit,GCAD-prediction_s10,0.005,38145,38207,62,False
train6.csv,seen_normal_audit,GCAD-prediction_s10,0.005,66855,66920,65,False
train6.csv,seen_normal_audit,GCAD-prediction_s10,0.005,74239,74303,64,False
train6.csv,seen_normal_audit,GCAD-prediction_s10,0.005,83099,83161,62,False
train6.csv,seen_normal_audit,GCAD-prediction_s10,0.005,93801,93863,62,False
train6.csv,seen_normal_audit,GCAD-prediction_s10,0.005,97205,97270,65,False
train6.csv,seen_normal_audit,GCAD-prediction_s10,0.005,105041,105105,64,False
train6.csv,seen_normal_audit,GCAD-prediction_s10,0.005,106310,106375,65,False
train6.csv,seen_normal_audit,GCAD-prediction_s10,0.005,109968,110044,76,False
train6.csv,seen_normal_audit,GCAD-prediction_s10,0.005,152644,152713,69,False
train6.csv,seen_normal_audit,GCAD-prediction_s10,0.005,162198,162261,63,False
train6.csv,seen_normal_audit,GCAD-prediction_s10,0.005,166969,167049,80,False
train6.csv,seen_normal_audit,GCAD-prediction_s10,0.005,173921,173982,61,False
train6.csv,seen_normal_audit,GCAD-prediction_s10,0.005,188399,188448,49,False
train6.csv,seen_normal_audit,GCAD-prediction_s10,0.005,201328,201391,63,False
train6.csv,seen_normal_audit,GCAD-prediction_s10,0.005,201719,201784,65,False
train6.csv,seen_normal_audit,GCAD-prediction_s10,0.005,219970,220033,63,False
train6.csv,seen_normal_audit,GCAD-prediction_s10,0.005,232216,232294,78,False
train6.csv,seen_normal_audit,GCAD-prediction_s10,0.005,239114,239167,53,False
train6.csv,seen_normal_audit,GCAD-prediction_s10,0.005,244805,244868,63,False
train6.csv,seen_normal_audit,GCAD-prediction_s10,0.01,1726,1789,63,False
train6.csv,seen_normal_audit,GCAD-prediction_s10,0.01,6549,6612,63,False
train6.csv,seen_normal_audit,GCAD-prediction_s10,0.01,9328,9408,80,False
train6.csv,seen_normal_audit,GCAD-prediction_s10,0.01,16194,16255,61,False
train6.csv,seen_normal_audit,GCAD-prediction_s10,0.01,16867,16931,64,False
train6.csv,seen_normal_audit,GCAD-prediction_s10,0.01,23436,23501,65,False
train6.csv,seen_normal_audit,GCAD-prediction_s10,0.01,28176,28238,62,False
train6.csv,seen_normal_audit,GCAD-prediction_s10,0.01,30592,30658,66,False
train6.csv,seen_normal_audit,GCAD-prediction_s10,0.01,38132,38208,76,False
train6.csv,seen_normal_audit,GCAD-prediction_s10,0.01,66854,66920,66,False
train6.csv,seen_normal_audit,GCAD-prediction_s10,0.01,72005,72068,63,False
train6.csv,seen_normal_audit,GCAD-prediction_s10,0.01,74238,74304,66,False
train6.csv,seen_normal_audit,GCAD-prediction_s10,0.01,83097,83161,64,False
train6.csv,seen_normal_audit,GCAD-prediction_s10,0.01,93800,93863,63,False
train6.csv,seen_normal_audit,GCAD-prediction_s10,0.01,95972,96024,52,False
train6.csv,seen_normal_audit,GCAD-prediction_s10,0.01,97205,97286,81,False
train6.csv,seen_normal_audit,GCAD-prediction_s10,0.01,105041,105105,64,False
train6.csv,seen_normal_audit,GCAD-prediction_s10,0.01,106310,106390,80,False
train6.csv,seen_normal_audit,GCAD-prediction_s10,0.01,109965,110044,79,False
train6.csv,seen_normal_audit,GCAD-prediction_s10,0.01,116018,116080,62,False
train6.csv,seen_normal_audit,GCAD-prediction_s10,0.01,116966,117027,61,False
train6.csv,seen_normal_audit,GCAD-prediction_s10,0.01,152635,152713,78,False
train6.csv,seen_normal_audit,GCAD-prediction_s10,0.01,158411,158474,63,False
train6.csv,seen_normal_audit,GCAD-prediction_s10,0.01,159788,159838,50,False
train6.csv,seen_normal_audit,GCAD-prediction_s10,0.01,162198,162263,65,False
train6.csv,seen_normal_audit,GCAD-prediction_s10,0.01,166969,167049,80,False
train6.csv,seen_normal_audit,GCAD-prediction_s10,0.01,173920,173983,63,False
train6.csv,seen_normal_audit,GCAD-prediction_s10,0.01,179547,179607,60,False
train6.csv,seen_normal_audit,GCAD-prediction_s10,0.01,181250,181312,62,False
train6.csv,seen_normal_audit,GCAD-prediction_s10,0.01,188385,188461,76,False
train6.csv,seen_normal_audit,GCAD-prediction_s10,0.01,190545,190605,60,False
train6.csv,seen_normal_audit,GCAD-prediction_s10,0.01,200850,200912,62,False
train6.csv,seen_normal_audit,GCAD-prediction_s10,0.01,201328,201393,65,False
train6.csv,seen_normal_audit,GCAD-prediction_s10,0.01,201719,201800,81,False
train6.csv,seen_normal_audit,GCAD-prediction_s10,0.01,202731,202792,61,False
train6.csv,seen_normal_audit,GCAD-prediction_s10,0.01,209605,209659,54,False
train6.csv,seen_normal_audit,GCAD-prediction_s10,0.01,219968,220040,72,False
train6.csv,seen_normal_audit,GCAD-prediction_s10,0.01,232214,232294,80,False
train6.csv,seen_normal_audit,GCAD-prediction_s10,0.01,239103,239179,76,False
train6.csv,seen_normal_audit,GCAD-prediction_s10,0.01,244805,244868,63,False
train6.csv,seen_normal_audit,GCAD-prediction_s10,0.01,255954,256016,62,False
train6.csv,seen_normal_audit,GCAD-prediction_s10,0.02,1726,1789,63,False
train6.csv,seen_normal_audit,GCAD-prediction_s10,0.02,6547,6612,65,False
train6.csv,seen_normal_audit,GCAD-prediction_s10,0.02,9328,9408,80,False
train6.csv,seen_normal_audit,GCAD-prediction_s10,0.02,16194,16256,62,False
train6.csv,seen_normal_audit,GCAD-prediction_s10,0.02,16866,16931,65,False
train6.csv,seen_normal_audit,GCAD-prediction_s10,0.02,23436,23501,65,False
train6.csv,seen_normal_audit,GCAD-prediction_s10,0.02,28176,28239,63,False
train6.csv,seen_normal_audit,GCAD-prediction_s10,0.02,30592,30658,66,False
train6.csv,seen_normal_audit,GCAD-prediction_s10,0.02,38130,38208,78,False
train6.csv,seen_normal_audit,GCAD-prediction_s10,0.02,59407,59468,61,False
train6.csv,seen_normal_audit,GCAD-prediction_s10,0.02,66854,66920,66,False
train6.csv,seen_normal_audit,GCAD-prediction_s10,0.02,72005,72068,63,False
train6.csv,seen_normal_audit,GCAD-prediction_s10,0.02,74238,74304,66,False
train6.csv,seen_normal_audit,GCAD-prediction_s10,0.02,83096,83161,65,False
train6.csv,seen_normal_audit,GCAD-prediction_s10,0.02,93798,93863,65,False
train6.csv,seen_normal_audit,GCAD-prediction_s10,0.02,95963,96032,69,False
train6.csv,seen_normal_audit,GCAD-prediction_s10,0.02,97034,97046,12,False
train6.csv,seen_normal_audit,GCAD-prediction_s10,0.02,97052,97053,1,False
train6.csv,seen_normal_audit,GCAD-prediction_s10,0.02,97076,97078,2,False
train6.csv,seen_normal_audit,GCAD-prediction_s10,0.02,97082,97084,2,False
train6.csv,seen_normal_audit,GCAD-prediction_s10,0.02,97205,97286,81,False
train6.csv,seen_normal_audit,GCAD-prediction_s10,0.02,103141,103194,53,False
train6.csv,seen_normal_audit,GCAD-prediction_s10,0.02,103681,103763,82,False
train6.csv,seen_normal_audit,GCAD-prediction_s10,0.02,104493,104496,3,False
train6.csv,seen_normal_audit,GCAD-prediction_s10,0.02,104518,104519,1,False
train6.csv,seen_normal_audit,GCAD-prediction_s10,0.02,104681,104682,1,False
train6.csv,seen_normal_audit,GCAD-prediction_s10,0.02,104950,105109,159,False
train6.csv,seen_normal_audit,GCAD-prediction_s10,0.02,105112,105118,6,False
train6.csv,seen_normal_audit,GCAD-prediction_s10,0.02,105153,105180,27,False
train6.csv,seen_normal_audit,GCAD-prediction_s10,0.02,105186,105187,1,False
train6.csv,seen_normal_audit,GCAD-prediction_s10,0.02,105404,105444,40,False
train6.csv,seen_normal_audit,GCAD-prediction_s10,0.02,106094,106096,2,False
train6.csv,seen_normal_audit,GCAD-prediction_s10,0.02,106310,106391,81,False
train6.csv,seen_normal_audit,GCAD-prediction_s10,0.02,109965,110045,80,False
train6.csv,seen_normal_audit,GCAD-prediction_s10,0.02,116017,116080,63,False
train6.csv,seen_normal_audit,GCAD-prediction_s10,0.02,116965,117028,63,False
train6.csv,seen_normal_audit,GCAD-prediction_s10,0.02,145813,145874,61,False
train6.csv,seen_normal_audit,GCAD-prediction_s10,0.02,152633,152713,80,False
train6.csv,seen_normal_audit,GCAD-prediction_s10,0.02,158411,158474,63,False
train6.csv,seen_normal_audit,GCAD-prediction_s10,0.02,159779,159845,66,False
train6.csv,seen_normal_audit,GCAD-prediction_s10,0.02,161079,161082,3,False
train6.csv,seen_normal_audit,GCAD-prediction_s10,0.02,161088,161089,1,False
train6.csv,seen_normal_audit,GCAD-prediction_s10,0.02,161092,161094,2,False
train6.csv,seen_normal_audit,GCAD-prediction_s10,0.02,161098,161165,67,False
train6.csv,seen_normal_audit,GCAD-prediction_s10,0.02,161173,161174,1,False
train6.csv,seen_normal_audit,GCAD-prediction_s10,0.02,162198,162265,67,False
train6.csv,seen_normal_audit,GCAD-prediction_s10,0.02,166969,167049,80,False
train6.csv,seen_normal_audit,GCAD-prediction_s10,0.02,173920,173983,63,False
train6.csv,seen_normal_audit,GCAD-prediction_s10,0.02,179547,179609,62,False
train6.csv,seen_normal_audit,GCAD-prediction_s10,0.02,181250,181312,62,False
train6.csv,seen_normal_audit,GCAD-prediction_s10,0.02,188383,188461,78,False
train6.csv,seen_normal_audit,GCAD-prediction_s10,0.02,190545,190607,62,False
train6.csv,seen_normal_audit,GCAD-prediction_s10,0.02,195478,195539,61,False
train6.csv,seen_normal_audit,GCAD-prediction_s10,0.02,196793,196806,13,False
train6.csv,seen_normal_audit,GCAD-prediction_s10,0.02,197024,197040,16,False
train6.csv,seen_normal_audit,GCAD-prediction_s10,0.02,197135,197142,7,False
train6.csv,seen_normal_audit,GCAD-prediction_s10,0.02,197145,197178,33,False
train6.csv,seen_normal_audit,GCAD-prediction_s10,0.02,197181,197184,3,False
train6.csv,seen_normal_audit,GCAD-prediction_s10,0.02,197216,197219,3,False
train6.csv,seen_normal_audit,GCAD-prediction_s10,0.02,197233,197272,39,False
train6.csv,seen_normal_audit,GCAD-prediction_s10,0.02,199036,199038,2,False
train6.csv,seen_normal_audit,GCAD-prediction_s10,0.02,199045,199075,30,False
train6.csv,seen_normal_audit,GCAD-prediction_s10,0.02,199253,199365,112,False
train6.csv,seen_normal_audit,GCAD-prediction_s10,0.02,199369,199370,1,False
train6.csv,seen_normal_audit,GCAD-prediction_s10,0.02,199850,199868,18,False
train6.csv,seen_normal_audit,GCAD-prediction_s10,0.02,200849,200912,63,False
train6.csv,seen_normal_audit,GCAD-prediction_s10,0.02,200919,200921,2,False
train6.csv,seen_normal_audit,GCAD-prediction_s10,0.02,200925,200927,2,False
train6.csv,seen_normal_audit,GCAD-prediction_s10,0.02,201328,201393,65,False
train6.csv,seen_normal_audit,GCAD-prediction_s10,0.02,201451,201452,1,False
train6.csv,seen_normal_audit,GCAD-prediction_s10,0.02,201462,201493,31,False
train6.csv,seen_normal_audit,GCAD-prediction_s10,0.02,201719,201800,81,False
train6.csv,seen_normal_audit,GCAD-prediction_s10,0.02,202730,202793,63,False
train6.csv,seen_normal_audit,GCAD-prediction_s10,0.02,204084,204097,13,False
train6.csv,seen_normal_audit,GCAD-prediction_s10,0.02,209597,209668,71,False
train6.csv,seen_normal_audit,GCAD-prediction_s10,0.02,211540,211541,1,False
train6.csv,seen_normal_audit,GCAD-prediction_s10,0.02,211546,211547,1,False
train6.csv,seen_normal_audit,GCAD-prediction_s10,0.02,214124,214150,26,False
train6.csv,seen_normal_audit,GCAD-prediction_s10,0.02,214153,214177,24,False
train6.csv,seen_normal_audit,GCAD-prediction_s10,0.02,214180,214181,1,False
train6.csv,seen_normal_audit,GCAD-prediction_s10,0.02,214278,214334,56,False
train6.csv,seen_normal_audit,GCAD-prediction_s10,0.02,214338,214340,2,False
train6.csv,seen_normal_audit,GCAD-prediction_s10,0.02,214343,214345,2,False
train6.csv,seen_normal_audit,GCAD-prediction_s10,0.02,214429,214449,20,False
train6.csv,seen_normal_audit,GCAD-prediction_s10,0.02,215922,215923,1,False
train6.csv,seen_normal_audit,GCAD-prediction_s10,0.02,215926,215929,3,False
train6.csv,seen_normal_audit,GCAD-prediction_s10,0.02,215932,215936,4,False
train6.csv,seen_normal_audit,GCAD-prediction_s10,0.02,215944,216069,125,False
train6.csv,seen_normal_audit,GCAD-prediction_s10,0.02,216395,216396,1,False
train6.csv,seen_normal_audit,GCAD-prediction_s10,0.02,216407,216408,1,False
train6.csv,seen_normal_audit,GCAD-prediction_s10,0.02,216432,216434,2,False
train6.csv,seen_normal_audit,GCAD-prediction_s10,0.02,216516,216519,3,False
train6.csv,seen_normal_audit,GCAD-prediction_s10,0.02,216539,216645,106,False
train6.csv,seen_normal_audit,GCAD-prediction_s10,0.02,216667,216675,8,False
train6.csv,seen_normal_audit,GCAD-prediction_s10,0.02,216679,216688,9,False
train6.csv,seen_normal_audit,GCAD-prediction_s10,0.02,216710,216711,1,False
train6.csv,seen_normal_audit,GCAD-prediction_s10,0.02,216859,216861,2,False
train6.csv,seen_normal_audit,GCAD-prediction_s10,0.02,216871,216884,13,False
train6.csv,seen_normal_audit,GCAD-prediction_s10,0.02,216889,216890,1,False
train6.csv,seen_normal_audit,GCAD-prediction_s10,0.02,216895,216896,1,False
train6.csv,seen_normal_audit,GCAD-prediction_s10,0.02,217029,217030,1,False
train6.csv,seen_normal_audit,GCAD-prediction_s10,0.02,217035,217036,1,False
train6.csv,seen_normal_audit,GCAD-prediction_s10,0.02,218508,218509,1,False
train6.csv,seen_normal_audit,GCAD-prediction_s10,0.02,218513,218564,51,False
train6.csv,seen_normal_audit,GCAD-prediction_s10,0.02,218574,218575,1,False
train6.csv,seen_normal_audit,GCAD-prediction_s10,0.02,218736,218737,1,False
train6.csv,seen_normal_audit,GCAD-prediction_s10,0.02,218745,218866,121,False
train6.csv,seen_normal_audit,GCAD-prediction_s10,0.02,219154,219191,37,False
train6.csv,seen_normal_audit,GCAD-prediction_s10,0.02,219740,219819,79,False
train6.csv,seen_normal_audit,GCAD-prediction_s10,0.02,219822,219823,1,False
train6.csv,seen_normal_audit,GCAD-prediction_s10,0.02,219968,220048,80,False
train6.csv,seen_normal_audit,GCAD-prediction_s10,0.02,232214,232294,80,False
train6.csv,seen_normal_audit,GCAD-prediction_s10,0.02,239101,239179,78,False
train6.csv,seen_normal_audit,GCAD-prediction_s10,0.02,244805,244868,63,False
train6.csv,seen_normal_audit,GCAD-prediction_s10,0.02,255954,256016,62,False
train6.csv,seen_normal_audit,GCAD-dependency_s10,0.005,9328,9408,80,False
train6.csv,seen_normal_audit,GCAD-dependency_s10,0.005,23437,23501,64,False
train6.csv,seen_normal_audit,GCAD-dependency_s10,0.005,30594,30656,62,False
train6.csv,seen_normal_audit,GCAD-dependency_s10,0.005,38128,38208,80,False
train6.csv,seen_normal_audit,GCAD-dependency_s10,0.005,66854,66919,65,False
train6.csv,seen_normal_audit,GCAD-dependency_s10,0.005,97208,97268,60,False
train6.csv,seen_normal_audit,GCAD-dependency_s10,0.005,106320,106375,55,False
train6.csv,seen_normal_audit,GCAD-dependency_s10,0.005,109965,110044,79,False
train6.csv,seen_normal_audit,GCAD-dependency_s10,0.005,152634,152713,79,False
train6.csv,seen_normal_audit,GCAD-dependency_s10,0.005,162199,162261,62,False
train6.csv,seen_normal_audit,GCAD-dependency_s10,0.005,166969,167049,80,False
train6.csv,seen_normal_audit,GCAD-dependency_s10,0.005,188381,188461,80,False
train6.csv,seen_normal_audit,GCAD-dependency_s10,0.005,201722,201784,62,False
train6.csv,seen_normal_audit,GCAD-dependency_s10,0.005,219971,220032,61,False
train6.csv,seen_normal_audit,GCAD-dependency_s10,0.005,232214,232294,80,False
train6.csv,seen_normal_audit,GCAD-dependency_s10,0.005,239099,239179,80,False
train6.csv,seen_normal_audit,GCAD-dependency_s10,0.005,244806,244868,62,False
train6.csv,seen_normal_audit,GCAD-dependency_s10,0.01,1727,1789,62,False
train6.csv,seen_normal_audit,GCAD-dependency_s10,0.01,9328,9408,80,False
train6.csv,seen_normal_audit,GCAD-dependency_s10,0.01,16194,16254,60,False
train6.csv,seen_normal_audit,GCAD-dependency_s10,0.01,16869,16928,59,False
train6.csv,seen_normal_audit,GCAD-dependency_s10,0.01,23436,23501,65,False
train6.csv,seen_normal_audit,GCAD-dependency_s10,0.01,30593,30658,65,False
train6.csv,seen_normal_audit,GCAD-dependency_s10,0.01,38128,38208,80,False
train6.csv,seen_normal_audit,GCAD-dependency_s10,0.01,57631,57689,58,False
train6.csv,seen_normal_audit,GCAD-dependency_s10,0.01,66854,66920,66,False
train6.csv,seen_normal_audit,GCAD-dependency_s10,0.01,74240,74303,63,False
train6.csv,seen_normal_audit,GCAD-dependency_s10,0.01,83099,83161,62,False
train6.csv,seen_normal_audit,GCAD-dependency_s10,0.01,93800,93863,63,False
train6.csv,seen_normal_audit,GCAD-dependency_s10,0.01,95964,96034,70,False
train6.csv,seen_normal_audit,GCAD-dependency_s10,0.01,97205,97279,74,False
train6.csv,seen_normal_audit,GCAD-dependency_s10,0.01,103138,103200,62,False
train6.csv,seen_normal_audit,GCAD-dependency_s10,0.01,106312,106392,80,False
train6.csv,seen_normal_audit,GCAD-dependency_s10,0.01,109965,110044,79,False
train6.csv,seen_normal_audit,GCAD-dependency_s10,0.01,116017,116079,62,False
train6.csv,seen_normal_audit,GCAD-dependency_s10,0.01,152633,152713,80,False
train6.csv,seen_normal_audit,GCAD-dependency_s10,0.01,154452,154506,54,False
train6.csv,seen_normal_audit,GCAD-dependency_s10,0.01,158412,158473,61,False
train6.csv,seen_normal_audit,GCAD-dependency_s10,0.01,159778,159848,70,False
train6.csv,seen_normal_audit,GCAD-dependency_s10,0.01,162198,162274,76,False
train6.csv,seen_normal_audit,GCAD-dependency_s10,0.01,166969,167049,80,False
train6.csv,seen_normal_audit,GCAD-dependency_s10,0.01,173920,173983,63,False
train6.csv,seen_normal_audit,GCAD-dependency_s10,0.01,179547,179606,59,False
train6.csv,seen_normal_audit,GCAD-dependency_s10,0.01,181250,181311,61,False
train6.csv,seen_normal_audit,GCAD-dependency_s10,0.01,188381,188461,80,False
train6.csv,seen_normal_audit,GCAD-dependency_s10,0.01,195479,195544,65,False
train6.csv,seen_normal_audit,GCAD-dependency_s10,0.01,201720,201796,76,False
train6.csv,seen_normal_audit,GCAD-dependency_s10,0.01,209600,209671,71,False
train6.csv,seen_normal_audit,GCAD-dependency_s10,0.01,219970,220046,76,False
train6.csv,seen_normal_audit,GCAD-dependency_s10,0.01,232214,232294,80,False
train6.csv,seen_normal_audit,GCAD-dependency_s10,0.01,239099,239179,80,False
train6.csv,seen_normal_audit,GCAD-dependency_s10,0.01,244805,244868,63,False
train6.csv,seen_normal_audit,GCAD-dependency_s10,0.02,1727,1790,63,False
train6.csv,seen_normal_audit,GCAD-dependency_s10,0.02,6550,6612,62,False
train6.csv,seen_normal_audit,GCAD-dependency_s10,0.02,9328,9408,80,False
train6.csv,seen_normal_audit,GCAD-dependency_s10,0.02,16193,16256,63,False
train6.csv,seen_normal_audit,GCAD-dependency_s10,0.02,16868,16930,62,False
train6.csv,seen_normal_audit,GCAD-dependency_s10,0.02,23436,23501,65,False
train6.csv,seen_normal_audit,GCAD-dependency_s10,0.02,28177,28237,60,False
train6.csv,seen_normal_audit,GCAD-dependency_s10,0.02,30592,30658,66,False
train6.csv,seen_normal_audit,GCAD-dependency_s10,0.02,38128,38208,80,False
train6.csv,seen_normal_audit,GCAD-dependency_s10,0.02,57628,57691,63,False
train6.csv,seen_normal_audit,GCAD-dependency_s10,0.02,66854,66920,66,False
train6.csv,seen_normal_audit,GCAD-dependency_s10,0.02,72005,72068,63,False
train6.csv,seen_normal_audit,GCAD-dependency_s10,0.02,74238,74304,66,False
train6.csv,seen_normal_audit,GCAD-dependency_s10,0.02,83099,83161,62,False
train6.csv,seen_normal_audit,GCAD-dependency_s10,0.02,93798,93863,65,False
train6.csv,seen_normal_audit,GCAD-dependency_s10,0.02,95962,96037,75,False
train6.csv,seen_normal_audit,GCAD-dependency_s10,0.02,97205,97285,80,False
train6.csv,seen_normal_audit,GCAD-dependency_s10,0.02,98262,98269,7,False
train6.csv,seen_normal_audit,GCAD-dependency_s10,0.02,103133,103204,71,False
train6.csv,seen_normal_audit,GCAD-dependency_s10,0.02,105043,105105,62,False
train6.csv,seen_normal_audit,GCAD-dependency_s10,0.02,106311,106393,82,False
train6.csv,seen_normal_audit,GCAD-dependency_s10,0.02,109965,110044,79,False
train6.csv,seen_normal_audit,GCAD-dependency_s10,0.02,116016,116080,64,False
train6.csv,seen_normal_audit,GCAD-dependency_s10,0.02,116966,117027,61,False
train6.csv,seen_normal_audit,GCAD-dependency_s10,0.02,145813,145874,61,False
train6.csv,seen_normal_audit,GCAD-dependency_s10,0.02,150842,150890,48,False
train6.csv,seen_normal_audit,GCAD-dependency_s10,0.02,152633,152713,80,False
train6.csv,seen_normal_audit,GCAD-dependency_s10,0.02,154448,154511,63,False
train6.csv,seen_normal_audit,GCAD-dependency_s10,0.02,158411,158474,63,False
train6.csv,seen_normal_audit,GCAD-dependency_s10,0.02,159776,159851,75,False
train6.csv,seen_normal_audit,GCAD-dependency_s10,0.02,162198,162277,79,False
train6.csv,seen_normal_audit,GCAD-dependency_s10,0.02,165355,165403,48,False
train6.csv,seen_normal_audit,GCAD-dependency_s10,0.02,166969,167049,80,False
train6.csv,seen_normal_audit,GCAD-dependency_s10,0.02,169254,169270,16,False
train6.csv,seen_normal_audit,GCAD-dependency_s10,0.02,173920,173983,63,False
train6.csv,seen_normal_audit,GCAD-dependency_s10,0.02,179546,179609,63,False
train6.csv,seen_normal_audit,GCAD-dependency_s10,0.02,181249,181312,63,False
train6.csv,seen_normal_audit,GCAD-dependency_s10,0.02,188381,188461,80,False
train6.csv,seen_normal_audit,GCAD-dependency_s10,0.02,190545,190606,61,False
train6.csv,seen_normal_audit,GCAD-dependency_s10,0.02,195475,195547,72,False
train6.csv,seen_normal_audit,GCAD-dependency_s10,0.02,201328,201391,63,False
train6.csv,seen_normal_audit,GCAD-dependency_s10,0.02,201719,201799,80,False
train6.csv,seen_normal_audit,GCAD-dependency_s10,0.02,204085,204098,13,False
train6.csv,seen_normal_audit,GCAD-dependency_s10,0.02,209597,209672,75,False
train6.csv,seen_normal_audit,GCAD-dependency_s10,0.02,219969,220049,80,False
train6.csv,seen_normal_audit,GCAD-dependency_s10,0.02,232214,232294,80,False
train6.csv,seen_normal_audit,GCAD-dependency_s10,0.02,239099,239179,80,False
train6.csv,seen_normal_audit,GCAD-dependency_s10,0.02,244805,244868,63,False
train6.csv,seen_normal_audit,GCAD-dependency_s10,0.02,255954,256013,59,False
train6.csv,seen_normal_audit,GCAD-prediction_s11,0.005,6548,6610,62,False
train6.csv,seen_normal_audit,GCAD-prediction_s11,0.005,23437,23501,64,False
train6.csv,seen_normal_audit,GCAD-prediction_s11,0.005,28174,28239,65,False
train6.csv,seen_normal_audit,GCAD-prediction_s11,0.005,30594,30657,63,False
train6.csv,seen_normal_audit,GCAD-prediction_s11,0.005,38138,38197,59,False
train6.csv,seen_normal_audit,GCAD-prediction_s11,0.005,66854,66919,65,False
train6.csv,seen_normal_audit,GCAD-prediction_s11,0.005,97206,97285,79,False
train6.csv,seen_normal_audit,GCAD-prediction_s11,0.005,105041,105106,65,False
train6.csv,seen_normal_audit,GCAD-prediction_s11,0.005,106311,106392,81,False
train6.csv,seen_normal_audit,GCAD-prediction_s11,0.005,109982,110044,62,False
train6.csv,seen_normal_audit,GCAD-prediction_s11,0.005,169049,169114,65,False
train6.csv,seen_normal_audit,GCAD-prediction_s11,0.005,201720,201800,80,False
train6.csv,seen_normal_audit,GCAD-prediction_s11,0.005,219968,220033,65,False
train6.csv,seen_normal_audit,GCAD-prediction_s11,0.005,239110,239168,58,False
train6.csv,seen_normal_audit,GCAD-prediction_s11,0.01,1728,1791,63,False
train6.csv,seen_normal_audit,GCAD-prediction_s11,0.01,3198,3260,62,False
train6.csv,seen_normal_audit,GCAD-prediction_s11,0.01,6548,6612,64,False
train6.csv,seen_normal_audit,GCAD-prediction_s11,0.01,16193,16255,62,False
train6.csv,seen_normal_audit,GCAD-prediction_s11,0.01,16868,16930,62,False
train6.csv,seen_normal_audit,GCAD-prediction_s11,0.01,23436,23501,65,False
train6.csv,seen_normal_audit,GCAD-prediction_s11,0.01,24550,24628,78,False
train6.csv,seen_normal_audit,GCAD-prediction_s11,0.01,28174,28239,65,False
train6.csv,seen_normal_audit,GCAD-prediction_s11,0.01,30593,30658,65,False
train6.csv,seen_normal_audit,GCAD-prediction_s11,0.01,38130,38206,76,False
train6.csv,seen_normal_audit,GCAD-prediction_s11,0.01,61443,61505,62,False
train6.csv,seen_normal_audit,GCAD-prediction_s11,0.01,66854,66920,66,False
train6.csv,seen_normal_audit,GCAD-prediction_s11,0.01,74239,74303,64,False
train6.csv,seen_normal_audit,GCAD-prediction_s11,0.01,81462,81523,61,False
train6.csv,seen_normal_audit,GCAD-prediction_s11,0.01,83097,83161,64,False
train6.csv,seen_normal_audit,GCAD-prediction_s11,0.01,95977,96040,63,False
train6.csv,seen_normal_audit,GCAD-prediction_s11,0.01,97206,97286,80,False
train6.csv,seen_normal_audit,GCAD-prediction_s11,0.01,101688,101750,62,False
train6.csv,seen_normal_audit,GCAD-prediction_s11,0.01,103147,103193,46,False
train6.csv,seen_normal_audit,GCAD-prediction_s11,0.01,105041,105106,65,False
train6.csv,seen_normal_audit,GCAD-prediction_s11,0.01,106311,106392,81,False
train6.csv,seen_normal_audit,GCAD-prediction_s11,0.01,109982,110044,62,False
train6.csv,seen_normal_audit,GCAD-prediction_s11,0.01,124012,124074,62,False
train6.csv,seen_normal_audit,GCAD-prediction_s11,0.01,124318,124327,9,False
train6.csv,seen_normal_audit,GCAD-prediction_s11,0.01,134447,134508,61,False
train6.csv,seen_normal_audit,GCAD-prediction_s11,0.01,152637,152708,71,False
train6.csv,seen_normal_audit,GCAD-prediction_s11,0.01,159792,159838,46,False
train6.csv,seen_normal_audit,GCAD-prediction_s11,0.01,162202,162278,76,False
train6.csv,seen_normal_audit,GCAD-prediction_s11,0.01,168126,168186,60,False
train6.csv,seen_normal_audit,GCAD-prediction_s11,0.01,169049,169114,65,False
train6.csv,seen_normal_audit,GCAD-prediction_s11,0.01,169224,169287,63,False
train6.csv,seen_normal_audit,GCAD-prediction_s11,0.01,173922,173985,63,False
train6.csv,seen_normal_audit,GCAD-prediction_s11,0.01,180397,180442,45,False
train6.csv,seen_normal_audit,GCAD-prediction_s11,0.01,181249,181311,62,False
train6.csv,seen_normal_audit,GCAD-prediction_s11,0.01,188384,188458,74,False
train6.csv,seen_normal_audit,GCAD-prediction_s11,0.01,190753,190816,63,False
train6.csv,seen_normal_audit,GCAD-prediction_s11,0.01,200850,200929,79,False
train6.csv,seen_normal_audit,GCAD-prediction_s11,0.01,201330,201392,62,False
train6.csv,seen_normal_audit,GCAD-prediction_s11,0.01,201720,201800,80,False
train6.csv,seen_normal_audit,GCAD-prediction_s11,0.01,204035,204146,111,False
train6.csv,seen_normal_audit,GCAD-prediction_s11,0.01,212133,212195,62,False
train6.csv,seen_normal_audit,GCAD-prediction_s11,0.01,219968,220049,81,False
train6.csv,seen_normal_audit,GCAD-prediction_s11,0.01,239101,239177,76,False
train6.csv,seen_normal_audit,GCAD-prediction_s11,0.01,244562,244625,63,False
train6.csv,seen_normal_audit,GCAD-prediction_s11,0.01,255783,255845,62,False
train6.csv,seen_normal_audit,GCAD-prediction_s11,0.02,1727,1791,64,False
train6.csv,seen_normal_audit,GCAD-prediction_s11,0.02,3197,3260,63,False
train6.csv,seen_normal_audit,GCAD-prediction_s11,0.02,6548,6612,64,False
train6.csv,seen_normal_audit,GCAD-prediction_s11,0.02,13731,13777,46,False
train6.csv,seen_normal_audit,GCAD-prediction_s11,0.02,16193,16255,62,False
train6.csv,seen_normal_audit,GCAD-prediction_s11,0.02,16867,16930,63,False
train6.csv,seen_normal_audit,GCAD-prediction_s11,0.02,23436,23501,65,False
train6.csv,seen_normal_audit,GCAD-prediction_s11,0.02,24454,24508,54,False
train6.csv,seen_normal_audit,GCAD-prediction_s11,0.02,24549,24628,79,False
train6.csv,seen_normal_audit,GCAD-prediction_s11,0.02,28174,28239,65,False
train6.csv,seen_normal_audit,GCAD-prediction_s11,0.02,30593,30658,65,False
train6.csv,seen_normal_audit,GCAD-prediction_s11,0.02,34970,35048,78,False
train6.csv,seen_normal_audit,GCAD-prediction_s11,0.02,38130,38206,76,False
train6.csv,seen_normal_audit,GCAD-prediction_s11,0.02,61443,61506,63,False
train6.csv,seen_normal_audit,GCAD-prediction_s11,0.02,66854,66920,66,False
train6.csv,seen_normal_audit,GCAD-prediction_s11,0.02,74239,74303,64,False
train6.csv,seen_normal_audit,GCAD-prediction_s11,0.02,81461,81525,64,False
train6.csv,seen_normal_audit,GCAD-prediction_s11,0.02,83097,83161,64,False
train6.csv,seen_normal_audit,GCAD-prediction_s11,0.02,95961,96040,79,False
train6.csv,seen_normal_audit,GCAD-prediction_s11,0.02,97206,97286,80,False
train6.csv,seen_normal_audit,GCAD-prediction_s11,0.02,97909,97972,63,False
train6.csv,seen_normal_audit,GCAD-prediction_s11,0.02,101687,101766,79,False
train6.csv,seen_normal_audit,GCAD-prediction_s11,0.02,103147,103209,62,False
train6.csv,seen_normal_audit,GCAD-prediction_s11,0.02,105041,105106,65,False
train6.csv,seen_normal_audit,GCAD-prediction_s11,0.02,105595,105638,43,False
train6.csv,seen_normal_audit,GCAD-prediction_s11,0.02,106311,106393,82,False
train6.csv,seen_normal_audit,GCAD-prediction_s11,0.02,109982,110044,62,False
train6.csv,seen_normal_audit,GCAD-prediction_s11,0.02,112483,112545,62,False
train6.csv,seen_normal_audit,GCAD-prediction_s11,0.02,116967,117029,62,False
train6.csv,seen_normal_audit,GCAD-prediction_s11,0.02,123192,123253,61,False
train6.csv,seen_normal_audit,GCAD-prediction_s11,0.02,124012,124074,62,False
train6.csv,seen_normal_audit,GCAD-prediction_s11,0.02,124316,124378,62,False
train6.csv,seen_normal_audit,GCAD-prediction_s11,0.02,134446,134508,62,False
train6.csv,seen_normal_audit,GCAD-prediction_s11,0.02,145812,145875,63,False
train6.csv,seen_normal_audit,GCAD-prediction_s11,0.02,147420,147481,61,False
train6.csv,seen_normal_audit,GCAD-prediction_s11,0.02,152637,152710,73,False
train6.csv,seen_normal_audit,GCAD-prediction_s11,0.02,159776,159854,78,False
train6.csv,seen_normal_audit,GCAD-prediction_s11,0.02,162199,162278,79,False
train6.csv,seen_normal_audit,GCAD-prediction_s11,0.02,166982,167037,55,False
train6.csv,seen_normal_audit,GCAD-prediction_s11,0.02,168124,168189,65,False
train6.csv,seen_normal_audit,GCAD-prediction_s11,0.02,169049,169114,65,False
train6.csv,seen_normal_audit,GCAD-prediction_s11,0.02,169209,169287,78,False
train6.csv,seen_normal_audit,GCAD-prediction_s11,0.02,173921,173985,64,False
train6.csv,seen_normal_audit,GCAD-prediction_s11,0.02,180381,180443,62,False
train6.csv,seen_normal_audit,GCAD-prediction_s11,0.02,181249,181311,62,False
train6.csv,seen_normal_audit,GCAD-prediction_s11,0.02,188383,188459,76,False
train6.csv,seen_normal_audit,GCAD-prediction_s11,0.02,190753,190816,63,False
train6.csv,seen_normal_audit,GCAD-prediction_s11,0.02,200850,200929,79,False
train6.csv,seen_normal_audit,GCAD-prediction_s11,0.02,201330,201392,62,False
train6.csv,seen_normal_audit,GCAD-prediction_s11,0.02,201720,201800,80,False
train6.csv,seen_normal_audit,GCAD-prediction_s11,0.02,202733,202794,61,False
train6.csv,seen_normal_audit,GCAD-prediction_s11,0.02,204035,204148,113,False
train6.csv,seen_normal_audit,GCAD-prediction_s11,0.02,209613,209674,61,False
train6.csv,seen_normal_audit,GCAD-prediction_s11,0.02,212133,212196,63,False
train6.csv,seen_normal_audit,GCAD-prediction_s11,0.02,217324,217352,28,False
train6.csv,seen_normal_audit,GCAD-prediction_s11,0.02,219968,220050,82,False
train6.csv,seen_normal_audit,GCAD-prediction_s11,0.02,234220,234281,61,False
train6.csv,seen_normal_audit,GCAD-prediction_s11,0.02,239101,239177,76,False
train6.csv,seen_normal_audit,GCAD-prediction_s11,0.02,244562,244625,63,False
train6.csv,seen_normal_audit,GCAD-prediction_s11,0.02,255783,255846,63,False
train6.csv,seen_normal_audit,GCAD-dependency_s11,0.005,1727,1791,64,False
train6.csv,seen_normal_audit,GCAD-dependency_s11,0.005,6547,6612,65,False
train6.csv,seen_normal_audit,GCAD-dependency_s11,0.005,9339,9399,60,False
train6.csv,seen_normal_audit,GCAD-dependency_s11,0.005,16191,16255,64,False
train6.csv,seen_normal_audit,GCAD-dependency_s11,0.005,23436,23501,65,False
train6.csv,seen_normal_audit,GCAD-dependency_s11,0.005,28174,28239,65,False
train6.csv,seen_normal_audit,GCAD-dependency_s11,0.005,30593,30657,64,False
train6.csv,seen_normal_audit,GCAD-dependency_s11,0.005,38130,38206,76,False
train6.csv,seen_normal_audit,GCAD-dependency_s11,0.005,66854,66919,65,False
train6.csv,seen_normal_audit,GCAD-dependency_s11,0.005,74239,74301,62,False
train6.csv,seen_normal_audit,GCAD-dependency_s11,0.005,81461,81524,63,False
train6.csv,seen_normal_audit,GCAD-dependency_s11,0.005,83096,83161,65,False
train6.csv,seen_normal_audit,GCAD-dependency_s11,0.005,88501,88561,60,False
train6.csv,seen_normal_audit,GCAD-dependency_s11,0.005,105041,105106,65,False
train6.csv,seen_normal_audit,GCAD-dependency_s11,0.005,106310,106375,65,False
train6.csv,seen_normal_audit,GCAD-dependency_s11,0.005,109974,110033,59,False
train6.csv,seen_normal_audit,GCAD-dependency_s11,0.005,116966,117030,64,False
train6.csv,seen_normal_audit,GCAD-dependency_s11,0.005,124011,124072,61,False
train6.csv,seen_normal_audit,GCAD-dependency_s11,0.005,145811,145874,63,False
train6.csv,seen_normal_audit,GCAD-dependency_s11,0.005,152637,152709,72,False
train6.csv,seen_normal_audit,GCAD-dependency_s11,0.005,166973,167046,73,False
train6.csv,seen_normal_audit,GCAD-dependency_s11,0.005,169049,169114,65,False
train6.csv,seen_normal_audit,GCAD-dependency_s11,0.005,173921,173985,64,False
train6.csv,seen_normal_audit,GCAD-dependency_s11,0.005,181247,181311,64,False
train6.csv,seen_normal_audit,GCAD-dependency_s11,0.005,188383,188459,76,False
train6.csv,seen_normal_audit,GCAD-dependency_s11,0.005,202731,202795,64,False
train6.csv,seen_normal_audit,GCAD-dependency_s11,0.005,232224,232285,61,False
train6.csv,seen_normal_audit,GCAD-dependency_s11,0.005,239101,239177,76,False
train6.csv,seen_normal_audit,GCAD-dependency_s11,0.01,1726,1791,65,False
train6.csv,seen_normal_audit,GCAD-dependency_s11,0.01,6547,6612,65,False
train6.csv,seen_normal_audit,GCAD-dependency_s11,0.01,9330,9407,77,False
train6.csv,seen_normal_audit,GCAD-dependency_s11,0.01,16191,16256,65,False
train6.csv,seen_normal_audit,GCAD-dependency_s11,0.01,23436,23501,65,False
train6.csv,seen_normal_audit,GCAD-dependency_s11,0.01,28174,28239,65,False
train6.csv,seen_normal_audit,GCAD-dependency_s11,0.01,30592,30657,65,False
train6.csv,seen_normal_audit,GCAD-dependency_s11,0.01,38129,38207,78,False
train6.csv,seen_normal_audit,GCAD-dependency_s11,0.01,61444,61489,45,False
train6.csv,seen_normal_audit,GCAD-dependency_s11,0.01,66854,66919,65,False
train6.csv,seen_normal_audit,GCAD-dependency_s11,0.01,74239,74303,64,False
train6.csv,seen_normal_audit,GCAD-dependency_s11,0.01,81460,81525,65,False
train6.csv,seen_normal_audit,GCAD-dependency_s11,0.01,83096,83161,65,False
train6.csv,seen_normal_audit,GCAD-dependency_s11,0.01,88499,88563,64,False
train6.csv,seen_normal_audit,GCAD-dependency_s11,0.01,97207,97278,71,False
train6.csv,seen_normal_audit,GCAD-dependency_s11,0.01,105041,105106,65,False
train6.csv,seen_normal_audit,GCAD-dependency_s11,0.01,106310,106392,82,False
train6.csv,seen_normal_audit,GCAD-dependency_s11,0.01,109967,110043,76,False
train6.csv,seen_normal_audit,GCAD-dependency_s11,0.01,116965,117030,65,False
train6.csv,seen_normal_audit,GCAD-dependency_s11,0.01,124009,124073,64,False
train6.csv,seen_normal_audit,GCAD-dependency_s11,0.01,145810,145875,65,False
train6.csv,seen_normal_audit,GCAD-dependency_s11,0.01,152634,152712,78,False
train6.csv,seen_normal_audit,GCAD-dependency_s11,0.01,162202,162273,71,False
train6.csv,seen_normal_audit,GCAD-dependency_s11,0.01,166970,167049,79,False
train6.csv,seen_normal_audit,GCAD-dependency_s11,0.01,169049,169114,65,False
train6.csv,seen_normal_audit,GCAD-dependency_s11,0.01,173920,173985,65,False
train6.csv,seen_normal_audit,GCAD-dependency_s11,0.01,181247,181312,65,False
train6.csv,seen_normal_audit,GCAD-dependency_s11,0.01,188382,188460,78,False
train6.csv,seen_normal_audit,GCAD-dependency_s11,0.01,201721,201796,75,False
train6.csv,seen_normal_audit,GCAD-dependency_s11,0.01,202730,202795,65,False
train6.csv,seen_normal_audit,GCAD-dependency_s11,0.01,219969,220047,78,False
train6.csv,seen_normal_audit,GCAD-dependency_s11,0.01,232216,232293,77,False
train6.csv,seen_normal_audit,GCAD-dependency_s11,0.01,239100,239178,78,False
train6.csv,seen_normal_audit,GCAD-dependency_s11,0.01,246520,246584,64,False
train6.csv,seen_normal_audit,GCAD-dependency_s11,0.02,1726,1791,65,False
train6.csv,seen_normal_audit,GCAD-dependency_s11,0.02,6547,6612,65,False
train6.csv,seen_normal_audit,GCAD-dependency_s11,0.02,9329,9407,78,False
train6.csv,seen_normal_audit,GCAD-dependency_s11,0.02,16191,16256,65,False
train6.csv,seen_normal_audit,GCAD-dependency_s11,0.02,23436,23501,65,False
train6.csv,seen_normal_audit,GCAD-dependency_s11,0.02,28174,28239,65,False
train6.csv,seen_normal_audit,GCAD-dependency_s11,0.02,30592,30658,66,False
train6.csv,seen_normal_audit,GCAD-dependency_s11,0.02,34978,35045,67,False
train6.csv,seen_normal_audit,GCAD-dependency_s11,0.02,38128,38208,80,False
train6.csv,seen_normal_audit,GCAD-dependency_s11,0.02,57627,57691,64,False
train6.csv,seen_normal_audit,GCAD-dependency_s11,0.02,59409,59470,61,False
train6.csv,seen_normal_audit,GCAD-dependency_s11,0.02,61443,61506,63,False
train6.csv,seen_normal_audit,GCAD-dependency_s11,0.02,66854,66920,66,False
train6.csv,seen_normal_audit,GCAD-dependency_s11,0.02,74237,74304,67,False
train6.csv,seen_normal_audit,GCAD-dependency_s11,0.02,81460,81525,65,False
train6.csv,seen_normal_audit,GCAD-dependency_s11,0.02,83096,83161,65,False
train6.csv,seen_normal_audit,GCAD-dependency_s11,0.02,88498,88563,65,False
train6.csv,seen_normal_audit,GCAD-dependency_s11,0.02,95977,96032,55,False
train6.csv,seen_normal_audit,GCAD-dependency_s11,0.02,97206,97285,79,False
train6.csv,seen_normal_audit,GCAD-dependency_s11,0.02,98243,98303,60,False
train6.csv,seen_normal_audit,GCAD-dependency_s11,0.02,101705,101751,46,False
train6.csv,seen_normal_audit,GCAD-dependency_s11,0.02,105041,105106,65,False
train6.csv,seen_normal_audit,GCAD-dependency_s11,0.02,106310,106393,83,False
train6.csv,seen_normal_audit,GCAD-dependency_s11,0.02,109966,110044,78,False
train6.csv,seen_normal_audit,GCAD-dependency_s11,0.02,112484,112528,44,False
train6.csv,seen_normal_audit,GCAD-dependency_s11,0.02,116965,117030,65,False
train6.csv,seen_normal_audit,GCAD-dependency_s11,0.02,123191,123253,62,False
train6.csv,seen_normal_audit,GCAD-dependency_s11,0.02,124009,124074,65,False
train6.csv,seen_normal_audit,GCAD-dependency_s11,0.02,134446,134506,60,False
train6.csv,seen_normal_audit,GCAD-dependency_s11,0.02,144067,144070,3,False
train6.csv,seen_normal_audit,GCAD-dependency_s11,0.02,145810,145875,65,False
train6.csv,seen_normal_audit,GCAD-dependency_s11,0.02,152634,152712,78,False
train6.csv,seen_normal_audit,GCAD-dependency_s11,0.02,154448,154511,63,False
train6.csv,seen_normal_audit,GCAD-dependency_s11,0.02,159793,159838,45,False
train6.csv,seen_normal_audit,GCAD-dependency_s11,0.02,162198,162278,80,False
train6.csv,seen_normal_audit,GCAD-dependency_s11,0.02,165340,165405,65,False
train6.csv,seen_normal_audit,GCAD-dependency_s11,0.02,166969,167049,80,False
train6.csv,seen_normal_audit,GCAD-dependency_s11,0.02,169049,169114,65,False
train6.csv,seen_normal_audit,GCAD-dependency_s11,0.02,169209,169286,77,False
train6.csv,seen_normal_audit,GCAD-dependency_s11,0.02,173920,173985,65,False
train6.csv,seen_normal_audit,GCAD-dependency_s11,0.02,181247,181312,65,False
train6.csv,seen_normal_audit,GCAD-dependency_s11,0.02,188382,188460,78,False
train6.csv,seen_normal_audit,GCAD-dependency_s11,0.02,190747,190815,68,False
train6.csv,seen_normal_audit,GCAD-dependency_s11,0.02,200867,200900,33,False
train6.csv,seen_normal_audit,GCAD-dependency_s11,0.02,201720,201800,80,False
train6.csv,seen_normal_audit,GCAD-dependency_s11,0.02,202730,202795,65,False
train6.csv,seen_normal_audit,GCAD-dependency_s11,0.02,204037,204099,62,False
train6.csv,seen_normal_audit,GCAD-dependency_s11,0.02,209613,209658,45,False
train6.csv,seen_normal_audit,GCAD-dependency_s11,0.02,219300,219346,46,False
train6.csv,seen_normal_audit,GCAD-dependency_s11,0.02,219968,220050,82,False
train6.csv,seen_normal_audit,GCAD-dependency_s11,0.02,230444,230479,35,False
train6.csv,seen_normal_audit,GCAD-dependency_s11,0.02,232215,232293,78,False
train6.csv,seen_normal_audit,GCAD-dependency_s11,0.02,234220,234265,45,False
train6.csv,seen_normal_audit,GCAD-dependency_s11,0.02,239099,239179,80,False
train6.csv,seen_normal_audit,GCAD-dependency_s11,0.02,244562,244624,62,False
train6.csv,seen_normal_audit,GCAD-dependency_s11,0.02,246519,246584,65,False
train6.csv,seen_normal_audit,GCAD-prediction_s12,0.005,6548,6610,62,False
train6.csv,seen_normal_audit,GCAD-prediction_s12,0.005,9330,9395,65,False
train6.csv,seen_normal_audit,GCAD-prediction_s12,0.005,16867,16931,64,False
train6.csv,seen_normal_audit,GCAD-prediction_s12,0.005,23436,23500,64,False
train6.csv,seen_normal_audit,GCAD-prediction_s12,0.005,28175,28239,64,False
train6.csv,seen_normal_audit,GCAD-prediction_s12,0.005,30593,30656,63,False
train6.csv,seen_normal_audit,GCAD-prediction_s12,0.005,38145,38207,62,False
train6.csv,seen_normal_audit,GCAD-prediction_s12,0.005,66854,66919,65,False
train6.csv,seen_normal_audit,GCAD-prediction_s12,0.005,72006,72068,62,False
train6.csv,seen_normal_audit,GCAD-prediction_s12,0.005,83097,83159,62,False
train6.csv,seen_normal_audit,GCAD-prediction_s12,0.005,93799,93863,64,False
train6.csv,seen_normal_audit,GCAD-prediction_s12,0.005,97206,97270,64,False
train6.csv,seen_normal_audit,GCAD-prediction_s12,0.005,105041,105106,65,False
train6.csv,seen_normal_audit,GCAD-prediction_s12,0.005,106311,106391,80,False
train6.csv,seen_normal_audit,GCAD-prediction_s12,0.005,109967,110032,65,False
train6.csv,seen_normal_audit,GCAD-prediction_s12,0.005,116015,116080,65,False
train6.csv,seen_normal_audit,GCAD-prediction_s12,0.005,158412,158473,61,False
train6.csv,seen_normal_audit,GCAD-prediction_s12,0.005,162199,162262,63,False
train6.csv,seen_normal_audit,GCAD-prediction_s12,0.005,166970,167044,74,False
train6.csv,seen_normal_audit,GCAD-prediction_s12,0.005,169050,169114,64,False
train6.csv,seen_normal_audit,GCAD-prediction_s12,0.005,179544,179609,65,False
train6.csv,seen_normal_audit,GCAD-prediction_s12,0.005,190545,190606,61,False
train6.csv,seen_normal_audit,GCAD-prediction_s12,0.005,201720,201784,64,False
train6.csv,seen_normal_audit,GCAD-prediction_s12,0.005,219968,220048,80,False
train6.csv,seen_normal_audit,GCAD-prediction_s12,0.005,232216,232284,68,False
train6.csv,seen_normal_audit,GCAD-prediction_s12,0.005,239117,239178,61,False
train6.csv,seen_normal_audit,GCAD-prediction_s12,0.005,244806,244868,62,False
train6.csv,seen_normal_audit,GCAD-prediction_s12,0.01,6548,6610,62,False
train6.csv,seen_normal_audit,GCAD-prediction_s12,0.01,9329,9403,74,False
train6.csv,seen_normal_audit,GCAD-prediction_s12,0.01,16192,16254,62,False
train6.csv,seen_normal_audit,GCAD-prediction_s12,0.01,16866,16931,65,False
train6.csv,seen_normal_audit,GCAD-prediction_s12,0.01,23436,23500,64,False
train6.csv,seen_normal_audit,GCAD-prediction_s12,0.01,28174,28239,65,False
train6.csv,seen_normal_audit,GCAD-prediction_s12,0.01,30593,30657,64,False
train6.csv,seen_normal_audit,GCAD-prediction_s12,0.01,38145,38208,63,False
train6.csv,seen_normal_audit,GCAD-prediction_s12,0.01,66854,66919,65,False
train6.csv,seen_normal_audit,GCAD-prediction_s12,0.01,72006,72069,63,False
train6.csv,seen_normal_audit,GCAD-prediction_s12,0.01,83097,83159,62,False
train6.csv,seen_normal_audit,GCAD-prediction_s12,0.01,93798,93863,65,False
train6.csv,seen_normal_audit,GCAD-prediction_s12,0.01,97206,97270,64,False
train6.csv,seen_normal_audit,GCAD-prediction_s12,0.01,105041,105106,65,False
train6.csv,seen_normal_audit,GCAD-prediction_s12,0.01,106311,106391,80,False
train6.csv,seen_normal_audit,GCAD-prediction_s12,0.01,109966,110039,73,False
train6.csv,seen_normal_audit,GCAD-prediction_s12,0.01,116015,116080,65,False
train6.csv,seen_normal_audit,GCAD-prediction_s12,0.01,124315,124377,62,False
train6.csv,seen_normal_audit,GCAD-prediction_s12,0.01,145812,145873,61,False
train6.csv,seen_normal_audit,GCAD-prediction_s12,0.01,152650,152712,62,False
train6.csv,seen_normal_audit,GCAD-prediction_s12,0.01,158410,158474,64,False
train6.csv,seen_normal_audit,GCAD-prediction_s12,0.01,162199,162277,78,False
train6.csv,seen_normal_audit,GCAD-prediction_s12,0.01,166969,167046,77,False
train6.csv,seen_normal_audit,GCAD-prediction_s12,0.01,168126,168194,68,False
train6.csv,seen_normal_audit,GCAD-prediction_s12,0.01,169049,169114,65,False
train6.csv,seen_normal_audit,GCAD-prediction_s12,0.01,173921,173983,62,False
train6.csv,seen_normal_audit,GCAD-prediction_s12,0.01,179544,179609,65,False
train6.csv,seen_normal_audit,GCAD-prediction_s12,0.01,181248,181310,62,False
train6.csv,seen_normal_audit,GCAD-prediction_s12,0.01,188398,188460,62,False
train6.csv,seen_normal_audit,GCAD-prediction_s12,0.01,190543,190607,64,False
train6.csv,seen_normal_audit,GCAD-prediction_s12,0.01,201329,201391,62,False
train6.csv,seen_normal_audit,GCAD-prediction_s12,0.01,201719,201784,65,False
train6.csv,seen_normal_audit,GCAD-prediction_s12,0.01,204034,204146,112,False
train6.csv,seen_normal_audit,GCAD-prediction_s12,0.01,219968,220049,81,False
train6.csv,seen_normal_audit,GCAD-prediction_s12,0.01,232215,232289,74,False
train6.csv,seen_normal_audit,GCAD-prediction_s12,0.01,239116,239179,63,False
train6.csv,seen_normal_audit,GCAD-prediction_s12,0.01,244806,244869,63,False
train6.csv,seen_normal_audit,GCAD-prediction_s12,0.01,255952,256016,64,False
train6.csv,seen_normal_audit,GCAD-prediction_s12,0.02,1635,1697,62,False
train6.csv,seen_normal_audit,GCAD-prediction_s12,0.02,1727,1789,62,False
train6.csv,seen_normal_audit,GCAD-prediction_s12,0.02,6547,6610,63,False
train6.csv,seen_normal_audit,GCAD-prediction_s12,0.02,9329,9405,76,False
train6.csv,seen_normal_audit,GCAD-prediction_s12,0.02,16192,16255,63,False
train6.csv,seen_normal_audit,GCAD-prediction_s12,0.02,16339,16400,61,False
train6.csv,seen_normal_audit,GCAD-prediction_s12,0.02,16866,16931,65,False
train6.csv,seen_normal_audit,GCAD-prediction_s12,0.02,23436,23500,64,False
train6.csv,seen_normal_audit,GCAD-prediction_s12,0.02,24443,24504,61,False
train6.csv,seen_normal_audit,GCAD-prediction_s12,0.02,28174,28239,65,False
train6.csv,seen_normal_audit,GCAD-prediction_s12,0.02,30592,30657,65,False
train6.csv,seen_normal_audit,GCAD-prediction_s12,0.02,38145,38208,63,False
train6.csv,seen_normal_audit,GCAD-prediction_s12,0.02,47252,47310,58,False
train6.csv,seen_normal_audit,GCAD-prediction_s12,0.02,66854,66919,65,False
train6.csv,seen_normal_audit,GCAD-prediction_s12,0.02,70599,70660,61,False
train6.csv,seen_normal_audit,GCAD-prediction_s12,0.02,72006,72069,63,False
train6.csv,seen_normal_audit,GCAD-prediction_s12,0.02,81462,81523,61,False
train6.csv,seen_normal_audit,GCAD-prediction_s12,0.02,83097,83161,64,False
train6.csv,seen_normal_audit,GCAD-prediction_s12,0.02,93798,93863,65,False
train6.csv,seen_normal_audit,GCAD-prediction_s12,0.02,95965,96024,59,False
train6.csv,seen_normal_audit,GCAD-prediction_s12,0.02,97205,97285,80,False
train6.csv,seen_normal_audit,GCAD-prediction_s12,0.02,97906,97968,62,False
train6.csv,seen_normal_audit,GCAD-prediction_s12,0.02,98210,98268,58,False
train6.csv,seen_normal_audit,GCAD-prediction_s12,0.02,103145,103192,47,False
train6.csv,seen_normal_audit,GCAD-prediction_s12,0.02,105041,105106,65,False
train6.csv,seen_normal_audit,GCAD-prediction_s12,0.02,106311,106391,80,False
train6.csv,seen_normal_audit,GCAD-prediction_s12,0.02,109966,110041,75,False
train6.csv,seen_normal_audit,GCAD-prediction_s12,0.02,116015,116080,65,False
train6.csv,seen_normal_audit,GCAD-prediction_s12,0.02,124265,124378,113,False
train6.csv,seen_normal_audit,GCAD-prediction_s12,0.02,145811,145873,62,False
train6.csv,seen_normal_audit,GCAD-prediction_s12,0.02,152650,152712,62,False
train6.csv,seen_normal_audit,GCAD-prediction_s12,0.02,158409,158474,65,False
train6.csv,seen_normal_audit,GCAD-prediction_s12,0.02,159781,159839,58,False
train6.csv,seen_normal_audit,GCAD-prediction_s12,0.02,161829,161890,61,False
train6.csv,seen_normal_audit,GCAD-prediction_s12,0.02,162199,162278,79,False
train6.csv,seen_normal_audit,GCAD-prediction_s12,0.02,166969,167046,77,False
train6.csv,seen_normal_audit,GCAD-prediction_s12,0.02,168123,168195,72,False
train6.csv,seen_normal_audit,GCAD-prediction_s12,0.02,169049,169114,65,False
train6.csv,seen_normal_audit,GCAD-prediction_s12,0.02,173921,173983,62,False
train6.csv,seen_normal_audit,GCAD-prediction_s12,0.02,179544,179609,65,False
train6.csv,seen_normal_audit,GCAD-prediction_s12,0.02,181248,181311,63,False
train6.csv,seen_normal_audit,GCAD-prediction_s12,0.02,188398,188461,63,False
train6.csv,seen_normal_audit,GCAD-prediction_s12,0.02,190542,190607,65,False
train6.csv,seen_normal_audit,GCAD-prediction_s12,0.02,195482,195535,53,False
train6.csv,seen_normal_audit,GCAD-prediction_s12,0.02,197843,197904,61,False
train6.csv,seen_normal_audit,GCAD-prediction_s12,0.02,201329,201392,63,False
train6.csv,seen_normal_audit,GCAD-prediction_s12,0.02,201719,201799,80,False
train6.csv,seen_normal_audit,GCAD-prediction_s12,0.02,202047,202105,58,False
train6.csv,seen_normal_audit,GCAD-prediction_s12,0.02,202344,202407,63,False
train6.csv,seen_normal_audit,GCAD-prediction_s12,0.02,204034,204147,113,False
train6.csv,seen_normal_audit,GCAD-prediction_s12,0.02,209599,209659,60,False
train6.csv,seen_normal_audit,GCAD-prediction_s12,0.02,212848,212909,61,False
train6.csv,seen_normal_audit,GCAD-prediction_s12,0.02,217290,217351,61,False
train6.csv,seen_normal_audit,GCAD-prediction_s12,0.02,219968,220049,81,False
train6.csv,seen_normal_audit,GCAD-prediction_s12,0.02,232215,232291,76,False
train6.csv,seen_normal_audit,GCAD-prediction_s12,0.02,239116,239179,63,False
train6.csv,seen_normal_audit,GCAD-prediction_s12,0.02,244805,244869,64,False
train6.csv,seen_normal_audit,GCAD-prediction_s12,0.02,255951,256016,65,False
train6.csv,seen_normal_audit,GCAD-dependency_s12,0.005,6547,6612,65,False
train6.csv,seen_normal_audit,GCAD-dependency_s12,0.005,23436,23501,65,False
train6.csv,seen_normal_audit,GCAD-dependency_s12,0.005,28174,28239,65,False
train6.csv,seen_normal_audit,GCAD-dependency_s12,0.005,66854,66919,65,False
train6.csv,seen_normal_audit,GCAD-dependency_s12,0.005,72006,72068,62,False
train6.csv,seen_normal_audit,GCAD-dependency_s12,0.005,83096,83161,65,False
train6.csv,seen_normal_audit,GCAD-dependency_s12,0.005,93798,93863,65,False
train6.csv,seen_normal_audit,GCAD-dependency_s12,0.005,97205,97270,65,False
train6.csv,seen_normal_audit,GCAD-dependency_s12,0.005,105041,105106,65,False
train6.csv,seen_normal_audit,GCAD-dependency_s12,0.005,106310,106375,65,False
train6.csv,seen_normal_audit,GCAD-dependency_s12,0.005,116016,116080,64,False
train6.csv,seen_normal_audit,GCAD-dependency_s12,0.005,158410,158474,64,False
train6.csv,seen_normal_audit,GCAD-dependency_s12,0.005,162198,162262,64,False
train6.csv,seen_normal_audit,GCAD-dependency_s12,0.005,169049,169114,65,False
train6.csv,seen_normal_audit,GCAD-dependency_s12,0.005,190543,190605,62,False
train6.csv,seen_normal_audit,GCAD-dependency_s12,0.005,201329,201391,62,False
train6.csv,seen_normal_audit,GCAD-dependency_s12,0.005,201719,201784,65,False
train6.csv,seen_normal_audit,GCAD-dependency_s12,0.005,219968,220033,65,False
train6.csv,seen_normal_audit,GCAD-dependency_s12,0.005,244805,244870,65,False
train6.csv,seen_normal_audit,GCAD-dependency_s12,0.01,6547,6612,65,False
train6.csv,seen_normal_audit,GCAD-dependency_s12,0.01,9330,9402,72,False
train6.csv,seen_normal_audit,GCAD-dependency_s12,0.01,16866,16931,65,False
train6.csv,seen_normal_audit,GCAD-dependency_s12,0.01,23436,23501,65,False
train6.csv,seen_normal_audit,GCAD-dependency_s12,0.01,28174,28239,65,False
train6.csv,seen_normal_audit,GCAD-dependency_s12,0.01,30593,30657,64,False
train6.csv,seen_normal_audit,GCAD-dependency_s12,0.01,38135,38207,72,False
train6.csv,seen_normal_audit,GCAD-dependency_s12,0.01,66854,66920,66,False
train6.csv,seen_normal_audit,GCAD-dependency_s12,0.01,72005,72070,65,False
train6.csv,seen_normal_audit,GCAD-dependency_s12,0.01,74240,74302,62,False
train6.csv,seen_normal_audit,GCAD-dependency_s12,0.01,83096,83161,65,False
train6.csv,seen_normal_audit,GCAD-dependency_s12,0.01,93798,93863,65,False
train6.csv,seen_normal_audit,GCAD-dependency_s12,0.01,95971,96026,55,False
train6.csv,seen_normal_audit,GCAD-dependency_s12,0.01,97205,97285,80,False
train6.csv,seen_normal_audit,GCAD-dependency_s12,0.01,103142,103193,51,False
train6.csv,seen_normal_audit,GCAD-dependency_s12,0.01,105041,105106,65,False
train6.csv,seen_normal_audit,GCAD-dependency_s12,0.01,106310,106393,83,False
train6.csv,seen_normal_audit,GCAD-dependency_s12,0.01,109967,110039,72,False
train6.csv,seen_normal_audit,GCAD-dependency_s12,0.01,116015,116080,65,False
train6.csv,seen_normal_audit,GCAD-dependency_s12,0.01,152650,152699,49,False
train6.csv,seen_normal_audit,GCAD-dependency_s12,0.01,158409,158474,65,False
train6.csv,seen_normal_audit,GCAD-dependency_s12,0.01,159787,159839,52,False
train6.csv,seen_normal_audit,GCAD-dependency_s12,0.01,162198,162278,80,False
train6.csv,seen_normal_audit,GCAD-dependency_s12,0.01,166970,167046,76,False
train6.csv,seen_normal_audit,GCAD-dependency_s12,0.01,169049,169114,65,False
train6.csv,seen_normal_audit,GCAD-dependency_s12,0.01,169214,169276,62,False
train6.csv,seen_normal_audit,GCAD-dependency_s12,0.01,179544,179609,65,False
train6.csv,seen_normal_audit,GCAD-dependency_s12,0.01,188390,188460,70,False
train6.csv,seen_normal_audit,GCAD-dependency_s12,0.01,190542,190607,65,False
train6.csv,seen_normal_audit,GCAD-dependency_s12,0.01,195489,195534,45,False
train6.csv,seen_normal_audit,GCAD-dependency_s12,0.01,201328,201393,65,False
train6.csv,seen_normal_audit,GCAD-dependency_s12,0.01,201719,201799,80,False
train6.csv,seen_normal_audit,GCAD-dependency_s12,0.01,209609,209659,50,False
train6.csv,seen_normal_audit,GCAD-dependency_s12,0.01,219968,220049,81,False
train6.csv,seen_normal_audit,GCAD-dependency_s12,0.01,232217,232288,71,False
train6.csv,seen_normal_audit,GCAD-dependency_s12,0.01,239112,239178,66,False
train6.csv,seen_normal_audit,GCAD-dependency_s12,0.01,244805,244870,65,False
train6.csv,seen_normal_audit,GCAD-dependency_s12,0.01,255952,256015,63,False
train6.csv,seen_normal_audit,GCAD-dependency_s12,0.02,1728,1789,61,False
train6.csv,seen_normal_audit,GCAD-dependency_s12,0.02,6547,6612,65,False
train6.csv,seen_normal_audit,GCAD-dependency_s12,0.02,9329,9404,75,False
train6.csv,seen_normal_audit,GCAD-dependency_s12,0.02,16192,16254,62,False
train6.csv,seen_normal_audit,GCAD-dependency_s12,0.02,16866,16931,65,False
train6.csv,seen_normal_audit,GCAD-dependency_s12,0.02,23436,23501,65,False
train6.csv,seen_normal_audit,GCAD-dependency_s12,0.02,28174,28239,65,False
train6.csv,seen_normal_audit,GCAD-dependency_s12,0.02,30593,30658,65,False
train6.csv,seen_normal_audit,GCAD-dependency_s12,0.02,38131,38208,77,False
train6.csv,seen_normal_audit,GCAD-dependency_s12,0.02,57628,57691,63,False
train6.csv,seen_normal_audit,GCAD-dependency_s12,0.02,61441,61492,51,False
train6.csv,seen_normal_audit,GCAD-dependency_s12,0.02,65090,65140,50,False
train6.csv,seen_normal_audit,GCAD-dependency_s12,0.02,66854,66920,66,False
train6.csv,seen_normal_audit,GCAD-dependency_s12,0.02,72005,72070,65,False
train6.csv,seen_normal_audit,GCAD-dependency_s12,0.02,74239,74303,64,False
train6.csv,seen_normal_audit,GCAD-dependency_s12,0.02,83096,83161,65,False
train6.csv,seen_normal_audit,GCAD-dependency_s12,0.02,93798,93863,65,False
train6.csv,seen_normal_audit,GCAD-dependency_s12,0.02,95963,96034,71,False
train6.csv,seen_normal_audit,GCAD-dependency_s12,0.02,97205,97286,81,False
train6.csv,seen_normal_audit,GCAD-dependency_s12,0.02,98237,98302,65,False
train6.csv,seen_normal_audit,GCAD-dependency_s12,0.02,103132,103201,69,False
train6.csv,seen_normal_audit,GCAD-dependency_s12,0.02,105041,105106,65,False
train6.csv,seen_normal_audit,GCAD-dependency_s12,0.02,106310,106393,83,False
train6.csv,seen_normal_audit,GCAD-dependency_s12,0.02,109966,110041,75,False
train6.csv,seen_normal_audit,GCAD-dependency_s12,0.02,112478,112529,51,False
train6.csv,seen_normal_audit,GCAD-dependency_s12,0.02,116015,116080,65,False
train6.csv,seen_normal_audit,GCAD-dependency_s12,0.02,123191,123237,46,False
train6.csv,seen_normal_audit,GCAD-dependency_s12,0.02,144024,144074,50,False
train6.csv,seen_normal_audit,GCAD-dependency_s12,0.02,145844,145872,28,False
train6.csv,seen_normal_audit,GCAD-dependency_s12,0.02,150834,150901,67,False
train6.csv,seen_normal_audit,GCAD-dependency_s12,0.02,152638,152709,71,False
train6.csv,seen_normal_audit,GCAD-dependency_s12,0.02,154449,154509,60,False
train6.csv,seen_normal_audit,GCAD-dependency_s12,0.02,158409,158474,65,False
train6.csv,seen_normal_audit,GCAD-dependency_s12,0.02,159777,159849,72,False
train6.csv,seen_normal_audit,GCAD-dependency_s12,0.02,162198,162278,80,False
train6.csv,seen_normal_audit,GCAD-dependency_s12,0.02,165336,165403,67,False
train6.csv,seen_normal_audit,GCAD-dependency_s12,0.02,166970,167046,76,False
train6.csv,seen_normal_audit,GCAD-dependency_s12,0.02,169049,169114,65,False
train6.csv,seen_normal_audit,GCAD-dependency_s12,0.02,169209,169282,73,False
train6.csv,seen_normal_audit,GCAD-dependency_s12,0.02,173921,173983,62,False
train6.csv,seen_normal_audit,GCAD-dependency_s12,0.02,179544,179609,65,False
train6.csv,seen_normal_audit,GCAD-dependency_s12,0.02,181248,181311,63,False
train6.csv,seen_normal_audit,GCAD-dependency_s12,0.02,188384,188460,76,False
train6.csv,seen_normal_audit,GCAD-dependency_s12,0.02,190542,190607,65,False
train6.csv,seen_normal_audit,GCAD-dependency_s12,0.02,195475,195543,68,False
train6.csv,seen_normal_audit,GCAD-dependency_s12,0.02,201328,201393,65,False
train6.csv,seen_normal_audit,GCAD-dependency_s12,0.02,201719,201800,81,False
train6.csv,seen_normal_audit,GCAD-dependency_s12,0.02,204038,204098,60,False
train6.csv,seen_normal_audit,GCAD-dependency_s12,0.02,209599,209669,70,False
train6.csv,seen_normal_audit,GCAD-dependency_s12,0.02,215690,215744,54,False
train6.csv,seen_normal_audit,GCAD-dependency_s12,0.02,219968,220051,83,False
train6.csv,seen_normal_audit,GCAD-dependency_s12,0.02,230428,230479,51,False
train6.csv,seen_normal_audit,GCAD-dependency_s12,0.02,232215,232290,75,False
train6.csv,seen_normal_audit,GCAD-dependency_s12,0.02,234211,234268,57,False
train6.csv,seen_normal_audit,GCAD-dependency_s12,0.02,239104,239178,74,False
train6.csv,seen_normal_audit,GCAD-dependency_s12,0.02,244805,244870,65,False
train6.csv,seen_normal_audit,GCAD-dependency_s12,0.02,255951,256016,65,False
test1.csv,confirmation_cohort_posthoc,PCA-SPE,0.005,56376,56461,85,True
test1.csv,confirmation_cohort_posthoc,PCA-SPE,0.01,56375,56461,86,True
test1.csv,confirmation_cohort_posthoc,PCA-SPE,0.02,56375,56461,86,True
test1.csv,confirmation_cohort_posthoc,GCAD-prediction_s10,0.005,27359,27424,65,False
test1.csv,confirmation_cohort_posthoc,GCAD-prediction_s10,0.005,34368,34433,65,False
test1.csv,confirmation_cohort_posthoc,GCAD-prediction_s10,0.005,59058,59141,83,False
test1.csv,confirmation_cohort_posthoc,GCAD-prediction_s10,0.005,60219,60322,103,True
test1.csv,confirmation_cohort_posthoc,GCAD-prediction_s10,0.01,5412,5474,62,False
test1.csv,confirmation_cohort_posthoc,GCAD-prediction_s10,0.01,12915,12978,63,False
test1.csv,confirmation_cohort_posthoc,GCAD-prediction_s10,0.01,27359,27424,65,False
test1.csv,confirmation_cohort_posthoc,GCAD-prediction_s10,0.01,34368,34433,65,False
test1.csv,confirmation_cohort_posthoc,GCAD-prediction_s10,0.01,40074,40136,62,False
test1.csv,confirmation_cohort_posthoc,GCAD-prediction_s10,0.01,48903,48966,63,False
test1.csv,confirmation_cohort_posthoc,GCAD-prediction_s10,0.01,51641,51697,56,False
test1.csv,confirmation_cohort_posthoc,GCAD-prediction_s10,0.01,59058,59141,83,False
test1.csv,confirmation_cohort_posthoc,GCAD-prediction_s10,0.01,60219,60322,103,True
test1.csv,confirmation_cohort_posthoc,GCAD-prediction_s10,0.01,62614,62684,70,False
test1.csv,confirmation_cohort_posthoc,GCAD-prediction_s10,0.01,70294,70357,63,False
test1.csv,confirmation_cohort_posthoc,GCAD-prediction_s10,0.02,82,142,60,False
test1.csv,confirmation_cohort_posthoc,GCAD-prediction_s10,0.02,1043,1069,26,False
test1.csv,confirmation_cohort_posthoc,GCAD-prediction_s10,0.02,1074,1075,1,False
test1.csv,confirmation_cohort_posthoc,GCAD-prediction_s10,0.02,1080,1081,1,False
test1.csv,confirmation_cohort_posthoc,GCAD-prediction_s10,0.02,1486,1676,190,False
test1.csv,confirmation_cohort_posthoc,GCAD-prediction_s10,0.02,1762,1763,1,False
test1.csv,confirmation_cohort_posthoc,GCAD-prediction_s10,0.02,1768,1769,1,False
test1.csv,confirmation_cohort_posthoc,GCAD-prediction_s10,0.02,1774,1824,50,False
test1.csv,confirmation_cohort_posthoc,GCAD-prediction_s10,0.02,1965,1968,3,False
test1.csv,confirmation_cohort_posthoc,GCAD-prediction_s10,0.02,1971,1972,1,False
test1.csv,confirmation_cohort_posthoc,GCAD-prediction_s10,0.02,1977,1980,3,False
test1.csv,confirmation_cohort_posthoc,GCAD-prediction_s10,0.02,2398,2465,67,False
test1.csv,confirmation_cohort_posthoc,GCAD-prediction_s10,0.02,2470,2488,18,False
test1.csv,confirmation_cohort_posthoc,GCAD-prediction_s10,0.02,2497,2501,4,False
test1.csv,confirmation_cohort_posthoc,GCAD-prediction_s10,0.02,3105,3110,5,False
test1.csv,confirmation_cohort_posthoc,GCAD-prediction_s10,0.02,3134,3135,1,False
test1.csv,confirmation_cohort_posthoc,GCAD-prediction_s10,0.02,3173,3202,29,False
test1.csv,confirmation_cohort_posthoc,GCAD-prediction_s10,0.02,3207,3208,1,False
test1.csv,confirmation_cohort_posthoc,GCAD-prediction_s10,0.02,3212,3214,2,False
test1.csv,confirmation_cohort_posthoc,GCAD-prediction_s10,0.02,3217,3235,18,False
test1.csv,confirmation_cohort_posthoc,GCAD-prediction_s10,0.02,3239,3240,1,False
test1.csv,confirmation_cohort_posthoc,GCAD-prediction_s10,0.02,3266,3296,30,False
test1.csv,confirmation_cohort_posthoc,GCAD-prediction_s10,0.02,3301,3302,1,False
test1.csv,confirmation_cohort_posthoc,GCAD-prediction_s10,0.02,3628,3687,59,False
test1.csv,confirmation_cohort_posthoc,GCAD-prediction_s10,0.02,3692,3693,1,False
test1.csv,confirmation_cohort_posthoc,GCAD-prediction_s10,0.02,3714,3737,23,False
test1.csv,confirmation_cohort_posthoc,GCAD-prediction_s10,0.02,3758,3759,1,False
test1.csv,confirmation_cohort_posthoc,GCAD-prediction_s10,0.02,3769,3770,1,False
test1.csv,confirmation_cohort_posthoc,GCAD-prediction_s10,0.02,3796,3804,8,False
test1.csv,confirmation_cohort_posthoc,GCAD-prediction_s10,0.02,3807,3810,3,False
test1.csv,confirmation_cohort_posthoc,GCAD-prediction_s10,0.02,3813,3815,2,False
test1.csv,confirmation_cohort_posthoc,GCAD-prediction_s10,0.02,3818,3820,2,False
test1.csv,confirmation_cohort_posthoc,GCAD-prediction_s10,0.02,4696,4702,6,False
test1.csv,confirmation_cohort_posthoc,GCAD-prediction_s10,0.02,4706,4748,42,False
test1.csv,confirmation_cohort_posthoc,GCAD-prediction_s10,0.02,5025,5032,7,False
test1.csv,confirmation_cohort_posthoc,GCAD-prediction_s10,0.02,5037,5093,56,False
test1.csv,confirmation_cohort_posthoc,GCAD-prediction_s10,0.02,5096,5097,1,False
test1.csv,confirmation_cohort_posthoc,GCAD-prediction_s10,0.02,5411,5476,65,False
test1.csv,confirmation_cohort_posthoc,GCAD-prediction_s10,0.02,5614,5620,6,False
test1.csv,confirmation_cohort_posthoc,GCAD-prediction_s10,0.02,5623,5626,3,False
test1.csv,confirmation_cohort_posthoc,GCAD-prediction_s10,0.02,5629,5631,2,False
test1.csv,confirmation_cohort_posthoc,GCAD-prediction_s10,0.02,5634,5636,2,False
test1.csv,confirmation_cohort_posthoc,GCAD-prediction_s10,0.02,5640,5641,1,False
test1.csv,confirmation_cohort_posthoc,GCAD-prediction_s10,0.02,5646,5657,11,False
test1.csv,confirmation_cohort_posthoc,GCAD-prediction_s10,0.02,5894,5896,2,False
test1.csv,confirmation_cohort_posthoc,GCAD-prediction_s10,0.02,5900,5906,6,False
test1.csv,confirmation_cohort_posthoc,GCAD-prediction_s10,0.02,5923,5936,13,False
test1.csv,confirmation_cohort_posthoc,GCAD-prediction_s10,0.02,5939,5951,12,False
test1.csv,confirmation_cohort_posthoc,GCAD-prediction_s10,0.02,6068,6069,1,False
test1.csv,confirmation_cohort_posthoc,GCAD-prediction_s10,0.02,6080,6082,2,False
test1.csv,confirmation_cohort_posthoc,GCAD-prediction_s10,0.02,6112,6115,3,False
test1.csv,confirmation_cohort_posthoc,GCAD-prediction_s10,0.02,6122,6126,4,False
test1.csv,confirmation_cohort_posthoc,GCAD-prediction_s10,0.02,6129,6172,43,False
test1.csv,confirmation_cohort_posthoc,GCAD-prediction_s10,0.02,10508,10511,3,False
test1.csv,confirmation_cohort_posthoc,GCAD-prediction_s10,0.02,10514,10517,3,False
test1.csv,confirmation_cohort_posthoc,GCAD-prediction_s10,0.02,10520,10529,9,False
test1.csv,confirmation_cohort_posthoc,GCAD-prediction_s10,0.02,10532,10536,4,False
test1.csv,confirmation_cohort_posthoc,GCAD-prediction_s10,0.02,10539,10541,2,False
test1.csv,confirmation_cohort_posthoc,GCAD-prediction_s10,0.02,10946,10947,1,False
test1.csv,confirmation_cohort_posthoc,GCAD-prediction_s10,0.02,10951,10953,2,False
test1.csv,confirmation_cohort_posthoc,GCAD-prediction_s10,0.02,11102,11137,35,False
test1.csv,confirmation_cohort_posthoc,GCAD-prediction_s10,0.02,11153,11159,6,False
test1.csv,confirmation_cohort_posthoc,GCAD-prediction_s10,0.02,11171,11190,19,False
test1.csv,confirmation_cohort_posthoc,GCAD-prediction_s10,0.02,11195,11230,35,False
test1.csv,confirmation_cohort_posthoc,GCAD-prediction_s10,0.02,11253,11257,4,False
test1.csv,confirmation_cohort_posthoc,GCAD-prediction_s10,0.02,12915,12978,63,False
test1.csv,confirmation_cohort_posthoc,GCAD-prediction_s10,0.02,13304,13393,89,False
test1.csv,confirmation_cohort_posthoc,GCAD-prediction_s10,0.02,14123,14126,3,False
test1.csv,confirmation_cohort_posthoc,GCAD-prediction_s10,0.02,14129,14181,52,False
test1.csv,confirmation_cohort_posthoc,GCAD-prediction_s10,0.02,14186,14189,3,False
test1.csv,confirmation_cohort_posthoc,GCAD-prediction_s10,0.02,14192,14194,2,False
test1.csv,confirmation_cohort_posthoc,GCAD-prediction_s10,0.02,14296,14298,2,False
test1.csv,confirmation_cohort_posthoc,GCAD-prediction_s10,0.02,14301,14302,1,False
test1.csv,confirmation_cohort_posthoc,GCAD-prediction_s10,0.02,14368,14427,59,False
test1.csv,confirmation_cohort_posthoc,GCAD-prediction_s10,0.02,14495,14503,8,False
test1.csv,confirmation_cohort_posthoc,GCAD-prediction_s10,0.02,14514,14515,1,False
test1.csv,confirmation_cohort_posthoc,GCAD-prediction_s10,0.02,14518,14529,11,False
test1.csv,confirmation_cohort_posthoc,GCAD-prediction_s10,0.02,14533,14539,6,False
test1.csv,confirmation_cohort_posthoc,GCAD-prediction_s10,0.02,14543,14544,1,False
test1.csv,confirmation_cohort_posthoc,GCAD-prediction_s10,0.02,14631,14714,83,False
test1.csv,confirmation_cohort_posthoc,GCAD-prediction_s10,0.02,14722,14752,30,False
test1.csv,confirmation_cohort_posthoc,GCAD-prediction_s10,0.02,14844,14845,1,False
test1.csv,confirmation_cohort_posthoc,GCAD-prediction_s10,0.02,14849,14884,35,False
test1.csv,confirmation_cohort_posthoc,GCAD-prediction_s10,0.02,14888,14889,1,False
test1.csv,confirmation_cohort_posthoc,GCAD-prediction_s10,0.02,14899,14900,1,False
test1.csv,confirmation_cohort_posthoc,GCAD-prediction_s10,0.02,14948,14950,2,False
test1.csv,confirmation_cohort_posthoc,GCAD-prediction_s10,0.02,14954,14955,1,False
test1.csv,confirmation_cohort_posthoc,GCAD-prediction_s10,0.02,14965,14966,1,False
test1.csv,confirmation_cohort_posthoc,GCAD-prediction_s10,0.02,15038,15039,1,False
test1.csv,confirmation_cohort_posthoc,GCAD-prediction_s10,0.02,15043,15044,1,False
test1.csv,confirmation_cohort_posthoc,GCAD-prediction_s10,0.02,15048,15068,20,False
test1.csv,confirmation_cohort_posthoc,GCAD-prediction_s10,0.02,15244,15247,3,False
test1.csv,confirmation_cohort_posthoc,GCAD-prediction_s10,0.02,15250,15287,37,False
test1.csv,confirmation_cohort_posthoc,GCAD-prediction_s10,0.02,15294,15312,18,False
test1.csv,confirmation_cohort_posthoc,GCAD-prediction_s10,0.02,15316,15317,1,False
test1.csv,confirmation_cohort_posthoc,GCAD-prediction_s10,0.02,15502,15507,5,False
test1.csv,confirmation_cohort_posthoc,GCAD-prediction_s10,0.02,15511,15512,1,False
test1.csv,confirmation_cohort_posthoc,GCAD-prediction_s10,0.02,15515,15524,9,False
test1.csv,confirmation_cohort_posthoc,GCAD-prediction_s10,0.02,15527,15529,2,False
test1.csv,confirmation_cohort_posthoc,GCAD-prediction_s10,0.02,15612,15613,1,False
test1.csv,confirmation_cohort_posthoc,GCAD-prediction_s10,0.02,15629,15630,1,False
test1.csv,confirmation_cohort_posthoc,GCAD-prediction_s10,0.02,15633,15724,91,False
test1.csv,confirmation_cohort_posthoc,GCAD-prediction_s10,0.02,15728,15730,2,False
test1.csv,confirmation_cohort_posthoc,GCAD-prediction_s10,0.02,15739,15740,1,False
test1.csv,confirmation_cohort_posthoc,GCAD-prediction_s10,0.02,15816,15817,1,False
test1.csv,confirmation_cohort_posthoc,GCAD-prediction_s10,0.02,15821,15940,119,False
test1.csv,confirmation_cohort_posthoc,GCAD-prediction_s10,0.02,15943,15945,2,False
test1.csv,confirmation_cohort_posthoc,GCAD-prediction_s10,0.02,15949,15950,1,False
test1.csv,confirmation_cohort_posthoc,GCAD-prediction_s10,0.02,15963,15967,4,False
test1.csv,confirmation_cohort_posthoc,GCAD-prediction_s10,0.02,17460,17464,4,False
test1.csv,confirmation_cohort_posthoc,GCAD-prediction_s10,0.02,18478,18480,2,False
test1.csv,confirmation_cohort_posthoc,GCAD-prediction_s10,0.02,18483,18486,3,False
test1.csv,confirmation_cohort_posthoc,GCAD-prediction_s10,0.02,18489,18493,4,False
test1.csv,confirmation_cohort_posthoc,GCAD-prediction_s10,0.02,20370,20380,10,False
test1.csv,confirmation_cohort_posthoc,GCAD-prediction_s10,0.02,20393,20504,111,True
test1.csv,confirmation_cohort_posthoc,GCAD-prediction_s10,0.02,22274,22276,2,False
test1.csv,confirmation_cohort_posthoc,GCAD-prediction_s10,0.02,22279,22326,47,False
test1.csv,confirmation_cohort_posthoc,GCAD-prediction_s10,0.02,22867,22875,8,False
test1.csv,confirmation_cohort_posthoc,GCAD-prediction_s10,0.02,22886,22887,1,False
test1.csv,confirmation_cohort_posthoc,GCAD-prediction_s10,0.02,22985,22986,1,False
test1.csv,confirmation_cohort_posthoc,GCAD-prediction_s10,0.02,22989,23048,59,False
test1.csv,confirmation_cohort_posthoc,GCAD-prediction_s10,0.02,23061,23062,1,False
test1.csv,confirmation_cohort_posthoc,GCAD-prediction_s10,0.02,23066,23073,7,False
test1.csv,confirmation_cohort_posthoc,GCAD-prediction_s10,0.02,23138,23212,74,False
test1.csv,confirmation_cohort_posthoc,GCAD-prediction_s10,0.02,23255,23418,163,False
test1.csv,confirmation_cohort_posthoc,GCAD-prediction_s10,0.02,23496,23497,1,False
test1.csv,confirmation_cohort_posthoc,GCAD-prediction_s10,0.02,23500,23502,2,False
test1.csv,confirmation_cohort_posthoc,GCAD-prediction_s10,0.02,23507,23569,62,False
test1.csv,confirmation_cohort_posthoc,GCAD-prediction_s10,0.02,23601,23604,3,False
test1.csv,confirmation_cohort_posthoc,GCAD-prediction_s10,0.02,23607,23613,6,False
test1.csv,confirmation_cohort_posthoc,GCAD-prediction_s10,0.02,23621,23740,119,False
test1.csv,confirmation_cohort_posthoc,GCAD-prediction_s10,0.02,23758,23760,2,False
test1.csv,confirmation_cohort_posthoc,GCAD-prediction_s10,0.02,23763,23766,3,False
test1.csv,confirmation_cohort_posthoc,GCAD-prediction_s10,0.02,23769,23782,13,False
test1.csv,confirmation_cohort_posthoc,GCAD-prediction_s10,0.02,23785,23787,2,False
test1.csv,confirmation_cohort_posthoc,GCAD-prediction_s10,0.02,23791,23792,1,False
test1.csv,confirmation_cohort_posthoc,GCAD-prediction_s10,0.02,23886,23894,8,False
test1.csv,confirmation_cohort_posthoc,GCAD-prediction_s10,0.02,23897,23954,57,False
test1.csv,confirmation_cohort_posthoc,GCAD-prediction_s10,0.02,23957,23959,2,False
test1.csv,confirmation_cohort_posthoc,GCAD-prediction_s10,0.02,23962,23970,8,False
test1.csv,confirmation_cohort_posthoc,GCAD-prediction_s10,0.02,23982,23983,1,False
test1.csv,confirmation_cohort_posthoc,GCAD-prediction_s10,0.02,23987,23990,3,False
test1.csv,confirmation_cohort_posthoc,GCAD-prediction_s10,0.02,23995,24003,8,False
test1.csv,confirmation_cohort_posthoc,GCAD-prediction_s10,0.02,24119,24241,122,False
test1.csv,confirmation_cohort_posthoc,GCAD-prediction_s10,0.02,24395,24457,62,False
test1.csv,confirmation_cohort_posthoc,GCAD-prediction_s10,0.02,25358,25359,1,False
test1.csv,confirmation_cohort_posthoc,GCAD-prediction_s10,0.02,25373,25385,12,False
test1.csv,confirmation_cohort_posthoc,GCAD-prediction_s10,0.02,27359,27424,65,False
test1.csv,confirmation_cohort_posthoc,GCAD-prediction_s10,0.02,28462,28463,1,False
test1.csv,confirmation_cohort_posthoc,GCAD-prediction_s10,0.02,28466,28474,8,False
test1.csv,confirmation_cohort_posthoc,GCAD-prediction_s10,0.02,28477,28490,13,False
test1.csv,confirmation_cohort_posthoc,GCAD-prediction_s10,0.02,28586,28587,1,False
test1.csv,confirmation_cohort_posthoc,GCAD-prediction_s10,0.02,28601,28604,3,False
test1.csv,confirmation_cohort_posthoc,GCAD-prediction_s10,0.02,28607,28615,8,False
test1.csv,confirmation_cohort_posthoc,GCAD-prediction_s10,0.02,28618,28620,2,False
test1.csv,confirmation_cohort_posthoc,GCAD-prediction_s10,0.02,30754,30810,56,False
test1.csv,confirmation_cohort_posthoc,GCAD-prediction_s10,0.02,31196,31197,1,False
test1.csv,confirmation_cohort_posthoc,GCAD-prediction_s10,0.02,31234,31235,1,False
test1.csv,confirmation_cohort_posthoc,GCAD-prediction_s10,0.02,31314,31315,1,False
test1.csv,confirmation_cohort_posthoc,GCAD-prediction_s10,0.02,31410,31489,79,False
test1.csv,confirmation_cohort_posthoc,GCAD-prediction_s10,0.02,31493,31494,1,False
test1.csv,confirmation_cohort_posthoc,GCAD-prediction_s10,0.02,31577,31638,61,False
test1.csv,confirmation_cohort_posthoc,GCAD-prediction_s10,0.02,31720,31917,197,False
test1.csv,confirmation_cohort_posthoc,GCAD-prediction_s10,0.02,32015,32018,3,False
test1.csv,confirmation_cohort_posthoc,GCAD-prediction_s10,0.02,32021,32028,7,False
test1.csv,confirmation_cohort_posthoc,GCAD-prediction_s10,0.02,32032,32033,1,False
test1.csv,confirmation_cohort_posthoc,GCAD-prediction_s10,0.02,32114,32197,83,False
test1.csv,confirmation_cohort_posthoc,GCAD-prediction_s10,0.02,32313,32315,2,False
test1.csv,confirmation_cohort_posthoc,GCAD-prediction_s10,0.02,32320,32325,5,False
test1.csv,confirmation_cohort_posthoc,GCAD-prediction_s10,0.02,32363,32364,1,False
test1.csv,confirmation_cohort_posthoc,GCAD-prediction_s10,0.02,32367,32369,2,False
test1.csv,confirmation_cohort_posthoc,GCAD-prediction_s10,0.02,32372,32375,3,False
test1.csv,confirmation_cohort_posthoc,GCAD-prediction_s10,0.02,32378,32380,2,False
test1.csv,confirmation_cohort_posthoc,GCAD-prediction_s10,0.02,32389,32390,1,False
test1.csv,confirmation_cohort_posthoc,GCAD-prediction_s10,0.02,32406,32429,23,False
test1.csv,confirmation_cohort_posthoc,GCAD-prediction_s10,0.02,32433,32434,1,False
test1.csv,confirmation_cohort_posthoc,GCAD-prediction_s10,0.02,32439,32440,1,False
test1.csv,confirmation_cohort_posthoc,GCAD-prediction_s10,0.02,32443,32445,2,False
test1.csv,confirmation_cohort_posthoc,GCAD-prediction_s10,0.02,32448,32451,3,False
test1.csv,confirmation_cohort_posthoc,GCAD-prediction_s10,0.02,32454,32456,2,False
test1.csv,confirmation_cohort_posthoc,GCAD-prediction_s10,0.02,32733,32836,103,False
test1.csv,confirmation_cohort_posthoc,GCAD-prediction_s10,0.02,32839,32840,1,False
test1.csv,confirmation_cohort_posthoc,GCAD-prediction_s10,0.02,33232,33236,4,False
test1.csv,confirmation_cohort_posthoc,GCAD-prediction_s10,0.02,33242,33262,20,False
test1.csv,confirmation_cohort_posthoc,GCAD-prediction_s10,0.02,33268,33270,2,False
test1.csv,confirmation_cohort_posthoc,GCAD-prediction_s10,0.02,33275,33276,1,False
test1.csv,confirmation_cohort_posthoc,GCAD-prediction_s10,0.02,33534,33548,14,False
test1.csv,confirmation_cohort_posthoc,GCAD-prediction_s10,0.02,33551,33574,23,False
test1.csv,confirmation_cohort_posthoc,GCAD-prediction_s10,0.02,33801,33848,47,False
test1.csv,confirmation_cohort_posthoc,GCAD-prediction_s10,0.02,33991,33994,3,False
test1.csv,confirmation_cohort_posthoc,GCAD-prediction_s10,0.02,33997,33998,1,False
test1.csv,confirmation_cohort_posthoc,GCAD-prediction_s10,0.02,34024,34027,3,False
test1.csv,confirmation_cohort_posthoc,GCAD-prediction_s10,0.02,34030,34031,1,False
test1.csv,confirmation_cohort_posthoc,GCAD-prediction_s10,0.02,34244,34245,1,False
test1.csv,confirmation_cohort_posthoc,GCAD-prediction_s10,0.02,34249,34350,101,False
test1.csv,confirmation_cohort_posthoc,GCAD-prediction_s10,0.02,34354,34355,1,False
test1.csv,confirmation_cohort_posthoc,GCAD-prediction_s10,0.02,34358,34362,4,False
test1.csv,confirmation_cohort_posthoc,GCAD-prediction_s10,0.02,34365,34433,68,False
test1.csv,confirmation_cohort_posthoc,GCAD-prediction_s10,0.02,34630,34631,1,False
test1.csv,confirmation_cohort_posthoc,GCAD-prediction_s10,0.02,35922,35924,2,False
test1.csv,confirmation_cohort_posthoc,GCAD-prediction_s10,0.02,35927,36065,138,False
test1.csv,confirmation_cohort_posthoc,GCAD-prediction_s10,0.02,36068,36069,1,False
test1.csv,confirmation_cohort_posthoc,GCAD-prediction_s10,0.02,36543,36544,1,False
test1.csv,confirmation_cohort_posthoc,GCAD-prediction_s10,0.02,39093,39095,2,False
test1.csv,confirmation_cohort_posthoc,GCAD-prediction_s10,0.02,39100,39101,1,False
test1.csv,confirmation_cohort_posthoc,GCAD-prediction_s10,0.02,39104,39110,6,False
test1.csv,confirmation_cohort_posthoc,GCAD-prediction_s10,0.02,39116,39117,1,False
test1.csv,confirmation_cohort_posthoc,GCAD-prediction_s10,0.02,39122,39123,1,False
test1.csv,confirmation_cohort_posthoc,GCAD-prediction_s10,0.02,39796,39847,51,False
test1.csv,confirmation_cohort_posthoc,GCAD-prediction_s10,0.02,39852,39853,1,False
test1.csv,confirmation_cohort_posthoc,GCAD-prediction_s10,0.02,39888,39890,2,False
test1.csv,confirmation_cohort_posthoc,GCAD-prediction_s10,0.02,39905,39994,89,False
test1.csv,confirmation_cohort_posthoc,GCAD-prediction_s10,0.02,39999,40000,1,False
test1.csv,confirmation_cohort_posthoc,GCAD-prediction_s10,0.02,40073,40144,71,False
test1.csv,confirmation_cohort_posthoc,GCAD-prediction_s10,0.02,40147,40150,3,False
test1.csv,confirmation_cohort_posthoc,GCAD-prediction_s10,0.02,40175,40197,22,False
test1.csv,confirmation_cohort_posthoc,GCAD-prediction_s10,0.02,40370,40374,4,False
test1.csv,confirmation_cohort_posthoc,GCAD-prediction_s10,0.02,40390,40395,5,False
test1.csv,confirmation_cohort_posthoc,GCAD-prediction_s10,0.02,40814,40815,1,False
test1.csv,confirmation_cohort_posthoc,GCAD-prediction_s10,0.02,40820,40823,3,False
test1.csv,confirmation_cohort_posthoc,GCAD-prediction_s10,0.02,40826,40828,2,False
test1.csv,confirmation_cohort_posthoc,GCAD-prediction_s10,0.02,40832,40834,2,False
test1.csv,confirmation_cohort_posthoc,GCAD-prediction_s10,0.02,40838,40839,1,False
test1.csv,confirmation_cohort_posthoc,GCAD-prediction_s10,0.02,40844,40845,1,False
test1.csv,confirmation_cohort_posthoc,GCAD-prediction_s10,0.02,41102,41108,6,False
test1.csv,confirmation_cohort_posthoc,GCAD-prediction_s10,0.02,41113,41198,85,True
test1.csv,confirmation_cohort_posthoc,GCAD-prediction_s10,0.02,41382,41383,1,False
test1.csv,confirmation_cohort_posthoc,GCAD-prediction_s10,0.02,41680,41687,7,False
test1.csv,confirmation_cohort_posthoc,GCAD-prediction_s10,0.02,43231,43279,48,False
test1.csv,confirmation_cohort_posthoc,GCAD-prediction_s10,0.02,43282,43283,1,False
test1.csv,confirmation_cohort_posthoc,GCAD-prediction_s10,0.02,44517,44541,24,False
test1.csv,confirmation_cohort_posthoc,GCAD-prediction_s10,0.02,44544,44546,2,False
test1.csv,confirmation_cohort_posthoc,GCAD-prediction_s10,0.02,44549,44552,3,False
test1.csv,confirmation_cohort_posthoc,GCAD-prediction_s10,0.02,44555,44557,2,False
test1.csv,confirmation_cohort_posthoc,GCAD-prediction_s10,0.02,45888,45893,5,False
test1.csv,confirmation_cohort_posthoc,GCAD-prediction_s10,0.02,45912,45913,1,False
test1.csv,confirmation_cohort_posthoc,GCAD-prediction_s10,0.02,47855,47857,2,False
test1.csv,confirmation_cohort_posthoc,GCAD-prediction_s10,0.02,47861,47869,8,False
test1.csv,confirmation_cohort_posthoc,GCAD-prediction_s10,0.02,47962,47963,1,False
test1.csv,confirmation_cohort_posthoc,GCAD-prediction_s10,0.02,47967,48138,171,False
test1.csv,confirmation_cohort_posthoc,GCAD-prediction_s10,0.02,48143,48144,1,False
test1.csv,confirmation_cohort_posthoc,GCAD-prediction_s10,0.02,48903,48966,63,False
test1.csv,confirmation_cohort_posthoc,GCAD-prediction_s10,0.02,50132,50153,21,False
test1.csv,confirmation_cohort_posthoc,GCAD-prediction_s10,0.02,50797,50837,40,False
test1.csv,confirmation_cohort_posthoc,GCAD-prediction_s10,0.02,50859,50860,1,False
test1.csv,confirmation_cohort_posthoc,GCAD-prediction_s10,0.02,50864,50865,1,False
test1.csv,confirmation_cohort_posthoc,GCAD-prediction_s10,0.02,50890,50990,100,False
test1.csv,confirmation_cohort_posthoc,GCAD-prediction_s10,0.02,50995,50996,1,False
test1.csv,confirmation_cohort_posthoc,GCAD-prediction_s10,0.02,50999,51006,7,False
test1.csv,confirmation_cohort_posthoc,GCAD-prediction_s10,0.02,51157,51174,17,False
test1.csv,confirmation_cohort_posthoc,GCAD-prediction_s10,0.02,51177,51235,58,False
test1.csv,confirmation_cohort_posthoc,GCAD-prediction_s10,0.02,51238,51239,1,False
test1.csv,confirmation_cohort_posthoc,GCAD-prediction_s10,0.02,51243,51267,24,False
test1.csv,confirmation_cohort_posthoc,GCAD-prediction_s10,0.02,51270,51310,40,False
test1.csv,confirmation_cohort_posthoc,GCAD-prediction_s10,0.02,51372,51456,84,False
test1.csv,confirmation_cohort_posthoc,GCAD-prediction_s10,0.02,51509,51745,236,False
test1.csv,confirmation_cohort_posthoc,GCAD-prediction_s10,0.02,51750,51754,4,False
test1.csv,confirmation_cohort_posthoc,GCAD-prediction_s10,0.02,51757,51758,1,False
test1.csv,confirmation_cohort_posthoc,GCAD-prediction_s10,0.02,51761,51763,2,False
test1.csv,confirmation_cohort_posthoc,GCAD-prediction_s10,0.02,51771,51776,5,False
test1.csv,confirmation_cohort_posthoc,GCAD-prediction_s10,0.02,51805,51808,3,False
test1.csv,confirmation_cohort_posthoc,GCAD-prediction_s10,0.02,51811,51812,1,False
test1.csv,confirmation_cohort_posthoc,GCAD-prediction_s10,0.02,51877,51878,1,False
test1.csv,confirmation_cohort_posthoc,GCAD-prediction_s10,0.02,51881,51943,62,False
test1.csv,confirmation_cohort_posthoc,GCAD-prediction_s10,0.02,51947,51948,1,False
test1.csv,confirmation_cohort_posthoc,GCAD-prediction_s10,0.02,52296,52415,119,False
test1.csv,confirmation_cohort_posthoc,GCAD-prediction_s10,0.02,52418,52420,2,False
test1.csv,confirmation_cohort_posthoc,GCAD-prediction_s10,0.02,52429,52430,1,False
test1.csv,confirmation_cohort_posthoc,GCAD-prediction_s10,0.02,52435,52436,1,False
test1.csv,confirmation_cohort_posthoc,GCAD-prediction_s10,0.02,52450,52510,60,False
test1.csv,confirmation_cohort_posthoc,GCAD-prediction_s10,0.02,53425,53479,54,False
test1.csv,confirmation_cohort_posthoc,GCAD-prediction_s10,0.02,54279,54492,213,False
test1.csv,confirmation_cohort_posthoc,GCAD-prediction_s10,0.02,54506,54512,6,False
test1.csv,confirmation_cohort_posthoc,GCAD-prediction_s10,0.02,54517,54582,65,False
test1.csv,confirmation_cohort_posthoc,GCAD-prediction_s10,0.02,54638,54700,62,False
test1.csv,confirmation_cohort_posthoc,GCAD-prediction_s10,0.02,55231,55233,2,False
test1.csv,confirmation_cohort_posthoc,GCAD-prediction_s10,0.02,55236,55239,3,False
test1.csv,confirmation_cohort_posthoc,GCAD-prediction_s10,0.02,55242,55244,2,False
test1.csv,confirmation_cohort_posthoc,GCAD-prediction_s10,0.02,55248,55250,2,False
test1.csv,confirmation_cohort_posthoc,GCAD-prediction_s10,0.02,55254,55256,2,False
test1.csv,confirmation_cohort_posthoc,GCAD-prediction_s10,0.02,55551,55552,1,False
test1.csv,confirmation_cohort_posthoc,GCAD-prediction_s10,0.02,55576,55577,1,False
test1.csv,confirmation_cohort_posthoc,GCAD-prediction_s10,0.02,55581,55583,2,False
test1.csv,confirmation_cohort_posthoc,GCAD-prediction_s10,0.02,55588,55589,1,False
test1.csv,confirmation_cohort_posthoc,GCAD-prediction_s10,0.02,55593,55595,2,False
test1.csv,confirmation_cohort_posthoc,GCAD-prediction_s10,0.02,56242,56244,2,False
test1.csv,confirmation_cohort_posthoc,GCAD-prediction_s10,0.02,56248,56250,2,False
test1.csv,confirmation_cohort_posthoc,GCAD-prediction_s10,0.02,56267,56268,1,False
test1.csv,confirmation_cohort_posthoc,GCAD-prediction_s10,0.02,57290,57315,25,False
test1.csv,confirmation_cohort_posthoc,GCAD-prediction_s10,0.02,57318,57360,42,False
test1.csv,confirmation_cohort_posthoc,GCAD-prediction_s10,0.02,58943,58945,2,False
test1.csv,confirmation_cohort_posthoc,GCAD-prediction_s10,0.02,58965,58970,5,False
test1.csv,confirmation_cohort_posthoc,GCAD-prediction_s10,0.02,58982,58990,8,False
test1.csv,confirmation_cohort_posthoc,GCAD-prediction_s10,0.02,58993,58999,6,False
test1.csv,confirmation_cohort_posthoc,GCAD-prediction_s10,0.02,59015,59016,1,False
test1.csv,confirmation_cohort_posthoc,GCAD-prediction_s10,0.02,59033,59211,178,False
test1.csv,confirmation_cohort_posthoc,GCAD-prediction_s10,0.02,59434,59436,2,False
test1.csv,confirmation_cohort_posthoc,GCAD-prediction_s10,0.02,59440,59441,1,False
test1.csv,confirmation_cohort_posthoc,GCAD-prediction_s10,0.02,60219,60322,103,True
test1.csv,confirmation_cohort_posthoc,GCAD-prediction_s10,0.02,62040,62092,52,False
test1.csv,confirmation_cohort_posthoc,GCAD-prediction_s10,0.02,62252,62270,18,False
test1.csv,confirmation_cohort_posthoc,GCAD-prediction_s10,0.02,62273,62283,10,False
test1.csv,confirmation_cohort_posthoc,GCAD-prediction_s10,0.02,62287,62288,1,False
test1.csv,confirmation_cohort_posthoc,GCAD-prediction_s10,0.02,62474,62517,43,False
test1.csv,confirmation_cohort_posthoc,GCAD-prediction_s10,0.02,62587,62684,97,False
test1.csv,confirmation_cohort_posthoc,GCAD-prediction_s10,0.02,62945,62966,21,False
test1.csv,confirmation_cohort_posthoc,GCAD-prediction_s10,0.02,63298,63370,72,False
test1.csv,confirmation_cohort_posthoc,GCAD-prediction_s10,0.02,63453,63499,46,False
test1.csv,confirmation_cohort_posthoc,GCAD-prediction_s10,0.02,63502,63504,2,False
test1.csv,confirmation_cohort_posthoc,GCAD-prediction_s10,0.02,63507,63510,3,False
test1.csv,confirmation_cohort_posthoc,GCAD-prediction_s10,0.02,63513,63515,2,False
test1.csv,confirmation_cohort_posthoc,GCAD-prediction_s10,0.02,63715,63829,114,False
test1.csv,confirmation_cohort_posthoc,GCAD-prediction_s10,0.02,63832,63833,1,False
test1.csv,confirmation_cohort_posthoc,GCAD-prediction_s10,0.02,64031,64041,10,False
test1.csv,confirmation_cohort_posthoc,GCAD-prediction_s10,0.02,64046,64051,5,False
test1.csv,confirmation_cohort_posthoc,GCAD-prediction_s10,0.02,64250,64253,3,False
test1.csv,confirmation_cohort_posthoc,GCAD-prediction_s10,0.02,64269,64285,16,False
test1.csv,confirmation_cohort_posthoc,GCAD-prediction_s10,0.02,64343,64344,1,False
test1.csv,confirmation_cohort_posthoc,GCAD-prediction_s10,0.02,64355,64384,29,False
test1.csv,confirmation_cohort_posthoc,GCAD-prediction_s10,0.02,64467,64474,7,False
test1.csv,confirmation_cohort_posthoc,GCAD-prediction_s10,0.02,64494,64498,4,False
test1.csv,confirmation_cohort_posthoc,GCAD-prediction_s10,0.02,64502,64565,63,False
test1.csv,confirmation_cohort_posthoc,GCAD-prediction_s10,0.02,64777,64778,1,False
test1.csv,confirmation_cohort_posthoc,GCAD-prediction_s10,0.02,64782,64785,3,False
test1.csv,confirmation_cohort_posthoc,GCAD-prediction_s10,0.02,64789,64794,5,False
test1.csv,confirmation_cohort_posthoc,GCAD-prediction_s10,0.02,64799,64817,18,False
test1.csv,confirmation_cohort_posthoc,GCAD-prediction_s10,0.02,64821,64822,1,False
test1.csv,confirmation_cohort_posthoc,GCAD-prediction_s10,0.02,64927,64935,8,False
test1.csv,confirmation_cohort_posthoc,GCAD-prediction_s10,0.02,64938,64939,1,False
test1.csv,confirmation_cohort_posthoc,GCAD-prediction_s10,0.02,64949,64950,1,False
test1.csv,confirmation_cohort_posthoc,GCAD-prediction_s10,0.02,65003,65010,7,False
test1.csv,confirmation_cohort_posthoc,GCAD-prediction_s10,0.02,65024,65028,4,False
test1.csv,confirmation_cohort_posthoc,GCAD-prediction_s10,0.02,65031,65038,7,False
test1.csv,confirmation_cohort_posthoc,GCAD-prediction_s10,0.02,65042,65043,1,False
test1.csv,confirmation_cohort_posthoc,GCAD-prediction_s10,0.02,65053,65054,1,False
test1.csv,confirmation_cohort_posthoc,GCAD-prediction_s10,0.02,65068,65070,2,False
test1.csv,confirmation_cohort_posthoc,GCAD-prediction_s10,0.02,65074,65075,1,False
test1.csv,confirmation_cohort_posthoc,GCAD-prediction_s10,0.02,65080,65081,1,False
test1.csv,confirmation_cohort_posthoc,GCAD-prediction_s10,0.02,65084,65086,2,False
test1.csv,confirmation_cohort_posthoc,GCAD-prediction_s10,0.02,66956,66959,3,False
test1.csv,confirmation_cohort_posthoc,GCAD-prediction_s10,0.02,67065,67066,1,False
test1.csv,confirmation_cohort_posthoc,GCAD-prediction_s10,0.02,67069,67071,2,False
test1.csv,confirmation_cohort_posthoc,GCAD-prediction_s10,0.02,67077,67087,10,False
test1.csv,confirmation_cohort_posthoc,GCAD-prediction_s10,0.02,67090,67094,4,False
test1.csv,confirmation_cohort_posthoc,GCAD-prediction_s10,0.02,67869,67871,2,False
test1.csv,confirmation_cohort_posthoc,GCAD-prediction_s10,0.02,67875,67877,2,False
test1.csv,confirmation_cohort_posthoc,GCAD-prediction_s10,0.02,68206,68208,2,False
test1.csv,confirmation_cohort_posthoc,GCAD-prediction_s10,0.02,68212,68213,1,False
test1.csv,confirmation_cohort_posthoc,GCAD-prediction_s10,0.02,68230,68231,1,False
test1.csv,confirmation_cohort_posthoc,GCAD-prediction_s10,0.02,68254,68256,2,False
test1.csv,confirmation_cohort_posthoc,GCAD-prediction_s10,0.02,68260,68262,2,False
test1.csv,confirmation_cohort_posthoc,GCAD-prediction_s10,0.02,68416,68417,1,False
test1.csv,confirmation_cohort_posthoc,GCAD-prediction_s10,0.02,68421,68423,2,False
test1.csv,confirmation_cohort_posthoc,GCAD-prediction_s10,0.02,68427,68429,2,False
test1.csv,confirmation_cohort_posthoc,GCAD-prediction_s10,0.02,68433,68435,2,False
test1.csv,confirmation_cohort_posthoc,GCAD-prediction_s10,0.02,69429,69431,2,False
test1.csv,confirmation_cohort_posthoc,GCAD-prediction_s10,0.02,69435,69437,2,False
test1.csv,confirmation_cohort_posthoc,GCAD-prediction_s10,0.02,69447,69449,2,False
test1.csv,confirmation_cohort_posthoc,GCAD-prediction_s10,0.02,69453,69455,2,False
test1.csv,confirmation_cohort_posthoc,GCAD-prediction_s10,0.02,70079,70080,1,False
test1.csv,confirmation_cohort_posthoc,GCAD-prediction_s10,0.02,70085,70088,3,False
test1.csv,confirmation_cohort_posthoc,GCAD-prediction_s10,0.02,70091,70092,1,False
test1.csv,confirmation_cohort_posthoc,GCAD-prediction_s10,0.02,70270,70273,3,False
test1.csv,confirmation_cohort_posthoc,GCAD-prediction_s10,0.02,70284,70289,5,False
test1.csv,confirmation_cohort_posthoc,GCAD-prediction_s10,0.02,70294,70423,129,False
test1.csv,confirmation_cohort_posthoc,GCAD-prediction_s10,0.02,70433,70434,1,False
test1.csv,confirmation_cohort_posthoc,GCAD-prediction_s10,0.02,70608,70609,1,False
test1.csv,confirmation_cohort_posthoc,GCAD-prediction_s10,0.02,70612,70795,183,False
test1.csv,confirmation_cohort_posthoc,GCAD-prediction_s10,0.02,70799,70800,1,False
test1.csv,confirmation_cohort_posthoc,GCAD-prediction_s10,0.02,70850,70915,65,False
test1.csv,confirmation_cohort_posthoc,GCAD-prediction_s10,0.02,71090,71149,59,False
test1.csv,confirmation_cohort_posthoc,GCAD-prediction_s10,0.02,71248,71255,7,False
test1.csv,confirmation_cohort_posthoc,GCAD-prediction_s10,0.02,71259,71261,2,False
test1.csv,confirmation_cohort_posthoc,GCAD-prediction_s10,0.02,71570,71574,4,False
test1.csv,confirmation_cohort_posthoc,GCAD-prediction_s10,0.02,71581,71589,8,False
test1.csv,confirmation_cohort_posthoc,GCAD-prediction_s10,0.02,71592,71630,38,False
test1.csv,confirmation_cohort_posthoc,GCAD-prediction_s10,0.02,71884,71886,2,False
test1.csv,confirmation_cohort_posthoc,GCAD-prediction_s10,0.02,71892,71894,2,False
test1.csv,confirmation_cohort_posthoc,GCAD-prediction_s10,0.02,71897,71899,2,False
test1.csv,confirmation_cohort_posthoc,GCAD-prediction_s10,0.02,71903,71911,8,False
test1.csv,confirmation_cohort_posthoc,GCAD-prediction_s10,0.02,71914,71926,12,False
test1.csv,confirmation_cohort_posthoc,GCAD-prediction_s10,0.02,71932,71934,2,False
test1.csv,confirmation_cohort_posthoc,GCAD-prediction_s10,0.02,71937,71943,6,False
test1.csv,confirmation_cohort_posthoc,GCAD-prediction_s10,0.02,71947,72020,73,False
test1.csv,confirmation_cohort_posthoc,GCAD-prediction_s10,0.02,72108,72190,82,False
test1.csv,confirmation_cohort_posthoc,GCAD-prediction_s10,0.02,72196,72312,116,False
test1.csv,confirmation_cohort_posthoc,GCAD-prediction_s10,0.02,72315,72316,1,False
test1.csv,confirmation_cohort_posthoc,GCAD-prediction_s10,0.02,72321,72322,1,False
test1.csv,confirmation_cohort_posthoc,GCAD-prediction_s10,0.02,72432,72436,4,False
test1.csv,confirmation_cohort_posthoc,GCAD-prediction_s10,0.02,72533,72537,4,False
test1.csv,confirmation_cohort_posthoc,GCAD-prediction_s10,0.02,72545,72547,2,False
test1.csv,confirmation_cohort_posthoc,GCAD-prediction_s10,0.02,72550,72559,9,False
test1.csv,confirmation_cohort_posthoc,GCAD-prediction_s10,0.02,72656,72663,7,False
test1.csv,confirmation_cohort_posthoc,GCAD-prediction_s10,0.02,72666,72729,63,False
test1.csv,confirmation_cohort_posthoc,GCAD-prediction_s10,0.02,72732,72797,65,False
test1.csv,confirmation_cohort_posthoc,GCAD-prediction_s10,0.02,72954,72975,21,False
test1.csv,confirmation_cohort_posthoc,GCAD-prediction_s10,0.02,72986,72987,1,False
test1.csv,confirmation_cohort_posthoc,GCAD-prediction_s10,0.02,73805,73825,20,False
test1.csv,confirmation_cohort_posthoc,GCAD-prediction_s10,0.02,73832,73856,24,False
test1.csv,confirmation_cohort_posthoc,GCAD-prediction_s10,0.02,73861,73867,6,False
test1.csv,confirmation_cohort_posthoc,GCAD-prediction_s10,0.02,74887,74985,98,False
test1.csv,confirmation_cohort_posthoc,GCAD-prediction_s10,0.02,74989,74996,7,False
test1.csv,confirmation_cohort_posthoc,GCAD-prediction_s10,0.02,75000,75001,1,False
test1.csv,confirmation_cohort_posthoc,GCAD-prediction_s10,0.02,75005,75007,2,False
test1.csv,confirmation_cohort_posthoc,GCAD-prediction_s10,0.02,75011,75012,1,False
test1.csv,confirmation_cohort_posthoc,GCAD-prediction_s10,0.02,75946,75984,38,False
test1.csv,confirmation_cohort_posthoc,GCAD-prediction_s10,0.02,75987,75996,9,False
test1.csv,confirmation_cohort_posthoc,GCAD-prediction_s10,0.02,75999,76002,3,False
test1.csv,confirmation_cohort_posthoc,GCAD-prediction_s10,0.02,76017,76020,3,False
test1.csv,confirmation_cohort_posthoc,GCAD-prediction_s10,0.02,76690,76691,1,False
test1.csv,confirmation_cohort_posthoc,GCAD-prediction_s10,0.02,76696,76715,19,False
test1.csv,confirmation_cohort_posthoc,GCAD-prediction_s10,0.02,76720,76752,32,False
test1.csv,confirmation_cohort_posthoc,GCAD-prediction_s10,0.02,76756,76759,3,False
test1.csv,confirmation_cohort_posthoc,GCAD-prediction_s10,0.02,76986,76988,2,False
test1.csv,confirmation_cohort_posthoc,GCAD-prediction_s10,0.02,76993,77014,21,False
test1.csv,confirmation_cohort_posthoc,GCAD-prediction_s10,0.02,77018,77031,13,False
test1.csv,confirmation_cohort_posthoc,GCAD-prediction_s10,0.02,77643,77676,33,False
test1.csv,confirmation_cohort_posthoc,GCAD-prediction_s10,0.02,77737,77796,59,False
test1.csv,confirmation_cohort_posthoc,GCAD-prediction_s10,0.02,77847,77903,56,False
test1.csv,confirmation_cohort_posthoc,GCAD-prediction_s10,0.02,77908,77909,1,False
test1.csv,confirmation_cohort_posthoc,GCAD-prediction_s10,0.02,77919,77921,2,False
test1.csv,confirmation_cohort_posthoc,GCAD-prediction_s10,0.02,78037,78039,2,False
test1.csv,confirmation_cohort_posthoc,GCAD-prediction_s10,0.02,78043,78045,2,False
test1.csv,confirmation_cohort_posthoc,GCAD-prediction_s10,0.02,78061,78063,2,False
test1.csv,confirmation_cohort_posthoc,GCAD-prediction_s10,0.02,78067,78069,2,False
test1.csv,confirmation_cohort_posthoc,GCAD-prediction_s10,0.02,78080,78081,1,False
test1.csv,confirmation_cohort_posthoc,GCAD-prediction_s10,0.02,78920,79175,255,False
test1.csv,confirmation_cohort_posthoc,GCAD-prediction_s10,0.02,79182,79192,10,False
test1.csv,confirmation_cohort_posthoc,GCAD-prediction_s10,0.02,79196,79197,1,False
test1.csv,confirmation_cohort_posthoc,GCAD-prediction_s10,0.02,79282,79291,9,False
test1.csv,confirmation_cohort_posthoc,GCAD-prediction_s10,0.02,79331,79336,5,False
test1.csv,confirmation_cohort_posthoc,GCAD-prediction_s10,0.02,79351,79435,84,False
test1.csv,confirmation_cohort_posthoc,GCAD-prediction_s10,0.02,79772,79792,20,False
test1.csv,confirmation_cohort_posthoc,GCAD-prediction_s10,0.02,79798,79799,1,False
test1.csv,confirmation_cohort_posthoc,GCAD-prediction_s10,0.02,79802,79805,3,False
test1.csv,confirmation_cohort_posthoc,GCAD-prediction_s10,0.02,79808,79812,4,False
test1.csv,confirmation_cohort_posthoc,GCAD-prediction_s10,0.02,79815,79816,1,False
test1.csv,confirmation_cohort_posthoc,GCAD-prediction_s10,0.02,79821,79822,1,False
test1.csv,confirmation_cohort_posthoc,GCAD-prediction_s10,0.02,79827,79828,1,False
test1.csv,confirmation_cohort_posthoc,GCAD-prediction_s10,0.02,79833,79834,1,False
test1.csv,confirmation_cohort_posthoc,GCAD-prediction_s10,0.02,80401,80402,1,False
test1.csv,confirmation_cohort_posthoc,GCAD-prediction_s10,0.02,80412,80432,20,False
test1.csv,confirmation_cohort_posthoc,GCAD-prediction_s10,0.02,80435,80450,15,False
test1.csv,confirmation_cohort_posthoc,GCAD-prediction_s10,0.02,80453,80455,2,False
test1.csv,confirmation_cohort_posthoc,GCAD-prediction_s10,0.02,80460,80461,1,False
test1.csv,confirmation_cohort_posthoc,GCAD-prediction_s10,0.02,80556,80557,1,False
test1.csv,confirmation_cohort_posthoc,GCAD-prediction_s10,0.02,80567,80568,1,False
test1.csv,confirmation_cohort_posthoc,GCAD-prediction_s10,0.02,80572,80575,3,False
test1.csv,confirmation_cohort_posthoc,GCAD-prediction_s10,0.02,80578,80597,19,False
test1.csv,confirmation_cohort_posthoc,GCAD-prediction_s10,0.02,80601,80602,1,False
test1.csv,confirmation_cohort_posthoc,GCAD-prediction_s10,0.02,80605,80608,3,False
test1.csv,confirmation_cohort_posthoc,GCAD-prediction_s10,0.02,80612,80613,1,False
test1.csv,confirmation_cohort_posthoc,GCAD-prediction_s10,0.02,80617,80618,1,False
test1.csv,confirmation_cohort_posthoc,GCAD-prediction_s10,0.02,80628,80629,1,False
test1.csv,confirmation_cohort_posthoc,GCAD-prediction_s10,0.02,80723,80727,4,False
test1.csv,confirmation_cohort_posthoc,GCAD-prediction_s10,0.02,80748,80806,58,False
test1.csv,confirmation_cohort_posthoc,GCAD-prediction_s10,0.02,80823,80838,15,False
test1.csv,confirmation_cohort_posthoc,GCAD-prediction_s10,0.02,80845,80947,102,False
test1.csv,confirmation_cohort_posthoc,GCAD-prediction_s10,0.02,80950,81266,316,False
test1.csv,confirmation_cohort_posthoc,GCAD-prediction_s10,0.02,81289,81300,11,False
test1.csv,confirmation_cohort_posthoc,GCAD-prediction_s10,0.02,81335,81354,19,True
test1.csv,confirmation_cohort_posthoc,GCAD-prediction_s10,0.02,81359,81397,38,True
test1.csv,confirmation_cohort_posthoc,GCAD-prediction_s10,0.02,81543,81581,38,False
test1.csv,confirmation_cohort_posthoc,GCAD-prediction_s10,0.02,81604,81605,1,False
test1.csv,confirmation_cohort_posthoc,GCAD-prediction_s10,0.02,81614,81616,2,False
test1.csv,confirmation_cohort_posthoc,GCAD-prediction_s10,0.02,81619,81698,79,False
test1.csv,confirmation_cohort_posthoc,GCAD-prediction_s10,0.02,81729,81785,56,False
test1.csv,confirmation_cohort_posthoc,GCAD-prediction_s10,0.02,81788,81790,2,False
test1.csv,confirmation_cohort_posthoc,GCAD-prediction_s10,0.02,81793,81794,1,False
test1.csv,confirmation_cohort_posthoc,GCAD-prediction_s10,0.02,81880,81887,7,False
test1.csv,confirmation_cohort_posthoc,GCAD-prediction_s10,0.02,81890,81909,19,False
test1.csv,confirmation_cohort_posthoc,GCAD-prediction_s10,0.02,82136,82195,59,False
test1.csv,confirmation_cohort_posthoc,GCAD-prediction_s10,0.02,82338,82377,39,False
test1.csv,confirmation_cohort_posthoc,GCAD-prediction_s10,0.02,82385,82387,2,False
test1.csv,confirmation_cohort_posthoc,GCAD-prediction_s10,0.02,82390,82497,107,False
test1.csv,confirmation_cohort_posthoc,GCAD-prediction_s10,0.02,82923,83067,144,False
test1.csv,confirmation_cohort_posthoc,GCAD-prediction_s10,0.02,83092,83255,163,False
test1.csv,confirmation_cohort_posthoc,GCAD-prediction_s10,0.02,83259,83260,1,False
test1.csv,confirmation_cohort_posthoc,GCAD-prediction_s10,0.02,83263,83266,3,False
test1.csv,confirmation_cohort_posthoc,GCAD-prediction_s10,0.02,83269,83271,2,False
test1.csv,confirmation_cohort_posthoc,GCAD-prediction_s10,0.02,83581,83582,1,False
test1.csv,confirmation_cohort_posthoc,GCAD-prediction_s10,0.02,83586,83650,64,False
test1.csv,confirmation_cohort_posthoc,GCAD-prediction_s10,0.02,83666,83730,64,False
test1.csv,confirmation_cohort_posthoc,GCAD-prediction_s10,0.02,83737,83769,32,False
test1.csv,confirmation_cohort_posthoc,GCAD-prediction_s10,0.02,83772,83810,38,False
test1.csv,confirmation_cohort_posthoc,GCAD-prediction_s10,0.02,83817,83819,2,False
test1.csv,confirmation_cohort_posthoc,GCAD-prediction_s10,0.02,83828,83843,15,False
test1.csv,confirmation_cohort_posthoc,GCAD-prediction_s10,0.02,83854,83856,2,False
test1.csv,confirmation_cohort_posthoc,GCAD-prediction_s10,0.02,83902,83903,1,False
test1.csv,confirmation_cohort_posthoc,GCAD-prediction_s10,0.02,83907,83913,6,False
test1.csv,confirmation_cohort_posthoc,GCAD-prediction_s10,0.02,83918,83919,1,False
test1.csv,confirmation_cohort_posthoc,GCAD-prediction_s10,0.02,83997,83998,1,False
test1.csv,confirmation_cohort_posthoc,GCAD-prediction_s10,0.02,84080,84082,2,False
test1.csv,confirmation_cohort_posthoc,GCAD-prediction_s10,0.02,84085,84162,77,False
test1.csv,confirmation_cohort_posthoc,GCAD-prediction_s10,0.02,84170,84171,1,False
test1.csv,confirmation_cohort_posthoc,GCAD-prediction_s10,0.02,84176,84195,19,False
test1.csv,confirmation_cohort_posthoc,GCAD-prediction_s10,0.02,84206,84232,26,False
test1.csv,confirmation_cohort_posthoc,GCAD-prediction_s10,0.02,84298,84300,2,False
test1.csv,confirmation_cohort_posthoc,GCAD-prediction_s10,0.02,84304,84306,2,False
test1.csv,confirmation_cohort_posthoc,GCAD-prediction_s10,0.02,84320,84321,1,False
test1.csv,confirmation_cohort_posthoc,GCAD-prediction_s10,0.02,84563,84675,112,False
test1.csv,confirmation_cohort_posthoc,GCAD-prediction_s10,0.02,84753,84754,1,False
test1.csv,confirmation_cohort_posthoc,GCAD-prediction_s10,0.02,84758,84833,75,False
test1.csv,confirmation_cohort_posthoc,GCAD-prediction_s10,0.02,84923,84953,30,False
test1.csv,confirmation_cohort_posthoc,GCAD-prediction_s10,0.02,84956,84957,1,False
test1.csv,confirmation_cohort_posthoc,GCAD-prediction_s10,0.02,85130,85131,1,False
test1.csv,confirmation_cohort_posthoc,GCAD-prediction_s10,0.02,85620,85621,1,False
test1.csv,confirmation_cohort_posthoc,GCAD-prediction_s10,0.02,85625,85626,1,False
test1.csv,confirmation_cohort_posthoc,GCAD-prediction_s10,0.02,85631,85633,2,False
test1.csv,confirmation_cohort_posthoc,GCAD-prediction_s10,0.02,85636,85760,124,False
test1.csv,confirmation_cohort_posthoc,GCAD-prediction_s10,0.02,85861,85918,57,False
test1.csv,confirmation_cohort_posthoc,GCAD-prediction_s10,0.02,85921,85927,6,False
test1.csv,confirmation_cohort_posthoc,GCAD-prediction_s10,0.02,85931,85947,16,False
test1.csv,confirmation_cohort_posthoc,GCAD-prediction_s10,0.02,85951,85952,1,False
test1.csv,confirmation_cohort_posthoc,GCAD-dependency_s10,0.005,26396,26423,27,True
test1.csv,confirmation_cohort_posthoc,GCAD-dependency_s10,0.005,27362,27423,61,False
test1.csv,confirmation_cohort_posthoc,GCAD-dependency_s10,0.005,59058,59141,83,False
test1.csv,confirmation_cohort_posthoc,GCAD-dependency_s10,0.005,60219,60322,103,True
test1.csv,confirmation_cohort_posthoc,GCAD-dependency_s10,0.01,26361,26458,97,True
test1.csv,confirmation_cohort_posthoc,GCAD-dependency_s10,0.01,27360,27424,64,False
test1.csv,confirmation_cohort_posthoc,GCAD-dependency_s10,0.01,34369,34433,64,False
test1.csv,confirmation_cohort_posthoc,GCAD-dependency_s10,0.01,41188,41246,58,True
test1.csv,confirmation_cohort_posthoc,GCAD-dependency_s10,0.01,59057,59141,84,False
test1.csv,confirmation_cohort_posthoc,GCAD-dependency_s10,0.01,60219,60322,103,True
test1.csv,confirmation_cohort_posthoc,GCAD-dependency_s10,0.01,70295,70357,62,False
test1.csv,confirmation_cohort_posthoc,GCAD-dependency_s10,0.02,12916,12978,62,False
test1.csv,confirmation_cohort_posthoc,GCAD-dependency_s10,0.02,26360,26460,100,True
test1.csv,confirmation_cohort_posthoc,GCAD-dependency_s10,0.02,27359,27424,65,False
test1.csv,confirmation_cohort_posthoc,GCAD-dependency_s10,0.02,34368,34433,65,False
test1.csv,confirmation_cohort_posthoc,GCAD-dependency_s10,0.02,36751,36813,62,False
test1.csv,confirmation_cohort_posthoc,GCAD-dependency_s10,0.02,41176,41268,92,True
test1.csv,confirmation_cohort_posthoc,GCAD-dependency_s10,0.02,47811,47852,41,False
test1.csv,confirmation_cohort_posthoc,GCAD-dependency_s10,0.02,48904,48966,62,False
test1.csv,confirmation_cohort_posthoc,GCAD-dependency_s10,0.02,59052,59141,89,False
test1.csv,confirmation_cohort_posthoc,GCAD-dependency_s10,0.02,60208,60391,183,True
test1.csv,confirmation_cohort_posthoc,GCAD-dependency_s10,0.02,60456,60478,22,False
test1.csv,confirmation_cohort_posthoc,GCAD-dependency_s10,0.02,70294,70357,63,False
test1.csv,confirmation_cohort_posthoc,GCAD-dependency_s10,0.02,77506,77567,61,False
test1.csv,confirmation_cohort_posthoc,GCAD-prediction_s11,0.005,27361,27423,62,False
test1.csv,confirmation_cohort_posthoc,GCAD-prediction_s11,0.005,34369,34433,64,False
test1.csv,confirmation_cohort_posthoc,GCAD-prediction_s11,0.005,51639,51687,48,False
test1.csv,confirmation_cohort_posthoc,GCAD-prediction_s11,0.005,60241,60288,47,True
test1.csv,confirmation_cohort_posthoc,GCAD-prediction_s11,0.005,62606,62677,71,False
test1.csv,confirmation_cohort_posthoc,GCAD-prediction_s11,0.01,5412,5474,62,False
test1.csv,confirmation_cohort_posthoc,GCAD-prediction_s11,0.01,7517,7578,61,False
test1.csv,confirmation_cohort_posthoc,GCAD-prediction_s11,0.01,12917,12979,62,False
test1.csv,confirmation_cohort_posthoc,GCAD-prediction_s11,0.01,20316,20381,65,False
test1.csv,confirmation_cohort_posthoc,GCAD-prediction_s11,0.01,26364,26452,88,True
test1.csv,confirmation_cohort_posthoc,GCAD-prediction_s11,0.01,27359,27424,65,False
test1.csv,confirmation_cohort_posthoc,GCAD-prediction_s11,0.01,29482,29543,61,False
test1.csv,confirmation_cohort_posthoc,GCAD-prediction_s11,0.01,34367,34433,66,False
test1.csv,confirmation_cohort_posthoc,GCAD-prediction_s11,0.01,40074,40152,78,False
test1.csv,confirmation_cohort_posthoc,GCAD-prediction_s11,0.01,48906,48967,61,False
test1.csv,confirmation_cohort_posthoc,GCAD-prediction_s11,0.01,51625,51701,76,False
test1.csv,confirmation_cohort_posthoc,GCAD-prediction_s11,0.01,55877,55940,63,False
test1.csv,confirmation_cohort_posthoc,GCAD-prediction_s11,0.01,59063,59141,78,False
test1.csv,confirmation_cohort_posthoc,GCAD-prediction_s11,0.01,60225,60310,85,True
test1.csv,confirmation_cohort_posthoc,GCAD-prediction_s11,0.01,61615,61674,59,False
test1.csv,confirmation_cohort_posthoc,GCAD-prediction_s11,0.01,62604,62683,79,False
test1.csv,confirmation_cohort_posthoc,GCAD-prediction_s11,0.01,63296,63371,75,False
test1.csv,confirmation_cohort_posthoc,GCAD-prediction_s11,0.01,70295,70359,64,False
test1.csv,confirmation_cohort_posthoc,GCAD-prediction_s11,0.01,77505,77568,63,False
test1.csv,confirmation_cohort_posthoc,GCAD-prediction_s11,0.02,5412,5475,63,False
test1.csv,confirmation_cohort_posthoc,GCAD-prediction_s11,0.02,7516,7578,62,False
test1.csv,confirmation_cohort_posthoc,GCAD-prediction_s11,0.02,12917,12980,63,False
test1.csv,confirmation_cohort_posthoc,GCAD-prediction_s11,0.02,18805,18852,47,False
test1.csv,confirmation_cohort_posthoc,GCAD-prediction_s11,0.02,20316,20381,65,False
test1.csv,confirmation_cohort_posthoc,GCAD-prediction_s11,0.02,22739,22801,62,False
test1.csv,confirmation_cohort_posthoc,GCAD-prediction_s11,0.02,26361,26456,95,True
test1.csv,confirmation_cohort_posthoc,GCAD-prediction_s11,0.02,27359,27424,65,False
test1.csv,confirmation_cohort_posthoc,GCAD-prediction_s11,0.02,29481,29543,62,False
test1.csv,confirmation_cohort_posthoc,GCAD-prediction_s11,0.02,33084,33129,45,False
test1.csv,confirmation_cohort_posthoc,GCAD-prediction_s11,0.02,34367,34433,66,False
test1.csv,confirmation_cohort_posthoc,GCAD-prediction_s11,0.02,40074,40152,78,False
test1.csv,confirmation_cohort_posthoc,GCAD-prediction_s11,0.02,48905,48968,63,False
test1.csv,confirmation_cohort_posthoc,GCAD-prediction_s11,0.02,51625,51704,79,False
test1.csv,confirmation_cohort_posthoc,GCAD-prediction_s11,0.02,55478,55540,62,False
test1.csv,confirmation_cohort_posthoc,GCAD-prediction_s11,0.02,55877,55940,63,False
test1.csv,confirmation_cohort_posthoc,GCAD-prediction_s11,0.02,59062,59141,79,False
test1.csv,confirmation_cohort_posthoc,GCAD-prediction_s11,0.02,60224,60320,96,True
test1.csv,confirmation_cohort_posthoc,GCAD-prediction_s11,0.02,61613,61676,63,False
test1.csv,confirmation_cohort_posthoc,GCAD-prediction_s11,0.02,62604,62684,80,False
test1.csv,confirmation_cohort_posthoc,GCAD-prediction_s11,0.02,63295,63372,77,False
test1.csv,confirmation_cohort_posthoc,GCAD-prediction_s11,0.02,69742,69801,59,True
test1.csv,confirmation_cohort_posthoc,GCAD-prediction_s11,0.02,70295,70359,64,False
test1.csv,confirmation_cohort_posthoc,GCAD-prediction_s11,0.02,77297,77359,62,False
test1.csv,confirmation_cohort_posthoc,GCAD-prediction_s11,0.02,77503,77568,65,False
test1.csv,confirmation_cohort_posthoc,GCAD-dependency_s11,0.005,5414,5475,61,False
test1.csv,confirmation_cohort_posthoc,GCAD-dependency_s11,0.005,12916,12980,64,False
test1.csv,confirmation_cohort_posthoc,GCAD-dependency_s11,0.005,20318,20378,60,False
test1.csv,confirmation_cohort_posthoc,GCAD-dependency_s11,0.005,27361,27423,62,False
test1.csv,confirmation_cohort_posthoc,GCAD-dependency_s11,0.005,34369,34432,63,False
test1.csv,confirmation_cohort_posthoc,GCAD-dependency_s11,0.005,48904,48968,64,False
test1.csv,confirmation_cohort_posthoc,GCAD-dependency_s11,0.005,59058,59141,83,False
test1.csv,confirmation_cohort_posthoc,GCAD-dependency_s11,0.005,60219,60322,103,True
test1.csv,confirmation_cohort_posthoc,GCAD-dependency_s11,0.005,70295,70359,64,False
test1.csv,confirmation_cohort_posthoc,GCAD-dependency_s11,0.005,77504,77567,63,False
test1.csv,confirmation_cohort_posthoc,GCAD-dependency_s11,0.01,5412,5476,64,False
test1.csv,confirmation_cohort_posthoc,GCAD-dependency_s11,0.01,12915,12980,65,False
test1.csv,confirmation_cohort_posthoc,GCAD-dependency_s11,0.01,20316,20380,64,False
test1.csv,confirmation_cohort_posthoc,GCAD-dependency_s11,0.01,26362,26455,93,True
test1.csv,confirmation_cohort_posthoc,GCAD-dependency_s11,0.01,27359,27424,65,False
test1.csv,confirmation_cohort_posthoc,GCAD-dependency_s11,0.01,34367,34433,66,False
test1.csv,confirmation_cohort_posthoc,GCAD-dependency_s11,0.01,48903,48968,65,False
test1.csv,confirmation_cohort_posthoc,GCAD-dependency_s11,0.01,55875,55939,64,False
test1.csv,confirmation_cohort_posthoc,GCAD-dependency_s11,0.01,59058,59141,83,False
test1.csv,confirmation_cohort_posthoc,GCAD-dependency_s11,0.01,60219,60322,103,True
test1.csv,confirmation_cohort_posthoc,GCAD-dependency_s11,0.01,70294,70359,65,False
test1.csv,confirmation_cohort_posthoc,GCAD-dependency_s11,0.01,77503,77568,65,False
test1.csv,confirmation_cohort_posthoc,GCAD-dependency_s11,0.02,5411,5476,65,False
test1.csv,confirmation_cohort_posthoc,GCAD-dependency_s11,0.02,7517,7564,47,False
test1.csv,confirmation_cohort_posthoc,GCAD-dependency_s11,0.02,12915,12980,65,False
test1.csv,confirmation_cohort_posthoc,GCAD-dependency_s11,0.02,20316,20381,65,False
test1.csv,confirmation_cohort_posthoc,GCAD-dependency_s11,0.02,26358,26459,101,True
test1.csv,confirmation_cohort_posthoc,GCAD-dependency_s11,0.02,27359,27424,65,False
test1.csv,confirmation_cohort_posthoc,GCAD-dependency_s11,0.02,29473,29539,66,False
test1.csv,confirmation_cohort_posthoc,GCAD-dependency_s11,0.02,34367,34433,66,False
test1.csv,confirmation_cohort_posthoc,GCAD-dependency_s11,0.02,36759,36813,54,False
test1.csv,confirmation_cohort_posthoc,GCAD-dependency_s11,0.02,40081,40145,64,False
test1.csv,confirmation_cohort_posthoc,GCAD-dependency_s11,0.02,41181,41265,84,True
test1.csv,confirmation_cohort_posthoc,GCAD-dependency_s11,0.02,47798,47862,64,False
test1.csv,confirmation_cohort_posthoc,GCAD-dependency_s11,0.02,48903,48968,65,False
test1.csv,confirmation_cohort_posthoc,GCAD-dependency_s11,0.02,51636,51698,62,False
test1.csv,confirmation_cohort_posthoc,GCAD-dependency_s11,0.02,55875,55940,65,False
test1.csv,confirmation_cohort_posthoc,GCAD-dependency_s11,0.02,59055,59141,86,False
test1.csv,confirmation_cohort_posthoc,GCAD-dependency_s11,0.02,60218,60322,104,True
test1.csv,confirmation_cohort_posthoc,GCAD-dependency_s11,0.02,60327,60372,45,True
test1.csv,confirmation_cohort_posthoc,GCAD-dependency_s11,0.02,62610,62679,69,False
test1.csv,confirmation_cohort_posthoc,GCAD-dependency_s11,0.02,63298,63370,72,False
test1.csv,confirmation_cohort_posthoc,GCAD-dependency_s11,0.02,70141,70163,22,False
test1.csv,confirmation_cohort_posthoc,GCAD-dependency_s11,0.02,70294,70359,65,False
test1.csv,confirmation_cohort_posthoc,GCAD-dependency_s11,0.02,77503,77568,65,False
test1.csv,confirmation_cohort_posthoc,GCAD-prediction_s12,0.005,27360,27423,63,False
test1.csv,confirmation_cohort_posthoc,GCAD-prediction_s12,0.005,34369,34431,62,False
test1.csv,confirmation_cohort_posthoc,GCAD-prediction_s12,0.005,59069,59130,61,False
test1.csv,confirmation_cohort_posthoc,GCAD-prediction_s12,0.005,60239,60306,67,True
test1.csv,confirmation_cohort_posthoc,GCAD-prediction_s12,0.01,27359,27423,64,False
test1.csv,confirmation_cohort_posthoc,GCAD-prediction_s12,0.01,34369,34431,62,False
test1.csv,confirmation_cohort_posthoc,GCAD-prediction_s12,0.01,59059,59136,77,False
test1.csv,confirmation_cohort_posthoc,GCAD-prediction_s12,0.01,60221,60307,86,True
test1.csv,confirmation_cohort_posthoc,GCAD-prediction_s12,0.02,6494,6555,61,False
test1.csv,confirmation_cohort_posthoc,GCAD-prediction_s12,0.02,12917,12978,61,False
test1.csv,confirmation_cohort_posthoc,GCAD-prediction_s12,0.02,22737,22822,85,False
test1.csv,confirmation_cohort_posthoc,GCAD-prediction_s12,0.02,24805,24863,58,False
test1.csv,confirmation_cohort_posthoc,GCAD-prediction_s12,0.02,26388,26426,38,True
test1.csv,confirmation_cohort_posthoc,GCAD-prediction_s12,0.02,27359,27423,64,False
test1.csv,confirmation_cohort_posthoc,GCAD-prediction_s12,0.02,29907,29965,58,False
test1.csv,confirmation_cohort_posthoc,GCAD-prediction_s12,0.02,34368,34431,63,False
test1.csv,confirmation_cohort_posthoc,GCAD-prediction_s12,0.02,49713,49771,58,False
test1.csv,confirmation_cohort_posthoc,GCAD-prediction_s12,0.02,57752,57813,61,False
test1.csv,confirmation_cohort_posthoc,GCAD-prediction_s12,0.02,59058,59138,80,False
test1.csv,confirmation_cohort_posthoc,GCAD-prediction_s12,0.02,60220,60317,97,True
test1.csv,confirmation_cohort_posthoc,GCAD-prediction_s12,0.02,61612,61675,63,False
test1.csv,confirmation_cohort_posthoc,GCAD-prediction_s12,0.02,65556,65616,60,False
test1.csv,confirmation_cohort_posthoc,GCAD-prediction_s12,0.02,70295,70357,62,False
test1.csv,confirmation_cohort_posthoc,GCAD-prediction_s12,0.02,77505,77566,61,False
test1.csv,confirmation_cohort_posthoc,GCAD-dependency_s12,0.005,27359,27424,65,False
test1.csv,confirmation_cohort_posthoc,GCAD-dependency_s12,0.005,59058,59140,82,False
test1.csv,confirmation_cohort_posthoc,GCAD-dependency_s12,0.005,60219,60321,102,True
test1.csv,confirmation_cohort_posthoc,GCAD-dependency_s12,0.01,26362,26453,91,True
test1.csv,confirmation_cohort_posthoc,GCAD-dependency_s12,0.01,27359,27424,65,False
test1.csv,confirmation_cohort_posthoc,GCAD-dependency_s12,0.01,34369,34431,62,False
test1.csv,confirmation_cohort_posthoc,GCAD-dependency_s12,0.01,41188,41246,58,True
test1.csv,confirmation_cohort_posthoc,GCAD-dependency_s12,0.01,59058,59141,83,False
test1.csv,confirmation_cohort_posthoc,GCAD-dependency_s12,0.01,60219,60322,103,True
test1.csv,confirmation_cohort_posthoc,GCAD-dependency_s12,0.02,18804,18854,50,False
test1.csv,confirmation_cohort_posthoc,GCAD-dependency_s12,0.02,26359,26458,99,True
test1.csv,confirmation_cohort_posthoc,GCAD-dependency_s12,0.02,27359,27424,65,False
test1.csv,confirmation_cohort_posthoc,GCAD-dependency_s12,0.02,34369,34432,63,False
test1.csv,confirmation_cohort_posthoc,GCAD-dependency_s12,0.02,36751,36812,61,False
test1.csv,confirmation_cohort_posthoc,GCAD-dependency_s12,0.02,40084,40136,52,False
test1.csv,confirmation_cohort_posthoc,GCAD-dependency_s12,0.02,41175,41271,96,True
test1.csv,confirmation_cohort_posthoc,GCAD-dependency_s12,0.02,47791,47859,68,False
test1.csv,confirmation_cohort_posthoc,GCAD-dependency_s12,0.02,59051,59141,90,False
test1.csv,confirmation_cohort_posthoc,GCAD-dependency_s12,0.02,60218,60382,164,True
test1.csv,confirmation_cohort_posthoc,GCAD-dependency_s12,0.02,70112,70168,56,False
test1.csv,confirmation_cohort_posthoc,GCAD-dependency_s12,0.02,70295,70357,62,False
test2.csv,confirmation_cohort_posthoc,Dr_Q3,0.005,41476,41479,3,False
test2.csv,confirmation_cohort_posthoc,Dr_Q3,0.005,41489,41495,6,False
test2.csv,confirmation_cohort_posthoc,Dr_Q3,0.005,41504,41511,7,False
test2.csv,confirmation_cohort_posthoc,Dr_Q3,0.005,41518,41523,5,False
test2.csv,confirmation_cohort_posthoc,Dr_Q3,0.005,41593,41599,6,False
test2.csv,confirmation_cohort_posthoc,Dr_Q3,0.005,41607,41612,5,False
test2.csv,confirmation_cohort_posthoc,Dr_Q3,0.005,41622,41627,5,False
test2.csv,confirmation_cohort_posthoc,Dr_Q3,0.005,41638,41641,3,False
test2.csv,confirmation_cohort_posthoc,Dr_Q3,0.005,41725,41730,5,False
test2.csv,confirmation_cohort_posthoc,Dr_Q3,0.005,41738,41746,8,False
test2.csv,confirmation_cohort_posthoc,Dr_Q3,0.005,41752,41793,41,False
test2.csv,confirmation_cohort_posthoc,Dr_Q3,0.005,41796,41805,9,False
test2.csv,confirmation_cohort_posthoc,Dr_Q3,0.005,41811,41820,9,False
test2.csv,confirmation_cohort_posthoc,Dr_Q3,0.005,41825,41835,10,False
test2.csv,confirmation_cohort_posthoc,Dr_Q3,0.005,41841,41850,9,False
test2.csv,confirmation_cohort_posthoc,Dr_Q3,0.005,41856,41865,9,False
test2.csv,confirmation_cohort_posthoc,Dr_Q3,0.005,41870,41881,11,False
test2.csv,confirmation_cohort_posthoc,Dr_Q3,0.005,41885,41896,11,False
test2.csv,confirmation_cohort_posthoc,Dr_Q3,0.005,41899,41909,10,False
test2.csv,confirmation_cohort_posthoc,Dr_Q3,0.005,41916,41924,8,False
test2.csv,confirmation_cohort_posthoc,Dr_Q3,0.005,41930,41938,8,False
test2.csv,confirmation_cohort_posthoc,Dr_Q3,0.005,41947,41952,5,False
test2.csv,confirmation_cohort_posthoc,Dr_Q3,0.005,41963,41965,2,False
test2.csv,confirmation_cohort_posthoc,Dr_Q3,0.005,41977,41980,3,False
test2.csv,confirmation_cohort_posthoc,Dr_Q3,0.005,42037,42039,2,False
test2.csv,confirmation_cohort_posthoc,Dr_Q3,0.005,42054,42055,1,False
test2.csv,confirmation_cohort_posthoc,Dr_Q3,0.005,42066,42073,7,False
test2.csv,confirmation_cohort_posthoc,Dr_Q3,0.005,42081,42088,7,False
test2.csv,confirmation_cohort_posthoc,Dr_Q3,0.005,42097,42233,136,False
test2.csv,confirmation_cohort_posthoc,Dr_Q3,0.005,42236,42246,10,False
test2.csv,confirmation_cohort_posthoc,Dr_Q3,0.005,42254,42259,5,False
test2.csv,confirmation_cohort_posthoc,Dr_Q3,0.005,42300,42311,11,False
test2.csv,confirmation_cohort_posthoc,Dr_Q3,0.005,42314,42325,11,False
test2.csv,confirmation_cohort_posthoc,Dr_Q3,0.005,42331,42339,8,False
test2.csv,confirmation_cohort_posthoc,Dr_Q3,0.005,42348,42354,6,False
test2.csv,confirmation_cohort_posthoc,Dr_Q3,0.005,42381,42383,2,False
test2.csv,confirmation_cohort_posthoc,Dr_Q3,0.005,42396,42397,1,False
test2.csv,confirmation_cohort_posthoc,Dr_Q3,0.005,42566,42567,1,False
test2.csv,confirmation_cohort_posthoc,Dr_Q3,0.005,43883,43887,4,False
test2.csv,confirmation_cohort_posthoc,Dr_Q3,0.005,43898,43903,5,False
test2.csv,confirmation_cohort_posthoc,Dr_Q3,0.005,44127,44166,39,False
test2.csv,confirmation_cohort_posthoc,Dr_Q3,0.005,71467,71703,236,False
test2.csv,confirmation_cohort_posthoc,Dr_Q3,0.005,73430,73698,268,False
test2.csv,confirmation_cohort_posthoc,Dr_Q3,0.005,74188,74230,42,False
test2.csv,confirmation_cohort_posthoc,Dr_Q3,0.005,75562,75574,12,False
test2.csv,confirmation_cohort_posthoc,Dr_Q3,0.005,75805,75814,9,False
test2.csv,confirmation_cohort_posthoc,Dr_Q3,0.01,41182,41188,6,False
test2.csv,confirmation_cohort_posthoc,Dr_Q3,0.01,41197,41202,5,False
test2.csv,confirmation_cohort_posthoc,Dr_Q3,0.01,41213,41216,3,False
test2.csv,confirmation_cohort_posthoc,Dr_Q3,0.01,41227,41231,4,False
test2.csv,confirmation_cohort_posthoc,Dr_Q3,0.01,41256,41260,4,False
test2.csv,confirmation_cohort_posthoc,Dr_Q3,0.01,41272,41276,4,False
test2.csv,confirmation_cohort_posthoc,Dr_Q3,0.01,41284,41291,7,False
test2.csv,confirmation_cohort_posthoc,Dr_Q3,0.01,41299,41308,9,False
test2.csv,confirmation_cohort_posthoc,Dr_Q3,0.01,41312,41322,10,False
test2.csv,confirmation_cohort_posthoc,Dr_Q3,0.01,41326,41336,10,False
test2.csv,confirmation_cohort_posthoc,Dr_Q3,0.01,41342,41349,7,False
test2.csv,confirmation_cohort_posthoc,Dr_Q3,0.01,41357,41365,8,False
test2.csv,confirmation_cohort_posthoc,Dr_Q3,0.01,41372,41378,6,False
test2.csv,confirmation_cohort_posthoc,Dr_Q3,0.01,41387,41392,5,False
test2.csv,confirmation_cohort_posthoc,Dr_Q3,0.01,41402,41406,4,False
test2.csv,confirmation_cohort_posthoc,Dr_Q3,0.01,41417,41419,2,False
test2.csv,confirmation_cohort_posthoc,Dr_Q3,0.01,41432,41436,4,False
test2.csv,confirmation_cohort_posthoc,Dr_Q3,0.01,41445,41451,6,False
test2.csv,confirmation_cohort_posthoc,Dr_Q3,0.01,41459,41468,9,False
test2.csv,confirmation_cohort_posthoc,Dr_Q3,0.01,41472,41541,69,False
test2.csv,confirmation_cohort_posthoc,Dr_Q3,0.01,41546,41555,9,False
test2.csv,confirmation_cohort_posthoc,Dr_Q3,0.01,41564,41568,4,False
test2.csv,confirmation_cohort_posthoc,Dr_Q3,0.01,41580,41583,3,False
test2.csv,confirmation_cohort_posthoc,Dr_Q3,0.01,41590,41656,66,False
test2.csv,confirmation_cohort_posthoc,Dr_Q3,0.01,41667,41670,3,False
test2.csv,confirmation_cohort_posthoc,Dr_Q3,0.01,41680,41685,5,False
test2.csv,confirmation_cohort_posthoc,Dr_Q3,0.01,41695,41700,5,False
test2.csv,confirmation_cohort_posthoc,Dr_Q3,0.01,41709,42000,291,False
test2.csv,confirmation_cohort_posthoc,Dr_Q3,0.01,42003,42450,447,False
test2.csv,confirmation_cohort_posthoc,Dr_Q3,0.01,42454,42480,26,False
test2.csv,confirmation_cohort_posthoc,Dr_Q3,0.01,42487,42493,6,False
test2.csv,confirmation_cohort_posthoc,Dr_Q3,0.01,42503,42573,70,False
test2.csv,confirmation_cohort_posthoc,Dr_Q3,0.01,42580,42583,3,False
test2.csv,confirmation_cohort_posthoc,Dr_Q3,0.01,42595,42601,6,False
test2.csv,confirmation_cohort_posthoc,Dr_Q3,0.01,42613,42614,1,False
test2.csv,confirmation_cohort_posthoc,Dr_Q3,0.01,42659,42660,1,False
test2.csv,confirmation_cohort_posthoc,Dr_Q3,0.01,42672,42683,11,False
test2.csv,confirmation_cohort_posthoc,Dr_Q3,0.01,42687,42694,7,False
test2.csv,confirmation_cohort_posthoc,Dr_Q3,0.01,42703,42707,4,False
test2.csv,confirmation_cohort_posthoc,Dr_Q3,0.01,42779,42786,7,False
test2.csv,confirmation_cohort_posthoc,Dr_Q3,0.01,42796,42800,4,False
test2.csv,confirmation_cohort_posthoc,Dr_Q3,0.01,42811,42815,4,False
test2.csv,confirmation_cohort_posthoc,Dr_Q3,0.01,43659,43664,5,False
test2.csv,confirmation_cohort_posthoc,Dr_Q3,0.01,43719,43721,2,False
test2.csv,confirmation_cohort_posthoc,Dr_Q3,0.01,43733,43739,6,False
test2.csv,confirmation_cohort_posthoc,Dr_Q3,0.01,43749,43752,3,False
test2.csv,confirmation_cohort_posthoc,Dr_Q3,0.01,43764,43767,3,False
test2.csv,confirmation_cohort_posthoc,Dr_Q3,0.01,43854,43860,6,False
test2.csv,confirmation_cohort_posthoc,Dr_Q3,0.01,43866,43920,54,False
test2.csv,confirmation_cohort_posthoc,Dr_Q3,0.01,43927,43932,5,False
test2.csv,confirmation_cohort_posthoc,Dr_Q3,0.01,43959,43962,3,False
test2.csv,confirmation_cohort_posthoc,Dr_Q3,0.01,43974,43976,2,False
test2.csv,confirmation_cohort_posthoc,Dr_Q3,0.01,43991,43992,1,False
test2.csv,confirmation_cohort_posthoc,Dr_Q3,0.01,44003,44008,5,False
test2.csv,confirmation_cohort_posthoc,Dr_Q3,0.01,44020,44022,2,False
test2.csv,confirmation_cohort_posthoc,Dr_Q3,0.01,44033,44037,4,False
test2.csv,confirmation_cohort_posthoc,Dr_Q3,0.01,44113,44174,61,False
test2.csv,confirmation_cohort_posthoc,Dr_Q3,0.01,69860,69939,79,True
test2.csv,confirmation_cohort_posthoc,Dr_Q3,0.01,70129,70200,71,True
test2.csv,confirmation_cohort_posthoc,Dr_Q3,0.01,71310,71731,421,False
test2.csv,confirmation_cohort_posthoc,Dr_Q3,0.01,73345,73767,422,False
test2.csv,confirmation_cohort_posthoc,Dr_Q3,0.01,74181,74234,53,False
test2.csv,confirmation_cohort_posthoc,Dr_Q3,0.01,75536,75582,46,False
test2.csv,confirmation_cohort_posthoc,Dr_Q3,0.01,75791,75824,33,False
test2.csv,confirmation_cohort_posthoc,Dr_Q3,0.01,77336,77347,11,False
test2.csv,confirmation_cohort_posthoc,Dr_Q3,0.02,27799,27802,3,True
test2.csv,confirmation_cohort_posthoc,Dr_Q3,0.02,41167,42743,1576,False
test2.csv,confirmation_cohort_posthoc,Dr_Q3,0.02,42747,42833,86,False
test2.csv,confirmation_cohort_posthoc,Dr_Q3,0.02,42841,42845,4,False
test2.csv,confirmation_cohort_posthoc,Dr_Q3,0.02,43118,43119,1,False
test2.csv,confirmation_cohort_posthoc,Dr_Q3,0.02,43132,43136,4,False
test2.csv,confirmation_cohort_posthoc,Dr_Q3,0.02,43494,43501,7,False
test2.csv,confirmation_cohort_posthoc,Dr_Q3,0.02,43508,43516,8,False
test2.csv,confirmation_cohort_posthoc,Dr_Q3,0.02,43524,43531,7,False
test2.csv,confirmation_cohort_posthoc,Dr_Q3,0.02,43538,43549,11,False
test2.csv,confirmation_cohort_posthoc,Dr_Q3,0.02,43552,43562,10,False
test2.csv,confirmation_cohort_posthoc,Dr_Q3,0.02,43569,43576,7,False
test2.csv,confirmation_cohort_posthoc,Dr_Q3,0.02,43584,43589,5,False
test2.csv,confirmation_cohort_posthoc,Dr_Q3,0.02,43614,43638,24,False
test2.csv,confirmation_cohort_posthoc,Dr_Q3,0.02,43641,43681,40,False
test2.csv,confirmation_cohort_posthoc,Dr_Q3,0.02,43687,43696,9,False
test2.csv,confirmation_cohort_posthoc,Dr_Q3,0.02,43701,43801,100,False
test2.csv,confirmation_cohort_posthoc,Dr_Q3,0.02,43807,43815,8,False
test2.csv,confirmation_cohort_posthoc,Dr_Q3,0.02,43821,43829,8,False
test2.csv,confirmation_cohort_posthoc,Dr_Q3,0.02,43837,44058,221,False
test2.csv,confirmation_cohort_posthoc,Dr_Q3,0.02,44109,44181,72,False
test2.csv,confirmation_cohort_posthoc,Dr_Q3,0.02,44187,44192,5,False
test2.csv,confirmation_cohort_posthoc,Dr_Q3,0.02,44221,44246,25,False
test2.csv,confirmation_cohort_posthoc,Dr_Q3,0.02,44249,44283,34,False
test2.csv,confirmation_cohort_posthoc,Dr_Q3,0.02,44569,44591,22,False
test2.csv,confirmation_cohort_posthoc,Dr_Q3,0.02,44649,44651,2,False
test2.csv,confirmation_cohort_posthoc,Dr_Q3,0.02,44664,44666,2,False
test2.csv,confirmation_cohort_posthoc,Dr_Q3,0.02,44678,44679,1,False
test2.csv,confirmation_cohort_posthoc,Dr_Q3,0.02,44821,44826,5,False
test2.csv,confirmation_cohort_posthoc,Dr_Q3,0.02,44829,44919,90,False
test2.csv,confirmation_cohort_posthoc,Dr_Q3,0.02,44926,44934,8,False
test2.csv,confirmation_cohort_posthoc,Dr_Q3,0.02,44943,44945,2,False
test2.csv,confirmation_cohort_posthoc,Dr_Q3,0.02,44989,44990,1,False
test2.csv,confirmation_cohort_posthoc,Dr_Q3,0.02,45035,45036,1,False
test2.csv,confirmation_cohort_posthoc,Dr_Q3,0.02,45064,45066,2,False
test2.csv,confirmation_cohort_posthoc,Dr_Q3,0.02,45079,45081,2,False
test2.csv,confirmation_cohort_posthoc,Dr_Q3,0.02,45331,45336,5,False
test2.csv,confirmation_cohort_posthoc,Dr_Q3,0.02,45829,45832,3,False
test2.csv,confirmation_cohort_posthoc,Dr_Q3,0.02,45843,45850,7,False
test2.csv,confirmation_cohort_posthoc,Dr_Q3,0.02,45910,45912,2,False
test2.csv,confirmation_cohort_posthoc,Dr_Q3,0.02,45916,45997,81,False
test2.csv,confirmation_cohort_posthoc,Dr_Q3,0.02,46002,46012,10,False
test2.csv,confirmation_cohort_posthoc,Dr_Q3,0.02,46018,46375,357,False
test2.csv,confirmation_cohort_posthoc,Dr_Q3,0.02,46385,46389,4,False
test2.csv,confirmation_cohort_posthoc,Dr_Q3,0.02,46400,46402,2,False
test2.csv,confirmation_cohort_posthoc,Dr_Q3,0.02,46451,46452,1,False
test2.csv,confirmation_cohort_posthoc,Dr_Q3,0.02,46759,46769,10,False
test2.csv,confirmation_cohort_posthoc,Dr_Q3,0.02,46775,46782,7,False
test2.csv,confirmation_cohort_posthoc,Dr_Q3,0.02,48006,48007,1,False
test2.csv,confirmation_cohort_posthoc,Dr_Q3,0.02,48023,48025,2,False
test2.csv,confirmation_cohort_posthoc,Dr_Q3,0.02,48039,48044,5,False
test2.csv,confirmation_cohort_posthoc,Dr_Q3,0.02,48054,48062,8,False
test2.csv,confirmation_cohort_posthoc,Dr_Q3,0.02,48075,48076,1,False
test2.csv,confirmation_cohort_posthoc,Dr_Q3,0.02,48092,48094,2,False
test2.csv,confirmation_cohort_posthoc,Dr_Q3,0.02,48142,48146,4,False
test2.csv,confirmation_cohort_posthoc,Dr_Q3,0.02,48157,48165,8,False
test2.csv,confirmation_cohort_posthoc,Dr_Q3,0.02,48170,48199,29,False
test2.csv,confirmation_cohort_posthoc,Dr_Q3,0.02,53806,53810,4,False
test2.csv,confirmation_cohort_posthoc,Dr_Q3,0.02,69848,69956,108,True
test2.csv,confirmation_cohort_posthoc,Dr_Q3,0.02,70120,70250,130,True
test2.csv,confirmation_cohort_posthoc,Dr_Q3,0.02,70419,70468,49,False
test2.csv,confirmation_cohort_posthoc,Dr_Q3,0.02,70477,70494,17,False
test2.csv,confirmation_cohort_posthoc,Dr_Q3,0.02,70631,70649,18,False
test2.csv,confirmation_cohort_posthoc,Dr_Q3,0.02,70672,70682,10,False
test2.csv,confirmation_cohort_posthoc,Dr_Q3,0.02,70871,70896,25,False
test2.csv,confirmation_cohort_posthoc,Dr_Q3,0.02,71225,71752,527,False
test2.csv,confirmation_cohort_posthoc,Dr_Q3,0.02,72788,72824,36,False
test2.csv,confirmation_cohort_posthoc,Dr_Q3,0.02,73046,73174,128,True
test2.csv,confirmation_cohort_posthoc,Dr_Q3,0.02,73321,73799,478,False
test2.csv,confirmation_cohort_posthoc,Dr_Q3,0.02,74176,74237,61,False
test2.csv,confirmation_cohort_posthoc,Dr_Q3,0.02,75473,75589,116,False
test2.csv,confirmation_cohort_posthoc,Dr_Q3,0.02,75773,75831,58,False
test2.csv,confirmation_cohort_posthoc,Dr_Q3,0.02,75985,76012,27,False
test2.csv,confirmation_cohort_posthoc,Dr_Q3,0.02,76241,76248,7,False
test2.csv,confirmation_cohort_posthoc,Dr_Q3,0.02,76599,76705,106,False
test2.csv,confirmation_cohort_posthoc,Dr_Q3,0.02,76768,76903,135,False
test2.csv,confirmation_cohort_posthoc,Dr_Q3,0.02,77317,77365,48,False
test2.csv,confirmation_cohort_posthoc,PCA-SPE,0.005,7995,8083,88,True
test2.csv,confirmation_cohort_posthoc,PCA-SPE,0.005,18628,18711,83,True
test2.csv,confirmation_cohort_posthoc,PCA-SPE,0.005,21514,21635,121,True
test2.csv,confirmation_cohort_posthoc,PCA-SPE,0.005,33333,33421,88,True
test2.csv,confirmation_cohort_posthoc,PCA-SPE,0.005,41018,41133,115,True
test2.csv,confirmation_cohort_posthoc,PCA-SPE,0.005,69877,69904,27,True
test2.csv,confirmation_cohort_posthoc,PCA-SPE,0.005,69984,70071,87,True
test2.csv,confirmation_cohort_posthoc,PCA-SPE,0.005,70118,70205,87,True
test2.csv,confirmation_cohort_posthoc,PCA-SPE,0.005,70273,70379,106,True
test2.csv,confirmation_cohort_posthoc,PCA-SPE,0.005,70382,70398,16,True
test2.csv,confirmation_cohort_posthoc,PCA-SPE,0.01,7995,8083,88,True
test2.csv,confirmation_cohort_posthoc,PCA-SPE,0.01,18628,18712,84,True
test2.csv,confirmation_cohort_posthoc,PCA-SPE,0.01,21514,21635,121,True
test2.csv,confirmation_cohort_posthoc,PCA-SPE,0.01,33333,33421,88,True
test2.csv,confirmation_cohort_posthoc,PCA-SPE,0.01,41018,41133,115,True
test2.csv,confirmation_cohort_posthoc,PCA-SPE,0.01,69868,69913,45,True
test2.csv,confirmation_cohort_posthoc,PCA-SPE,0.01,69928,69931,3,True
test2.csv,confirmation_cohort_posthoc,PCA-SPE,0.01,69980,70081,101,True
test2.csv,confirmation_cohort_posthoc,PCA-SPE,0.01,70111,70208,97,True
test2.csv,confirmation_cohort_posthoc,PCA-SPE,0.01,70229,70242,13,True
test2.csv,confirmation_cohort_posthoc,PCA-SPE,0.01,70271,70400,129,True
test2.csv,confirmation_cohort_posthoc,PCA-SPE,0.02,7995,8083,88,True
test2.csv,confirmation_cohort_posthoc,PCA-SPE,0.02,18628,18712,84,True
test2.csv,confirmation_cohort_posthoc,PCA-SPE,0.02,21514,21635,121,True
test2.csv,confirmation_cohort_posthoc,PCA-SPE,0.02,33333,33422,89,True
test2.csv,confirmation_cohort_posthoc,PCA-SPE,0.02,41018,41133,115,True
test2.csv,confirmation_cohort_posthoc,PCA-SPE,0.02,69865,69922,57,True
test2.csv,confirmation_cohort_posthoc,PCA-SPE,0.02,69925,69940,15,True
test2.csv,confirmation_cohort_posthoc,PCA-SPE,0.02,69974,70405,431,True
test2.csv,confirmation_cohort_posthoc,GCAD-prediction_s10,0.005,5129,5208,79,False
test2.csv,confirmation_cohort_posthoc,GCAD-prediction_s10,0.005,27689,27763,74,True
test2.csv,confirmation_cohort_posthoc,GCAD-prediction_s10,0.005,41107,41168,61,False
test2.csv,confirmation_cohort_posthoc,GCAD-prediction_s10,0.005,48346,48394,48,False
test2.csv,confirmation_cohort_posthoc,GCAD-prediction_s10,0.005,55316,55380,64,True
test2.csv,confirmation_cohort_posthoc,GCAD-prediction_s10,0.005,57362,57424,62,False
test2.csv,confirmation_cohort_posthoc,GCAD-prediction_s10,0.005,64317,64395,78,False
test2.csv,confirmation_cohort_posthoc,GCAD-prediction_s10,0.005,67743,67804,61,False
test2.csv,confirmation_cohort_posthoc,GCAD-prediction_s10,0.005,69750,69812,62,True
test2.csv,confirmation_cohort_posthoc,GCAD-prediction_s10,0.005,78321,78384,63,False
test2.csv,confirmation_cohort_posthoc,GCAD-prediction_s10,0.01,4144,4207,63,False
test2.csv,confirmation_cohort_posthoc,GCAD-prediction_s10,0.01,5129,5209,80,False
test2.csv,confirmation_cohort_posthoc,GCAD-prediction_s10,0.01,27689,27763,74,True
test2.csv,confirmation_cohort_posthoc,GCAD-prediction_s10,0.01,41106,41169,63,False
test2.csv,confirmation_cohort_posthoc,GCAD-prediction_s10,0.01,46808,46871,63,False
test2.csv,confirmation_cohort_posthoc,GCAD-prediction_s10,0.01,48333,48409,76,False
test2.csv,confirmation_cohort_posthoc,GCAD-prediction_s10,0.01,55287,55380,93,True
test2.csv,confirmation_cohort_posthoc,GCAD-prediction_s10,0.01,57113,57176,63,False
test2.csv,confirmation_cohort_posthoc,GCAD-prediction_s10,0.01,57362,57424,62,False
test2.csv,confirmation_cohort_posthoc,GCAD-prediction_s10,0.01,64315,64395,80,False
test2.csv,confirmation_cohort_posthoc,GCAD-prediction_s10,0.01,67742,67805,63,False
test2.csv,confirmation_cohort_posthoc,GCAD-prediction_s10,0.01,69750,69813,63,True
test2.csv,confirmation_cohort_posthoc,GCAD-prediction_s10,0.01,77352,77413,61,False
test2.csv,confirmation_cohort_posthoc,GCAD-prediction_s10,0.01,78319,78384,65,False
test2.csv,confirmation_cohort_posthoc,GCAD-prediction_s10,0.02,776,777,1,False
test2.csv,confirmation_cohort_posthoc,GCAD-prediction_s10,0.02,793,795,2,False
test2.csv,confirmation_cohort_posthoc,GCAD-prediction_s10,0.02,799,801,2,False
test2.csv,confirmation_cohort_posthoc,GCAD-prediction_s10,0.02,2174,2224,50,False
test2.csv,confirmation_cohort_posthoc,GCAD-prediction_s10,0.02,3063,3065,2,False
test2.csv,confirmation_cohort_posthoc,GCAD-prediction_s10,0.02,3069,3080,11,False
test2.csv,confirmation_cohort_posthoc,GCAD-prediction_s10,0.02,4144,4207,63,False
test2.csv,confirmation_cohort_posthoc,GCAD-prediction_s10,0.02,4809,4814,5,False
test2.csv,confirmation_cohort_posthoc,GCAD-prediction_s10,0.02,4831,4832,1,False
test2.csv,confirmation_cohort_posthoc,GCAD-prediction_s10,0.02,4837,4838,1,False
test2.csv,confirmation_cohort_posthoc,GCAD-prediction_s10,0.02,5129,5209,80,False
test2.csv,confirmation_cohort_posthoc,GCAD-prediction_s10,0.02,6216,6265,49,False
test2.csv,confirmation_cohort_posthoc,GCAD-prediction_s10,0.02,6792,6816,24,False
test2.csv,confirmation_cohort_posthoc,GCAD-prediction_s10,0.02,6820,6821,1,False
test2.csv,confirmation_cohort_posthoc,GCAD-prediction_s10,0.02,7004,7006,2,False
test2.csv,confirmation_cohort_posthoc,GCAD-prediction_s10,0.02,7028,7062,34,False
test2.csv,confirmation_cohort_posthoc,GCAD-prediction_s10,0.02,8143,8303,160,False
test2.csv,confirmation_cohort_posthoc,GCAD-prediction_s10,0.02,8313,8314,1,False
test2.csv,confirmation_cohort_posthoc,GCAD-prediction_s10,0.02,8318,8360,42,False
test2.csv,confirmation_cohort_posthoc,GCAD-prediction_s10,0.02,8363,8364,1,False
test2.csv,confirmation_cohort_posthoc,GCAD-prediction_s10,0.02,8488,8496,8,False
test2.csv,confirmation_cohort_posthoc,GCAD-prediction_s10,0.02,8499,8507,8,False
test2.csv,confirmation_cohort_posthoc,GCAD-prediction_s10,0.02,9161,9162,1,False
test2.csv,confirmation_cohort_posthoc,GCAD-prediction_s10,0.02,13019,13020,1,False
test2.csv,confirmation_cohort_posthoc,GCAD-prediction_s10,0.02,13043,13044,1,False
test2.csv,confirmation_cohort_posthoc,GCAD-prediction_s10,0.02,14560,14561,1,False
test2.csv,confirmation_cohort_posthoc,GCAD-prediction_s10,0.02,14565,14571,6,False
test2.csv,confirmation_cohort_posthoc,GCAD-prediction_s10,0.02,14791,14792,1,False
test2.csv,confirmation_cohort_posthoc,GCAD-prediction_s10,0.02,14795,14796,1,False
test2.csv,confirmation_cohort_posthoc,GCAD-prediction_s10,0.02,14831,14834,3,False
test2.csv,confirmation_cohort_posthoc,GCAD-prediction_s10,0.02,14867,14878,11,False
test2.csv,confirmation_cohort_posthoc,GCAD-prediction_s10,0.02,14885,14888,3,False
test2.csv,confirmation_cohort_posthoc,GCAD-prediction_s10,0.02,15357,15361,4,False
test2.csv,confirmation_cohort_posthoc,GCAD-prediction_s10,0.02,15379,15386,7,False
test2.csv,confirmation_cohort_posthoc,GCAD-prediction_s10,0.02,16512,16610,98,False
test2.csv,confirmation_cohort_posthoc,GCAD-prediction_s10,0.02,20687,20698,11,False
test2.csv,confirmation_cohort_posthoc,GCAD-prediction_s10,0.02,20713,20715,2,False
test2.csv,confirmation_cohort_posthoc,GCAD-prediction_s10,0.02,20718,20721,3,False
test2.csv,confirmation_cohort_posthoc,GCAD-prediction_s10,0.02,20724,20726,2,False
test2.csv,confirmation_cohort_posthoc,GCAD-prediction_s10,0.02,20742,20743,1,False
test2.csv,confirmation_cohort_posthoc,GCAD-prediction_s10,0.02,20746,20748,2,False
test2.csv,confirmation_cohort_posthoc,GCAD-prediction_s10,0.02,20763,20890,127,False
test2.csv,confirmation_cohort_posthoc,GCAD-prediction_s10,0.02,21464,21465,1,False
test2.csv,confirmation_cohort_posthoc,GCAD-prediction_s10,0.02,25318,25319,1,False
test2.csv,confirmation_cohort_posthoc,GCAD-prediction_s10,0.02,25324,25332,8,False
test2.csv,confirmation_cohort_posthoc,GCAD-prediction_s10,0.02,25336,25340,4,False
test2.csv,confirmation_cohort_posthoc,GCAD-prediction_s10,0.02,25343,25344,1,False
test2.csv,confirmation_cohort_posthoc,GCAD-prediction_s10,0.02,26765,26799,34,False
test2.csv,confirmation_cohort_posthoc,GCAD-prediction_s10,0.02,26931,26932,1,False
test2.csv,confirmation_cohort_posthoc,GCAD-prediction_s10,0.02,26936,26946,10,False
test2.csv,confirmation_cohort_posthoc,GCAD-prediction_s10,0.02,27012,27053,41,False
test2.csv,confirmation_cohort_posthoc,GCAD-prediction_s10,0.02,27606,27608,2,False
test2.csv,confirmation_cohort_posthoc,GCAD-prediction_s10,0.02,27615,27763,148,True
test2.csv,confirmation_cohort_posthoc,GCAD-prediction_s10,0.02,28916,28917,1,False
test2.csv,confirmation_cohort_posthoc,GCAD-prediction_s10,0.02,30905,30992,87,False
test2.csv,confirmation_cohort_posthoc,GCAD-prediction_s10,0.02,30996,30998,2,False
test2.csv,confirmation_cohort_posthoc,GCAD-prediction_s10,0.02,31001,31004,3,False
test2.csv,confirmation_cohort_posthoc,GCAD-prediction_s10,0.02,32808,32810,2,False
test2.csv,confirmation_cohort_posthoc,GCAD-prediction_s10,0.02,32813,32816,3,False
test2.csv,confirmation_cohort_posthoc,GCAD-prediction_s10,0.02,32819,32843,24,False
test2.csv,confirmation_cohort_posthoc,GCAD-prediction_s10,0.02,32846,32864,18,False
test2.csv,confirmation_cohort_posthoc,GCAD-prediction_s10,0.02,32896,32897,1,False
test2.csv,confirmation_cohort_posthoc,GCAD-prediction_s10,0.02,32902,32903,1,False
test2.csv,confirmation_cohort_posthoc,GCAD-prediction_s10,0.02,32913,32914,1,False
test2.csv,confirmation_cohort_posthoc,GCAD-prediction_s10,0.02,32919,33010,91,False
test2.csv,confirmation_cohort_posthoc,GCAD-prediction_s10,0.02,33015,33022,7,False
test2.csv,confirmation_cohort_posthoc,GCAD-prediction_s10,0.02,34214,34276,62,False
test2.csv,confirmation_cohort_posthoc,GCAD-prediction_s10,0.02,36926,36976,50,False
test2.csv,confirmation_cohort_posthoc,GCAD-prediction_s10,0.02,38942,38943,1,False
test2.csv,confirmation_cohort_posthoc,GCAD-prediction_s10,0.02,38954,38977,23,False
test2.csv,confirmation_cohort_posthoc,GCAD-prediction_s10,0.02,39127,39129,2,False
test2.csv,confirmation_cohort_posthoc,GCAD-prediction_s10,0.02,39133,39140,7,False
test2.csv,confirmation_cohort_posthoc,GCAD-prediction_s10,0.02,39148,39149,1,False
test2.csv,confirmation_cohort_posthoc,GCAD-prediction_s10,0.02,39791,39796,5,False
test2.csv,confirmation_cohort_posthoc,GCAD-prediction_s10,0.02,39807,39808,1,False
test2.csv,confirmation_cohort_posthoc,GCAD-prediction_s10,0.02,39813,39819,6,False
test2.csv,confirmation_cohort_posthoc,GCAD-prediction_s10,0.02,41106,41169,63,False
test2.csv,confirmation_cohort_posthoc,GCAD-prediction_s10,0.02,43571,43573,2,False
test2.csv,confirmation_cohort_posthoc,GCAD-prediction_s10,0.02,43577,43579,2,False
test2.csv,confirmation_cohort_posthoc,GCAD-prediction_s10,0.02,43583,43586,3,False
test2.csv,confirmation_cohort_posthoc,GCAD-prediction_s10,0.02,43589,43591,2,False
test2.csv,confirmation_cohort_posthoc,GCAD-prediction_s10,0.02,43603,43604,1,False
test2.csv,confirmation_cohort_posthoc,GCAD-prediction_s10,0.02,43607,43609,2,False
test2.csv,confirmation_cohort_posthoc,GCAD-prediction_s10,0.02,43613,43615,2,False
test2.csv,confirmation_cohort_posthoc,GCAD-prediction_s10,0.02,44945,45104,159,False
test2.csv,confirmation_cohort_posthoc,GCAD-prediction_s10,0.02,45215,45216,1,False
test2.csv,confirmation_cohort_posthoc,GCAD-prediction_s10,0.02,45221,45237,16,False
test2.csv,confirmation_cohort_posthoc,GCAD-prediction_s10,0.02,45241,45259,18,False
test2.csv,confirmation_cohort_posthoc,GCAD-prediction_s10,0.02,46808,46871,63,False
test2.csv,confirmation_cohort_posthoc,GCAD-prediction_s10,0.02,47534,47557,23,False
test2.csv,confirmation_cohort_posthoc,GCAD-prediction_s10,0.02,47561,47568,7,False
test2.csv,confirmation_cohort_posthoc,GCAD-prediction_s10,0.02,47571,47575,4,False
test2.csv,confirmation_cohort_posthoc,GCAD-prediction_s10,0.02,47578,47579,1,False
test2.csv,confirmation_cohort_posthoc,GCAD-prediction_s10,0.02,47595,47601,6,False
test2.csv,confirmation_cohort_posthoc,GCAD-prediction_s10,0.02,48331,48409,78,False
test2.csv,confirmation_cohort_posthoc,GCAD-prediction_s10,0.02,50962,50963,1,False
test2.csv,confirmation_cohort_posthoc,GCAD-prediction_s10,0.02,50980,50993,13,False
test2.csv,confirmation_cohort_posthoc,GCAD-prediction_s10,0.02,50996,51005,9,False
test2.csv,confirmation_cohort_posthoc,GCAD-prediction_s10,0.02,51008,51134,126,False
test2.csv,confirmation_cohort_posthoc,GCAD-prediction_s10,0.02,51183,51188,5,False
test2.csv,confirmation_cohort_posthoc,GCAD-prediction_s10,0.02,51191,51194,3,False
test2.csv,confirmation_cohort_posthoc,GCAD-prediction_s10,0.02,51199,51449,250,False
test2.csv,confirmation_cohort_posthoc,GCAD-prediction_s10,0.02,51452,51454,2,False
test2.csv,confirmation_cohort_posthoc,GCAD-prediction_s10,0.02,51556,51658,102,False
test2.csv,confirmation_cohort_posthoc,GCAD-prediction_s10,0.02,51662,51748,86,False
test2.csv,confirmation_cohort_posthoc,GCAD-prediction_s10,0.02,55286,55380,94,True
test2.csv,confirmation_cohort_posthoc,GCAD-prediction_s10,0.02,56805,56808,3,False
test2.csv,confirmation_cohort_posthoc,GCAD-prediction_s10,0.02,56811,56814,3,False
test2.csv,confirmation_cohort_posthoc,GCAD-prediction_s10,0.02,56817,56862,45,False
test2.csv,confirmation_cohort_posthoc,GCAD-prediction_s10,0.02,56866,56867,1,False
test2.csv,confirmation_cohort_posthoc,GCAD-prediction_s10,0.02,56872,56873,1,False
test2.csv,confirmation_cohort_posthoc,GCAD-prediction_s10,0.02,56877,56880,3,False
test2.csv,confirmation_cohort_posthoc,GCAD-prediction_s10,0.02,56883,56884,1,False
test2.csv,confirmation_cohort_posthoc,GCAD-prediction_s10,0.02,56990,57076,86,False
test2.csv,confirmation_cohort_posthoc,GCAD-prediction_s10,0.02,57101,57176,75,False
test2.csv,confirmation_cohort_posthoc,GCAD-prediction_s10,0.02,57362,57424,62,False
test2.csv,confirmation_cohort_posthoc,GCAD-prediction_s10,0.02,60689,60705,16,False
test2.csv,confirmation_cohort_posthoc,GCAD-prediction_s10,0.02,60715,60716,1,False
test2.csv,confirmation_cohort_posthoc,GCAD-prediction_s10,0.02,60824,60825,1,False
test2.csv,confirmation_cohort_posthoc,GCAD-prediction_s10,0.02,60830,60855,25,False
test2.csv,confirmation_cohort_posthoc,GCAD-prediction_s10,0.02,60858,60859,1,False
test2.csv,confirmation_cohort_posthoc,GCAD-prediction_s10,0.02,60870,60876,6,False
test2.csv,confirmation_cohort_posthoc,GCAD-prediction_s10,0.02,60881,60882,1,False
test2.csv,confirmation_cohort_posthoc,GCAD-prediction_s10,0.02,61247,61249,2,False
test2.csv,confirmation_cohort_posthoc,GCAD-prediction_s10,0.02,62151,62212,61,False
test2.csv,confirmation_cohort_posthoc,GCAD-prediction_s10,0.02,64315,64395,80,False
test2.csv,confirmation_cohort_posthoc,GCAD-prediction_s10,0.02,66289,66291,2,False
test2.csv,confirmation_cohort_posthoc,GCAD-prediction_s10,0.02,66295,66297,2,False
test2.csv,confirmation_cohort_posthoc,GCAD-prediction_s10,0.02,66300,66357,57,False
test2.csv,confirmation_cohort_posthoc,GCAD-prediction_s10,0.02,66360,66362,2,False
test2.csv,confirmation_cohort_posthoc,GCAD-prediction_s10,0.02,66498,66500,2,False
test2.csv,confirmation_cohort_posthoc,GCAD-prediction_s10,0.02,66504,66556,52,False
test2.csv,confirmation_cohort_posthoc,GCAD-prediction_s10,0.02,66571,66578,7,False
test2.csv,confirmation_cohort_posthoc,GCAD-prediction_s10,0.02,66586,66600,14,False
test2.csv,confirmation_cohort_posthoc,GCAD-prediction_s10,0.02,66605,66606,1,False
test2.csv,confirmation_cohort_posthoc,GCAD-prediction_s10,0.02,66874,66877,3,False
test2.csv,confirmation_cohort_posthoc,GCAD-prediction_s10,0.02,66883,66886,3,False
test2.csv,confirmation_cohort_posthoc,GCAD-prediction_s10,0.02,67742,67805,63,False
test2.csv,confirmation_cohort_posthoc,GCAD-prediction_s10,0.02,69750,69813,63,True
test2.csv,confirmation_cohort_posthoc,GCAD-prediction_s10,0.02,70336,70478,142,True
test2.csv,confirmation_cohort_posthoc,GCAD-prediction_s10,0.02,70804,70827,23,False
test2.csv,confirmation_cohort_posthoc,GCAD-prediction_s10,0.02,72293,72350,57,False
test2.csv,confirmation_cohort_posthoc,GCAD-prediction_s10,0.02,76604,76638,34,False
test2.csv,confirmation_cohort_posthoc,GCAD-prediction_s10,0.02,77083,77147,64,False
test2.csv,confirmation_cohort_posthoc,GCAD-prediction_s10,0.02,77352,77414,62,False
test2.csv,confirmation_cohort_posthoc,GCAD-prediction_s10,0.02,78319,78384,65,False
test2.csv,confirmation_cohort_posthoc,GCAD-prediction_s10,0.02,82081,82167,86,False
test2.csv,confirmation_cohort_posthoc,GCAD-prediction_s10,0.02,82234,82235,1,False
test2.csv,confirmation_cohort_posthoc,GCAD-prediction_s10,0.02,82238,82291,53,False
test2.csv,confirmation_cohort_posthoc,GCAD-prediction_s10,0.02,82368,82369,1,False
test2.csv,confirmation_cohort_posthoc,GCAD-prediction_s10,0.02,82372,82380,8,False
test2.csv,confirmation_cohort_posthoc,GCAD-prediction_s10,0.02,82537,82538,1,False
test2.csv,confirmation_cohort_posthoc,GCAD-prediction_s10,0.02,82559,82566,7,False
test2.csv,confirmation_cohort_posthoc,GCAD-dependency_s10,0.005,5130,5209,79,False
test2.csv,confirmation_cohort_posthoc,GCAD-dependency_s10,0.005,27689,27763,74,True
test2.csv,confirmation_cohort_posthoc,GCAD-dependency_s10,0.005,48330,48409,79,False
test2.csv,confirmation_cohort_posthoc,GCAD-dependency_s10,0.005,55314,55379,65,True
test2.csv,confirmation_cohort_posthoc,GCAD-dependency_s10,0.005,64315,64395,80,False
test2.csv,confirmation_cohort_posthoc,GCAD-dependency_s10,0.01,4145,4204,59,False
test2.csv,confirmation_cohort_posthoc,GCAD-dependency_s10,0.01,5129,5209,80,False
test2.csv,confirmation_cohort_posthoc,GCAD-dependency_s10,0.01,27688,27764,76,True
test2.csv,confirmation_cohort_posthoc,GCAD-dependency_s10,0.01,41107,41169,62,False
test2.csv,confirmation_cohort_posthoc,GCAD-dependency_s10,0.01,48329,48409,80,False
test2.csv,confirmation_cohort_posthoc,GCAD-dependency_s10,0.01,55286,55380,94,True
test2.csv,confirmation_cohort_posthoc,GCAD-dependency_s10,0.01,64314,64395,81,False
test2.csv,confirmation_cohort_posthoc,GCAD-dependency_s10,0.01,67743,67804,61,False
test2.csv,confirmation_cohort_posthoc,GCAD-dependency_s10,0.01,69750,69813,63,True
test2.csv,confirmation_cohort_posthoc,GCAD-dependency_s10,0.01,73078,73128,50,True
test2.csv,confirmation_cohort_posthoc,GCAD-dependency_s10,0.01,74258,74286,28,False
test2.csv,confirmation_cohort_posthoc,GCAD-dependency_s10,0.01,74385,74436,51,False
test2.csv,confirmation_cohort_posthoc,GCAD-dependency_s10,0.01,77351,77414,63,False
test2.csv,confirmation_cohort_posthoc,GCAD-dependency_s10,0.01,78322,78381,59,False
test2.csv,confirmation_cohort_posthoc,GCAD-dependency_s10,0.02,4144,4207,63,False
test2.csv,confirmation_cohort_posthoc,GCAD-dependency_s10,0.02,5129,5209,80,False
test2.csv,confirmation_cohort_posthoc,GCAD-dependency_s10,0.02,16223,16225,2,True
test2.csv,confirmation_cohort_posthoc,GCAD-dependency_s10,0.02,27672,27765,93,True
test2.csv,confirmation_cohort_posthoc,GCAD-dependency_s10,0.02,34214,34275,61,False
test2.csv,confirmation_cohort_posthoc,GCAD-dependency_s10,0.02,41106,41169,63,False
test2.csv,confirmation_cohort_posthoc,GCAD-dependency_s10,0.02,46808,46870,62,False
test2.csv,confirmation_cohort_posthoc,GCAD-dependency_s10,0.02,48329,48409,80,False
test2.csv,confirmation_cohort_posthoc,GCAD-dependency_s10,0.02,55286,55380,94,True
test2.csv,confirmation_cohort_posthoc,GCAD-dependency_s10,0.02,57365,57424,59,False
test2.csv,confirmation_cohort_posthoc,GCAD-dependency_s10,0.02,64308,64396,88,False
test2.csv,confirmation_cohort_posthoc,GCAD-dependency_s10,0.02,66956,67034,78,True
test2.csv,confirmation_cohort_posthoc,GCAD-dependency_s10,0.02,67742,67805,63,False
test2.csv,confirmation_cohort_posthoc,GCAD-dependency_s10,0.02,69750,69813,63,True
test2.csv,confirmation_cohort_posthoc,GCAD-dependency_s10,0.02,70648,70684,36,False
test2.csv,confirmation_cohort_posthoc,GCAD-dependency_s10,0.02,71001,71029,28,False
test2.csv,confirmation_cohort_posthoc,GCAD-dependency_s10,0.02,73065,73145,80,True
test2.csv,confirmation_cohort_posthoc,GCAD-dependency_s10,0.02,74228,74349,121,False
test2.csv,confirmation_cohort_posthoc,GCAD-dependency_s10,0.02,74374,74447,73,False
test2.csv,confirmation_cohort_posthoc,GCAD-dependency_s10,0.02,74999,75011,12,False
test2.csv,confirmation_cohort_posthoc,GCAD-dependency_s10,0.02,76648,76712,64,False
test2.csv,confirmation_cohort_posthoc,GCAD-dependency_s10,0.02,76833,76920,87,False
test2.csv,confirmation_cohort_posthoc,GCAD-dependency_s10,0.02,77349,77414,65,False
test2.csv,confirmation_cohort_posthoc,GCAD-dependency_s10,0.02,78321,78384,63,False
test2.csv,confirmation_cohort_posthoc,GCAD-dependency_s10,0.02,81139,81181,42,True
test2.csv,confirmation_cohort_posthoc,GCAD-prediction_s11,0.005,57113,57168,55,False
test2.csv,confirmation_cohort_posthoc,GCAD-prediction_s11,0.005,57362,57427,65,False
test2.csv,confirmation_cohort_posthoc,GCAD-prediction_s11,0.01,2488,2567,79,True
test2.csv,confirmation_cohort_posthoc,GCAD-prediction_s11,0.01,9679,9741,62,False
test2.csv,confirmation_cohort_posthoc,GCAD-prediction_s11,0.01,27694,27763,69,True
test2.csv,confirmation_cohort_posthoc,GCAD-prediction_s11,0.01,35932,36010,78,False
test2.csv,confirmation_cohort_posthoc,GCAD-prediction_s11,0.01,41108,41171,63,False
test2.csv,confirmation_cohort_posthoc,GCAD-prediction_s11,0.01,46524,46586,62,False
test2.csv,confirmation_cohort_posthoc,GCAD-prediction_s11,0.01,48335,48402,67,False
test2.csv,confirmation_cohort_posthoc,GCAD-prediction_s11,0.01,55286,55348,62,True
test2.csv,confirmation_cohort_posthoc,GCAD-prediction_s11,0.01,57097,57176,79,False
test2.csv,confirmation_cohort_posthoc,GCAD-prediction_s11,0.01,57362,57427,65,False
test2.csv,confirmation_cohort_posthoc,GCAD-prediction_s11,0.01,60705,60750,45,False
test2.csv,confirmation_cohort_posthoc,GCAD-prediction_s11,0.01,64319,64395,76,False
test2.csv,confirmation_cohort_posthoc,GCAD-prediction_s11,0.01,66938,67041,103,True
test2.csv,confirmation_cohort_posthoc,GCAD-prediction_s11,0.01,69751,69815,64,True
test2.csv,confirmation_cohort_posthoc,GCAD-prediction_s11,0.01,77351,77413,62,False
test2.csv,confirmation_cohort_posthoc,GCAD-prediction_s11,0.01,78319,78395,76,False
test2.csv,confirmation_cohort_posthoc,GCAD-prediction_s11,0.02,185,245,60,False
test2.csv,confirmation_cohort_posthoc,GCAD-prediction_s11,0.02,2287,2347,60,True
test2.csv,confirmation_cohort_posthoc,GCAD-prediction_s11,0.02,2488,2567,79,True
test2.csv,confirmation_cohort_posthoc,GCAD-prediction_s11,0.02,6189,6247,58,False
test2.csv,confirmation_cohort_posthoc,GCAD-prediction_s11,0.02,9678,9741,63,False
test2.csv,confirmation_cohort_posthoc,GCAD-prediction_s11,0.02,10390,10450,60,False
test2.csv,confirmation_cohort_posthoc,GCAD-prediction_s11,0.02,12792,12850,58,False
test2.csv,confirmation_cohort_posthoc,GCAD-prediction_s11,0.02,14891,14951,60,False
test2.csv,confirmation_cohort_posthoc,GCAD-prediction_s11,0.02,18791,18851,60,False
test2.csv,confirmation_cohort_posthoc,GCAD-prediction_s11,0.02,20591,20651,60,False
test2.csv,confirmation_cohort_posthoc,GCAD-prediction_s11,0.02,22993,23052,59,False
test2.csv,confirmation_cohort_posthoc,GCAD-prediction_s11,0.02,24793,24853,60,False
test2.csv,confirmation_cohort_posthoc,GCAD-prediction_s11,0.02,26894,26955,61,False
test2.csv,confirmation_cohort_posthoc,GCAD-prediction_s11,0.02,27693,27763,70,True
test2.csv,confirmation_cohort_posthoc,GCAD-prediction_s11,0.02,28109,28156,47,False
test2.csv,confirmation_cohort_posthoc,GCAD-prediction_s11,0.02,28994,29054,60,False
test2.csv,confirmation_cohort_posthoc,GCAD-prediction_s11,0.02,31096,31156,60,False
test2.csv,confirmation_cohort_posthoc,GCAD-prediction_s11,0.02,32897,32955,58,False
test2.csv,confirmation_cohort_posthoc,GCAD-prediction_s11,0.02,33196,33258,62,False
test2.csv,confirmation_cohort_posthoc,GCAD-prediction_s11,0.02,34213,34275,62,False
test2.csv,confirmation_cohort_posthoc,GCAD-prediction_s11,0.02,34998,35056,58,False
test2.csv,confirmation_cohort_posthoc,GCAD-prediction_s11,0.02,35931,36010,79,False
test2.csv,confirmation_cohort_posthoc,GCAD-prediction_s11,0.02,37097,37157,60,False
test2.csv,confirmation_cohort_posthoc,GCAD-prediction_s11,0.02,38898,38958,60,False
test2.csv,confirmation_cohort_posthoc,GCAD-prediction_s11,0.02,39251,39272,21,False
test2.csv,confirmation_cohort_posthoc,GCAD-prediction_s11,0.02,41107,41171,64,False
test2.csv,confirmation_cohort_posthoc,GCAD-prediction_s11,0.02,43099,43160,61,False
test2.csv,confirmation_cohort_posthoc,GCAD-prediction_s11,0.02,46524,46587,63,False
test2.csv,confirmation_cohort_posthoc,GCAD-prediction_s11,0.02,47241,47301,60,False
test2.csv,confirmation_cohort_posthoc,GCAD-prediction_s11,0.02,48172,48201,29,False
test2.csv,confirmation_cohort_posthoc,GCAD-prediction_s11,0.02,48332,48406,74,False
test2.csv,confirmation_cohort_posthoc,GCAD-prediction_s11,0.02,50842,50902,60,False
test2.csv,confirmation_cohort_posthoc,GCAD-prediction_s11,0.02,51142,51202,60,False
test2.csv,confirmation_cohort_posthoc,GCAD-prediction_s11,0.02,55045,55106,61,False
test2.csv,confirmation_cohort_posthoc,GCAD-prediction_s11,0.02,55285,55348,63,True
test2.csv,confirmation_cohort_posthoc,GCAD-prediction_s11,0.02,56845,56905,60,False
test2.csv,confirmation_cohort_posthoc,GCAD-prediction_s11,0.02,57097,57176,79,False
test2.csv,confirmation_cohort_posthoc,GCAD-prediction_s11,0.02,57362,57427,65,False
test2.csv,confirmation_cohort_posthoc,GCAD-prediction_s11,0.02,58946,59004,58,False
test2.csv,confirmation_cohort_posthoc,GCAD-prediction_s11,0.02,60689,60756,67,False
test2.csv,confirmation_cohort_posthoc,GCAD-prediction_s11,0.02,62153,62213,60,False
test2.csv,confirmation_cohort_posthoc,GCAD-prediction_s11,0.02,62546,62606,60,False
test2.csv,confirmation_cohort_posthoc,GCAD-prediction_s11,0.02,62855,62908,53,False
test2.csv,confirmation_cohort_posthoc,GCAD-prediction_s11,0.02,64318,64407,89,False
test2.csv,confirmation_cohort_posthoc,GCAD-prediction_s11,0.02,66147,66207,60,False
test2.csv,confirmation_cohort_posthoc,GCAD-prediction_s11,0.02,66448,66535,87,False
test2.csv,confirmation_cohort_posthoc,GCAD-prediction_s11,0.02,66925,67055,130,True
test2.csv,confirmation_cohort_posthoc,GCAD-prediction_s11,0.02,68548,68608,60,False
test2.csv,confirmation_cohort_posthoc,GCAD-prediction_s11,0.02,69751,69815,64,True
test2.csv,confirmation_cohort_posthoc,GCAD-prediction_s11,0.02,70349,70409,60,True
test2.csv,confirmation_cohort_posthoc,GCAD-prediction_s11,0.02,72449,72508,59,False
test2.csv,confirmation_cohort_posthoc,GCAD-prediction_s11,0.02,74549,74609,60,False
test2.csv,confirmation_cohort_posthoc,GCAD-prediction_s11,0.02,74998,75052,54,False
test2.csv,confirmation_cohort_posthoc,GCAD-prediction_s11,0.02,76350,76410,60,False
test2.csv,confirmation_cohort_posthoc,GCAD-prediction_s11,0.02,77351,77413,62,False
test2.csv,confirmation_cohort_posthoc,GCAD-prediction_s11,0.02,78319,78396,77,False
test2.csv,confirmation_cohort_posthoc,GCAD-prediction_s11,0.02,78450,78512,62,False
test2.csv,confirmation_cohort_posthoc,GCAD-prediction_s11,0.02,80250,80312,62,False
test2.csv,confirmation_cohort_posthoc,GCAD-prediction_s11,0.02,82053,82115,62,False
test2.csv,confirmation_cohort_posthoc,GCAD-dependency_s11,0.005,27689,27763,74,True
test2.csv,confirmation_cohort_posthoc,GCAD-dependency_s11,0.005,34212,34275,63,False
test2.csv,confirmation_cohort_posthoc,GCAD-dependency_s11,0.005,41106,41171,65,False
test2.csv,confirmation_cohort_posthoc,GCAD-dependency_s11,0.005,48333,48405,72,False
test2.csv,confirmation_cohort_posthoc,GCAD-dependency_s11,0.005,55284,55349,65,True
test2.csv,confirmation_cohort_posthoc,GCAD-dependency_s11,0.005,57362,57427,65,False
test2.csv,confirmation_cohort_posthoc,GCAD-dependency_s11,0.005,62151,62215,64,False
test2.csv,confirmation_cohort_posthoc,GCAD-dependency_s11,0.005,64315,64395,80,False
test2.csv,confirmation_cohort_posthoc,GCAD-dependency_s11,0.005,69751,69815,64,True
test2.csv,confirmation_cohort_posthoc,GCAD-dependency_s11,0.005,77349,77413,64,False
test2.csv,confirmation_cohort_posthoc,GCAD-dependency_s11,0.01,5141,5197,56,False
test2.csv,confirmation_cohort_posthoc,GCAD-dependency_s11,0.01,27689,27764,75,True
test2.csv,confirmation_cohort_posthoc,GCAD-dependency_s11,0.01,34211,34276,65,False
test2.csv,confirmation_cohort_posthoc,GCAD-dependency_s11,0.01,41106,41171,65,False
test2.csv,confirmation_cohort_posthoc,GCAD-dependency_s11,0.01,48330,48408,78,False
test2.csv,confirmation_cohort_posthoc,GCAD-dependency_s11,0.01,55284,55349,65,True
test2.csv,confirmation_cohort_posthoc,GCAD-dependency_s11,0.01,57362,57427,65,False
test2.csv,confirmation_cohort_posthoc,GCAD-dependency_s11,0.01,62150,62215,65,False
test2.csv,confirmation_cohort_posthoc,GCAD-dependency_s11,0.01,64315,64395,80,False
test2.csv,confirmation_cohort_posthoc,GCAD-dependency_s11,0.01,69750,69815,65,True
test2.csv,confirmation_cohort_posthoc,GCAD-dependency_s11,0.01,73082,73127,45,True
test2.csv,confirmation_cohort_posthoc,GCAD-dependency_s11,0.01,74229,74290,61,False
test2.csv,confirmation_cohort_posthoc,GCAD-dependency_s11,0.01,74387,74435,48,False
test2.csv,confirmation_cohort_posthoc,GCAD-dependency_s11,0.01,74993,75048,55,False
test2.csv,confirmation_cohort_posthoc,GCAD-dependency_s11,0.01,77349,77414,65,False
test2.csv,confirmation_cohort_posthoc,GCAD-dependency_s11,0.02,2542,2550,8,False
test2.csv,confirmation_cohort_posthoc,GCAD-dependency_s11,0.02,5133,5206,73,False
test2.csv,confirmation_cohort_posthoc,GCAD-dependency_s11,0.02,27671,27765,94,True
test2.csv,confirmation_cohort_posthoc,GCAD-dependency_s11,0.02,34211,34276,65,False
test2.csv,confirmation_cohort_posthoc,GCAD-dependency_s11,0.02,35940,36009,69,False
test2.csv,confirmation_cohort_posthoc,GCAD-dependency_s11,0.02,41106,41171,65,False
test2.csv,confirmation_cohort_posthoc,GCAD-dependency_s11,0.02,46524,46586,62,False
test2.csv,confirmation_cohort_posthoc,GCAD-dependency_s11,0.02,48330,48408,78,False
test2.csv,confirmation_cohort_posthoc,GCAD-dependency_s11,0.02,55284,55349,65,True
test2.csv,confirmation_cohort_posthoc,GCAD-dependency_s11,0.02,57104,57174,70,False
test2.csv,confirmation_cohort_posthoc,GCAD-dependency_s11,0.02,57362,57427,65,False
test2.csv,confirmation_cohort_posthoc,GCAD-dependency_s11,0.02,62150,62215,65,False
test2.csv,confirmation_cohort_posthoc,GCAD-dependency_s11,0.02,64312,64397,85,False
test2.csv,confirmation_cohort_posthoc,GCAD-dependency_s11,0.02,66948,67024,76,True
test2.csv,confirmation_cohort_posthoc,GCAD-dependency_s11,0.02,69750,69815,65,True
test2.csv,confirmation_cohort_posthoc,GCAD-dependency_s11,0.02,70348,70391,43,True
test2.csv,confirmation_cohort_posthoc,GCAD-dependency_s11,0.02,70647,70710,63,False
test2.csv,confirmation_cohort_posthoc,GCAD-dependency_s11,0.02,70994,71054,60,False
test2.csv,confirmation_cohort_posthoc,GCAD-dependency_s11,0.02,72274,72324,50,False
test2.csv,confirmation_cohort_posthoc,GCAD-dependency_s11,0.02,73064,73148,84,True
test2.csv,confirmation_cohort_posthoc,GCAD-dependency_s11,0.02,74217,74353,136,False
test2.csv,confirmation_cohort_posthoc,GCAD-dependency_s11,0.02,74373,74449,76,False
test2.csv,confirmation_cohort_posthoc,GCAD-dependency_s11,0.02,74596,74609,13,False
test2.csv,confirmation_cohort_posthoc,GCAD-dependency_s11,0.02,74981,75060,79,False
test2.csv,confirmation_cohort_posthoc,GCAD-dependency_s11,0.02,75219,75222,3,False
test2.csv,confirmation_cohort_posthoc,GCAD-dependency_s11,0.02,75245,75262,17,False
test2.csv,confirmation_cohort_posthoc,GCAD-dependency_s11,0.02,76372,76393,21,False
test2.csv,confirmation_cohort_posthoc,GCAD-dependency_s11,0.02,76400,76402,2,False
test2.csv,confirmation_cohort_posthoc,GCAD-dependency_s11,0.02,76642,76713,71,False
test2.csv,confirmation_cohort_posthoc,GCAD-dependency_s11,0.02,76820,76945,125,False
test2.csv,confirmation_cohort_posthoc,GCAD-dependency_s11,0.02,76949,76954,5,False
test2.csv,confirmation_cohort_posthoc,GCAD-dependency_s11,0.02,77070,77113,43,False
test2.csv,confirmation_cohort_posthoc,GCAD-dependency_s11,0.02,77349,77414,65,False
test2.csv,confirmation_cohort_posthoc,GCAD-dependency_s11,0.02,78344,78381,37,False
test2.csv,confirmation_cohort_posthoc,GCAD-prediction_s12,0.005,4145,4207,62,False
test2.csv,confirmation_cohort_posthoc,GCAD-prediction_s12,0.005,27697,27760,63,True
test2.csv,confirmation_cohort_posthoc,GCAD-prediction_s12,0.005,46809,46871,62,False
test2.csv,confirmation_cohort_posthoc,GCAD-prediction_s12,0.005,57362,57427,65,False
test2.csv,confirmation_cohort_posthoc,GCAD-prediction_s12,0.005,64318,64385,67,False
test2.csv,confirmation_cohort_posthoc,GCAD-prediction_s12,0.005,67743,67805,62,False
test2.csv,confirmation_cohort_posthoc,GCAD-prediction_s12,0.005,78319,78384,65,False
test2.csv,confirmation_cohort_posthoc,GCAD-prediction_s12,0.01,4142,4207,65,False
test2.csv,confirmation_cohort_posthoc,GCAD-prediction_s12,0.01,27690,27761,71,True
test2.csv,confirmation_cohort_posthoc,GCAD-prediction_s12,0.01,34213,34274,61,False
test2.csv,confirmation_cohort_posthoc,GCAD-prediction_s12,0.01,41107,41169,62,False
test2.csv,confirmation_cohort_posthoc,GCAD-prediction_s12,0.01,46808,46871,63,False
test2.csv,confirmation_cohort_posthoc,GCAD-prediction_s12,0.01,48347,48395,48,False
test2.csv,confirmation_cohort_posthoc,GCAD-prediction_s12,0.01,55285,55348,63,True
test2.csv,confirmation_cohort_posthoc,GCAD-prediction_s12,0.01,57362,57427,65,False
test2.csv,confirmation_cohort_posthoc,GCAD-prediction_s12,0.01,64316,64392,76,False
test2.csv,confirmation_cohort_posthoc,GCAD-prediction_s12,0.01,67742,67806,64,False
test2.csv,confirmation_cohort_posthoc,GCAD-prediction_s12,0.01,77350,77412,62,False
test2.csv,confirmation_cohort_posthoc,GCAD-prediction_s12,0.01,78319,78384,65,False
test2.csv,confirmation_cohort_posthoc,GCAD-prediction_s12,0.02,4142,4207,65,False
test2.csv,confirmation_cohort_posthoc,GCAD-prediction_s12,0.02,5131,5193,62,False
test2.csv,confirmation_cohort_posthoc,GCAD-prediction_s12,0.02,5288,5346,58,False
test2.csv,confirmation_cohort_posthoc,GCAD-prediction_s12,0.02,14592,14650,58,False
test2.csv,confirmation_cohort_posthoc,GCAD-prediction_s12,0.02,20592,20650,58,False
test2.csv,confirmation_cohort_posthoc,GCAD-prediction_s12,0.02,27690,27762,72,True
test2.csv,confirmation_cohort_posthoc,GCAD-prediction_s12,0.02,31097,31155,58,False
test2.csv,confirmation_cohort_posthoc,GCAD-prediction_s12,0.02,34212,34275,63,False
test2.csv,confirmation_cohort_posthoc,GCAD-prediction_s12,0.02,41107,41169,62,False
test2.csv,confirmation_cohort_posthoc,GCAD-prediction_s12,0.02,46808,46872,64,False
test2.csv,confirmation_cohort_posthoc,GCAD-prediction_s12,0.02,48346,48408,62,False
test2.csv,confirmation_cohort_posthoc,GCAD-prediction_s12,0.02,54745,54804,59,False
test2.csv,confirmation_cohort_posthoc,GCAD-prediction_s12,0.02,55285,55378,93,True
test2.csv,confirmation_cohort_posthoc,GCAD-prediction_s12,0.02,57362,57427,65,False
test2.csv,confirmation_cohort_posthoc,GCAD-prediction_s12,0.02,64316,64392,76,False
test2.csv,confirmation_cohort_posthoc,GCAD-prediction_s12,0.02,67742,67806,64,False
test2.csv,confirmation_cohort_posthoc,GCAD-prediction_s12,0.02,69751,69813,62,True
test2.csv,confirmation_cohort_posthoc,GCAD-prediction_s12,0.02,74550,74608,58,False
test2.csv,confirmation_cohort_posthoc,GCAD-prediction_s12,0.02,77350,77413,63,False
test2.csv,confirmation_cohort_posthoc,GCAD-prediction_s12,0.02,78319,78384,65,False
test2.csv,confirmation_cohort_posthoc,GCAD-dependency_s12,0.005,4143,4207,64,False
test2.csv,confirmation_cohort_posthoc,GCAD-dependency_s12,0.005,27689,27763,74,True
test2.csv,confirmation_cohort_posthoc,GCAD-dependency_s12,0.005,57362,57427,65,False
test2.csv,confirmation_cohort_posthoc,GCAD-dependency_s12,0.005,64315,64394,79,False
test2.csv,confirmation_cohort_posthoc,GCAD-dependency_s12,0.005,67743,67806,63,False
test2.csv,confirmation_cohort_posthoc,GCAD-dependency_s12,0.01,4142,4207,65,False
test2.csv,confirmation_cohort_posthoc,GCAD-dependency_s12,0.01,27689,27764,75,True
test2.csv,confirmation_cohort_posthoc,GCAD-dependency_s12,0.01,46808,46872,64,False
test2.csv,confirmation_cohort_posthoc,GCAD-dependency_s12,0.01,48387,48391,4,False
test2.csv,confirmation_cohort_posthoc,GCAD-dependency_s12,0.01,55286,55378,92,True
test2.csv,confirmation_cohort_posthoc,GCAD-dependency_s12,0.01,57362,57427,65,False
test2.csv,confirmation_cohort_posthoc,GCAD-dependency_s12,0.01,64315,64397,82,False
test2.csv,confirmation_cohort_posthoc,GCAD-dependency_s12,0.01,67742,67807,65,False
test2.csv,confirmation_cohort_posthoc,GCAD-dependency_s12,0.01,73072,73129,57,True
test2.csv,confirmation_cohort_posthoc,GCAD-dependency_s12,0.01,74225,74291,66,False
test2.csv,confirmation_cohort_posthoc,GCAD-dependency_s12,0.01,74377,74437,60,False
test2.csv,confirmation_cohort_posthoc,GCAD-dependency_s12,0.01,78319,78384,65,False
test2.csv,confirmation_cohort_posthoc,GCAD-dependency_s12,0.02,4142,4207,65,False
test2.csv,confirmation_cohort_posthoc,GCAD-dependency_s12,0.02,5142,5192,50,False
test2.csv,confirmation_cohort_posthoc,GCAD-dependency_s12,0.02,11954,12004,50,False
test2.csv,confirmation_cohort_posthoc,GCAD-dependency_s12,0.02,16175,16237,62,True
test2.csv,confirmation_cohort_posthoc,GCAD-dependency_s12,0.02,27671,27765,94,True
test2.csv,confirmation_cohort_posthoc,GCAD-dependency_s12,0.02,34213,34274,61,False
test2.csv,confirmation_cohort_posthoc,GCAD-dependency_s12,0.02,41107,41169,62,False
test2.csv,confirmation_cohort_posthoc,GCAD-dependency_s12,0.02,46518,46579,61,False
test2.csv,confirmation_cohort_posthoc,GCAD-dependency_s12,0.02,46808,46872,64,False
test2.csv,confirmation_cohort_posthoc,GCAD-dependency_s12,0.02,48339,48408,69,False
test2.csv,confirmation_cohort_posthoc,GCAD-dependency_s12,0.02,49908,49963,55,False
test2.csv,confirmation_cohort_posthoc,GCAD-dependency_s12,0.02,55285,55379,94,True
test2.csv,confirmation_cohort_posthoc,GCAD-dependency_s12,0.02,57362,57427,65,False
test2.csv,confirmation_cohort_posthoc,GCAD-dependency_s12,0.02,64307,64397,90,False
test2.csv,confirmation_cohort_posthoc,GCAD-dependency_s12,0.02,66976,67008,32,True
test2.csv,confirmation_cohort_posthoc,GCAD-dependency_s12,0.02,67742,67807,65,False
test2.csv,confirmation_cohort_posthoc,GCAD-dependency_s12,0.02,69772,69813,41,True
test2.csv,confirmation_cohort_posthoc,GCAD-dependency_s12,0.02,70650,70664,14,False
test2.csv,confirmation_cohort_posthoc,GCAD-dependency_s12,0.02,70996,71055,59,False
test2.csv,confirmation_cohort_posthoc,GCAD-dependency_s12,0.02,72273,72326,53,False
test2.csv,confirmation_cohort_posthoc,GCAD-dependency_s12,0.02,73064,73148,84,True
test2.csv,confirmation_cohort_posthoc,GCAD-dependency_s12,0.02,74216,74353,137,False
test2.csv,confirmation_cohort_posthoc,GCAD-dependency_s12,0.02,74373,74449,76,False
test2.csv,confirmation_cohort_posthoc,GCAD-dependency_s12,0.02,74986,75052,66,False
test2.csv,confirmation_cohort_posthoc,GCAD-dependency_s12,0.02,76648,76711,63,False
test2.csv,confirmation_cohort_posthoc,GCAD-dependency_s12,0.02,76830,76923,93,False
test2.csv,confirmation_cohort_posthoc,GCAD-dependency_s12,0.02,77350,77412,62,False
test2.csv,confirmation_cohort_posthoc,GCAD-dependency_s12,0.02,78319,78384,65,False
test2.csv,confirmation_cohort_posthoc,GCAD-dependency_s12,0.02,81132,81189,57,True
test3.csv,confirmation_cohort_posthoc,Dr_Q3,0.005,9509,9584,75,True
test3.csv,confirmation_cohort_posthoc,Dr_Q3,0.005,9608,9623,15,True
test3.csv,confirmation_cohort_posthoc,Dr_Q3,0.005,35964,36031,67,True
test3.csv,confirmation_cohort_posthoc,Dr_Q3,0.005,58361,58422,61,True
test3.csv,confirmation_cohort_posthoc,Dr_Q3,0.01,9507,9586,79,True
test3.csv,confirmation_cohort_posthoc,Dr_Q3,0.01,9603,9640,37,True
test3.csv,confirmation_cohort_posthoc,Dr_Q3,0.01,28004,28011,7,False
test3.csv,confirmation_cohort_posthoc,Dr_Q3,0.01,35963,36032,69,True
test3.csv,confirmation_cohort_posthoc,Dr_Q3,0.01,58360,58422,62,True
test3.csv,confirmation_cohort_posthoc,Dr_Q3,0.02,4099,4109,10,False
test3.csv,confirmation_cohort_posthoc,Dr_Q3,0.02,9506,9590,84,True
test3.csv,confirmation_cohort_posthoc,Dr_Q3,0.02,9593,9648,55,True
test3.csv,confirmation_cohort_posthoc,Dr_Q3,0.02,9653,9654,1,True
test3.csv,confirmation_cohort_posthoc,Dr_Q3,0.02,9928,9930,2,False
test3.csv,confirmation_cohort_posthoc,Dr_Q3,0.02,9933,9967,34,False
test3.csv,confirmation_cohort_posthoc,Dr_Q3,0.02,9971,9981,10,False
test3.csv,confirmation_cohort_posthoc,Dr_Q3,0.02,10279,10292,13,False
test3.csv,confirmation_cohort_posthoc,Dr_Q3,0.02,15525,15527,2,False
test3.csv,confirmation_cohort_posthoc,Dr_Q3,0.02,18700,18727,27,False
test3.csv,confirmation_cohort_posthoc,Dr_Q3,0.02,25809,25819,10,False
test3.csv,confirmation_cohort_posthoc,Dr_Q3,0.02,27993,28018,25,False
test3.csv,confirmation_cohort_posthoc,Dr_Q3,0.02,35960,36033,73,True
test3.csv,confirmation_cohort_posthoc,Dr_Q3,0.02,58360,58423,63,True
test3.csv,confirmation_cohort_posthoc,PCA-SPE,0.005,20549,20633,84,True
test3.csv,confirmation_cohort_posthoc,PCA-SPE,0.005,28890,28973,83,True
test3.csv,confirmation_cohort_posthoc,PCA-SPE,0.005,58355,60382,2027,True
test3.csv,confirmation_cohort_posthoc,PCA-SPE,0.01,20548,20633,85,True
test3.csv,confirmation_cohort_posthoc,PCA-SPE,0.01,28890,28974,84,True
test3.csv,confirmation_cohort_posthoc,PCA-SPE,0.01,58354,60382,2028,True
test3.csv,confirmation_cohort_posthoc,PCA-SPE,0.02,20548,20633,85,True
test3.csv,confirmation_cohort_posthoc,PCA-SPE,0.02,28889,28974,85,True
test3.csv,confirmation_cohort_posthoc,PCA-SPE,0.02,58354,60383,2029,True
test3.csv,confirmation_cohort_posthoc,GCAD-prediction_s10,0.005,9445,9583,138,True
test3.csv,confirmation_cohort_posthoc,GCAD-prediction_s10,0.005,35867,36050,183,True
test3.csv,confirmation_cohort_posthoc,GCAD-prediction_s10,0.005,42770,42850,80,False
test3.csv,confirmation_cohort_posthoc,GCAD-prediction_s10,0.005,47622,47727,105,True
test3.csv,confirmation_cohort_posthoc,GCAD-prediction_s10,0.005,49668,49748,80,False
test3.csv,confirmation_cohort_posthoc,GCAD-prediction_s10,0.005,52033,52095,62,False
test3.csv,confirmation_cohort_posthoc,GCAD-prediction_s10,0.01,9445,9583,138,True
test3.csv,confirmation_cohort_posthoc,GCAD-prediction_s10,0.01,35867,36050,183,True
test3.csv,confirmation_cohort_posthoc,GCAD-prediction_s10,0.01,40815,40877,62,False
test3.csv,confirmation_cohort_posthoc,GCAD-prediction_s10,0.01,42770,42850,80,False
test3.csv,confirmation_cohort_posthoc,GCAD-prediction_s10,0.01,43256,43319,63,False
test3.csv,confirmation_cohort_posthoc,GCAD-prediction_s10,0.01,47621,47727,106,True
test3.csv,confirmation_cohort_posthoc,GCAD-prediction_s10,0.01,49668,49748,80,False
test3.csv,confirmation_cohort_posthoc,GCAD-prediction_s10,0.01,52032,52095,63,False
test3.csv,confirmation_cohort_posthoc,GCAD-prediction_s10,0.02,1110,1111,1,False
test3.csv,confirmation_cohort_posthoc,GCAD-prediction_s10,0.02,1116,1117,1,False
test3.csv,confirmation_cohort_posthoc,GCAD-prediction_s10,0.02,1301,1322,21,False
test3.csv,confirmation_cohort_posthoc,GCAD-prediction_s10,0.02,1325,1326,1,False
test3.csv,confirmation_cohort_posthoc,GCAD-prediction_s10,0.02,1336,1361,25,False
test3.csv,confirmation_cohort_posthoc,GCAD-prediction_s10,0.02,1369,1402,33,False
test3.csv,confirmation_cohort_posthoc,GCAD-prediction_s10,0.02,1419,1420,1,False
test3.csv,confirmation_cohort_posthoc,GCAD-prediction_s10,0.02,1424,1431,7,False
test3.csv,confirmation_cohort_posthoc,GCAD-prediction_s10,0.02,1633,1634,1,False
test3.csv,confirmation_cohort_posthoc,GCAD-prediction_s10,0.02,1644,1645,1,False
test3.csv,confirmation_cohort_posthoc,GCAD-prediction_s10,0.02,1758,1776,18,False
test3.csv,confirmation_cohort_posthoc,GCAD-prediction_s10,0.02,1780,1788,8,False
test3.csv,confirmation_cohort_posthoc,GCAD-prediction_s10,0.02,1792,1794,2,False
test3.csv,confirmation_cohort_posthoc,GCAD-prediction_s10,0.02,5112,5115,3,False
test3.csv,confirmation_cohort_posthoc,GCAD-prediction_s10,0.02,5147,5213,66,False
test3.csv,confirmation_cohort_posthoc,GCAD-prediction_s10,0.02,5217,5219,2,False
test3.csv,confirmation_cohort_posthoc,GCAD-prediction_s10,0.02,5224,5225,1,False
test3.csv,confirmation_cohort_posthoc,GCAD-prediction_s10,0.02,5230,5233,3,False
test3.csv,confirmation_cohort_posthoc,GCAD-prediction_s10,0.02,5242,5245,3,False
test3.csv,confirmation_cohort_posthoc,GCAD-prediction_s10,0.02,5248,5249,1,False
test3.csv,confirmation_cohort_posthoc,GCAD-prediction_s10,0.02,5254,5261,7,False
test3.csv,confirmation_cohort_posthoc,GCAD-prediction_s10,0.02,5266,5358,92,False
test3.csv,confirmation_cohort_posthoc,GCAD-prediction_s10,0.02,5361,5366,5,False
test3.csv,confirmation_cohort_posthoc,GCAD-prediction_s10,0.02,5369,5383,14,False
test3.csv,confirmation_cohort_posthoc,GCAD-prediction_s10,0.02,6940,7009,69,False
test3.csv,confirmation_cohort_posthoc,GCAD-prediction_s10,0.02,7088,7096,8,False
test3.csv,confirmation_cohort_posthoc,GCAD-prediction_s10,0.02,7116,7125,9,False
test3.csv,confirmation_cohort_posthoc,GCAD-prediction_s10,0.02,7128,7130,2,False
test3.csv,confirmation_cohort_posthoc,GCAD-prediction_s10,0.02,7198,7320,122,False
test3.csv,confirmation_cohort_posthoc,GCAD-prediction_s10,0.02,7325,7326,1,False
test3.csv,confirmation_cohort_posthoc,GCAD-prediction_s10,0.02,7329,7358,29,False
test3.csv,confirmation_cohort_posthoc,GCAD-prediction_s10,0.02,7361,7363,2,False
test3.csv,confirmation_cohort_posthoc,GCAD-prediction_s10,0.02,7631,7632,1,False
test3.csv,confirmation_cohort_posthoc,GCAD-prediction_s10,0.02,7637,7704,67,False
test3.csv,confirmation_cohort_posthoc,GCAD-prediction_s10,0.02,7714,7751,37,False
test3.csv,confirmation_cohort_posthoc,GCAD-prediction_s10,0.02,7761,7763,2,False
test3.csv,confirmation_cohort_posthoc,GCAD-prediction_s10,0.02,7767,7768,1,False
test3.csv,confirmation_cohort_posthoc,GCAD-prediction_s10,0.02,9445,9583,138,True
test3.csv,confirmation_cohort_posthoc,GCAD-prediction_s10,0.02,12948,12983,35,False
test3.csv,confirmation_cohort_posthoc,GCAD-prediction_s10,0.02,12993,13005,12,False
test3.csv,confirmation_cohort_posthoc,GCAD-prediction_s10,0.02,13009,13016,7,False
test3.csv,confirmation_cohort_posthoc,GCAD-prediction_s10,0.02,13020,13022,2,False
test3.csv,confirmation_cohort_posthoc,GCAD-prediction_s10,0.02,13027,13028,1,False
test3.csv,confirmation_cohort_posthoc,GCAD-prediction_s10,0.02,13082,13083,1,False
test3.csv,confirmation_cohort_posthoc,GCAD-prediction_s10,0.02,13087,13161,74,False
test3.csv,confirmation_cohort_posthoc,GCAD-prediction_s10,0.02,13164,13177,13,False
test3.csv,confirmation_cohort_posthoc,GCAD-prediction_s10,0.02,13181,13182,1,False
test3.csv,confirmation_cohort_posthoc,GCAD-prediction_s10,0.02,13186,13188,2,False
test3.csv,confirmation_cohort_posthoc,GCAD-prediction_s10,0.02,13192,13194,2,False
test3.csv,confirmation_cohort_posthoc,GCAD-prediction_s10,0.02,13197,13215,18,False
test3.csv,confirmation_cohort_posthoc,GCAD-prediction_s10,0.02,13220,13221,1,False
test3.csv,confirmation_cohort_posthoc,GCAD-prediction_s10,0.02,13225,13226,1,False
test3.csv,confirmation_cohort_posthoc,GCAD-prediction_s10,0.02,13407,13414,7,False
test3.csv,confirmation_cohort_posthoc,GCAD-prediction_s10,0.02,13690,13692,2,False
test3.csv,confirmation_cohort_posthoc,GCAD-prediction_s10,0.02,13700,13721,21,False
test3.csv,confirmation_cohort_posthoc,GCAD-prediction_s10,0.02,13726,13728,2,False
test3.csv,confirmation_cohort_posthoc,GCAD-prediction_s10,0.02,17226,17227,1,False
test3.csv,confirmation_cohort_posthoc,GCAD-prediction_s10,0.02,17238,17239,1,False
test3.csv,confirmation_cohort_posthoc,GCAD-prediction_s10,0.02,17243,17253,10,False
test3.csv,confirmation_cohort_posthoc,GCAD-prediction_s10,0.02,17256,17363,107,False
test3.csv,confirmation_cohort_posthoc,GCAD-prediction_s10,0.02,17366,17367,1,False
test3.csv,confirmation_cohort_posthoc,GCAD-prediction_s10,0.02,17625,17627,2,False
test3.csv,confirmation_cohort_posthoc,GCAD-prediction_s10,0.02,17852,17858,6,False
test3.csv,confirmation_cohort_posthoc,GCAD-prediction_s10,0.02,17872,17875,3,False
test3.csv,confirmation_cohort_posthoc,GCAD-prediction_s10,0.02,17879,17906,27,False
test3.csv,confirmation_cohort_posthoc,GCAD-prediction_s10,0.02,17912,17914,2,False
test3.csv,confirmation_cohort_posthoc,GCAD-prediction_s10,0.02,23039,23153,114,False
test3.csv,confirmation_cohort_posthoc,GCAD-prediction_s10,0.02,23248,23251,3,False
test3.csv,confirmation_cohort_posthoc,GCAD-prediction_s10,0.02,23254,23317,63,False
test3.csv,confirmation_cohort_posthoc,GCAD-prediction_s10,0.02,23523,23534,11,False
test3.csv,confirmation_cohort_posthoc,GCAD-prediction_s10,0.02,23542,23553,11,False
test3.csv,confirmation_cohort_posthoc,GCAD-prediction_s10,0.02,23561,23564,3,False
test3.csv,confirmation_cohort_posthoc,GCAD-prediction_s10,0.02,23567,23570,3,False
test3.csv,confirmation_cohort_posthoc,GCAD-prediction_s10,0.02,23573,23574,1,False
test3.csv,confirmation_cohort_posthoc,GCAD-prediction_s10,0.02,27302,27303,1,False
test3.csv,confirmation_cohort_posthoc,GCAD-prediction_s10,0.02,27314,27315,1,False
test3.csv,confirmation_cohort_posthoc,GCAD-prediction_s10,0.02,27333,27334,1,False
test3.csv,confirmation_cohort_posthoc,GCAD-prediction_s10,0.02,27478,27498,20,False
test3.csv,confirmation_cohort_posthoc,GCAD-prediction_s10,0.02,27501,27521,20,False
test3.csv,confirmation_cohort_posthoc,GCAD-prediction_s10,0.02,27525,27536,11,False
test3.csv,confirmation_cohort_posthoc,GCAD-prediction_s10,0.02,27548,27556,8,False
test3.csv,confirmation_cohort_posthoc,GCAD-prediction_s10,0.02,27750,27751,1,False
test3.csv,confirmation_cohort_posthoc,GCAD-prediction_s10,0.02,27754,27833,79,False
test3.csv,confirmation_cohort_posthoc,GCAD-prediction_s10,0.02,27908,27931,23,False
test3.csv,confirmation_cohort_posthoc,GCAD-prediction_s10,0.02,27938,27939,1,False
test3.csv,confirmation_cohort_posthoc,GCAD-prediction_s10,0.02,28046,28049,3,False
test3.csv,confirmation_cohort_posthoc,GCAD-prediction_s10,0.02,28052,28055,3,False
test3.csv,confirmation_cohort_posthoc,GCAD-prediction_s10,0.02,28058,28078,20,False
test3.csv,confirmation_cohort_posthoc,GCAD-prediction_s10,0.02,28082,28096,14,False
test3.csv,confirmation_cohort_posthoc,GCAD-prediction_s10,0.02,28101,28102,1,False
test3.csv,confirmation_cohort_posthoc,GCAD-prediction_s10,0.02,29437,29440,3,False
test3.csv,confirmation_cohort_posthoc,GCAD-prediction_s10,0.02,29443,29444,1,False
test3.csv,confirmation_cohort_posthoc,GCAD-prediction_s10,0.02,31326,31332,6,False
test3.csv,confirmation_cohort_posthoc,GCAD-prediction_s10,0.02,31338,31346,8,False
test3.csv,confirmation_cohort_posthoc,GCAD-prediction_s10,0.02,31382,31383,1,False
test3.csv,confirmation_cohort_posthoc,GCAD-prediction_s10,0.02,31470,31472,2,False
test3.csv,confirmation_cohort_posthoc,GCAD-prediction_s10,0.02,31475,31515,40,False
test3.csv,confirmation_cohort_posthoc,GCAD-prediction_s10,0.02,31519,31520,1,False
test3.csv,confirmation_cohort_posthoc,GCAD-prediction_s10,0.02,35867,36050,183,True
test3.csv,confirmation_cohort_posthoc,GCAD-prediction_s10,0.02,37448,37488,40,False
test3.csv,confirmation_cohort_posthoc,GCAD-prediction_s10,0.02,37492,37493,1,False
test3.csv,confirmation_cohort_posthoc,GCAD-prediction_s10,0.02,37786,37787,1,False
test3.csv,confirmation_cohort_posthoc,GCAD-prediction_s10,0.02,37791,37793,2,False
test3.csv,confirmation_cohort_posthoc,GCAD-prediction_s10,0.02,37797,37811,14,False
test3.csv,confirmation_cohort_posthoc,GCAD-prediction_s10,0.02,37979,37980,1,False
test3.csv,confirmation_cohort_posthoc,GCAD-prediction_s10,0.02,37988,37990,2,False
test3.csv,confirmation_cohort_posthoc,GCAD-prediction_s10,0.02,38084,38107,23,False
test3.csv,confirmation_cohort_posthoc,GCAD-prediction_s10,0.02,40814,40877,63,False
test3.csv,confirmation_cohort_posthoc,GCAD-prediction_s10,0.02,41546,41609,63,False
test3.csv,confirmation_cohort_posthoc,GCAD-prediction_s10,0.02,42770,42850,80,False
test3.csv,confirmation_cohort_posthoc,GCAD-prediction_s10,0.02,43256,43319,63,False
test3.csv,confirmation_cohort_posthoc,GCAD-prediction_s10,0.02,43436,43481,45,False
test3.csv,confirmation_cohort_posthoc,GCAD-prediction_s10,0.02,43486,43491,5,False
test3.csv,confirmation_cohort_posthoc,GCAD-prediction_s10,0.02,43494,43497,3,False
test3.csv,confirmation_cohort_posthoc,GCAD-prediction_s10,0.02,43648,43710,62,False
test3.csv,confirmation_cohort_posthoc,GCAD-prediction_s10,0.02,47621,47727,106,True
test3.csv,confirmation_cohort_posthoc,GCAD-prediction_s10,0.02,49179,49184,5,False
test3.csv,confirmation_cohort_posthoc,GCAD-prediction_s10,0.02,49188,49195,7,False
test3.csv,confirmation_cohort_posthoc,GCAD-prediction_s10,0.02,49205,49206,1,False
test3.csv,confirmation_cohort_posthoc,GCAD-prediction_s10,0.02,49217,49219,2,False
test3.csv,confirmation_cohort_posthoc,GCAD-prediction_s10,0.02,49222,49241,19,False
test3.csv,confirmation_cohort_posthoc,GCAD-prediction_s10,0.02,49264,49267,3,False
test3.csv,confirmation_cohort_posthoc,GCAD-prediction_s10,0.02,49308,49350,42,False
test3.csv,confirmation_cohort_posthoc,GCAD-prediction_s10,0.02,49353,49356,3,False
test3.csv,confirmation_cohort_posthoc,GCAD-prediction_s10,0.02,49359,49367,8,False
test3.csv,confirmation_cohort_posthoc,GCAD-prediction_s10,0.02,49506,49508,2,False
test3.csv,confirmation_cohort_posthoc,GCAD-prediction_s10,0.02,49512,49601,89,False
test3.csv,confirmation_cohort_posthoc,GCAD-prediction_s10,0.02,49668,49831,163,False
test3.csv,confirmation_cohort_posthoc,GCAD-prediction_s10,0.02,49835,49836,1,False
test3.csv,confirmation_cohort_posthoc,GCAD-prediction_s10,0.02,49840,49842,2,False
test3.csv,confirmation_cohort_posthoc,GCAD-prediction_s10,0.02,49846,49847,1,False
test3.csv,confirmation_cohort_posthoc,GCAD-prediction_s10,0.02,49863,49864,1,False
test3.csv,confirmation_cohort_posthoc,GCAD-prediction_s10,0.02,50032,50086,54,False
test3.csv,confirmation_cohort_posthoc,GCAD-prediction_s10,0.02,50090,50092,2,False
test3.csv,confirmation_cohort_posthoc,GCAD-prediction_s10,0.02,52031,52095,64,False
test3.csv,confirmation_cohort_posthoc,GCAD-prediction_s10,0.02,53194,53195,1,False
test3.csv,confirmation_cohort_posthoc,GCAD-prediction_s10,0.02,55029,55030,1,False
test3.csv,confirmation_cohort_posthoc,GCAD-prediction_s10,0.02,55044,55045,1,False
test3.csv,confirmation_cohort_posthoc,GCAD-prediction_s10,0.02,55048,55050,2,False
test3.csv,confirmation_cohort_posthoc,GCAD-prediction_s10,0.02,55060,55068,8,False
test3.csv,confirmation_cohort_posthoc,GCAD-prediction_s10,0.02,55071,55136,65,False
test3.csv,confirmation_cohort_posthoc,GCAD-prediction_s10,0.02,55165,55206,41,False
test3.csv,confirmation_cohort_posthoc,GCAD-prediction_s10,0.02,55209,55210,1,False
test3.csv,confirmation_cohort_posthoc,GCAD-prediction_s10,0.02,55382,55392,10,False
test3.csv,confirmation_cohort_posthoc,GCAD-prediction_s10,0.02,55966,55969,3,False
test3.csv,confirmation_cohort_posthoc,GCAD-prediction_s10,0.02,55972,55993,21,False
test3.csv,confirmation_cohort_posthoc,GCAD-prediction_s10,0.02,57167,57179,12,False
test3.csv,confirmation_cohort_posthoc,GCAD-prediction_s10,0.02,57188,57190,2,False
test3.csv,confirmation_cohort_posthoc,GCAD-prediction_s10,0.02,61392,61398,6,False
test3.csv,confirmation_cohort_posthoc,GCAD-dependency_s10,0.005,9445,9583,138,True
test3.csv,confirmation_cohort_posthoc,GCAD-dependency_s10,0.005,30611,30642,31,True
test3.csv,confirmation_cohort_posthoc,GCAD-dependency_s10,0.005,35867,36050,183,True
test3.csv,confirmation_cohort_posthoc,GCAD-dependency_s10,0.005,42770,42850,80,False
test3.csv,confirmation_cohort_posthoc,GCAD-dependency_s10,0.005,47621,47727,106,True
test3.csv,confirmation_cohort_posthoc,GCAD-dependency_s10,0.005,49668,49748,80,False
test3.csv,confirmation_cohort_posthoc,GCAD-dependency_s10,0.01,2547,2582,35,True
test3.csv,confirmation_cohort_posthoc,GCAD-dependency_s10,0.01,9445,9699,254,True
test3.csv,confirmation_cohort_posthoc,GCAD-dependency_s10,0.01,30562,30684,122,True
test3.csv,confirmation_cohort_posthoc,GCAD-dependency_s10,0.01,35867,36164,297,True
test3.csv,confirmation_cohort_posthoc,GCAD-dependency_s10,0.01,40815,40875,60,False
test3.csv,confirmation_cohort_posthoc,GCAD-dependency_s10,0.01,42770,42850,80,False
test3.csv,confirmation_cohort_posthoc,GCAD-dependency_s10,0.01,47621,47727,106,True
test3.csv,confirmation_cohort_posthoc,GCAD-dependency_s10,0.01,49668,49748,80,False
test3.csv,confirmation_cohort_posthoc,GCAD-dependency_s10,0.01,52033,52095,62,False
test3.csv,confirmation_cohort_posthoc,GCAD-dependency_s10,0.02,2519,2612,93,True
test3.csv,confirmation_cohort_posthoc,GCAD-dependency_s10,0.02,7991,8054,63,False
test3.csv,confirmation_cohort_posthoc,GCAD-dependency_s10,0.02,9433,9753,320,True
test3.csv,confirmation_cohort_posthoc,GCAD-dependency_s10,0.02,20590,20663,73,True
test3.csv,confirmation_cohort_posthoc,GCAD-dependency_s10,0.02,26423,26489,66,False
test3.csv,confirmation_cohort_posthoc,GCAD-dependency_s10,0.02,30556,30696,140,True
test3.csv,confirmation_cohort_posthoc,GCAD-dependency_s10,0.02,35867,36207,340,True
test3.csv,confirmation_cohort_posthoc,GCAD-dependency_s10,0.02,40814,40877,63,False
test3.csv,confirmation_cohort_posthoc,GCAD-dependency_s10,0.02,42770,42850,80,False
test3.csv,confirmation_cohort_posthoc,GCAD-dependency_s10,0.02,43257,43319,62,False
test3.csv,confirmation_cohort_posthoc,GCAD-dependency_s10,0.02,47621,47727,106,True
test3.csv,confirmation_cohort_posthoc,GCAD-dependency_s10,0.02,49668,49748,80,False
test3.csv,confirmation_cohort_posthoc,GCAD-dependency_s10,0.02,52032,52095,63,False
test3.csv,confirmation_cohort_posthoc,GCAD-prediction_s11,0.005,9480,9569,89,True
test3.csv,confirmation_cohort_posthoc,GCAD-prediction_s11,0.005,15359,15421,62,False
test3.csv,confirmation_cohort_posthoc,GCAD-prediction_s11,0.005,35940,36031,91,True
test3.csv,confirmation_cohort_posthoc,GCAD-prediction_s11,0.005,42771,42833,62,False
test3.csv,confirmation_cohort_posthoc,GCAD-prediction_s11,0.005,47630,47713,83,True
test3.csv,confirmation_cohort_posthoc,GCAD-prediction_s11,0.005,49675,49734,59,False
test3.csv,confirmation_cohort_posthoc,GCAD-prediction_s11,0.01,2816,2879,63,True
test3.csv,confirmation_cohort_posthoc,GCAD-prediction_s11,0.01,4339,4401,62,False
test3.csv,confirmation_cohort_posthoc,GCAD-prediction_s11,0.01,7061,7121,60,False
test3.csv,confirmation_cohort_posthoc,GCAD-prediction_s11,0.01,7256,7320,64,False
test3.csv,confirmation_cohort_posthoc,GCAD-prediction_s11,0.01,9451,9581,130,True
test3.csv,confirmation_cohort_posthoc,GCAD-prediction_s11,0.01,15358,15437,79,False
test3.csv,confirmation_cohort_posthoc,GCAD-prediction_s11,0.01,30572,30663,91,True
test3.csv,confirmation_cohort_posthoc,GCAD-prediction_s11,0.01,35869,36049,180,True
test3.csv,confirmation_cohort_posthoc,GCAD-prediction_s11,0.01,41135,41196,61,False
test3.csv,confirmation_cohort_posthoc,GCAD-prediction_s11,0.01,42770,42835,65,False
test3.csv,confirmation_cohort_posthoc,GCAD-prediction_s11,0.01,43258,43320,62,False
test3.csv,confirmation_cohort_posthoc,GCAD-prediction_s11,0.01,47627,47726,99,True
test3.csv,confirmation_cohort_posthoc,GCAD-prediction_s11,0.01,49669,49745,76,False
test3.csv,confirmation_cohort_posthoc,GCAD-prediction_s11,0.01,51886,51948,62,False
test3.csv,confirmation_cohort_posthoc,GCAD-prediction_s11,0.01,52031,52095,64,False
test3.csv,confirmation_cohort_posthoc,GCAD-prediction_s11,0.01,55554,55565,11,False
test3.csv,confirmation_cohort_posthoc,GCAD-prediction_s11,0.02,1058,1117,59,False
test3.csv,confirmation_cohort_posthoc,GCAD-prediction_s11,0.02,2816,2879,63,True
test3.csv,confirmation_cohort_posthoc,GCAD-prediction_s11,0.02,3160,3220,60,False
test3.csv,confirmation_cohort_posthoc,GCAD-prediction_s11,0.02,3488,3516,28,False
test3.csv,confirmation_cohort_posthoc,GCAD-prediction_s11,0.02,4324,4402,78,False
test3.csv,confirmation_cohort_posthoc,GCAD-prediction_s11,0.02,5259,5320,61,False
test3.csv,confirmation_cohort_posthoc,GCAD-prediction_s11,0.02,7060,7123,63,False
test3.csv,confirmation_cohort_posthoc,GCAD-prediction_s11,0.02,7255,7320,65,False
test3.csv,confirmation_cohort_posthoc,GCAD-prediction_s11,0.02,9161,9221,60,False
test3.csv,confirmation_cohort_posthoc,GCAD-prediction_s11,0.02,9450,9582,132,True
test3.csv,confirmation_cohort_posthoc,GCAD-prediction_s11,0.02,10961,11022,61,False
test3.csv,confirmation_cohort_posthoc,GCAD-prediction_s11,0.02,13063,13123,60,False
test3.csv,confirmation_cohort_posthoc,GCAD-prediction_s11,0.02,15165,15224,59,False
test3.csv,confirmation_cohort_posthoc,GCAD-prediction_s11,0.02,15358,15437,79,False
test3.csv,confirmation_cohort_posthoc,GCAD-prediction_s11,0.02,16966,17024,58,False
test3.csv,confirmation_cohort_posthoc,GCAD-prediction_s11,0.02,17267,17325,58,False
test3.csv,confirmation_cohort_posthoc,GCAD-prediction_s11,0.02,17358,17382,24,False
test3.csv,confirmation_cohort_posthoc,GCAD-prediction_s11,0.02,19066,19126,60,False
test3.csv,confirmation_cohort_posthoc,GCAD-prediction_s11,0.02,19366,19426,60,False
test3.csv,confirmation_cohort_posthoc,GCAD-prediction_s11,0.02,21167,21227,60,False
test3.csv,confirmation_cohort_posthoc,GCAD-prediction_s11,0.02,22967,23029,62,False
test3.csv,confirmation_cohort_posthoc,GCAD-prediction_s11,0.02,23347,23370,23,False
test3.csv,confirmation_cohort_posthoc,GCAD-prediction_s11,0.02,25065,25126,61,False
test3.csv,confirmation_cohort_posthoc,GCAD-prediction_s11,0.02,25365,25424,59,False
test3.csv,confirmation_cohort_posthoc,GCAD-prediction_s11,0.02,27467,27528,61,False
test3.csv,confirmation_cohort_posthoc,GCAD-prediction_s11,0.02,27572,27595,23,False
test3.csv,confirmation_cohort_posthoc,GCAD-prediction_s11,0.02,29566,29627,61,False
test3.csv,confirmation_cohort_posthoc,GCAD-prediction_s11,0.02,30555,30673,118,True
test3.csv,confirmation_cohort_posthoc,GCAD-prediction_s11,0.02,31368,31428,60,False
test3.csv,confirmation_cohort_posthoc,GCAD-prediction_s11,0.02,31670,31731,61,False
test3.csv,confirmation_cohort_posthoc,GCAD-prediction_s11,0.02,33468,33529,61,False
test3.csv,confirmation_cohort_posthoc,GCAD-prediction_s11,0.02,33769,33829,60,False
test3.csv,confirmation_cohort_posthoc,GCAD-prediction_s11,0.02,35568,35630,62,False
test3.csv,confirmation_cohort_posthoc,GCAD-prediction_s11,0.02,35867,36050,183,True
test3.csv,confirmation_cohort_posthoc,GCAD-prediction_s11,0.02,37670,37730,60,False
test3.csv,confirmation_cohort_posthoc,GCAD-prediction_s11,0.02,37829,37836,7,False
test3.csv,confirmation_cohort_posthoc,GCAD-prediction_s11,0.02,41117,41197,80,False
test3.csv,confirmation_cohort_posthoc,GCAD-prediction_s11,0.02,41571,41631,60,False
test3.csv,confirmation_cohort_posthoc,GCAD-prediction_s11,0.02,42770,42843,73,False
test3.csv,confirmation_cohort_posthoc,GCAD-prediction_s11,0.02,43258,43321,63,False
test3.csv,confirmation_cohort_posthoc,GCAD-prediction_s11,0.02,43371,43433,62,False
test3.csv,confirmation_cohort_posthoc,GCAD-prediction_s11,0.02,43671,43733,62,False
test3.csv,confirmation_cohort_posthoc,GCAD-prediction_s11,0.02,44584,44645,61,False
test3.csv,confirmation_cohort_posthoc,GCAD-prediction_s11,0.02,45472,45532,60,False
test3.csv,confirmation_cohort_posthoc,GCAD-prediction_s11,0.02,47573,47727,154,True
test3.csv,confirmation_cohort_posthoc,GCAD-prediction_s11,0.02,49075,49133,58,False
test3.csv,confirmation_cohort_posthoc,GCAD-prediction_s11,0.02,49669,49748,79,False
test3.csv,confirmation_cohort_posthoc,GCAD-prediction_s11,0.02,51870,51949,79,False
test3.csv,confirmation_cohort_posthoc,GCAD-prediction_s11,0.02,52031,52095,64,False
test3.csv,confirmation_cohort_posthoc,GCAD-prediction_s11,0.02,53273,53334,61,False
test3.csv,confirmation_cohort_posthoc,GCAD-prediction_s11,0.02,55077,55135,58,False
test3.csv,confirmation_cohort_posthoc,GCAD-prediction_s11,0.02,55423,55445,22,False
test3.csv,confirmation_cohort_posthoc,GCAD-prediction_s11,0.02,55552,55614,62,False
test3.csv,confirmation_cohort_posthoc,GCAD-prediction_s11,0.02,57177,57235,58,False
test3.csv,confirmation_cohort_posthoc,GCAD-prediction_s11,0.02,59278,59337,59,True
test3.csv,confirmation_cohort_posthoc,GCAD-prediction_s11,0.02,61078,61139,61,False
test3.csv,confirmation_cohort_posthoc,GCAD-prediction_s11,0.02,61419,61440,21,False
test3.csv,confirmation_cohort_posthoc,GCAD-dependency_s11,0.005,9445,9583,138,True
test3.csv,confirmation_cohort_posthoc,GCAD-dependency_s11,0.005,35416,35479,63,False
test3.csv,confirmation_cohort_posthoc,GCAD-dependency_s11,0.005,35867,36050,183,True
test3.csv,confirmation_cohort_posthoc,GCAD-dependency_s11,0.005,43257,43321,64,False
test3.csv,confirmation_cohort_posthoc,GCAD-dependency_s11,0.005,47621,47727,106,True
test3.csv,confirmation_cohort_posthoc,GCAD-dependency_s11,0.005,52030,52095,65,False
test3.csv,confirmation_cohort_posthoc,GCAD-dependency_s11,0.01,7255,7319,64,False
test3.csv,confirmation_cohort_posthoc,GCAD-dependency_s11,0.01,9445,9601,156,True
test3.csv,confirmation_cohort_posthoc,GCAD-dependency_s11,0.01,28213,28277,64,False
test3.csv,confirmation_cohort_posthoc,GCAD-dependency_s11,0.01,30561,30675,114,True
test3.csv,confirmation_cohort_posthoc,GCAD-dependency_s11,0.01,35415,35480,65,False
test3.csv,confirmation_cohort_posthoc,GCAD-dependency_s11,0.01,35867,36051,184,True
test3.csv,confirmation_cohort_posthoc,GCAD-dependency_s11,0.01,42777,42840,63,False
test3.csv,confirmation_cohort_posthoc,GCAD-dependency_s11,0.01,43256,43321,65,False
test3.csv,confirmation_cohort_posthoc,GCAD-dependency_s11,0.01,47621,47727,106,True
test3.csv,confirmation_cohort_posthoc,GCAD-dependency_s11,0.01,49674,49743,69,False
test3.csv,confirmation_cohort_posthoc,GCAD-dependency_s11,0.01,52030,52095,65,False
test3.csv,confirmation_cohort_posthoc,GCAD-dependency_s11,0.01,56617,56680,63,False
test3.csv,confirmation_cohort_posthoc,GCAD-dependency_s11,0.02,2518,2617,99,True
test3.csv,confirmation_cohort_posthoc,GCAD-dependency_s11,0.02,2831,2878,47,False
test3.csv,confirmation_cohort_posthoc,GCAD-dependency_s11,0.02,4340,4386,46,False
test3.csv,confirmation_cohort_posthoc,GCAD-dependency_s11,0.02,7255,7320,65,False
test3.csv,confirmation_cohort_posthoc,GCAD-dependency_s11,0.02,9433,9751,318,True
test3.csv,confirmation_cohort_posthoc,GCAD-dependency_s11,0.02,15369,15421,52,False
test3.csv,confirmation_cohort_posthoc,GCAD-dependency_s11,0.02,20589,20663,74,True
test3.csv,confirmation_cohort_posthoc,GCAD-dependency_s11,0.02,26426,26489,63,False
test3.csv,confirmation_cohort_posthoc,GCAD-dependency_s11,0.02,28213,28278,65,False
test3.csv,confirmation_cohort_posthoc,GCAD-dependency_s11,0.02,30553,30696,143,True
test3.csv,confirmation_cohort_posthoc,GCAD-dependency_s11,0.02,35415,35480,65,False
test3.csv,confirmation_cohort_posthoc,GCAD-dependency_s11,0.02,35867,36179,312,True
test3.csv,confirmation_cohort_posthoc,GCAD-dependency_s11,0.02,41134,41196,62,False
test3.csv,confirmation_cohort_posthoc,GCAD-dependency_s11,0.02,42771,42847,76,False
test3.csv,confirmation_cohort_posthoc,GCAD-dependency_s11,0.02,43256,43321,65,False
test3.csv,confirmation_cohort_posthoc,GCAD-dependency_s11,0.02,47621,47727,106,True
test3.csv,confirmation_cohort_posthoc,GCAD-dependency_s11,0.02,49670,49747,77,False
test3.csv,confirmation_cohort_posthoc,GCAD-dependency_s11,0.02,51886,51932,46,False
test3.csv,confirmation_cohort_posthoc,GCAD-dependency_s11,0.02,52030,52095,65,False
test3.csv,confirmation_cohort_posthoc,GCAD-dependency_s11,0.02,56616,56681,65,False
test3.csv,confirmation_cohort_posthoc,GCAD-prediction_s12,0.005,9461,9579,118,True
test3.csv,confirmation_cohort_posthoc,GCAD-prediction_s12,0.005,35867,36041,174,True
test3.csv,confirmation_cohort_posthoc,GCAD-prediction_s12,0.005,40813,40877,64,False
test3.csv,confirmation_cohort_posthoc,GCAD-prediction_s12,0.005,42770,42833,63,False
test3.csv,confirmation_cohort_posthoc,GCAD-prediction_s12,0.005,47626,47714,88,True
test3.csv,confirmation_cohort_posthoc,GCAD-prediction_s12,0.005,49672,49734,62,False
test3.csv,confirmation_cohort_posthoc,GCAD-prediction_s12,0.005,52031,52093,62,False
test3.csv,confirmation_cohort_posthoc,GCAD-prediction_s12,0.01,9447,9580,133,True
test3.csv,confirmation_cohort_posthoc,GCAD-prediction_s12,0.01,35867,36046,179,True
test3.csv,confirmation_cohort_posthoc,GCAD-prediction_s12,0.01,40812,40877,65,False
test3.csv,confirmation_cohort_posthoc,GCAD-prediction_s12,0.01,42770,42834,64,False
test3.csv,confirmation_cohort_posthoc,GCAD-prediction_s12,0.01,47623,47724,101,True
test3.csv,confirmation_cohort_posthoc,GCAD-prediction_s12,0.01,49669,49735,66,False
test3.csv,confirmation_cohort_posthoc,GCAD-prediction_s12,0.01,52031,52095,64,False
test3.csv,confirmation_cohort_posthoc,GCAD-prediction_s12,0.01,55552,55614,62,False
test3.csv,confirmation_cohort_posthoc,GCAD-prediction_s12,0.02,1059,1117,58,False
test3.csv,confirmation_cohort_posthoc,GCAD-prediction_s12,0.02,7060,7120,60,False
test3.csv,confirmation_cohort_posthoc,GCAD-prediction_s12,0.02,9447,9580,133,True
test3.csv,confirmation_cohort_posthoc,GCAD-prediction_s12,0.02,27467,27526,59,False
test3.csv,confirmation_cohort_posthoc,GCAD-prediction_s12,0.02,30594,30643,49,True
test3.csv,confirmation_cohort_posthoc,GCAD-prediction_s12,0.02,35867,36047,180,True
test3.csv,confirmation_cohort_posthoc,GCAD-prediction_s12,0.02,40812,40877,65,False
test3.csv,confirmation_cohort_posthoc,GCAD-prediction_s12,0.02,42770,42838,68,False
test3.csv,confirmation_cohort_posthoc,GCAD-prediction_s12,0.02,43257,43319,62,False
test3.csv,confirmation_cohort_posthoc,GCAD-prediction_s12,0.02,47622,47725,103,True
test3.csv,confirmation_cohort_posthoc,GCAD-prediction_s12,0.02,49074,49133,59,False
test3.csv,confirmation_cohort_posthoc,GCAD-prediction_s12,0.02,49669,49739,70,False
test3.csv,confirmation_cohort_posthoc,GCAD-prediction_s12,0.02,52030,52095,65,False
test3.csv,confirmation_cohort_posthoc,GCAD-prediction_s12,0.02,55503,55615,112,False
test3.csv,confirmation_cohort_posthoc,GCAD-dependency_s12,0.005,9445,9583,138,True
test3.csv,confirmation_cohort_posthoc,GCAD-dependency_s12,0.005,35867,36050,183,True
test3.csv,confirmation_cohort_posthoc,GCAD-dependency_s12,0.005,40813,40877,64,False
test3.csv,confirmation_cohort_posthoc,GCAD-dependency_s12,0.005,47621,47726,105,True
test3.csv,confirmation_cohort_posthoc,GCAD-dependency_s12,0.005,52030,52095,65,False
test3.csv,confirmation_cohort_posthoc,GCAD-dependency_s12,0.01,2547,2551,4,True
test3.csv,confirmation_cohort_posthoc,GCAD-dependency_s12,0.01,2554,2582,28,True
test3.csv,confirmation_cohort_posthoc,GCAD-dependency_s12,0.01,9445,9691,246,True
test3.csv,confirmation_cohort_posthoc,GCAD-dependency_s12,0.01,30561,30682,121,True
test3.csv,confirmation_cohort_posthoc,GCAD-dependency_s12,0.01,35867,36051,184,True
test3.csv,confirmation_cohort_posthoc,GCAD-dependency_s12,0.01,36071,36157,86,True
test3.csv,confirmation_cohort_posthoc,GCAD-dependency_s12,0.01,40812,40877,65,False
test3.csv,confirmation_cohort_posthoc,GCAD-dependency_s12,0.01,42778,42833,55,False
test3.csv,confirmation_cohort_posthoc,GCAD-dependency_s12,0.01,47621,47727,106,True
test3.csv,confirmation_cohort_posthoc,GCAD-dependency_s12,0.01,49678,49734,56,False
test3.csv,confirmation_cohort_posthoc,GCAD-dependency_s12,0.01,52030,52095,65,False
test3.csv,confirmation_cohort_posthoc,GCAD-dependency_s12,0.02,2515,2617,102,True
test3.csv,confirmation_cohort_posthoc,GCAD-dependency_s12,0.02,7991,8050,59,False
test3.csv,confirmation_cohort_posthoc,GCAD-dependency_s12,0.02,9433,9763,330,True
test3.csv,confirmation_cohort_posthoc,GCAD-dependency_s12,0.02,20586,20663,77,True
test3.csv,confirmation_cohort_posthoc,GCAD-dependency_s12,0.02,26423,26490,67,False
test3.csv,confirmation_cohort_posthoc,GCAD-dependency_s12,0.02,30554,30696,142,True
test3.csv,confirmation_cohort_posthoc,GCAD-dependency_s12,0.02,35867,36215,348,True
test3.csv,confirmation_cohort_posthoc,GCAD-dependency_s12,0.02,40812,40877,65,False
test3.csv,confirmation_cohort_posthoc,GCAD-dependency_s12,0.02,42771,42839,68,False
test3.csv,confirmation_cohort_posthoc,GCAD-dependency_s12,0.02,47621,47727,106,True
test3.csv,confirmation_cohort_posthoc,GCAD-dependency_s12,0.02,49670,49742,72,False
test3.csv,confirmation_cohort_posthoc,GCAD-dependency_s12,0.02,52030,52095,65,False
test3.csv,confirmation_cohort_posthoc,GCAD-dependency_s12,0.02,55560,55613,53,False
test4.csv,development,S_Q3,0.005,7063,7177,114,True
test4.csv,development,S_Q3,0.005,56151,56265,114,True
test4.csv,development,S_Q3,0.005,69643,69748,105,True
test4.csv,development,S_Q3,0.005,76665,76768,103,True
test4.csv,development,S_Q3,0.01,7063,7178,115,True
test4.csv,development,S_Q3,0.01,56151,56265,114,True
test4.csv,development,S_Q3,0.01,69643,69748,105,True
test4.csv,development,S_Q3,0.01,76665,76768,103,True
test4.csv,development,S_Q3,0.02,7063,7178,115,True
test4.csv,development,S_Q3,0.02,56151,56266,115,True
test4.csv,development,S_Q3,0.02,69643,69749,106,True
test4.csv,development,S_Q3,0.02,76665,76769,104,True
test4.csv,development,Jr_Q3,0.005,7063,7179,116,True
test4.csv,development,Jr_Q3,0.005,56151,56267,116,True
test4.csv,development,Jr_Q3,0.005,69643,69750,107,True
test4.csv,development,Jr_Q3,0.005,76665,76770,105,True
test4.csv,development,Jr_Q3,0.01,7063,7179,116,True
test4.csv,development,Jr_Q3,0.01,56151,56267,116,True
test4.csv,development,Jr_Q3,0.01,69643,69750,107,True
test4.csv,development,Jr_Q3,0.01,76665,76770,105,True
test4.csv,development,Jr_Q3,0.02,7063,7179,116,True
test4.csv,development,Jr_Q3,0.02,56151,56267,116,True
test4.csv,development,Jr_Q3,0.02,69643,69750,107,True
test4.csv,development,Jr_Q3,0.02,76665,76770,105,True
test4.csv,development,Dr_Q3,0.005,2535,2610,75,True
test4.csv,development,Dr_Q3,0.005,7063,7179,116,True
test4.csv,development,Dr_Q3,0.005,30636,30697,61,True
test4.csv,development,Dr_Q3,0.005,38860,38873,13,False
test4.csv,development,Dr_Q3,0.005,47305,47347,42,True
test4.csv,development,Dr_Q3,0.005,47350,47360,10,True
test4.csv,development,Dr_Q3,0.005,50550,50559,9,False
test4.csv,development,Dr_Q3,0.005,50592,50602,10,False
test4.csv,development,Dr_Q3,0.005,56151,56273,122,True
test4.csv,development,Dr_Q3,0.005,61218,61296,78,True
test4.csv,development,Dr_Q3,0.005,65930,65943,13,False
test4.csv,development,Dr_Q3,0.005,69643,69755,112,True
test4.csv,development,Dr_Q3,0.005,74263,74267,4,False
test4.csv,development,Dr_Q3,0.005,75761,75793,32,False
test4.csv,development,Dr_Q3,0.005,76665,76774,109,True
test4.csv,development,Dr_Q3,0.005,86672,86693,21,False
test4.csv,development,Dr_Q3,0.01,2534,2610,76,True
test4.csv,development,Dr_Q3,0.01,7063,7179,116,True
test4.csv,development,Dr_Q3,0.01,30635,30698,63,True
test4.csv,development,Dr_Q3,0.01,31097,31102,5,True
test4.csv,development,Dr_Q3,0.01,32514,32516,2,False
test4.csv,development,Dr_Q3,0.01,32564,32568,4,False
test4.csv,development,Dr_Q3,0.01,32614,32618,4,False
test4.csv,development,Dr_Q3,0.01,33333,33337,4,False
test4.csv,development,Dr_Q3,0.01,34382,34386,4,False
test4.csv,development,Dr_Q3,0.01,34426,34433,7,False
test4.csv,development,Dr_Q3,0.01,35782,35788,6,False
test4.csv,development,Dr_Q3,0.01,35887,35893,6,False
test4.csv,development,Dr_Q3,0.01,37101,37119,18,False
test4.csv,development,Dr_Q3,0.01,37866,37880,14,False
test4.csv,development,Dr_Q3,0.01,38105,38118,13,False
test4.csv,development,Dr_Q3,0.01,38281,38301,20,False
test4.csv,development,Dr_Q3,0.01,38518,38527,9,True
test4.csv,development,Dr_Q3,0.01,38853,38883,30,False
test4.csv,development,Dr_Q3,0.01,38891,38895,4,False
test4.csv,development,Dr_Q3,0.01,38900,38914,14,False
test4.csv,development,Dr_Q3,0.01,41174,41197,23,False
test4.csv,development,Dr_Q3,0.01,41202,41230,28,False
test4.csv,development,Dr_Q3,0.01,47300,47367,67,True
test4.csv,development,Dr_Q3,0.01,49718,49720,2,False
test4.csv,development,Dr_Q3,0.01,50310,50312,2,False
test4.csv,development,Dr_Q3,0.01,50327,50335,8,False
test4.csv,development,Dr_Q3,0.01,50508,50512,4,False
test4.csv,development,Dr_Q3,0.01,50545,50563,18,False
test4.csv,development,Dr_Q3,0.01,50581,50584,3,False
test4.csv,development,Dr_Q3,0.01,50588,50604,16,False
test4.csv,development,Dr_Q3,0.01,56151,56273,122,True
test4.csv,development,Dr_Q3,0.01,61211,61298,87,True
test4.csv,development,Dr_Q3,0.01,65922,65948,26,False
test4.csv,development,Dr_Q3,0.01,69643,69755,112,True
test4.csv,development,Dr_Q3,0.01,72066,72071,5,False
test4.csv,development,Dr_Q3,0.01,72076,72086,10,False
test4.csv,development,Dr_Q3,0.01,72094,72096,2,False
test4.csv,development,Dr_Q3,0.01,72109,72110,1,False
test4.csv,development,Dr_Q3,0.01,72122,72125,3,False
test4.csv,development,Dr_Q3,0.01,72135,72139,4,False
test4.csv,development,Dr_Q3,0.01,72162,72166,4,False
test4.csv,development,Dr_Q3,0.01,72178,72179,1,False
test4.csv,development,Dr_Q3,0.01,72598,72599,1,False
test4.csv,development,Dr_Q3,0.01,72607,72619,12,False
test4.csv,development,Dr_Q3,0.01,72694,72695,1,False
test4.csv,development,Dr_Q3,0.01,73669,73682,13,False
test4.csv,development,Dr_Q3,0.01,73946,73950,4,False
test4.csv,development,Dr_Q3,0.01,73959,73960,1,False
test4.csv,development,Dr_Q3,0.01,73997,74003,6,False
test4.csv,development,Dr_Q3,0.01,74052,74061,9,False
test4.csv,development,Dr_Q3,0.01,74259,74276,17,False
test4.csv,development,Dr_Q3,0.01,74370,74379,9,False
test4.csv,development,Dr_Q3,0.01,75522,75525,3,False
test4.csv,development,Dr_Q3,0.01,75534,75551,17,False
test4.csv,development,Dr_Q3,0.01,75742,75794,52,False
test4.csv,development,Dr_Q3,0.01,76119,76120,1,False
test4.csv,development,Dr_Q3,0.01,76665,76775,110,True
test4.csv,development,Dr_Q3,0.01,86642,86695,53,False
test4.csv,development,Dr_Q3,0.01,97220,97224,4,True
test4.csv,development,Dr_Q3,0.02,2533,2611,78,True
test4.csv,development,Dr_Q3,0.02,7063,7179,116,True
test4.csv,development,Dr_Q3,0.02,30633,30700,67,True
test4.csv,development,Dr_Q3,0.02,31044,31103,59,True
test4.csv,development,Dr_Q3,0.02,31525,31528,3,False
test4.csv,development,Dr_Q3,0.02,31893,31924,31,False
test4.csv,development,Dr_Q3,0.02,31932,31948,16,False
test4.csv,development,Dr_Q3,0.02,32070,32071,1,False
test4.csv,development,Dr_Q3,0.02,32389,32404,15,False
test4.csv,development,Dr_Q3,0.02,32425,32428,3,False
test4.csv,development,Dr_Q3,0.02,32469,32483,14,False
test4.csv,development,Dr_Q3,0.02,32506,32528,22,False
test4.csv,development,Dr_Q3,0.02,32560,32571,11,False
test4.csv,development,Dr_Q3,0.02,32609,32623,14,False
test4.csv,development,Dr_Q3,0.02,33325,33339,14,False
test4.csv,development,Dr_Q3,0.02,33895,33899,4,False
test4.csv,development,Dr_Q3,0.02,33903,33910,7,False
test4.csv,development,Dr_Q3,0.02,33917,33920,3,False
test4.csv,development,Dr_Q3,0.02,33929,33943,14,False
test4.csv,development,Dr_Q3,0.02,34287,34290,3,False
test4.csv,development,Dr_Q3,0.02,34335,34336,1,False
test4.csv,development,Dr_Q3,0.02,34345,34347,2,False
test4.csv,development,Dr_Q3,0.02,34378,34398,20,False
test4.csv,development,Dr_Q3,0.02,34403,34409,6,False
test4.csv,development,Dr_Q3,0.02,34415,34442,27,False
test4.csv,development,Dr_Q3,0.02,35739,35741,2,False
test4.csv,development,Dr_Q3,0.02,35772,35791,19,False
test4.csv,development,Dr_Q3,0.02,35884,35900,16,False
test4.csv,development,Dr_Q3,0.02,35932,35939,7,False
test4.csv,development,Dr_Q3,0.02,37095,37123,28,False
test4.csv,development,Dr_Q3,0.02,37147,37150,3,False
test4.csv,development,Dr_Q3,0.02,37825,37886,61,False
test4.csv,development,Dr_Q3,0.02,38068,38129,61,False
test4.csv,development,Dr_Q3,0.02,38268,38335,67,False
test4.csv,development,Dr_Q3,0.02,38409,38414,5,False
test4.csv,development,Dr_Q3,0.02,38430,38434,4,False
test4.csv,development,Dr_Q3,0.02,38470,38490,20,True
test4.csv,development,Dr_Q3,0.02,38496,38578,82,True
test4.csv,development,Dr_Q3,0.02,38695,38697,2,False
test4.csv,development,Dr_Q3,0.02,38709,38710,1,False
test4.csv,development,Dr_Q3,0.02,38823,38923,100,False
test4.csv,development,Dr_Q3,0.02,38935,38953,18,False
test4.csv,development,Dr_Q3,0.02,41171,41234,63,False
test4.csv,development,Dr_Q3,0.02,42800,42801,1,False
test4.csv,development,Dr_Q3,0.02,42804,42807,3,False
test4.csv,development,Dr_Q3,0.02,42812,42820,8,False
test4.csv,development,Dr_Q3,0.02,42825,42833,8,False
test4.csv,development,Dr_Q3,0.02,42867,42868,1,False
test4.csv,development,Dr_Q3,0.02,42919,42921,2,False
test4.csv,development,Dr_Q3,0.02,42964,42973,9,False
test4.csv,development,Dr_Q3,0.02,43390,43392,2,False
test4.csv,development,Dr_Q3,0.02,44069,44070,1,False
test4.csv,development,Dr_Q3,0.02,47276,47379,103,True
test4.csv,development,Dr_Q3,0.02,49115,49117,2,False
test4.csv,development,Dr_Q3,0.02,49131,49132,1,False
test4.csv,development,Dr_Q3,0.02,49136,49159,23,False
test4.csv,development,Dr_Q3,0.02,49673,49686,13,False
test4.csv,development,Dr_Q3,0.02,49695,49707,12,False
test4.csv,development,Dr_Q3,0.02,49714,49728,14,False
test4.csv,development,Dr_Q3,0.02,49839,49848,9,False
test4.csv,development,Dr_Q3,0.02,49856,49859,3,False
test4.csv,development,Dr_Q3,0.02,50035,50037,2,False
test4.csv,development,Dr_Q3,0.02,50191,50193,2,False
test4.csv,development,Dr_Q3,0.02,50210,50212,2,False
test4.csv,development,Dr_Q3,0.02,50276,50281,5,False
test4.csv,development,Dr_Q3,0.02,50288,50301,13,False
test4.csv,development,Dr_Q3,0.02,50307,50339,32,False
test4.csv,development,Dr_Q3,0.02,50348,50360,12,False
test4.csv,development,Dr_Q3,0.02,50368,50375,7,False
test4.csv,development,Dr_Q3,0.02,50388,50394,6,False
test4.csv,development,Dr_Q3,0.02,50409,50413,4,False
test4.csv,development,Dr_Q3,0.02,50429,50431,2,False
test4.csv,development,Dr_Q3,0.02,50450,50453,3,False
test4.csv,development,Dr_Q3,0.02,50499,50515,16,False
test4.csv,development,Dr_Q3,0.02,50541,50614,73,False
test4.csv,development,Dr_Q3,0.02,50742,50760,18,False
test4.csv,development,Dr_Q3,0.02,51028,51040,12,False
test4.csv,development,Dr_Q3,0.02,52718,52732,14,False
test4.csv,development,Dr_Q3,0.02,53816,53821,5,False
test4.csv,development,Dr_Q3,0.02,54321,54325,4,False
test4.csv,development,Dr_Q3,0.02,54421,54427,6,False
test4.csv,development,Dr_Q3,0.02,54442,54447,5,False
test4.csv,development,Dr_Q3,0.02,54933,54943,10,False
test4.csv,development,Dr_Q3,0.02,54974,54975,1,False
test4.csv,development,Dr_Q3,0.02,55857,55865,8,False
test4.csv,development,Dr_Q3,0.02,56151,56274,123,True
test4.csv,development,Dr_Q3,0.02,61204,61305,101,True
test4.csv,development,Dr_Q3,0.02,63451,63486,35,False
test4.csv,development,Dr_Q3,0.02,64163,64195,32,False
test4.csv,development,Dr_Q3,0.02,65310,65360,50,False
test4.csv,development,Dr_Q3,0.02,65712,65730,18,False
test4.csv,development,Dr_Q3,0.02,65903,65953,50,False
test4.csv,development,Dr_Q3,0.02,65958,65959,1,False
test4.csv,development,Dr_Q3,0.02,66060,66065,5,False
test4.csv,development,Dr_Q3,0.02,66072,66073,1,False
test4.csv,development,Dr_Q3,0.02,66175,66179,4,False
test4.csv,development,Dr_Q3,0.02,66398,66406,8,False
test4.csv,development,Dr_Q3,0.02,66429,66437,8,False
test4.csv,development,Dr_Q3,0.02,66472,66486,14,False
test4.csv,development,Dr_Q3,0.02,66560,66575,15,False
test4.csv,development,Dr_Q3,0.02,66607,66608,1,False
test4.csv,development,Dr_Q3,0.02,66829,66830,1,False
test4.csv,development,Dr_Q3,0.02,66840,66853,13,False
test4.csv,development,Dr_Q3,0.02,68083,68093,10,False
test4.csv,development,Dr_Q3,0.02,68130,68135,5,False
test4.csv,development,Dr_Q3,0.02,68553,68554,1,False
test4.csv,development,Dr_Q3,0.02,68600,68602,2,False
test4.csv,development,Dr_Q3,0.02,69601,69602,1,False
test4.csv,development,Dr_Q3,0.02,69605,69608,3,False
test4.csv,development,Dr_Q3,0.02,69643,69755,112,True
test4.csv,development,Dr_Q3,0.02,71444,71447,3,False
test4.csv,development,Dr_Q3,0.02,71458,71460,2,False
test4.csv,development,Dr_Q3,0.02,71470,71473,3,False
test4.csv,development,Dr_Q3,0.02,71483,71554,71,False
test4.csv,development,Dr_Q3,0.02,71560,71567,7,False
test4.csv,development,Dr_Q3,0.02,71574,71579,5,False
test4.csv,development,Dr_Q3,0.02,71587,71593,6,False
test4.csv,development,Dr_Q3,0.02,71604,71605,1,False
test4.csv,development,Dr_Q3,0.02,71617,71619,2,False
test4.csv,development,Dr_Q3,0.02,71695,71697,2,False
test4.csv,development,Dr_Q3,0.02,71931,71992,61,False
test4.csv,development,Dr_Q3,0.02,72027,72044,17,False
test4.csv,development,Dr_Q3,0.02,72049,72289,240,False
test4.csv,development,Dr_Q3,0.02,72300,72301,1,False
test4.csv,development,Dr_Q3,0.02,72355,72356,1,False
test4.csv,development,Dr_Q3,0.02,72406,72468,62,False
test4.csv,development,Dr_Q3,0.02,72565,72623,58,False
test4.csv,development,Dr_Q3,0.02,72649,72657,8,False
test4.csv,development,Dr_Q3,0.02,72664,72670,6,False
test4.csv,development,Dr_Q3,0.02,72676,72703,27,False
test4.csv,development,Dr_Q3,0.02,72903,72915,12,False
test4.csv,development,Dr_Q3,0.02,73520,73527,7,False
test4.csv,development,Dr_Q3,0.02,73641,73691,50,False
test4.csv,development,Dr_Q3,0.02,73943,74008,65,False
test4.csv,development,Dr_Q3,0.02,74013,74015,2,False
test4.csv,development,Dr_Q3,0.02,74040,74071,31,False
test4.csv,development,Dr_Q3,0.02,74090,74101,11,False
test4.csv,development,Dr_Q3,0.02,74137,74154,17,False
test4.csv,development,Dr_Q3,0.02,74218,74277,59,False
test4.csv,development,Dr_Q3,0.02,74368,74387,19,False
test4.csv,development,Dr_Q3,0.02,74396,74427,31,False
test4.csv,development,Dr_Q3,0.02,74612,74615,3,False
test4.csv,development,Dr_Q3,0.02,74653,74658,5,False
test4.csv,development,Dr_Q3,0.02,75226,75230,4,False
test4.csv,development,Dr_Q3,0.02,75366,75369,3,False
test4.csv,development,Dr_Q3,0.02,75419,75426,7,False
test4.csv,development,Dr_Q3,0.02,75493,75498,5,False
test4.csv,development,Dr_Q3,0.02,75510,75511,1,False
test4.csv,development,Dr_Q3,0.02,75519,75581,62,False
test4.csv,development,Dr_Q3,0.02,75647,75649,2,False
test4.csv,development,Dr_Q3,0.02,75661,75664,3,False
test4.csv,development,Dr_Q3,0.02,75673,75677,4,False
test4.csv,development,Dr_Q3,0.02,75687,75693,6,False
test4.csv,development,Dr_Q3,0.02,75735,75797,62,False
test4.csv,development,Dr_Q3,0.02,76091,76092,1,False
test4.csv,development,Dr_Q3,0.02,76103,76153,50,False
test4.csv,development,Dr_Q3,0.02,76157,76166,9,False
test4.csv,development,Dr_Q3,0.02,76377,76379,2,False
test4.csv,development,Dr_Q3,0.02,76391,76399,8,False
test4.csv,development,Dr_Q3,0.02,76424,76425,1,False
test4.csv,development,Dr_Q3,0.02,76435,76442,7,False
test4.csv,development,Dr_Q3,0.02,76446,76456,10,False
test4.csv,development,Dr_Q3,0.02,76478,76482,4,False
test4.csv,development,Dr_Q3,0.02,76665,76776,111,True
test4.csv,development,Dr_Q3,0.02,85487,85495,8,False
test4.csv,development,Dr_Q3,0.02,85526,85539,13,False
test4.csv,development,Dr_Q3,0.02,86639,86698,59,False
test4.csv,development,Dr_Q3,0.02,97208,97235,27,True
test4.csv,development,PairError-Q3,0.005,7063,7179,116,True
test4.csv,development,PairError-Q3,0.005,56151,56267,116,True
test4.csv,development,PairError-Q3,0.005,69643,69750,107,True
test4.csv,development,PairError-Q3,0.005,76665,76770,105,True
test4.csv,development,PairError-Q3,0.01,7063,7179,116,True
test4.csv,development,PairError-Q3,0.01,56151,56267,116,True
test4.csv,development,PairError-Q3,0.01,69643,69750,107,True
test4.csv,development,PairError-Q3,0.01,76665,76770,105,True
test4.csv,development,PairError-Q3,0.02,7063,7179,116,True
test4.csv,development,PairError-Q3,0.02,56151,56267,116,True
test4.csv,development,PairError-Q3,0.02,69643,69750,107,True
test4.csv,development,PairError-Q3,0.02,76665,76770,105,True
test4.csv,development,PCA-SPE,0.005,2524,2617,93,True
test4.csv,development,PCA-SPE,0.005,7062,7174,112,True
test4.csv,development,PCA-SPE,0.005,11307,11429,122,True
test4.csv,development,PCA-SPE,0.005,47258,47397,139,True
test4.csv,development,PCA-SPE,0.005,56150,56262,112,True
test4.csv,development,PCA-SPE,0.005,61181,61322,141,True
test4.csv,development,PCA-SPE,0.005,69642,69744,102,True
test4.csv,development,PCA-SPE,0.005,76663,76764,101,True
test4.csv,development,PCA-SPE,0.005,106473,106565,92,True
test4.csv,development,PCA-SPE,0.005,115721,115855,134,True
test4.csv,development,PCA-SPE,0.01,2524,2617,93,True
test4.csv,development,PCA-SPE,0.01,7062,7174,112,True
test4.csv,development,PCA-SPE,0.01,11307,11429,122,True
test4.csv,development,PCA-SPE,0.01,47257,47397,140,True
test4.csv,development,PCA-SPE,0.01,56150,56262,112,True
test4.csv,development,PCA-SPE,0.01,61181,61322,141,True
test4.csv,development,PCA-SPE,0.01,69642,69744,102,True
test4.csv,development,PCA-SPE,0.01,76663,76765,102,True
test4.csv,development,PCA-SPE,0.01,106473,106565,92,True
test4.csv,development,PCA-SPE,0.01,115721,115855,134,True
test4.csv,development,PCA-SPE,0.02,2524,2617,93,True
test4.csv,development,PCA-SPE,0.02,7062,7174,112,True
test4.csv,development,PCA-SPE,0.02,11306,11429,123,True
test4.csv,development,PCA-SPE,0.02,47257,47398,141,True
test4.csv,development,PCA-SPE,0.02,56150,56262,112,True
test4.csv,development,PCA-SPE,0.02,61181,61322,141,True
test4.csv,development,PCA-SPE,0.02,69642,69744,102,True
test4.csv,development,PCA-SPE,0.02,76663,76765,102,True
test4.csv,development,PCA-SPE,0.02,106472,106565,93,True
test4.csv,development,PCA-SPE,0.02,115721,115855,134,True
test4.csv,development,GCAD-prediction_s10,0.005,2524,2622,98,True
test4.csv,development,GCAD-prediction_s10,0.005,5182,5262,80,False
test4.csv,development,GCAD-prediction_s10,0.005,7064,7167,103,True
test4.csv,development,GCAD-prediction_s10,0.005,7410,7474,64,False
test4.csv,development,GCAD-prediction_s10,0.005,18262,18325,63,False
test4.csv,development,GCAD-prediction_s10,0.005,30584,30701,117,True
test4.csv,development,GCAD-prediction_s10,0.005,56151,56255,104,True
test4.csv,development,GCAD-prediction_s10,0.005,69643,69737,94,True
test4.csv,development,GCAD-prediction_s10,0.005,76664,76759,95,True
test4.csv,development,GCAD-prediction_s10,0.005,83872,83935,63,False
test4.csv,development,GCAD-prediction_s10,0.005,91503,91568,65,True
test4.csv,development,GCAD-prediction_s10,0.005,94204,94266,62,False
test4.csv,development,GCAD-prediction_s10,0.005,105477,105540,63,False
test4.csv,development,GCAD-prediction_s10,0.005,106291,106349,58,False
test4.csv,development,GCAD-prediction_s10,0.01,2524,2622,98,True
test4.csv,development,GCAD-prediction_s10,0.01,5182,5262,80,False
test4.csv,development,GCAD-prediction_s10,0.01,7064,7167,103,True
test4.csv,development,GCAD-prediction_s10,0.01,7409,7474,65,False
test4.csv,development,GCAD-prediction_s10,0.01,18262,18325,63,False
test4.csv,development,GCAD-prediction_s10,0.01,26511,26575,64,False
test4.csv,development,GCAD-prediction_s10,0.01,30582,30701,119,True
test4.csv,development,GCAD-prediction_s10,0.01,50286,50349,63,False
test4.csv,development,GCAD-prediction_s10,0.01,56151,56255,104,True
test4.csv,development,GCAD-prediction_s10,0.01,61209,61272,63,True
test4.csv,development,GCAD-prediction_s10,0.01,63240,63299,59,False
test4.csv,development,GCAD-prediction_s10,0.01,69643,69737,94,True
test4.csv,development,GCAD-prediction_s10,0.01,70195,70258,63,False
test4.csv,development,GCAD-prediction_s10,0.01,71696,71758,62,False
test4.csv,development,GCAD-prediction_s10,0.01,72578,72640,62,False
test4.csv,development,GCAD-prediction_s10,0.01,76664,76759,95,True
test4.csv,development,GCAD-prediction_s10,0.01,77415,77477,62,False
test4.csv,development,GCAD-prediction_s10,0.01,78819,78892,73,False
test4.csv,development,GCAD-prediction_s10,0.01,83872,83935,63,False
test4.csv,development,GCAD-prediction_s10,0.01,89419,89481,62,False
test4.csv,development,GCAD-prediction_s10,0.01,91502,91568,66,True
test4.csv,development,GCAD-prediction_s10,0.01,94201,94266,65,False
test4.csv,development,GCAD-prediction_s10,0.01,105475,105540,65,False
test4.csv,development,GCAD-prediction_s10,0.01,106281,106357,76,False
test4.csv,development,GCAD-prediction_s10,0.01,113619,113682,63,False
test4.csv,development,GCAD-prediction_s10,0.02,921,922,1,False
test4.csv,development,GCAD-prediction_s10,0.02,941,1115,174,False
test4.csv,development,GCAD-prediction_s10,0.02,1119,1144,25,False
test4.csv,development,GCAD-prediction_s10,0.02,1798,1800,2,False
test4.csv,development,GCAD-prediction_s10,0.02,1810,1816,6,False
test4.csv,development,GCAD-prediction_s10,0.02,1819,1822,3,False
test4.csv,development,GCAD-prediction_s10,0.02,1838,1842,4,False
test4.csv,development,GCAD-prediction_s10,0.02,1845,1851,6,False
test4.csv,development,GCAD-prediction_s10,0.02,2524,2622,98,True
test4.csv,development,GCAD-prediction_s10,0.02,5182,5262,80,False
test4.csv,development,GCAD-prediction_s10,0.02,5581,5717,136,False
test4.csv,development,GCAD-prediction_s10,0.02,6974,6990,16,False
test4.csv,development,GCAD-prediction_s10,0.02,6993,6998,5,False
test4.csv,development,GCAD-prediction_s10,0.02,7008,7011,3,False
test4.csv,development,GCAD-prediction_s10,0.02,7014,7015,1,False
test4.csv,development,GCAD-prediction_s10,0.02,7018,7021,3,False
test4.csv,development,GCAD-prediction_s10,0.02,7026,7027,1,True
test4.csv,development,GCAD-prediction_s10,0.02,7031,7039,8,True
test4.csv,development,GCAD-prediction_s10,0.02,7042,7167,125,True
test4.csv,development,GCAD-prediction_s10,0.02,7409,7474,65,False
test4.csv,development,GCAD-prediction_s10,0.02,9101,9168,67,False
test4.csv,development,GCAD-prediction_s10,0.02,9174,9180,6,False
test4.csv,development,GCAD-prediction_s10,0.02,11113,11158,45,False
test4.csv,development,GCAD-prediction_s10,0.02,11161,11173,12,False
test4.csv,development,GCAD-prediction_s10,0.02,11760,11795,35,False
test4.csv,development,GCAD-prediction_s10,0.02,13026,13094,68,False
test4.csv,development,GCAD-prediction_s10,0.02,13098,13099,1,False
test4.csv,development,GCAD-prediction_s10,0.02,13120,13121,1,False
test4.csv,development,GCAD-prediction_s10,0.02,13130,13176,46,False
test4.csv,development,GCAD-prediction_s10,0.02,13180,13199,19,False
test4.csv,development,GCAD-prediction_s10,0.02,13233,13237,4,False
test4.csv,development,GCAD-prediction_s10,0.02,13241,13242,1,False
test4.csv,development,GCAD-prediction_s10,0.02,15049,15103,54,True
test4.csv,development,GCAD-prediction_s10,0.02,15110,15128,18,True
test4.csv,development,GCAD-prediction_s10,0.02,15133,15134,1,True
test4.csv,development,GCAD-prediction_s10,0.02,15137,15143,6,True
test4.csv,development,GCAD-prediction_s10,0.02,15299,15300,1,True
test4.csv,development,GCAD-prediction_s10,0.02,15329,15359,30,True
test4.csv,development,GCAD-prediction_s10,0.02,15364,15369,5,True
test4.csv,development,GCAD-prediction_s10,0.02,18262,18325,63,False
test4.csv,development,GCAD-prediction_s10,0.02,18645,18728,83,False
test4.csv,development,GCAD-prediction_s10,0.02,18731,18734,3,False
test4.csv,development,GCAD-prediction_s10,0.02,21434,21474,40,False
test4.csv,development,GCAD-prediction_s10,0.02,22425,22428,3,False
test4.csv,development,GCAD-prediction_s10,0.02,22431,22470,39,False
test4.csv,development,GCAD-prediction_s10,0.02,22473,22475,2,False
test4.csv,development,GCAD-prediction_s10,0.02,22480,22481,1,False
test4.csv,development,GCAD-prediction_s10,0.02,25087,25195,108,False
test4.csv,development,GCAD-prediction_s10,0.02,25199,25387,188,False
test4.csv,development,GCAD-prediction_s10,0.02,26503,26580,77,False
test4.csv,development,GCAD-prediction_s10,0.02,27624,27653,29,False
test4.csv,development,GCAD-prediction_s10,0.02,27659,27661,2,False
test4.csv,development,GCAD-prediction_s10,0.02,27670,27672,2,False
test4.csv,development,GCAD-prediction_s10,0.02,30582,30701,119,True
test4.csv,development,GCAD-prediction_s10,0.02,31334,31337,3,False
test4.csv,development,GCAD-prediction_s10,0.02,31340,31342,2,False
test4.csv,development,GCAD-prediction_s10,0.02,31345,31347,2,False
test4.csv,development,GCAD-prediction_s10,0.02,31432,31575,143,False
test4.csv,development,GCAD-prediction_s10,0.02,32720,32760,40,False
test4.csv,development,GCAD-prediction_s10,0.02,32770,32771,1,False
test4.csv,development,GCAD-prediction_s10,0.02,32780,32888,108,False
test4.csv,development,GCAD-prediction_s10,0.02,32895,32972,77,False
test4.csv,development,GCAD-prediction_s10,0.02,32976,32990,14,False
test4.csv,development,GCAD-prediction_s10,0.02,33838,33841,3,False
test4.csv,development,GCAD-prediction_s10,0.02,33844,33852,8,False
test4.csv,development,GCAD-prediction_s10,0.02,33858,33859,1,False
test4.csv,development,GCAD-prediction_s10,0.02,36192,36254,62,False
test4.csv,development,GCAD-prediction_s10,0.02,37687,37722,35,False
test4.csv,development,GCAD-prediction_s10,0.02,37725,37827,102,False
test4.csv,development,GCAD-prediction_s10,0.02,39020,39027,7,False
test4.csv,development,GCAD-prediction_s10,0.02,39031,39072,41,False
test4.csv,development,GCAD-prediction_s10,0.02,39075,39076,1,False
test4.csv,development,GCAD-prediction_s10,0.02,39135,39142,7,False
test4.csv,development,GCAD-prediction_s10,0.02,39155,39163,8,False
test4.csv,development,GCAD-prediction_s10,0.02,41230,41231,1,False
test4.csv,development,GCAD-prediction_s10,0.02,41236,41239,3,False
test4.csv,development,GCAD-prediction_s10,0.02,41242,41250,8,False
test4.csv,development,GCAD-prediction_s10,0.02,41255,41256,1,False
test4.csv,development,GCAD-prediction_s10,0.02,45462,45541,79,False
test4.csv,development,GCAD-prediction_s10,0.02,45545,45547,2,False
test4.csv,development,GCAD-prediction_s10,0.02,45637,45712,75,False
test4.csv,development,GCAD-prediction_s10,0.02,45755,45762,7,False
test4.csv,development,GCAD-prediction_s10,0.02,45765,45788,23,False
test4.csv,development,GCAD-prediction_s10,0.02,50182,50350,168,False
test4.csv,development,GCAD-prediction_s10,0.02,51535,51566,31,False
test4.csv,development,GCAD-prediction_s10,0.02,51572,51578,6,False
test4.csv,development,GCAD-prediction_s10,0.02,51584,51585,1,False
test4.csv,development,GCAD-prediction_s10,0.02,51591,51594,3,False
test4.csv,development,GCAD-prediction_s10,0.02,51628,51664,36,False
test4.csv,development,GCAD-prediction_s10,0.02,52492,52528,36,False
test4.csv,development,GCAD-prediction_s10,0.02,53599,53703,104,False
test4.csv,development,GCAD-prediction_s10,0.02,56005,56011,6,False
test4.csv,development,GCAD-prediction_s10,0.02,56014,56091,77,False
test4.csv,development,GCAD-prediction_s10,0.02,56094,56095,1,False
test4.csv,development,GCAD-prediction_s10,0.02,56098,56103,5,False
test4.csv,development,GCAD-prediction_s10,0.02,56106,56111,5,True
test4.csv,development,GCAD-prediction_s10,0.02,56151,56255,104,True
test4.csv,development,GCAD-prediction_s10,0.02,57315,57316,1,False
test4.csv,development,GCAD-prediction_s10,0.02,57320,57355,35,False
test4.csv,development,GCAD-prediction_s10,0.02,57411,57463,52,False
test4.csv,development,GCAD-prediction_s10,0.02,57466,57478,12,False
test4.csv,development,GCAD-prediction_s10,0.02,57488,57489,1,False
test4.csv,development,GCAD-prediction_s10,0.02,58423,58424,1,False
test4.csv,development,GCAD-prediction_s10,0.02,61208,61272,64,True
test4.csv,development,GCAD-prediction_s10,0.02,61848,61872,24,False
test4.csv,development,GCAD-prediction_s10,0.02,62000,62054,54,False
test4.csv,development,GCAD-prediction_s10,0.02,62201,62213,12,False
test4.csv,development,GCAD-prediction_s10,0.02,62216,62217,1,False
test4.csv,development,GCAD-prediction_s10,0.02,63237,63300,63,False
test4.csv,development,GCAD-prediction_s10,0.02,65628,65679,51,False
test4.csv,development,GCAD-prediction_s10,0.02,65758,65760,2,False
test4.csv,development,GCAD-prediction_s10,0.02,65764,65766,2,False
test4.csv,development,GCAD-prediction_s10,0.02,65770,65772,2,False
test4.csv,development,GCAD-prediction_s10,0.02,65776,65778,2,False
test4.csv,development,GCAD-prediction_s10,0.02,65782,65784,2,False
test4.csv,development,GCAD-prediction_s10,0.02,65795,65796,1,False
test4.csv,development,GCAD-prediction_s10,0.02,66933,67107,174,False
test4.csv,development,GCAD-prediction_s10,0.02,69643,69737,94,True
test4.csv,development,GCAD-prediction_s10,0.02,70195,70258,63,False
test4.csv,development,GCAD-prediction_s10,0.02,71540,71581,41,False
test4.csv,development,GCAD-prediction_s10,0.02,71612,71613,1,False
test4.csv,development,GCAD-prediction_s10,0.02,71695,71758,63,False
test4.csv,development,GCAD-prediction_s10,0.02,72578,72641,63,False
test4.csv,development,GCAD-prediction_s10,0.02,72826,72891,65,False
test4.csv,development,GCAD-prediction_s10,0.02,72894,72896,2,False
test4.csv,development,GCAD-prediction_s10,0.02,72911,72912,1,False
test4.csv,development,GCAD-prediction_s10,0.02,72917,72919,2,False
test4.csv,development,GCAD-prediction_s10,0.02,72922,72930,8,False
test4.csv,development,GCAD-prediction_s10,0.02,73820,73821,1,False
test4.csv,development,GCAD-prediction_s10,0.02,73829,73867,38,False
test4.csv,development,GCAD-prediction_s10,0.02,76664,76759,95,True
test4.csv,development,GCAD-prediction_s10,0.02,76773,76774,1,False
test4.csv,development,GCAD-prediction_s10,0.02,76779,76781,2,False
test4.csv,development,GCAD-prediction_s10,0.02,77405,77486,81,False
test4.csv,development,GCAD-prediction_s10,0.02,78664,78671,7,False
test4.csv,development,GCAD-prediction_s10,0.02,78675,78769,94,False
test4.csv,development,GCAD-prediction_s10,0.02,78773,78792,19,False
test4.csv,development,GCAD-prediction_s10,0.02,78795,78797,2,False
test4.csv,development,GCAD-prediction_s10,0.02,78801,78892,91,False
test4.csv,development,GCAD-prediction_s10,0.02,83872,83935,63,False
test4.csv,development,GCAD-prediction_s10,0.02,85999,86000,1,False
test4.csv,development,GCAD-prediction_s10,0.02,86005,86006,1,False
test4.csv,development,GCAD-prediction_s10,0.02,86011,86012,1,False
test4.csv,development,GCAD-prediction_s10,0.02,87916,87918,2,False
test4.csv,development,GCAD-prediction_s10,0.02,87921,87924,3,False
test4.csv,development,GCAD-prediction_s10,0.02,87930,87931,1,False
test4.csv,development,GCAD-prediction_s10,0.02,87940,87944,4,False
test4.csv,development,GCAD-prediction_s10,0.02,87947,87950,3,False
test4.csv,development,GCAD-prediction_s10,0.02,87953,87958,5,False
test4.csv,development,GCAD-prediction_s10,0.02,89159,89207,48,False
test4.csv,development,GCAD-prediction_s10,0.02,89232,89236,4,False
test4.csv,development,GCAD-prediction_s10,0.02,89239,89240,1,False
test4.csv,development,GCAD-prediction_s10,0.02,89244,89246,2,False
test4.csv,development,GCAD-prediction_s10,0.02,89250,89306,56,False
test4.csv,development,GCAD-prediction_s10,0.02,89344,89408,64,False
test4.csv,development,GCAD-prediction_s10,0.02,89416,89481,65,False
test4.csv,development,GCAD-prediction_s10,0.02,90211,90234,23,False
test4.csv,development,GCAD-prediction_s10,0.02,91502,91568,66,True
test4.csv,development,GCAD-prediction_s10,0.02,93780,93781,1,False
test4.csv,development,GCAD-prediction_s10,0.02,93786,93787,1,False
test4.csv,development,GCAD-prediction_s10,0.02,93791,93793,2,False
test4.csv,development,GCAD-prediction_s10,0.02,93797,93798,1,False
test4.csv,development,GCAD-prediction_s10,0.02,93801,93842,41,False
test4.csv,development,GCAD-prediction_s10,0.02,93852,93853,1,False
test4.csv,development,GCAD-prediction_s10,0.02,93903,93908,5,False
test4.csv,development,GCAD-prediction_s10,0.02,93911,93931,20,False
test4.csv,development,GCAD-prediction_s10,0.02,93934,93955,21,False
test4.csv,development,GCAD-prediction_s10,0.02,93994,93996,2,False
test4.csv,development,GCAD-prediction_s10,0.02,94201,94266,65,False
test4.csv,development,GCAD-prediction_s10,0.02,95057,95160,103,False
test4.csv,development,GCAD-prediction_s10,0.02,95169,95178,9,False
test4.csv,development,GCAD-prediction_s10,0.02,95181,95182,1,False
test4.csv,development,GCAD-prediction_s10,0.02,97666,97668,2,False
test4.csv,development,GCAD-prediction_s10,0.02,98101,98103,2,False
test4.csv,development,GCAD-prediction_s10,0.02,98107,98109,2,False
test4.csv,development,GCAD-prediction_s10,0.02,98113,98116,3,False
test4.csv,development,GCAD-prediction_s10,0.02,98119,98127,8,False
test4.csv,development,GCAD-prediction_s10,0.02,100532,100594,62,False
test4.csv,development,GCAD-prediction_s10,0.02,100789,100825,36,False
test4.csv,development,GCAD-prediction_s10,0.02,101965,101978,13,False
test4.csv,development,GCAD-prediction_s10,0.02,102002,102003,1,False
test4.csv,development,GCAD-prediction_s10,0.02,102052,102056,4,False
test4.csv,development,GCAD-prediction_s10,0.02,102063,102148,85,False
test4.csv,development,GCAD-prediction_s10,0.02,104983,104989,6,False
test4.csv,development,GCAD-prediction_s10,0.02,104994,105085,91,False
test4.csv,development,GCAD-prediction_s10,0.02,105318,105325,7,False
test4.csv,development,GCAD-prediction_s10,0.02,105334,105335,1,False
test4.csv,development,GCAD-prediction_s10,0.02,105340,105352,12,False
test4.csv,development,GCAD-prediction_s10,0.02,105448,105456,8,False
test4.csv,development,GCAD-prediction_s10,0.02,105460,105540,80,False
test4.csv,development,GCAD-prediction_s10,0.02,106280,106357,77,False
test4.csv,development,GCAD-prediction_s10,0.02,110483,110484,1,False
test4.csv,development,GCAD-prediction_s10,0.02,110489,110713,224,False
test4.csv,development,GCAD-prediction_s10,0.02,113619,113682,63,False
test4.csv,development,GCAD-prediction_s10,0.02,115490,115492,2,False
test4.csv,development,GCAD-prediction_s10,0.02,115502,115510,8,False
test4.csv,development,GCAD-prediction_s10,0.02,115515,115566,51,False
test4.csv,development,GCAD-prediction_s10,0.02,116741,116817,76,False
test4.csv,development,GCAD-prediction_s10,0.02,116884,116886,2,False
test4.csv,development,GCAD-prediction_s10,0.02,116890,116891,1,False
test4.csv,development,GCAD-prediction_s10,0.02,117011,117070,59,False
test4.csv,development,GCAD-prediction_s10,0.02,117076,117078,2,False
test4.csv,development,GCAD-prediction_s10,0.02,117111,117117,6,False
test4.csv,development,GCAD-prediction_s10,0.02,117135,117136,1,False
test4.csv,development,GCAD-prediction_s10,0.02,117141,117154,13,False
test4.csv,development,GCAD-prediction_s10,0.02,117781,117782,1,False
test4.csv,development,GCAD-prediction_s10,0.02,117787,117795,8,False
test4.csv,development,GCAD-prediction_s10,0.02,117803,117804,1,False
test4.csv,development,GCAD-prediction_s10,0.02,122987,122988,1,False
test4.csv,development,GCAD-prediction_s10,0.02,122992,122995,3,False
test4.csv,development,GCAD-prediction_s10,0.02,123004,123021,17,False
test4.csv,development,GCAD-prediction_s10,0.02,123178,123189,11,False
test4.csv,development,GCAD-prediction_s10,0.02,123206,123260,54,False
test4.csv,development,GCAD-prediction_s10,0.02,124089,124099,10,False
test4.csv,development,GCAD-prediction_s10,0.02,124102,124110,8,False
test4.csv,development,GCAD-prediction_s10,0.02,124113,124120,7,False
test4.csv,development,GCAD-prediction_s10,0.02,124124,124126,2,False
test4.csv,development,GCAD-prediction_s10,0.02,124130,124131,1,False
test4.csv,development,GCAD-prediction_s10,0.02,124164,124165,1,False
test4.csv,development,GCAD-prediction_s10,0.02,124168,124172,4,False
test4.csv,development,GCAD-prediction_s10,0.02,128060,128061,1,False
test4.csv,development,GCAD-prediction_s10,0.02,128067,128068,1,False
test4.csv,development,GCAD-prediction_s10,0.02,128071,128074,3,False
test4.csv,development,GCAD-prediction_s10,0.02,128081,128088,7,False
test4.csv,development,GCAD-prediction_s10,0.02,128096,128098,2,False
test4.csv,development,GCAD-prediction_s10,0.02,129293,129427,134,False
test4.csv,development,GCAD-prediction_s10,0.02,129432,129495,63,False
test4.csv,development,GCAD-prediction_s10,0.02,129498,129500,2,False
test4.csv,development,GCAD-dependency_s10,0.005,2525,2618,93,True
test4.csv,development,GCAD-dependency_s10,0.005,5182,5262,80,False
test4.csv,development,GCAD-dependency_s10,0.005,7064,7167,103,True
test4.csv,development,GCAD-dependency_s10,0.005,30582,30701,119,True
test4.csv,development,GCAD-dependency_s10,0.005,38524,38538,14,True
test4.csv,development,GCAD-dependency_s10,0.005,56151,56255,104,True
test4.csv,development,GCAD-dependency_s10,0.005,69643,69737,94,True
test4.csv,development,GCAD-dependency_s10,0.005,76664,76759,95,True
test4.csv,development,GCAD-dependency_s10,0.005,91502,91568,66,True
test4.csv,development,GCAD-dependency_s10,0.005,106278,106357,79,False
test4.csv,development,GCAD-dependency_s10,0.01,2525,2622,97,True
test4.csv,development,GCAD-dependency_s10,0.01,3533,3577,44,False
test4.csv,development,GCAD-dependency_s10,0.01,5182,5262,80,False
test4.csv,development,GCAD-dependency_s10,0.01,7064,7168,104,True
test4.csv,development,GCAD-dependency_s10,0.01,7411,7474,63,False
test4.csv,development,GCAD-dependency_s10,0.01,18262,18325,63,False
test4.csv,development,GCAD-dependency_s10,0.01,30582,30701,119,True
test4.csv,development,GCAD-dependency_s10,0.01,30739,30742,3,True
test4.csv,development,GCAD-dependency_s10,0.01,38480,38584,104,True
test4.csv,development,GCAD-dependency_s10,0.01,56151,56256,105,True
test4.csv,development,GCAD-dependency_s10,0.01,61209,61271,62,True
test4.csv,development,GCAD-dependency_s10,0.01,69643,69739,96,True
test4.csv,development,GCAD-dependency_s10,0.01,70196,70258,62,False
test4.csv,development,GCAD-dependency_s10,0.01,76664,76759,95,True
test4.csv,development,GCAD-dependency_s10,0.01,83873,83934,61,False
test4.csv,development,GCAD-dependency_s10,0.01,84695,84755,60,True
test4.csv,development,GCAD-dependency_s10,0.01,91502,91568,66,True
test4.csv,development,GCAD-dependency_s10,0.01,94204,94266,62,False
test4.csv,development,GCAD-dependency_s10,0.01,100634,100765,131,True
test4.csv,development,GCAD-dependency_s10,0.01,105477,105540,63,False
test4.csv,development,GCAD-dependency_s10,0.01,106278,106357,79,False
test4.csv,development,GCAD-dependency_s10,0.02,2525,2622,97,True
test4.csv,development,GCAD-dependency_s10,0.02,3520,3584,64,False
test4.csv,development,GCAD-dependency_s10,0.02,5182,5262,80,False
test4.csv,development,GCAD-dependency_s10,0.02,7063,7174,111,True
test4.csv,development,GCAD-dependency_s10,0.02,7409,7474,65,False
test4.csv,development,GCAD-dependency_s10,0.02,18262,18325,63,False
test4.csv,development,GCAD-dependency_s10,0.02,21448,21508,60,False
test4.csv,development,GCAD-dependency_s10,0.02,26511,26573,62,False
test4.csv,development,GCAD-dependency_s10,0.02,30581,30745,164,True
test4.csv,development,GCAD-dependency_s10,0.02,36203,36253,50,False
test4.csv,development,GCAD-dependency_s10,0.02,38475,38586,111,True
test4.csv,development,GCAD-dependency_s10,0.02,47304,47378,74,True
test4.csv,development,GCAD-dependency_s10,0.02,56151,56261,110,True
test4.csv,development,GCAD-dependency_s10,0.02,61208,61272,64,True
test4.csv,development,GCAD-dependency_s10,0.02,69643,69744,101,True
test4.csv,development,GCAD-dependency_s10,0.02,70195,70258,63,False
test4.csv,development,GCAD-dependency_s10,0.02,72579,72639,60,False
test4.csv,development,GCAD-dependency_s10,0.02,75407,75469,62,False
test4.csv,development,GCAD-dependency_s10,0.02,76664,76765,101,True
test4.csv,development,GCAD-dependency_s10,0.02,83872,83935,63,False
test4.csv,development,GCAD-dependency_s10,0.02,84201,84261,60,True
test4.csv,development,GCAD-dependency_s10,0.02,84693,84756,63,True
test4.csv,development,GCAD-dependency_s10,0.02,91453,91568,115,True
test4.csv,development,GCAD-dependency_s10,0.02,94202,94266,64,False
test4.csv,development,GCAD-dependency_s10,0.02,100628,100768,140,True
test4.csv,development,GCAD-dependency_s10,0.02,105475,105540,65,False
test4.csv,development,GCAD-dependency_s10,0.02,106278,106357,79,False
test4.csv,development,GCAD-dependency_s10,0.02,113620,113682,62,False
test4.csv,development,GCAD-dependency_s10,0.02,126376,126425,49,True
test4.csv,development,GCAD-prediction_s11,0.005,2526,2621,95,True
test4.csv,development,GCAD-prediction_s11,0.005,7064,7167,103,True
test4.csv,development,GCAD-prediction_s11,0.005,7410,7474,64,False
test4.csv,development,GCAD-prediction_s11,0.005,50272,50333,61,False
test4.csv,development,GCAD-prediction_s11,0.005,56151,56255,104,True
test4.csv,development,GCAD-prediction_s11,0.005,69643,69737,94,True
test4.csv,development,GCAD-prediction_s11,0.005,72577,72640,63,False
test4.csv,development,GCAD-prediction_s11,0.005,76664,76759,95,True
test4.csv,development,GCAD-prediction_s11,0.005,77415,77474,59,False
test4.csv,development,GCAD-prediction_s11,0.005,78829,78880,51,False
test4.csv,development,GCAD-prediction_s11,0.005,94202,94264,62,False
test4.csv,development,GCAD-prediction_s11,0.005,117387,117449,62,False
test4.csv,development,GCAD-prediction_s11,0.01,191,252,61,False
test4.csv,development,GCAD-prediction_s11,0.01,2524,2621,97,True
test4.csv,development,GCAD-prediction_s11,0.01,6959,7036,77,True
test4.csv,development,GCAD-prediction_s11,0.01,7064,7167,103,True
test4.csv,development,GCAD-prediction_s11,0.01,7410,7474,64,False
test4.csv,development,GCAD-prediction_s11,0.01,12721,12772,51,False
test4.csv,development,GCAD-prediction_s11,0.01,26513,26573,60,False
test4.csv,development,GCAD-prediction_s11,0.01,30586,30699,113,True
test4.csv,development,GCAD-prediction_s11,0.01,36192,36254,62,False
test4.csv,development,GCAD-prediction_s11,0.01,38480,38577,97,True
test4.csv,development,GCAD-prediction_s11,0.01,50270,50350,80,False
test4.csv,development,GCAD-prediction_s11,0.01,56151,56255,104,True
test4.csv,development,GCAD-prediction_s11,0.01,63238,63302,64,False
test4.csv,development,GCAD-prediction_s11,0.01,69643,69737,94,True
test4.csv,development,GCAD-prediction_s11,0.01,70198,70259,61,False
test4.csv,development,GCAD-prediction_s11,0.01,71696,71776,80,False
test4.csv,development,GCAD-prediction_s11,0.01,72576,72641,65,False
test4.csv,development,GCAD-prediction_s11,0.01,76664,76759,95,True
test4.csv,development,GCAD-prediction_s11,0.01,77414,77477,63,False
test4.csv,development,GCAD-prediction_s11,0.01,78812,78892,80,False
test4.csv,development,GCAD-prediction_s11,0.01,84199,84262,63,True
test4.csv,development,GCAD-prediction_s11,0.01,84693,84756,63,True
test4.csv,development,GCAD-prediction_s11,0.01,89419,89481,62,False
test4.csv,development,GCAD-prediction_s11,0.01,94202,94266,64,False
test4.csv,development,GCAD-prediction_s11,0.01,99628,99690,62,False
test4.csv,development,GCAD-prediction_s11,0.01,100682,100699,17,True
test4.csv,development,GCAD-prediction_s11,0.01,100703,100714,11,True
test4.csv,development,GCAD-prediction_s11,0.01,105475,105540,65,False
test4.csv,development,GCAD-prediction_s11,0.01,106280,106354,74,False
test4.csv,development,GCAD-prediction_s11,0.01,106928,106991,63,False
test4.csv,development,GCAD-prediction_s11,0.01,113621,113684,63,False
test4.csv,development,GCAD-prediction_s11,0.01,117386,117465,79,False
test4.csv,development,GCAD-prediction_s11,0.02,190,268,78,False
test4.csv,development,GCAD-prediction_s11,0.02,1080,1140,60,False
test4.csv,development,GCAD-prediction_s11,0.02,2524,2622,98,True
test4.csv,development,GCAD-prediction_s11,0.02,2881,2941,60,False
test4.csv,development,GCAD-prediction_s11,0.02,3180,3241,61,False
test4.csv,development,GCAD-prediction_s11,0.02,6959,7037,78,True
test4.csv,development,GCAD-prediction_s11,0.02,7063,7167,104,True
test4.csv,development,GCAD-prediction_s11,0.02,7382,7474,92,False
test4.csv,development,GCAD-prediction_s11,0.02,9183,9241,58,False
test4.csv,development,GCAD-prediction_s11,0.02,11283,11341,58,True
test4.csv,development,GCAD-prediction_s11,0.02,12711,12778,67,False
test4.csv,development,GCAD-prediction_s11,0.02,13384,13445,61,False
test4.csv,development,GCAD-prediction_s11,0.02,20285,20345,60,False
test4.csv,development,GCAD-prediction_s11,0.02,20586,20645,59,False
test4.csv,development,GCAD-prediction_s11,0.02,21454,21516,62,False
test4.csv,development,GCAD-prediction_s11,0.02,22687,22748,61,False
test4.csv,development,GCAD-prediction_s11,0.02,26512,26575,63,False
test4.csv,development,GCAD-prediction_s11,0.02,30585,30700,115,True
test4.csv,development,GCAD-prediction_s11,0.02,32891,32953,62,False
test4.csv,development,GCAD-prediction_s11,0.02,36191,36255,64,False
test4.csv,development,GCAD-prediction_s11,0.02,37094,37154,60,False
test4.csv,development,GCAD-prediction_s11,0.02,38474,38581,107,True
test4.csv,development,GCAD-prediction_s11,0.02,39195,39256,61,False
test4.csv,development,GCAD-prediction_s11,0.02,45797,45857,60,False
test4.csv,development,GCAD-prediction_s11,0.02,47538,47598,60,False
test4.csv,development,GCAD-prediction_s11,0.02,48616,48675,59,False
test4.csv,development,GCAD-prediction_s11,0.02,49638,49698,60,False
test4.csv,development,GCAD-prediction_s11,0.02,50270,50350,80,False
test4.csv,development,GCAD-prediction_s11,0.02,56150,56255,105,True
test4.csv,development,GCAD-prediction_s11,0.02,57439,57501,62,False
test4.csv,development,GCAD-prediction_s11,0.02,63238,63302,64,False
test4.csv,development,GCAD-prediction_s11,0.02,67041,67103,62,False
test4.csv,development,GCAD-prediction_s11,0.02,69642,69737,95,True
test4.csv,development,GCAD-prediction_s11,0.02,70197,70260,63,False
test4.csv,development,GCAD-prediction_s11,0.02,70946,71004,58,False
test4.csv,development,GCAD-prediction_s11,0.02,71696,71776,80,False
test4.csv,development,GCAD-prediction_s11,0.02,72576,72641,65,False
test4.csv,development,GCAD-prediction_s11,0.02,73045,73103,58,False
test4.csv,development,GCAD-prediction_s11,0.02,74845,74906,61,False
test4.csv,development,GCAD-prediction_s11,0.02,76663,76759,96,True
test4.csv,development,GCAD-prediction_s11,0.02,76947,77005,58,False
test4.csv,development,GCAD-prediction_s11,0.02,77414,77477,63,False
test4.csv,development,GCAD-prediction_s11,0.02,78746,78807,61,False
test4.csv,development,GCAD-prediction_s11,0.02,78812,78892,80,False
test4.csv,development,GCAD-prediction_s11,0.02,80846,80906,60,False
test4.csv,development,GCAD-prediction_s11,0.02,83875,83927,52,False
test4.csv,development,GCAD-prediction_s11,0.02,84197,84264,67,True
test4.csv,development,GCAD-prediction_s11,0.02,84692,84757,65,True
test4.csv,development,GCAD-prediction_s11,0.02,85648,85709,61,False
test4.csv,development,GCAD-prediction_s11,0.02,87448,87508,60,False
test4.csv,development,GCAD-prediction_s11,0.02,89419,89498,79,False
test4.csv,development,GCAD-prediction_s11,0.02,89549,89610,61,False
test4.csv,development,GCAD-prediction_s11,0.02,91353,91411,58,True
test4.csv,development,GCAD-prediction_s11,0.02,94202,94266,64,False
test4.csv,development,GCAD-prediction_s11,0.02,95253,95311,58,False
test4.csv,development,GCAD-prediction_s11,0.02,96154,96216,62,False
test4.csv,development,GCAD-prediction_s11,0.02,99628,99691,63,False
test4.csv,development,GCAD-prediction_s11,0.02,100649,100748,99,True
test4.csv,development,GCAD-prediction_s11,0.02,105475,105540,65,False
test4.csv,development,GCAD-prediction_s11,0.02,106280,106355,75,False
test4.csv,development,GCAD-prediction_s11,0.02,106515,106575,60,True
test4.csv,development,GCAD-prediction_s11,0.02,106921,106991,70,False
test4.csv,development,GCAD-prediction_s11,0.02,113621,113684,63,False
test4.csv,development,GCAD-prediction_s11,0.02,117386,117466,80,False
test4.csv,development,GCAD-prediction_s11,0.02,126379,126440,61,True
test4.csv,development,GCAD-prediction_s11,0.02,127364,127424,60,False
test4.csv,development,GCAD-dependency_s11,0.005,2525,2618,93,True
test4.csv,development,GCAD-dependency_s11,0.005,7064,7167,103,True
test4.csv,development,GCAD-dependency_s11,0.005,7410,7474,64,False
test4.csv,development,GCAD-dependency_s11,0.005,26511,26575,64,False
test4.csv,development,GCAD-dependency_s11,0.005,30582,30701,119,True
test4.csv,development,GCAD-dependency_s11,0.005,56151,56255,104,True
test4.csv,development,GCAD-dependency_s11,0.005,69643,69737,94,True
test4.csv,development,GCAD-dependency_s11,0.005,70196,70260,64,False
test4.csv,development,GCAD-dependency_s11,0.005,72576,72641,65,False
test4.csv,development,GCAD-dependency_s11,0.005,76664,76759,95,True
test4.csv,development,GCAD-dependency_s11,0.005,92389,92452,63,False
test4.csv,development,GCAD-dependency_s11,0.005,94201,94266,65,False
test4.csv,development,GCAD-dependency_s11,0.005,106280,106354,74,False
test4.csv,development,GCAD-dependency_s11,0.005,113620,113684,64,False
test4.csv,development,GCAD-dependency_s11,0.01,2525,2621,96,True
test4.csv,development,GCAD-dependency_s11,0.01,5186,5259,73,False
test4.csv,development,GCAD-dependency_s11,0.01,7064,7167,103,True
test4.csv,development,GCAD-dependency_s11,0.01,7409,7474,65,False
test4.csv,development,GCAD-dependency_s11,0.01,19632,19696,64,False
test4.csv,development,GCAD-dependency_s11,0.01,26510,26575,65,False
test4.csv,development,GCAD-dependency_s11,0.01,30582,30701,119,True
test4.csv,development,GCAD-dependency_s11,0.01,38477,38581,104,True
test4.csv,development,GCAD-dependency_s11,0.01,48615,48677,62,False
test4.csv,development,GCAD-dependency_s11,0.01,56151,56255,104,True
test4.csv,development,GCAD-dependency_s11,0.01,63238,63302,64,False
test4.csv,development,GCAD-dependency_s11,0.01,69643,69737,94,True
test4.csv,development,GCAD-dependency_s11,0.01,70195,70260,65,False
test4.csv,development,GCAD-dependency_s11,0.01,72576,72641,65,False
test4.csv,development,GCAD-dependency_s11,0.01,76664,76759,95,True
test4.csv,development,GCAD-dependency_s11,0.01,92388,92453,65,False
test4.csv,development,GCAD-dependency_s11,0.01,94201,94266,65,False
test4.csv,development,GCAD-dependency_s11,0.01,100640,100765,125,True
test4.csv,development,GCAD-dependency_s11,0.01,106279,106356,77,False
test4.csv,development,GCAD-dependency_s11,0.01,113619,113684,65,False
test4.csv,development,GCAD-dependency_s11,0.02,2525,2622,97,True
test4.csv,development,GCAD-dependency_s11,0.02,3522,3585,63,False
test4.csv,development,GCAD-dependency_s11,0.02,5183,5261,78,False
test4.csv,development,GCAD-dependency_s11,0.02,6974,7021,47,False
test4.csv,development,GCAD-dependency_s11,0.02,7063,7168,105,True
test4.csv,development,GCAD-dependency_s11,0.02,7409,7474,65,False
test4.csv,development,GCAD-dependency_s11,0.02,12719,12782,63,False
test4.csv,development,GCAD-dependency_s11,0.02,19632,19696,64,False
test4.csv,development,GCAD-dependency_s11,0.02,26510,26575,65,False
test4.csv,development,GCAD-dependency_s11,0.02,29201,29246,45,False
test4.csv,development,GCAD-dependency_s11,0.02,30582,30745,163,True
test4.csv,development,GCAD-dependency_s11,0.02,36195,36254,59,False
test4.csv,development,GCAD-dependency_s11,0.02,38474,38585,111,True
test4.csv,development,GCAD-dependency_s11,0.02,47313,47378,65,True
test4.csv,development,GCAD-dependency_s11,0.02,48614,48677,63,False
test4.csv,development,GCAD-dependency_s11,0.02,50275,50346,71,False
test4.csv,development,GCAD-dependency_s11,0.02,56150,56255,105,True
test4.csv,development,GCAD-dependency_s11,0.02,63237,63302,65,False
test4.csv,development,GCAD-dependency_s11,0.02,69642,69737,95,True
test4.csv,development,GCAD-dependency_s11,0.02,70195,70260,65,False
test4.csv,development,GCAD-dependency_s11,0.02,71705,71774,69,False
test4.csv,development,GCAD-dependency_s11,0.02,72576,72641,65,False
test4.csv,development,GCAD-dependency_s11,0.02,75407,75469,62,False
test4.csv,development,GCAD-dependency_s11,0.02,76664,76759,95,True
test4.csv,development,GCAD-dependency_s11,0.02,77413,77476,63,False
test4.csv,development,GCAD-dependency_s11,0.02,78818,78891,73,False
test4.csv,development,GCAD-dependency_s11,0.02,84202,84259,57,True
test4.csv,development,GCAD-dependency_s11,0.02,84693,84756,63,True
test4.csv,development,GCAD-dependency_s11,0.02,85002,85063,61,False
test4.csv,development,GCAD-dependency_s11,0.02,91454,91568,114,True
test4.csv,development,GCAD-dependency_s11,0.02,92388,92453,65,False
test4.csv,development,GCAD-dependency_s11,0.02,94201,94266,65,False
test4.csv,development,GCAD-dependency_s11,0.02,99328,99390,62,False
test4.csv,development,GCAD-dependency_s11,0.02,99629,99678,49,False
test4.csv,development,GCAD-dependency_s11,0.02,100628,100772,144,True
test4.csv,development,GCAD-dependency_s11,0.02,105478,105519,41,False
test4.csv,development,GCAD-dependency_s11,0.02,106279,106356,77,False
test4.csv,development,GCAD-dependency_s11,0.02,106922,106990,68,False
test4.csv,development,GCAD-dependency_s11,0.02,113619,113684,65,False
test4.csv,development,GCAD-dependency_s11,0.02,126379,126424,45,True
test4.csv,development,GCAD-prediction_s12,0.005,2525,2618,93,True
test4.csv,development,GCAD-prediction_s12,0.005,7064,7167,103,True
test4.csv,development,GCAD-prediction_s12,0.005,7409,7473,64,False
test4.csv,development,GCAD-prediction_s12,0.005,18263,18326,63,False
test4.csv,development,GCAD-prediction_s12,0.005,30584,30672,88,True
test4.csv,development,GCAD-prediction_s12,0.005,56151,56255,104,True
test4.csv,development,GCAD-prediction_s12,0.005,61208,61272,64,True
test4.csv,development,GCAD-prediction_s12,0.005,69643,69737,94,True
test4.csv,development,GCAD-prediction_s12,0.005,72577,72641,64,False
test4.csv,development,GCAD-prediction_s12,0.005,76664,76759,95,True
test4.csv,development,GCAD-prediction_s12,0.005,83872,83936,64,False
test4.csv,development,GCAD-prediction_s12,0.005,91504,91566,62,True
test4.csv,development,GCAD-prediction_s12,0.005,94202,94264,62,False
test4.csv,development,GCAD-prediction_s12,0.005,105475,105540,65,False
test4.csv,development,GCAD-prediction_s12,0.005,106295,106345,50,False
test4.csv,development,GCAD-prediction_s12,0.01,2525,2618,93,True
test4.csv,development,GCAD-prediction_s12,0.01,5183,5251,68,False
test4.csv,development,GCAD-prediction_s12,0.01,7064,7167,103,True
test4.csv,development,GCAD-prediction_s12,0.01,7409,7474,65,False
test4.csv,development,GCAD-prediction_s12,0.01,18263,18326,63,False
test4.csv,development,GCAD-prediction_s12,0.01,30583,30696,113,True
test4.csv,development,GCAD-prediction_s12,0.01,56151,56255,104,True
test4.csv,development,GCAD-prediction_s12,0.01,61207,61272,65,True
test4.csv,development,GCAD-prediction_s12,0.01,69643,69737,94,True
test4.csv,development,GCAD-prediction_s12,0.01,72576,72641,65,False
test4.csv,development,GCAD-prediction_s12,0.01,76664,76759,95,True
test4.csv,development,GCAD-prediction_s12,0.01,83872,83936,64,False
test4.csv,development,GCAD-prediction_s12,0.01,91504,91566,62,True
test4.csv,development,GCAD-prediction_s12,0.01,94202,94265,63,False
test4.csv,development,GCAD-prediction_s12,0.01,105475,105540,65,False
test4.csv,development,GCAD-prediction_s12,0.01,106283,106356,73,False
test4.csv,development,GCAD-prediction_s12,0.02,2525,2618,93,True
test4.csv,development,GCAD-prediction_s12,0.02,4082,4140,58,False
test4.csv,development,GCAD-prediction_s12,0.02,5183,5256,73,False
test4.csv,development,GCAD-prediction_s12,0.02,7064,7167,103,True
test4.csv,development,GCAD-prediction_s12,0.02,7409,7474,65,False
test4.csv,development,GCAD-prediction_s12,0.02,17283,17344,61,False
test4.csv,development,GCAD-prediction_s12,0.02,18262,18327,65,False
test4.csv,development,GCAD-prediction_s12,0.02,30583,30696,113,True
test4.csv,development,GCAD-prediction_s12,0.02,36191,36252,61,False
test4.csv,development,GCAD-prediction_s12,0.02,38514,38548,34,True
test4.csv,development,GCAD-prediction_s12,0.02,49639,49697,58,False
test4.csv,development,GCAD-prediction_s12,0.02,56151,56255,104,True
test4.csv,development,GCAD-prediction_s12,0.02,58337,58398,61,False
test4.csv,development,GCAD-prediction_s12,0.02,61207,61272,65,True
test4.csv,development,GCAD-prediction_s12,0.02,69643,69737,94,True
test4.csv,development,GCAD-prediction_s12,0.02,72576,72641,65,False
test4.csv,development,GCAD-prediction_s12,0.02,76664,76759,95,True
test4.csv,development,GCAD-prediction_s12,0.02,78747,78805,58,False
test4.csv,development,GCAD-prediction_s12,0.02,83872,83937,65,False
test4.csv,development,GCAD-prediction_s12,0.02,91504,91567,63,True
test4.csv,development,GCAD-prediction_s12,0.02,92390,92451,61,False
test4.csv,development,GCAD-prediction_s12,0.02,94202,94266,64,False
test4.csv,development,GCAD-prediction_s12,0.02,94353,94412,59,False
test4.csv,development,GCAD-prediction_s12,0.02,96153,96212,59,False
test4.csv,development,GCAD-prediction_s12,0.02,98551,98612,61,False
test4.csv,development,GCAD-prediction_s12,0.02,103057,103115,58,False
test4.csv,development,GCAD-prediction_s12,0.02,105475,105540,65,False
test4.csv,development,GCAD-prediction_s12,0.02,106282,106357,75,False
test4.csv,development,GCAD-prediction_s12,0.02,113620,113682,62,False
test4.csv,development,GCAD-dependency_s12,0.005,2525,2618,93,True
test4.csv,development,GCAD-dependency_s12,0.005,7064,7167,103,True
test4.csv,development,GCAD-dependency_s12,0.005,7409,7474,65,False
test4.csv,development,GCAD-dependency_s12,0.005,18262,18326,64,False
test4.csv,development,GCAD-dependency_s12,0.005,30582,30701,119,True
test4.csv,development,GCAD-dependency_s12,0.005,56151,56255,104,True
test4.csv,development,GCAD-dependency_s12,0.005,61208,61272,64,True
test4.csv,development,GCAD-dependency_s12,0.005,69643,69737,94,True
test4.csv,development,GCAD-dependency_s12,0.005,72576,72641,65,False
test4.csv,development,GCAD-dependency_s12,0.005,76664,76759,95,True
test4.csv,development,GCAD-dependency_s12,0.005,94201,94266,65,False
test4.csv,development,GCAD-dependency_s12,0.01,2525,2621,96,True
test4.csv,development,GCAD-dependency_s12,0.01,5187,5254,67,False
test4.csv,development,GCAD-dependency_s12,0.01,7064,7168,104,True
test4.csv,development,GCAD-dependency_s12,0.01,7409,7474,65,False
test4.csv,development,GCAD-dependency_s12,0.01,18262,18327,65,False
test4.csv,development,GCAD-dependency_s12,0.01,30582,30743,161,True
test4.csv,development,GCAD-dependency_s12,0.01,38476,38584,108,True
test4.csv,development,GCAD-dependency_s12,0.01,56151,56255,104,True
test4.csv,development,GCAD-dependency_s12,0.01,61207,61272,65,True
test4.csv,development,GCAD-dependency_s12,0.01,69643,69738,95,True
test4.csv,development,GCAD-dependency_s12,0.01,72576,72641,65,False
test4.csv,development,GCAD-dependency_s12,0.01,76664,76759,95,True
test4.csv,development,GCAD-dependency_s12,0.01,83872,83936,64,False
test4.csv,development,GCAD-dependency_s12,0.01,91502,91567,65,True
test4.csv,development,GCAD-dependency_s12,0.01,94201,94266,65,False
test4.csv,development,GCAD-dependency_s12,0.01,100632,100750,118,True
test4.csv,development,GCAD-dependency_s12,0.01,105475,105540,65,False
test4.csv,development,GCAD-dependency_s12,0.01,106283,106352,69,False
test4.csv,development,GCAD-dependency_s12,0.02,2525,2622,97,True
test4.csv,development,GCAD-dependency_s12,0.02,3519,3585,66,False
test4.csv,development,GCAD-dependency_s12,0.02,5183,5258,75,False
test4.csv,development,GCAD-dependency_s12,0.02,7063,7170,107,True
test4.csv,development,GCAD-dependency_s12,0.02,7409,7474,65,False
test4.csv,development,GCAD-dependency_s12,0.02,18262,18327,65,False
test4.csv,development,GCAD-dependency_s12,0.02,30582,30746,164,True
test4.csv,development,GCAD-dependency_s12,0.02,38475,38586,111,True
test4.csv,development,GCAD-dependency_s12,0.02,47299,47384,85,True
test4.csv,development,GCAD-dependency_s12,0.02,56151,56256,105,True
test4.csv,development,GCAD-dependency_s12,0.02,61207,61272,65,True
test4.csv,development,GCAD-dependency_s12,0.02,69642,69739,97,True
test4.csv,development,GCAD-dependency_s12,0.02,71705,71764,59,False
test4.csv,development,GCAD-dependency_s12,0.02,72576,72641,65,False
test4.csv,development,GCAD-dependency_s12,0.02,75419,75463,44,False
test4.csv,development,GCAD-dependency_s12,0.02,76663,76760,97,True
test4.csv,development,GCAD-dependency_s12,0.02,83872,83936,64,False
test4.csv,development,GCAD-dependency_s12,0.02,84200,84261,61,True
test4.csv,development,GCAD-dependency_s12,0.02,91455,91567,112,True
test4.csv,development,GCAD-dependency_s12,0.02,94201,94266,65,False
test4.csv,development,GCAD-dependency_s12,0.02,100628,100766,138,True
test4.csv,development,GCAD-dependency_s12,0.02,105475,105540,65,False
test4.csv,development,GCAD-dependency_s12,0.02,106282,106356,74,False
test4.csv,development,GCAD-dependency_s12,0.02,113676,113681,5,False
test4.csv,development,GCAD-dependency_s12,0.02,126365,126428,63,True
