file,role,view,method,alpha,event_id,start,end_exclusive,length,detected,any_hit,pre_alarm,delay,capped_delay,normalized_capped_delay,alarm_points,alarm_fraction,longest_alarm_seconds,new_episodes
test1.csv,confirmation_cohort_posthoc,native,S_Q3,0.005,test1_A01,20481,20672,191,False,False,False,,191,1.0,0,0.0,0,0
test1.csv,confirmation_cohort_posthoc,native,S_Q3,0.005,test1_A02,26351,26406,55,False,False,False,,55,1.0,0,0.0,0,0
test1.csv,confirmation_cohort_posthoc,native,S_Q3,0.005,test1_A03,41112,41239,127,False,False,False,,127,1.0,0,0.0,0,0
test1.csv,confirmation_cohort_posthoc,native,S_Q3,0.005,test1_A04,56351,56406,55,False,False,False,,55,1.0,0,0.0,0,0
test1.csv,confirmation_cohort_posthoc,native,S_Q3,0.005,test1_A05,60136,60433,297,False,False,False,,297,1.0,0,0.0,0,0
test1.csv,confirmation_cohort_posthoc,native,S_Q3,0.005,test1_A06,69675,69767,92,False,False,False,,92,1.0,0,0.0,0,0
test1.csv,confirmation_cohort_posthoc,native,S_Q3,0.005,test1_A07,81319,81387,68,False,False,False,,68,1.0,0,0.0,0,0
test1.csv,confirmation_cohort_posthoc,common81,S_Q3,0.005,test1_A01,20481,20672,191,False,False,False,,191,1.0,0,0.0,0,0
test1.csv,confirmation_cohort_posthoc,common81,S_Q3,0.005,test1_A02,26351,26406,55,False,False,False,,55,1.0,0,0.0,0,0
test1.csv,confirmation_cohort_posthoc,common81,S_Q3,0.005,test1_A03,41112,41239,127,False,False,False,,127,1.0,0,0.0,0,0
test1.csv,confirmation_cohort_posthoc,common81,S_Q3,0.005,test1_A04,56351,56406,55,False,False,False,,55,1.0,0,0.0,0,0
test1.csv,confirmation_cohort_posthoc,common81,S_Q3,0.005,test1_A05,60136,60433,297,False,False,False,,297,1.0,0,0.0,0,0
test1.csv,confirmation_cohort_posthoc,common81,S_Q3,0.005,test1_A06,69675,69767,92,False,False,False,,92,1.0,0,0.0,0,0
test1.csv,confirmation_cohort_posthoc,common81,S_Q3,0.005,test1_A07,81319,81387,68,False,False,False,,68,1.0,0,0.0,0,0
test1.csv,confirmation_cohort_posthoc,native,S_Q3,0.01,test1_A01,20481,20672,191,False,False,False,,191,1.0,0,0.0,0,0
test1.csv,confirmation_cohort_posthoc,native,S_Q3,0.01,test1_A02,26351,26406,55,False,False,False,,55,1.0,0,0.0,0,0
test1.csv,confirmation_cohort_posthoc,native,S_Q3,0.01,test1_A03,41112,41239,127,False,False,False,,127,1.0,0,0.0,0,0
test1.csv,confirmation_cohort_posthoc,native,S_Q3,0.01,test1_A04,56351,56406,55,False,False,False,,55,1.0,0,0.0,0,0
test1.csv,confirmation_cohort_posthoc,native,S_Q3,0.01,test1_A05,60136,60433,297,False,False,False,,297,1.0,0,0.0,0,0
test1.csv,confirmation_cohort_posthoc,native,S_Q3,0.01,test1_A06,69675,69767,92,False,False,False,,92,1.0,0,0.0,0,0
test1.csv,confirmation_cohort_posthoc,native,S_Q3,0.01,test1_A07,81319,81387,68,False,False,False,,68,1.0,0,0.0,0,0
test1.csv,confirmation_cohort_posthoc,common81,S_Q3,0.01,test1_A01,20481,20672,191,False,False,False,,191,1.0,0,0.0,0,0
test1.csv,confirmation_cohort_posthoc,common81,S_Q3,0.01,test1_A02,26351,26406,55,False,False,False,,55,1.0,0,0.0,0,0
test1.csv,confirmation_cohort_posthoc,common81,S_Q3,0.01,test1_A03,41112,41239,127,False,False,False,,127,1.0,0,0.0,0,0
test1.csv,confirmation_cohort_posthoc,common81,S_Q3,0.01,test1_A04,56351,56406,55,False,False,False,,55,1.0,0,0.0,0,0
test1.csv,confirmation_cohort_posthoc,common81,S_Q3,0.01,test1_A05,60136,60433,297,False,False,False,,297,1.0,0,0.0,0,0
test1.csv,confirmation_cohort_posthoc,common81,S_Q3,0.01,test1_A06,69675,69767,92,False,False,False,,92,1.0,0,0.0,0,0
test1.csv,confirmation_cohort_posthoc,common81,S_Q3,0.01,test1_A07,81319,81387,68,False,False,False,,68,1.0,0,0.0,0,0
test1.csv,confirmation_cohort_posthoc,native,S_Q3,0.02,test1_A01,20481,20672,191,False,False,False,,191,1.0,0,0.0,0,0
test1.csv,confirmation_cohort_posthoc,native,S_Q3,0.02,test1_A02,26351,26406,55,False,False,False,,55,1.0,0,0.0,0,0
test1.csv,confirmation_cohort_posthoc,native,S_Q3,0.02,test1_A03,41112,41239,127,False,False,False,,127,1.0,0,0.0,0,0
test1.csv,confirmation_cohort_posthoc,native,S_Q3,0.02,test1_A04,56351,56406,55,False,False,False,,55,1.0,0,0.0,0,0
test1.csv,confirmation_cohort_posthoc,native,S_Q3,0.02,test1_A05,60136,60433,297,False,False,False,,297,1.0,0,0.0,0,0
test1.csv,confirmation_cohort_posthoc,native,S_Q3,0.02,test1_A06,69675,69767,92,False,False,False,,92,1.0,0,0.0,0,0
test1.csv,confirmation_cohort_posthoc,native,S_Q3,0.02,test1_A07,81319,81387,68,False,False,False,,68,1.0,0,0.0,0,0
test1.csv,confirmation_cohort_posthoc,common81,S_Q3,0.02,test1_A01,20481,20672,191,False,False,False,,191,1.0,0,0.0,0,0
test1.csv,confirmation_cohort_posthoc,common81,S_Q3,0.02,test1_A02,26351,26406,55,False,False,False,,55,1.0,0,0.0,0,0
test1.csv,confirmation_cohort_posthoc,common81,S_Q3,0.02,test1_A03,41112,41239,127,False,False,False,,127,1.0,0,0.0,0,0
test1.csv,confirmation_cohort_posthoc,common81,S_Q3,0.02,test1_A04,56351,56406,55,False,False,False,,55,1.0,0,0.0,0,0
test1.csv,confirmation_cohort_posthoc,common81,S_Q3,0.02,test1_A05,60136,60433,297,False,False,False,,297,1.0,0,0.0,0,0
test1.csv,confirmation_cohort_posthoc,common81,S_Q3,0.02,test1_A06,69675,69767,92,False,False,False,,92,1.0,0,0.0,0,0
test1.csv,confirmation_cohort_posthoc,common81,S_Q3,0.02,test1_A07,81319,81387,68,False,False,False,,68,1.0,0,0.0,0,0
test1.csv,confirmation_cohort_posthoc,native,Jr_Q3,0.005,test1_A01,20481,20672,191,False,False,False,,191,1.0,0,0.0,0,0
test1.csv,confirmation_cohort_posthoc,native,Jr_Q3,0.005,test1_A02,26351,26406,55,False,False,False,,55,1.0,0,0.0,0,0
test1.csv,confirmation_cohort_posthoc,native,Jr_Q3,0.005,test1_A03,41112,41239,127,False,False,False,,127,1.0,0,0.0,0,0
test1.csv,confirmation_cohort_posthoc,native,Jr_Q3,0.005,test1_A04,56351,56406,55,False,False,False,,55,1.0,0,0.0,0,0
test1.csv,confirmation_cohort_posthoc,native,Jr_Q3,0.005,test1_A05,60136,60433,297,False,False,False,,297,1.0,0,0.0,0,0
test1.csv,confirmation_cohort_posthoc,native,Jr_Q3,0.005,test1_A06,69675,69767,92,False,False,False,,92,1.0,0,0.0,0,0
test1.csv,confirmation_cohort_posthoc,native,Jr_Q3,0.005,test1_A07,81319,81387,68,False,False,False,,68,1.0,0,0.0,0,0
test1.csv,confirmation_cohort_posthoc,common81,Jr_Q3,0.005,test1_A01,20481,20672,191,False,False,False,,191,1.0,0,0.0,0,0
test1.csv,confirmation_cohort_posthoc,common81,Jr_Q3,0.005,test1_A02,26351,26406,55,False,False,False,,55,1.0,0,0.0,0,0
test1.csv,confirmation_cohort_posthoc,common81,Jr_Q3,0.005,test1_A03,41112,41239,127,False,False,False,,127,1.0,0,0.0,0,0
test1.csv,confirmation_cohort_posthoc,common81,Jr_Q3,0.005,test1_A04,56351,56406,55,False,False,False,,55,1.0,0,0.0,0,0
test1.csv,confirmation_cohort_posthoc,common81,Jr_Q3,0.005,test1_A05,60136,60433,297,False,False,False,,297,1.0,0,0.0,0,0
test1.csv,confirmation_cohort_posthoc,common81,Jr_Q3,0.005,test1_A06,69675,69767,92,False,False,False,,92,1.0,0,0.0,0,0
test1.csv,confirmation_cohort_posthoc,common81,Jr_Q3,0.005,test1_A07,81319,81387,68,False,False,False,,68,1.0,0,0.0,0,0
test1.csv,confirmation_cohort_posthoc,native,Jr_Q3,0.01,test1_A01,20481,20672,191,False,False,False,,191,1.0,0,0.0,0,0
test1.csv,confirmation_cohort_posthoc,native,Jr_Q3,0.01,test1_A02,26351,26406,55,False,False,False,,55,1.0,0,0.0,0,0
test1.csv,confirmation_cohort_posthoc,native,Jr_Q3,0.01,test1_A03,41112,41239,127,False,False,False,,127,1.0,0,0.0,0,0
test1.csv,confirmation_cohort_posthoc,native,Jr_Q3,0.01,test1_A04,56351,56406,55,False,False,False,,55,1.0,0,0.0,0,0
test1.csv,confirmation_cohort_posthoc,native,Jr_Q3,0.01,test1_A05,60136,60433,297,False,False,False,,297,1.0,0,0.0,0,0
test1.csv,confirmation_cohort_posthoc,native,Jr_Q3,0.01,test1_A06,69675,69767,92,False,False,False,,92,1.0,0,0.0,0,0
test1.csv,confirmation_cohort_posthoc,native,Jr_Q3,0.01,test1_A07,81319,81387,68,False,False,False,,68,1.0,0,0.0,0,0
test1.csv,confirmation_cohort_posthoc,common81,Jr_Q3,0.01,test1_A01,20481,20672,191,False,False,False,,191,1.0,0,0.0,0,0
test1.csv,confirmation_cohort_posthoc,common81,Jr_Q3,0.01,test1_A02,26351,26406,55,False,False,False,,55,1.0,0,0.0,0,0
test1.csv,confirmation_cohort_posthoc,common81,Jr_Q3,0.01,test1_A03,41112,41239,127,False,False,False,,127,1.0,0,0.0,0,0
test1.csv,confirmation_cohort_posthoc,common81,Jr_Q3,0.01,test1_A04,56351,56406,55,False,False,False,,55,1.0,0,0.0,0,0
test1.csv,confirmation_cohort_posthoc,common81,Jr_Q3,0.01,test1_A05,60136,60433,297,False,False,False,,297,1.0,0,0.0,0,0
test1.csv,confirmation_cohort_posthoc,common81,Jr_Q3,0.01,test1_A06,69675,69767,92,False,False,False,,92,1.0,0,0.0,0,0
test1.csv,confirmation_cohort_posthoc,common81,Jr_Q3,0.01,test1_A07,81319,81387,68,False,False,False,,68,1.0,0,0.0,0,0
test1.csv,confirmation_cohort_posthoc,native,Jr_Q3,0.02,test1_A01,20481,20672,191,False,False,False,,191,1.0,0,0.0,0,0
test1.csv,confirmation_cohort_posthoc,native,Jr_Q3,0.02,test1_A02,26351,26406,55,False,False,False,,55,1.0,0,0.0,0,0
test1.csv,confirmation_cohort_posthoc,native,Jr_Q3,0.02,test1_A03,41112,41239,127,False,False,False,,127,1.0,0,0.0,0,0
test1.csv,confirmation_cohort_posthoc,native,Jr_Q3,0.02,test1_A04,56351,56406,55,False,False,False,,55,1.0,0,0.0,0,0
test1.csv,confirmation_cohort_posthoc,native,Jr_Q3,0.02,test1_A05,60136,60433,297,False,False,False,,297,1.0,0,0.0,0,0
test1.csv,confirmation_cohort_posthoc,native,Jr_Q3,0.02,test1_A06,69675,69767,92,False,False,False,,92,1.0,0,0.0,0,0
test1.csv,confirmation_cohort_posthoc,native,Jr_Q3,0.02,test1_A07,81319,81387,68,False,False,False,,68,1.0,0,0.0,0,0
test1.csv,confirmation_cohort_posthoc,common81,Jr_Q3,0.02,test1_A01,20481,20672,191,False,False,False,,191,1.0,0,0.0,0,0
test1.csv,confirmation_cohort_posthoc,common81,Jr_Q3,0.02,test1_A02,26351,26406,55,False,False,False,,55,1.0,0,0.0,0,0
test1.csv,confirmation_cohort_posthoc,common81,Jr_Q3,0.02,test1_A03,41112,41239,127,False,False,False,,127,1.0,0,0.0,0,0
test1.csv,confirmation_cohort_posthoc,common81,Jr_Q3,0.02,test1_A04,56351,56406,55,False,False,False,,55,1.0,0,0.0,0,0
test1.csv,confirmation_cohort_posthoc,common81,Jr_Q3,0.02,test1_A05,60136,60433,297,False,False,False,,297,1.0,0,0.0,0,0
test1.csv,confirmation_cohort_posthoc,common81,Jr_Q3,0.02,test1_A06,69675,69767,92,False,False,False,,92,1.0,0,0.0,0,0
test1.csv,confirmation_cohort_posthoc,common81,Jr_Q3,0.02,test1_A07,81319,81387,68,False,False,False,,68,1.0,0,0.0,0,0
test1.csv,confirmation_cohort_posthoc,native,Dr_Q3,0.005,test1_A01,20481,20672,191,False,False,False,,191,1.0,0,0.0,0,0
test1.csv,confirmation_cohort_posthoc,native,Dr_Q3,0.005,test1_A02,26351,26406,55,False,False,False,,55,1.0,0,0.0,0,0
test1.csv,confirmation_cohort_posthoc,native,Dr_Q3,0.005,test1_A03,41112,41239,127,False,False,False,,127,1.0,0,0.0,0,0
test1.csv,confirmation_cohort_posthoc,native,Dr_Q3,0.005,test1_A04,56351,56406,55,False,False,False,,55,1.0,0,0.0,0,0
test1.csv,confirmation_cohort_posthoc,native,Dr_Q3,0.005,test1_A05,60136,60433,297,False,False,False,,297,1.0,0,0.0,0,0
test1.csv,confirmation_cohort_posthoc,native,Dr_Q3,0.005,test1_A06,69675,69767,92,False,False,False,,92,1.0,0,0.0,0,0
test1.csv,confirmation_cohort_posthoc,native,Dr_Q3,0.005,test1_A07,81319,81387,68,False,False,False,,68,1.0,0,0.0,0,0
test1.csv,confirmation_cohort_posthoc,common81,Dr_Q3,0.005,test1_A01,20481,20672,191,False,False,False,,191,1.0,0,0.0,0,0
test1.csv,confirmation_cohort_posthoc,common81,Dr_Q3,0.005,test1_A02,26351,26406,55,False,False,False,,55,1.0,0,0.0,0,0
test1.csv,confirmation_cohort_posthoc,common81,Dr_Q3,0.005,test1_A03,41112,41239,127,False,False,False,,127,1.0,0,0.0,0,0
test1.csv,confirmation_cohort_posthoc,common81,Dr_Q3,0.005,test1_A04,56351,56406,55,False,False,False,,55,1.0,0,0.0,0,0
test1.csv,confirmation_cohort_posthoc,common81,Dr_Q3,0.005,test1_A05,60136,60433,297,False,False,False,,297,1.0,0,0.0,0,0
test1.csv,confirmation_cohort_posthoc,common81,Dr_Q3,0.005,test1_A06,69675,69767,92,False,False,False,,92,1.0,0,0.0,0,0
test1.csv,confirmation_cohort_posthoc,common81,Dr_Q3,0.005,test1_A07,81319,81387,68,False,False,False,,68,1.0,0,0.0,0,0
test1.csv,confirmation_cohort_posthoc,native,Dr_Q3,0.01,test1_A01,20481,20672,191,False,False,False,,191,1.0,0,0.0,0,0
test1.csv,confirmation_cohort_posthoc,native,Dr_Q3,0.01,test1_A02,26351,26406,55,False,False,False,,55,1.0,0,0.0,0,0
test1.csv,confirmation_cohort_posthoc,native,Dr_Q3,0.01,test1_A03,41112,41239,127,False,False,False,,127,1.0,0,0.0,0,0
test1.csv,confirmation_cohort_posthoc,native,Dr_Q3,0.01,test1_A04,56351,56406,55,False,False,False,,55,1.0,0,0.0,0,0
test1.csv,confirmation_cohort_posthoc,native,Dr_Q3,0.01,test1_A05,60136,60433,297,False,False,False,,297,1.0,0,0.0,0,0
test1.csv,confirmation_cohort_posthoc,native,Dr_Q3,0.01,test1_A06,69675,69767,92,False,False,False,,92,1.0,0,0.0,0,0
test1.csv,confirmation_cohort_posthoc,native,Dr_Q3,0.01,test1_A07,81319,81387,68,False,False,False,,68,1.0,0,0.0,0,0
test1.csv,confirmation_cohort_posthoc,common81,Dr_Q3,0.01,test1_A01,20481,20672,191,False,False,False,,191,1.0,0,0.0,0,0
test1.csv,confirmation_cohort_posthoc,common81,Dr_Q3,0.01,test1_A02,26351,26406,55,False,False,False,,55,1.0,0,0.0,0,0
test1.csv,confirmation_cohort_posthoc,common81,Dr_Q3,0.01,test1_A03,41112,41239,127,False,False,False,,127,1.0,0,0.0,0,0
test1.csv,confirmation_cohort_posthoc,common81,Dr_Q3,0.01,test1_A04,56351,56406,55,False,False,False,,55,1.0,0,0.0,0,0
test1.csv,confirmation_cohort_posthoc,common81,Dr_Q3,0.01,test1_A05,60136,60433,297,False,False,False,,297,1.0,0,0.0,0,0
test1.csv,confirmation_cohort_posthoc,common81,Dr_Q3,0.01,test1_A06,69675,69767,92,False,False,False,,92,1.0,0,0.0,0,0
test1.csv,confirmation_cohort_posthoc,common81,Dr_Q3,0.01,test1_A07,81319,81387,68,False,False,False,,68,1.0,0,0.0,0,0
test1.csv,confirmation_cohort_posthoc,native,Dr_Q3,0.02,test1_A01,20481,20672,191,False,False,False,,191,1.0,0,0.0,0,0
test1.csv,confirmation_cohort_posthoc,native,Dr_Q3,0.02,test1_A02,26351,26406,55,False,False,False,,55,1.0,0,0.0,0,0
test1.csv,confirmation_cohort_posthoc,native,Dr_Q3,0.02,test1_A03,41112,41239,127,False,False,False,,127,1.0,0,0.0,0,0
test1.csv,confirmation_cohort_posthoc,native,Dr_Q3,0.02,test1_A04,56351,56406,55,False,False,False,,55,1.0,0,0.0,0,0
test1.csv,confirmation_cohort_posthoc,native,Dr_Q3,0.02,test1_A05,60136,60433,297,False,False,False,,297,1.0,0,0.0,0,0
test1.csv,confirmation_cohort_posthoc,native,Dr_Q3,0.02,test1_A06,69675,69767,92,False,False,False,,92,1.0,0,0.0,0,0
test1.csv,confirmation_cohort_posthoc,native,Dr_Q3,0.02,test1_A07,81319,81387,68,False,False,False,,68,1.0,0,0.0,0,0
test1.csv,confirmation_cohort_posthoc,common81,Dr_Q3,0.02,test1_A01,20481,20672,191,False,False,False,,191,1.0,0,0.0,0,0
test1.csv,confirmation_cohort_posthoc,common81,Dr_Q3,0.02,test1_A02,26351,26406,55,False,False,False,,55,1.0,0,0.0,0,0
test1.csv,confirmation_cohort_posthoc,common81,Dr_Q3,0.02,test1_A03,41112,41239,127,False,False,False,,127,1.0,0,0.0,0,0
test1.csv,confirmation_cohort_posthoc,common81,Dr_Q3,0.02,test1_A04,56351,56406,55,False,False,False,,55,1.0,0,0.0,0,0
test1.csv,confirmation_cohort_posthoc,common81,Dr_Q3,0.02,test1_A05,60136,60433,297,False,False,False,,297,1.0,0,0.0,0,0
test1.csv,confirmation_cohort_posthoc,common81,Dr_Q3,0.02,test1_A06,69675,69767,92,False,False,False,,92,1.0,0,0.0,0,0
test1.csv,confirmation_cohort_posthoc,common81,Dr_Q3,0.02,test1_A07,81319,81387,68,False,False,False,,68,1.0,0,0.0,0,0
test1.csv,confirmation_cohort_posthoc,native,PairError-Q3,0.005,test1_A01,20481,20672,191,False,False,False,,191,1.0,0,0.0,0,0
test1.csv,confirmation_cohort_posthoc,native,PairError-Q3,0.005,test1_A02,26351,26406,55,False,False,False,,55,1.0,0,0.0,0,0
test1.csv,confirmation_cohort_posthoc,native,PairError-Q3,0.005,test1_A03,41112,41239,127,False,False,False,,127,1.0,0,0.0,0,0
test1.csv,confirmation_cohort_posthoc,native,PairError-Q3,0.005,test1_A04,56351,56406,55,False,False,False,,55,1.0,0,0.0,0,0
test1.csv,confirmation_cohort_posthoc,native,PairError-Q3,0.005,test1_A05,60136,60433,297,False,False,False,,297,1.0,0,0.0,0,0
test1.csv,confirmation_cohort_posthoc,native,PairError-Q3,0.005,test1_A06,69675,69767,92,False,False,False,,92,1.0,0,0.0,0,0
test1.csv,confirmation_cohort_posthoc,native,PairError-Q3,0.005,test1_A07,81319,81387,68,False,False,False,,68,1.0,0,0.0,0,0
test1.csv,confirmation_cohort_posthoc,common81,PairError-Q3,0.005,test1_A01,20481,20672,191,False,False,False,,191,1.0,0,0.0,0,0
test1.csv,confirmation_cohort_posthoc,common81,PairError-Q3,0.005,test1_A02,26351,26406,55,False,False,False,,55,1.0,0,0.0,0,0
test1.csv,confirmation_cohort_posthoc,common81,PairError-Q3,0.005,test1_A03,41112,41239,127,False,False,False,,127,1.0,0,0.0,0,0
test1.csv,confirmation_cohort_posthoc,common81,PairError-Q3,0.005,test1_A04,56351,56406,55,False,False,False,,55,1.0,0,0.0,0,0
test1.csv,confirmation_cohort_posthoc,common81,PairError-Q3,0.005,test1_A05,60136,60433,297,False,False,False,,297,1.0,0,0.0,0,0
test1.csv,confirmation_cohort_posthoc,common81,PairError-Q3,0.005,test1_A06,69675,69767,92,False,False,False,,92,1.0,0,0.0,0,0
test1.csv,confirmation_cohort_posthoc,common81,PairError-Q3,0.005,test1_A07,81319,81387,68,False,False,False,,68,1.0,0,0.0,0,0
test1.csv,confirmation_cohort_posthoc,native,PairError-Q3,0.01,test1_A01,20481,20672,191,False,False,False,,191,1.0,0,0.0,0,0
test1.csv,confirmation_cohort_posthoc,native,PairError-Q3,0.01,test1_A02,26351,26406,55,False,False,False,,55,1.0,0,0.0,0,0
test1.csv,confirmation_cohort_posthoc,native,PairError-Q3,0.01,test1_A03,41112,41239,127,False,False,False,,127,1.0,0,0.0,0,0
test1.csv,confirmation_cohort_posthoc,native,PairError-Q3,0.01,test1_A04,56351,56406,55,False,False,False,,55,1.0,0,0.0,0,0
test1.csv,confirmation_cohort_posthoc,native,PairError-Q3,0.01,test1_A05,60136,60433,297,False,False,False,,297,1.0,0,0.0,0,0
test1.csv,confirmation_cohort_posthoc,native,PairError-Q3,0.01,test1_A06,69675,69767,92,False,False,False,,92,1.0,0,0.0,0,0
test1.csv,confirmation_cohort_posthoc,native,PairError-Q3,0.01,test1_A07,81319,81387,68,False,False,False,,68,1.0,0,0.0,0,0
test1.csv,confirmation_cohort_posthoc,common81,PairError-Q3,0.01,test1_A01,20481,20672,191,False,False,False,,191,1.0,0,0.0,0,0
test1.csv,confirmation_cohort_posthoc,common81,PairError-Q3,0.01,test1_A02,26351,26406,55,False,False,False,,55,1.0,0,0.0,0,0
test1.csv,confirmation_cohort_posthoc,common81,PairError-Q3,0.01,test1_A03,41112,41239,127,False,False,False,,127,1.0,0,0.0,0,0
test1.csv,confirmation_cohort_posthoc,common81,PairError-Q3,0.01,test1_A04,56351,56406,55,False,False,False,,55,1.0,0,0.0,0,0
test1.csv,confirmation_cohort_posthoc,common81,PairError-Q3,0.01,test1_A05,60136,60433,297,False,False,False,,297,1.0,0,0.0,0,0
test1.csv,confirmation_cohort_posthoc,common81,PairError-Q3,0.01,test1_A06,69675,69767,92,False,False,False,,92,1.0,0,0.0,0,0
test1.csv,confirmation_cohort_posthoc,common81,PairError-Q3,0.01,test1_A07,81319,81387,68,False,False,False,,68,1.0,0,0.0,0,0
test1.csv,confirmation_cohort_posthoc,native,PairError-Q3,0.02,test1_A01,20481,20672,191,False,False,False,,191,1.0,0,0.0,0,0
test1.csv,confirmation_cohort_posthoc,native,PairError-Q3,0.02,test1_A02,26351,26406,55,False,False,False,,55,1.0,0,0.0,0,0
test1.csv,confirmation_cohort_posthoc,native,PairError-Q3,0.02,test1_A03,41112,41239,127,False,False,False,,127,1.0,0,0.0,0,0
test1.csv,confirmation_cohort_posthoc,native,PairError-Q3,0.02,test1_A04,56351,56406,55,False,False,False,,55,1.0,0,0.0,0,0
test1.csv,confirmation_cohort_posthoc,native,PairError-Q3,0.02,test1_A05,60136,60433,297,False,False,False,,297,1.0,0,0.0,0,0
test1.csv,confirmation_cohort_posthoc,native,PairError-Q3,0.02,test1_A06,69675,69767,92,False,False,False,,92,1.0,0,0.0,0,0
test1.csv,confirmation_cohort_posthoc,native,PairError-Q3,0.02,test1_A07,81319,81387,68,False,False,False,,68,1.0,0,0.0,0,0
test1.csv,confirmation_cohort_posthoc,common81,PairError-Q3,0.02,test1_A01,20481,20672,191,False,False,False,,191,1.0,0,0.0,0,0
test1.csv,confirmation_cohort_posthoc,common81,PairError-Q3,0.02,test1_A02,26351,26406,55,False,False,False,,55,1.0,0,0.0,0,0
test1.csv,confirmation_cohort_posthoc,common81,PairError-Q3,0.02,test1_A03,41112,41239,127,False,False,False,,127,1.0,0,0.0,0,0
test1.csv,confirmation_cohort_posthoc,common81,PairError-Q3,0.02,test1_A04,56351,56406,55,False,False,False,,55,1.0,0,0.0,0,0
test1.csv,confirmation_cohort_posthoc,common81,PairError-Q3,0.02,test1_A05,60136,60433,297,False,False,False,,297,1.0,0,0.0,0,0
test1.csv,confirmation_cohort_posthoc,common81,PairError-Q3,0.02,test1_A06,69675,69767,92,False,False,False,,92,1.0,0,0.0,0,0
test1.csv,confirmation_cohort_posthoc,common81,PairError-Q3,0.02,test1_A07,81319,81387,68,False,False,False,,68,1.0,0,0.0,0,0
test1.csv,confirmation_cohort_posthoc,native,PCA-SPE,0.005,test1_A01,20481,20672,191,False,False,False,,191,1.0,0,0.0,0,0
test1.csv,confirmation_cohort_posthoc,native,PCA-SPE,0.005,test1_A02,26351,26406,55,False,False,False,,55,1.0,0,0.0,0,0
test1.csv,confirmation_cohort_posthoc,native,PCA-SPE,0.005,test1_A03,41112,41239,127,False,False,False,,127,1.0,0,0.0,0,0
test1.csv,confirmation_cohort_posthoc,native,PCA-SPE,0.005,test1_A04,56351,56406,55,True,True,False,25,25,0.45454545454545453,30,0.5454545454545454,30,1
test1.csv,confirmation_cohort_posthoc,native,PCA-SPE,0.005,test1_A05,60136,60433,297,False,False,False,,297,1.0,0,0.0,0,0
test1.csv,confirmation_cohort_posthoc,native,PCA-SPE,0.005,test1_A06,69675,69767,92,False,False,False,,92,1.0,0,0.0,0,0
test1.csv,confirmation_cohort_posthoc,native,PCA-SPE,0.005,test1_A07,81319,81387,68,False,False,False,,68,1.0,0,0.0,0,0
test1.csv,confirmation_cohort_posthoc,common81,PCA-SPE,0.005,test1_A01,20481,20672,191,False,False,False,,191,1.0,0,0.0,0,0
test1.csv,confirmation_cohort_posthoc,common81,PCA-SPE,0.005,test1_A02,26351,26406,55,False,False,False,,55,1.0,0,0.0,0,0
test1.csv,confirmation_cohort_posthoc,common81,PCA-SPE,0.005,test1_A03,41112,41239,127,False,False,False,,127,1.0,0,0.0,0,0
test1.csv,confirmation_cohort_posthoc,common81,PCA-SPE,0.005,test1_A04,56351,56406,55,True,True,False,25,25,0.45454545454545453,30,0.5454545454545454,30,1
test1.csv,confirmation_cohort_posthoc,common81,PCA-SPE,0.005,test1_A05,60136,60433,297,False,False,False,,297,1.0,0,0.0,0,0
test1.csv,confirmation_cohort_posthoc,common81,PCA-SPE,0.005,test1_A06,69675,69767,92,False,False,False,,92,1.0,0,0.0,0,0
test1.csv,confirmation_cohort_posthoc,common81,PCA-SPE,0.005,test1_A07,81319,81387,68,False,False,False,,68,1.0,0,0.0,0,0
test1.csv,confirmation_cohort_posthoc,native,PCA-SPE,0.01,test1_A01,20481,20672,191,False,False,False,,191,1.0,0,0.0,0,0
test1.csv,confirmation_cohort_posthoc,native,PCA-SPE,0.01,test1_A02,26351,26406,55,False,False,False,,55,1.0,0,0.0,0,0
test1.csv,confirmation_cohort_posthoc,native,PCA-SPE,0.01,test1_A03,41112,41239,127,False,False,False,,127,1.0,0,0.0,0,0
test1.csv,confirmation_cohort_posthoc,native,PCA-SPE,0.01,test1_A04,56351,56406,55,True,True,False,24,24,0.43636363636363634,31,0.5636363636363636,31,1
test1.csv,confirmation_cohort_posthoc,native,PCA-SPE,0.01,test1_A05,60136,60433,297,False,False,False,,297,1.0,0,0.0,0,0
test1.csv,confirmation_cohort_posthoc,native,PCA-SPE,0.01,test1_A06,69675,69767,92,False,False,False,,92,1.0,0,0.0,0,0
test1.csv,confirmation_cohort_posthoc,native,PCA-SPE,0.01,test1_A07,81319,81387,68,False,False,False,,68,1.0,0,0.0,0,0
test1.csv,confirmation_cohort_posthoc,common81,PCA-SPE,0.01,test1_A01,20481,20672,191,False,False,False,,191,1.0,0,0.0,0,0
test1.csv,confirmation_cohort_posthoc,common81,PCA-SPE,0.01,test1_A02,26351,26406,55,False,False,False,,55,1.0,0,0.0,0,0
test1.csv,confirmation_cohort_posthoc,common81,PCA-SPE,0.01,test1_A03,41112,41239,127,False,False,False,,127,1.0,0,0.0,0,0
test1.csv,confirmation_cohort_posthoc,common81,PCA-SPE,0.01,test1_A04,56351,56406,55,True,True,False,24,24,0.43636363636363634,31,0.5636363636363636,31,1
test1.csv,confirmation_cohort_posthoc,common81,PCA-SPE,0.01,test1_A05,60136,60433,297,False,False,False,,297,1.0,0,0.0,0,0
test1.csv,confirmation_cohort_posthoc,common81,PCA-SPE,0.01,test1_A06,69675,69767,92,False,False,False,,92,1.0,0,0.0,0,0
test1.csv,confirmation_cohort_posthoc,common81,PCA-SPE,0.01,test1_A07,81319,81387,68,False,False,False,,68,1.0,0,0.0,0,0
test1.csv,confirmation_cohort_posthoc,native,PCA-SPE,0.02,test1_A01,20481,20672,191,False,False,False,,191,1.0,0,0.0,0,0
test1.csv,confirmation_cohort_posthoc,native,PCA-SPE,0.02,test1_A02,26351,26406,55,False,False,False,,55,1.0,0,0.0,0,0
test1.csv,confirmation_cohort_posthoc,native,PCA-SPE,0.02,test1_A03,41112,41239,127,False,False,False,,127,1.0,0,0.0,0,0
test1.csv,confirmation_cohort_posthoc,native,PCA-SPE,0.02,test1_A04,56351,56406,55,True,True,False,24,24,0.43636363636363634,31,0.5636363636363636,31,1
test1.csv,confirmation_cohort_posthoc,native,PCA-SPE,0.02,test1_A05,60136,60433,297,False,False,False,,297,1.0,0,0.0,0,0
test1.csv,confirmation_cohort_posthoc,native,PCA-SPE,0.02,test1_A06,69675,69767,92,False,False,False,,92,1.0,0,0.0,0,0
test1.csv,confirmation_cohort_posthoc,native,PCA-SPE,0.02,test1_A07,81319,81387,68,False,False,False,,68,1.0,0,0.0,0,0
test1.csv,confirmation_cohort_posthoc,common81,PCA-SPE,0.02,test1_A01,20481,20672,191,False,False,False,,191,1.0,0,0.0,0,0
test1.csv,confirmation_cohort_posthoc,common81,PCA-SPE,0.02,test1_A02,26351,26406,55,False,False,False,,55,1.0,0,0.0,0,0
test1.csv,confirmation_cohort_posthoc,common81,PCA-SPE,0.02,test1_A03,41112,41239,127,False,False,False,,127,1.0,0,0.0,0,0
test1.csv,confirmation_cohort_posthoc,common81,PCA-SPE,0.02,test1_A04,56351,56406,55,True,True,False,24,24,0.43636363636363634,31,0.5636363636363636,31,1
test1.csv,confirmation_cohort_posthoc,common81,PCA-SPE,0.02,test1_A05,60136,60433,297,False,False,False,,297,1.0,0,0.0,0,0
test1.csv,confirmation_cohort_posthoc,common81,PCA-SPE,0.02,test1_A06,69675,69767,92,False,False,False,,92,1.0,0,0.0,0,0
test1.csv,confirmation_cohort_posthoc,common81,PCA-SPE,0.02,test1_A07,81319,81387,68,False,False,False,,68,1.0,0,0.0,0,0
test1.csv,confirmation_cohort_posthoc,native,GCAD-prediction_s10,0.005,test1_A01,20481,20672,191,False,False,False,,191,1.0,0,0.0,0,0
test1.csv,confirmation_cohort_posthoc,native,GCAD-prediction_s10,0.005,test1_A02,26351,26406,55,False,False,False,,55,1.0,0,0.0,0,0
test1.csv,confirmation_cohort_posthoc,native,GCAD-prediction_s10,0.005,test1_A03,41112,41239,127,False,False,False,,127,1.0,0,0.0,0,0
test1.csv,confirmation_cohort_posthoc,native,GCAD-prediction_s10,0.005,test1_A04,56351,56406,55,False,False,False,,55,1.0,0,0.0,0,0
test1.csv,confirmation_cohort_posthoc,native,GCAD-prediction_s10,0.005,test1_A05,60136,60433,297,True,True,False,83,83,0.27946127946127947,103,0.3468013468013468,103,1
test1.csv,confirmation_cohort_posthoc,native,GCAD-prediction_s10,0.005,test1_A06,69675,69767,92,False,False,False,,92,1.0,0,0.0,0,0
test1.csv,confirmation_cohort_posthoc,native,GCAD-prediction_s10,0.005,test1_A07,81319,81387,68,False,False,False,,68,1.0,0,0.0,0,0
test1.csv,confirmation_cohort_posthoc,common81,GCAD-prediction_s10,0.005,test1_A01,20481,20672,191,False,False,False,,191,1.0,0,0.0,0,0
test1.csv,confirmation_cohort_posthoc,common81,GCAD-prediction_s10,0.005,test1_A02,26351,26406,55,False,False,False,,55,1.0,0,0.0,0,0
test1.csv,confirmation_cohort_posthoc,common81,GCAD-prediction_s10,0.005,test1_A03,41112,41239,127,False,False,False,,127,1.0,0,0.0,0,0
test1.csv,confirmation_cohort_posthoc,common81,GCAD-prediction_s10,0.005,test1_A04,56351,56406,55,False,False,False,,55,1.0,0,0.0,0,0
test1.csv,confirmation_cohort_posthoc,common81,GCAD-prediction_s10,0.005,test1_A05,60136,60433,297,True,True,False,83,83,0.27946127946127947,103,0.3468013468013468,103,1
test1.csv,confirmation_cohort_posthoc,common81,GCAD-prediction_s10,0.005,test1_A06,69675,69767,92,False,False,False,,92,1.0,0,0.0,0,0
test1.csv,confirmation_cohort_posthoc,common81,GCAD-prediction_s10,0.005,test1_A07,81319,81387,68,False,False,False,,68,1.0,0,0.0,0,0
test1.csv,confirmation_cohort_posthoc,native,GCAD-prediction_s10,0.01,test1_A01,20481,20672,191,False,False,False,,191,1.0,0,0.0,0,0
test1.csv,confirmation_cohort_posthoc,native,GCAD-prediction_s10,0.01,test1_A02,26351,26406,55,False,False,False,,55,1.0,0,0.0,0,0
test1.csv,confirmation_cohort_posthoc,native,GCAD-prediction_s10,0.01,test1_A03,41112,41239,127,False,False,False,,127,1.0,0,0.0,0,0
test1.csv,confirmation_cohort_posthoc,native,GCAD-prediction_s10,0.01,test1_A04,56351,56406,55,False,False,False,,55,1.0,0,0.0,0,0
test1.csv,confirmation_cohort_posthoc,native,GCAD-prediction_s10,0.01,test1_A05,60136,60433,297,True,True,False,83,83,0.27946127946127947,103,0.3468013468013468,103,1
test1.csv,confirmation_cohort_posthoc,native,GCAD-prediction_s10,0.01,test1_A06,69675,69767,92,False,False,False,,92,1.0,0,0.0,0,0
test1.csv,confirmation_cohort_posthoc,native,GCAD-prediction_s10,0.01,test1_A07,81319,81387,68,False,False,False,,68,1.0,0,0.0,0,0
test1.csv,confirmation_cohort_posthoc,common81,GCAD-prediction_s10,0.01,test1_A01,20481,20672,191,False,False,False,,191,1.0,0,0.0,0,0
test1.csv,confirmation_cohort_posthoc,common81,GCAD-prediction_s10,0.01,test1_A02,26351,26406,55,False,False,False,,55,1.0,0,0.0,0,0
test1.csv,confirmation_cohort_posthoc,common81,GCAD-prediction_s10,0.01,test1_A03,41112,41239,127,False,False,False,,127,1.0,0,0.0,0,0
test1.csv,confirmation_cohort_posthoc,common81,GCAD-prediction_s10,0.01,test1_A04,56351,56406,55,False,False,False,,55,1.0,0,0.0,0,0
test1.csv,confirmation_cohort_posthoc,common81,GCAD-prediction_s10,0.01,test1_A05,60136,60433,297,True,True,False,83,83,0.27946127946127947,103,0.3468013468013468,103,1
test1.csv,confirmation_cohort_posthoc,common81,GCAD-prediction_s10,0.01,test1_A06,69675,69767,92,False,False,False,,92,1.0,0,0.0,0,0
test1.csv,confirmation_cohort_posthoc,common81,GCAD-prediction_s10,0.01,test1_A07,81319,81387,68,False,False,False,,68,1.0,0,0.0,0,0
test1.csv,confirmation_cohort_posthoc,native,GCAD-prediction_s10,0.02,test1_A01,20481,20672,191,False,True,True,,191,1.0,23,0.12041884816753927,23,0
test1.csv,confirmation_cohort_posthoc,native,GCAD-prediction_s10,0.02,test1_A02,26351,26406,55,False,False,False,,55,1.0,0,0.0,0,0
test1.csv,confirmation_cohort_posthoc,native,GCAD-prediction_s10,0.02,test1_A03,41112,41239,127,True,True,False,1,1,0.007874015748031496,85,0.6692913385826772,85,1
test1.csv,confirmation_cohort_posthoc,native,GCAD-prediction_s10,0.02,test1_A04,56351,56406,55,False,False,False,,55,1.0,0,0.0,0,0
test1.csv,confirmation_cohort_posthoc,native,GCAD-prediction_s10,0.02,test1_A05,60136,60433,297,True,True,False,83,83,0.27946127946127947,103,0.3468013468013468,103,1
test1.csv,confirmation_cohort_posthoc,native,GCAD-prediction_s10,0.02,test1_A06,69675,69767,92,False,False,False,,92,1.0,0,0.0,0,0
test1.csv,confirmation_cohort_posthoc,native,GCAD-prediction_s10,0.02,test1_A07,81319,81387,68,True,True,False,16,16,0.23529411764705882,47,0.6911764705882353,28,2
test1.csv,confirmation_cohort_posthoc,common81,GCAD-prediction_s10,0.02,test1_A01,20481,20672,191,False,True,True,,191,1.0,23,0.12041884816753927,23,0
test1.csv,confirmation_cohort_posthoc,common81,GCAD-prediction_s10,0.02,test1_A02,26351,26406,55,False,False,False,,55,1.0,0,0.0,0,0
test1.csv,confirmation_cohort_posthoc,common81,GCAD-prediction_s10,0.02,test1_A03,41112,41239,127,True,True,False,1,1,0.007874015748031496,85,0.6692913385826772,85,1
test1.csv,confirmation_cohort_posthoc,common81,GCAD-prediction_s10,0.02,test1_A04,56351,56406,55,False,False,False,,55,1.0,0,0.0,0,0
test1.csv,confirmation_cohort_posthoc,common81,GCAD-prediction_s10,0.02,test1_A05,60136,60433,297,True,True,False,83,83,0.27946127946127947,103,0.3468013468013468,103,1
test1.csv,confirmation_cohort_posthoc,common81,GCAD-prediction_s10,0.02,test1_A06,69675,69767,92,False,False,False,,92,1.0,0,0.0,0,0
test1.csv,confirmation_cohort_posthoc,common81,GCAD-prediction_s10,0.02,test1_A07,81319,81387,68,True,True,False,16,16,0.23529411764705882,47,0.6911764705882353,28,2
test1.csv,confirmation_cohort_posthoc,native,GCAD-dependency_s10,0.005,test1_A01,20481,20672,191,False,False,False,,191,1.0,0,0.0,0,0
test1.csv,confirmation_cohort_posthoc,native,GCAD-dependency_s10,0.005,test1_A02,26351,26406,55,True,True,False,45,45,0.8181818181818182,10,0.18181818181818182,10,1
test1.csv,confirmation_cohort_posthoc,native,GCAD-dependency_s10,0.005,test1_A03,41112,41239,127,False,False,False,,127,1.0,0,0.0,0,0
test1.csv,confirmation_cohort_posthoc,native,GCAD-dependency_s10,0.005,test1_A04,56351,56406,55,False,False,False,,55,1.0,0,0.0,0,0
test1.csv,confirmation_cohort_posthoc,native,GCAD-dependency_s10,0.005,test1_A05,60136,60433,297,True,True,False,83,83,0.27946127946127947,103,0.3468013468013468,103,1
test1.csv,confirmation_cohort_posthoc,native,GCAD-dependency_s10,0.005,test1_A06,69675,69767,92,False,False,False,,92,1.0,0,0.0,0,0
test1.csv,confirmation_cohort_posthoc,native,GCAD-dependency_s10,0.005,test1_A07,81319,81387,68,False,False,False,,68,1.0,0,0.0,0,0
test1.csv,confirmation_cohort_posthoc,common81,GCAD-dependency_s10,0.005,test1_A01,20481,20672,191,False,False,False,,191,1.0,0,0.0,0,0
test1.csv,confirmation_cohort_posthoc,common81,GCAD-dependency_s10,0.005,test1_A02,26351,26406,55,True,True,False,45,45,0.8181818181818182,10,0.18181818181818182,10,1
test1.csv,confirmation_cohort_posthoc,common81,GCAD-dependency_s10,0.005,test1_A03,41112,41239,127,False,False,False,,127,1.0,0,0.0,0,0
test1.csv,confirmation_cohort_posthoc,common81,GCAD-dependency_s10,0.005,test1_A04,56351,56406,55,False,False,False,,55,1.0,0,0.0,0,0
test1.csv,confirmation_cohort_posthoc,common81,GCAD-dependency_s10,0.005,test1_A05,60136,60433,297,True,True,False,83,83,0.27946127946127947,103,0.3468013468013468,103,1
test1.csv,confirmation_cohort_posthoc,common81,GCAD-dependency_s10,0.005,test1_A06,69675,69767,92,False,False,False,,92,1.0,0,0.0,0,0
test1.csv,confirmation_cohort_posthoc,common81,GCAD-dependency_s10,0.005,test1_A07,81319,81387,68,False,False,False,,68,1.0,0,0.0,0,0
test1.csv,confirmation_cohort_posthoc,native,GCAD-dependency_s10,0.01,test1_A01,20481,20672,191,False,False,False,,191,1.0,0,0.0,0,0
test1.csv,confirmation_cohort_posthoc,native,GCAD-dependency_s10,0.01,test1_A02,26351,26406,55,True,True,False,10,10,0.18181818181818182,45,0.8181818181818182,45,1
test1.csv,confirmation_cohort_posthoc,native,GCAD-dependency_s10,0.01,test1_A03,41112,41239,127,True,True,False,76,76,0.5984251968503937,51,0.4015748031496063,51,1
test1.csv,confirmation_cohort_posthoc,native,GCAD-dependency_s10,0.01,test1_A04,56351,56406,55,False,False,False,,55,1.0,0,0.0,0,0
test1.csv,confirmation_cohort_posthoc,native,GCAD-dependency_s10,0.01,test1_A05,60136,60433,297,True,True,False,83,83,0.27946127946127947,103,0.3468013468013468,103,1
test1.csv,confirmation_cohort_posthoc,native,GCAD-dependency_s10,0.01,test1_A06,69675,69767,92,False,False,False,,92,1.0,0,0.0,0,0
test1.csv,confirmation_cohort_posthoc,native,GCAD-dependency_s10,0.01,test1_A07,81319,81387,68,False,False,False,,68,1.0,0,0.0,0,0
test1.csv,confirmation_cohort_posthoc,common81,GCAD-dependency_s10,0.01,test1_A01,20481,20672,191,False,False,False,,191,1.0,0,0.0,0,0
test1.csv,confirmation_cohort_posthoc,common81,GCAD-dependency_s10,0.01,test1_A02,26351,26406,55,True,True,False,10,10,0.18181818181818182,45,0.8181818181818182,45,1
test1.csv,confirmation_cohort_posthoc,common81,GCAD-dependency_s10,0.01,test1_A03,41112,41239,127,True,True,False,76,76,0.5984251968503937,51,0.4015748031496063,51,1
test1.csv,confirmation_cohort_posthoc,common81,GCAD-dependency_s10,0.01,test1_A04,56351,56406,55,False,False,False,,55,1.0,0,0.0,0,0
test1.csv,confirmation_cohort_posthoc,common81,GCAD-dependency_s10,0.01,test1_A05,60136,60433,297,True,True,False,83,83,0.27946127946127947,103,0.3468013468013468,103,1
test1.csv,confirmation_cohort_posthoc,common81,GCAD-dependency_s10,0.01,test1_A06,69675,69767,92,False,False,False,,92,1.0,0,0.0,0,0
test1.csv,confirmation_cohort_posthoc,common81,GCAD-dependency_s10,0.01,test1_A07,81319,81387,68,False,False,False,,68,1.0,0,0.0,0,0
test1.csv,confirmation_cohort_posthoc,native,GCAD-dependency_s10,0.02,test1_A01,20481,20672,191,False,False,False,,191,1.0,0,0.0,0,0
test1.csv,confirmation_cohort_posthoc,native,GCAD-dependency_s10,0.02,test1_A02,26351,26406,55,True,True,False,9,9,0.16363636363636364,46,0.8363636363636363,46,1
test1.csv,confirmation_cohort_posthoc,native,GCAD-dependency_s10,0.02,test1_A03,41112,41239,127,True,True,False,64,64,0.5039370078740157,63,0.49606299212598426,63,1
test1.csv,confirmation_cohort_posthoc,native,GCAD-dependency_s10,0.02,test1_A04,56351,56406,55,False,False,False,,55,1.0,0,0.0,0,0
test1.csv,confirmation_cohort_posthoc,native,GCAD-dependency_s10,0.02,test1_A05,60136,60433,297,True,True,False,72,72,0.24242424242424243,183,0.6161616161616161,183,1
test1.csv,confirmation_cohort_posthoc,native,GCAD-dependency_s10,0.02,test1_A06,69675,69767,92,False,False,False,,92,1.0,0,0.0,0,0
test1.csv,confirmation_cohort_posthoc,native,GCAD-dependency_s10,0.02,test1_A07,81319,81387,68,False,False,False,,68,1.0,0,0.0,0,0
test1.csv,confirmation_cohort_posthoc,common81,GCAD-dependency_s10,0.02,test1_A01,20481,20672,191,False,False,False,,191,1.0,0,0.0,0,0
test1.csv,confirmation_cohort_posthoc,common81,GCAD-dependency_s10,0.02,test1_A02,26351,26406,55,True,True,False,9,9,0.16363636363636364,46,0.8363636363636363,46,1
test1.csv,confirmation_cohort_posthoc,common81,GCAD-dependency_s10,0.02,test1_A03,41112,41239,127,True,True,False,64,64,0.5039370078740157,63,0.49606299212598426,63,1
test1.csv,confirmation_cohort_posthoc,common81,GCAD-dependency_s10,0.02,test1_A04,56351,56406,55,False,False,False,,55,1.0,0,0.0,0,0
test1.csv,confirmation_cohort_posthoc,common81,GCAD-dependency_s10,0.02,test1_A05,60136,60433,297,True,True,False,72,72,0.24242424242424243,183,0.6161616161616161,183,1
test1.csv,confirmation_cohort_posthoc,common81,GCAD-dependency_s10,0.02,test1_A06,69675,69767,92,False,False,False,,92,1.0,0,0.0,0,0
test1.csv,confirmation_cohort_posthoc,common81,GCAD-dependency_s10,0.02,test1_A07,81319,81387,68,False,False,False,,68,1.0,0,0.0,0,0
test1.csv,confirmation_cohort_posthoc,native,GCAD-prediction_s11,0.005,test1_A01,20481,20672,191,False,False,False,,191,1.0,0,0.0,0,0
test1.csv,confirmation_cohort_posthoc,native,GCAD-prediction_s11,0.005,test1_A02,26351,26406,55,False,False,False,,55,1.0,0,0.0,0,0
test1.csv,confirmation_cohort_posthoc,native,GCAD-prediction_s11,0.005,test1_A03,41112,41239,127,False,False,False,,127,1.0,0,0.0,0,0
test1.csv,confirmation_cohort_posthoc,native,GCAD-prediction_s11,0.005,test1_A04,56351,56406,55,False,False,False,,55,1.0,0,0.0,0,0
test1.csv,confirmation_cohort_posthoc,native,GCAD-prediction_s11,0.005,test1_A05,60136,60433,297,True,True,False,105,105,0.35353535353535354,47,0.15824915824915825,47,1
test1.csv,confirmation_cohort_posthoc,native,GCAD-prediction_s11,0.005,test1_A06,69675,69767,92,False,False,False,,92,1.0,0,0.0,0,0
test1.csv,confirmation_cohort_posthoc,native,GCAD-prediction_s11,0.005,test1_A07,81319,81387,68,False,False,False,,68,1.0,0,0.0,0,0
test1.csv,confirmation_cohort_posthoc,common81,GCAD-prediction_s11,0.005,test1_A01,20481,20672,191,False,False,False,,191,1.0,0,0.0,0,0
test1.csv,confirmation_cohort_posthoc,common81,GCAD-prediction_s11,0.005,test1_A02,26351,26406,55,False,False,False,,55,1.0,0,0.0,0,0
test1.csv,confirmation_cohort_posthoc,common81,GCAD-prediction_s11,0.005,test1_A03,41112,41239,127,False,False,False,,127,1.0,0,0.0,0,0
test1.csv,confirmation_cohort_posthoc,common81,GCAD-prediction_s11,0.005,test1_A04,56351,56406,55,False,False,False,,55,1.0,0,0.0,0,0
test1.csv,confirmation_cohort_posthoc,common81,GCAD-prediction_s11,0.005,test1_A05,60136,60433,297,True,True,False,105,105,0.35353535353535354,47,0.15824915824915825,47,1
test1.csv,confirmation_cohort_posthoc,common81,GCAD-prediction_s11,0.005,test1_A06,69675,69767,92,False,False,False,,92,1.0,0,0.0,0,0
test1.csv,confirmation_cohort_posthoc,common81,GCAD-prediction_s11,0.005,test1_A07,81319,81387,68,False,False,False,,68,1.0,0,0.0,0,0
test1.csv,confirmation_cohort_posthoc,native,GCAD-prediction_s11,0.01,test1_A01,20481,20672,191,False,False,False,,191,1.0,0,0.0,0,0
test1.csv,confirmation_cohort_posthoc,native,GCAD-prediction_s11,0.01,test1_A02,26351,26406,55,True,True,False,13,13,0.23636363636363636,42,0.7636363636363637,42,1
test1.csv,confirmation_cohort_posthoc,native,GCAD-prediction_s11,0.01,test1_A03,41112,41239,127,False,False,False,,127,1.0,0,0.0,0,0
test1.csv,confirmation_cohort_posthoc,native,GCAD-prediction_s11,0.01,test1_A04,56351,56406,55,False,False,False,,55,1.0,0,0.0,0,0
test1.csv,confirmation_cohort_posthoc,native,GCAD-prediction_s11,0.01,test1_A05,60136,60433,297,True,True,False,89,89,0.2996632996632997,85,0.28619528619528617,85,1
test1.csv,confirmation_cohort_posthoc,native,GCAD-prediction_s11,0.01,test1_A06,69675,69767,92,False,False,False,,92,1.0,0,0.0,0,0
test1.csv,confirmation_cohort_posthoc,native,GCAD-prediction_s11,0.01,test1_A07,81319,81387,68,False,False,False,,68,1.0,0,0.0,0,0
test1.csv,confirmation_cohort_posthoc,common81,GCAD-prediction_s11,0.01,test1_A01,20481,20672,191,False,False,False,,191,1.0,0,0.0,0,0
test1.csv,confirmation_cohort_posthoc,common81,GCAD-prediction_s11,0.01,test1_A02,26351,26406,55,True,True,False,13,13,0.23636363636363636,42,0.7636363636363637,42,1
test1.csv,confirmation_cohort_posthoc,common81,GCAD-prediction_s11,0.01,test1_A03,41112,41239,127,False,False,False,,127,1.0,0,0.0,0,0
test1.csv,confirmation_cohort_posthoc,common81,GCAD-prediction_s11,0.01,test1_A04,56351,56406,55,False,False,False,,55,1.0,0,0.0,0,0
test1.csv,confirmation_cohort_posthoc,common81,GCAD-prediction_s11,0.01,test1_A05,60136,60433,297,True,True,False,89,89,0.2996632996632997,85,0.28619528619528617,85,1
test1.csv,confirmation_cohort_posthoc,common81,GCAD-prediction_s11,0.01,test1_A06,69675,69767,92,False,False,False,,92,1.0,0,0.0,0,0
test1.csv,confirmation_cohort_posthoc,common81,GCAD-prediction_s11,0.01,test1_A07,81319,81387,68,False,False,False,,68,1.0,0,0.0,0,0
test1.csv,confirmation_cohort_posthoc,native,GCAD-prediction_s11,0.02,test1_A01,20481,20672,191,False,False,False,,191,1.0,0,0.0,0,0
test1.csv,confirmation_cohort_posthoc,native,GCAD-prediction_s11,0.02,test1_A02,26351,26406,55,True,True,False,10,10,0.18181818181818182,45,0.8181818181818182,45,1
test1.csv,confirmation_cohort_posthoc,native,GCAD-prediction_s11,0.02,test1_A03,41112,41239,127,False,False,False,,127,1.0,0,0.0,0,0
test1.csv,confirmation_cohort_posthoc,native,GCAD-prediction_s11,0.02,test1_A04,56351,56406,55,False,False,False,,55,1.0,0,0.0,0,0
test1.csv,confirmation_cohort_posthoc,native,GCAD-prediction_s11,0.02,test1_A05,60136,60433,297,True,True,False,88,88,0.2962962962962963,96,0.32323232323232326,96,1
test1.csv,confirmation_cohort_posthoc,native,GCAD-prediction_s11,0.02,test1_A06,69675,69767,92,True,True,False,67,67,0.7282608695652174,25,0.2717391304347826,25,1
test1.csv,confirmation_cohort_posthoc,native,GCAD-prediction_s11,0.02,test1_A07,81319,81387,68,False,False,False,,68,1.0,0,0.0,0,0
test1.csv,confirmation_cohort_posthoc,common81,GCAD-prediction_s11,0.02,test1_A01,20481,20672,191,False,False,False,,191,1.0,0,0.0,0,0
test1.csv,confirmation_cohort_posthoc,common81,GCAD-prediction_s11,0.02,test1_A02,26351,26406,55,True,True,False,10,10,0.18181818181818182,45,0.8181818181818182,45,1
test1.csv,confirmation_cohort_posthoc,common81,GCAD-prediction_s11,0.02,test1_A03,41112,41239,127,False,False,False,,127,1.0,0,0.0,0,0
test1.csv,confirmation_cohort_posthoc,common81,GCAD-prediction_s11,0.02,test1_A04,56351,56406,55,False,False,False,,55,1.0,0,0.0,0,0
test1.csv,confirmation_cohort_posthoc,common81,GCAD-prediction_s11,0.02,test1_A05,60136,60433,297,True,True,False,88,88,0.2962962962962963,96,0.32323232323232326,96,1
test1.csv,confirmation_cohort_posthoc,common81,GCAD-prediction_s11,0.02,test1_A06,69675,69767,92,True,True,False,67,67,0.7282608695652174,25,0.2717391304347826,25,1
test1.csv,confirmation_cohort_posthoc,common81,GCAD-prediction_s11,0.02,test1_A07,81319,81387,68,False,False,False,,68,1.0,0,0.0,0,0
test1.csv,confirmation_cohort_posthoc,native,GCAD-dependency_s11,0.005,test1_A01,20481,20672,191,False,False,False,,191,1.0,0,0.0,0,0
test1.csv,confirmation_cohort_posthoc,native,GCAD-dependency_s11,0.005,test1_A02,26351,26406,55,False,False,False,,55,1.0,0,0.0,0,0
test1.csv,confirmation_cohort_posthoc,native,GCAD-dependency_s11,0.005,test1_A03,41112,41239,127,False,False,False,,127,1.0,0,0.0,0,0
test1.csv,confirmation_cohort_posthoc,native,GCAD-dependency_s11,0.005,test1_A04,56351,56406,55,False,False,False,,55,1.0,0,0.0,0,0
test1.csv,confirmation_cohort_posthoc,native,GCAD-dependency_s11,0.005,test1_A05,60136,60433,297,True,True,False,83,83,0.27946127946127947,103,0.3468013468013468,103,1
test1.csv,confirmation_cohort_posthoc,native,GCAD-dependency_s11,0.005,test1_A06,69675,69767,92,False,False,False,,92,1.0,0,0.0,0,0
test1.csv,confirmation_cohort_posthoc,native,GCAD-dependency_s11,0.005,test1_A07,81319,81387,68,False,False,False,,68,1.0,0,0.0,0,0
test1.csv,confirmation_cohort_posthoc,common81,GCAD-dependency_s11,0.005,test1_A01,20481,20672,191,False,False,False,,191,1.0,0,0.0,0,0
test1.csv,confirmation_cohort_posthoc,common81,GCAD-dependency_s11,0.005,test1_A02,26351,26406,55,False,False,False,,55,1.0,0,0.0,0,0
test1.csv,confirmation_cohort_posthoc,common81,GCAD-dependency_s11,0.005,test1_A03,41112,41239,127,False,False,False,,127,1.0,0,0.0,0,0
test1.csv,confirmation_cohort_posthoc,common81,GCAD-dependency_s11,0.005,test1_A04,56351,56406,55,False,False,False,,55,1.0,0,0.0,0,0
test1.csv,confirmation_cohort_posthoc,common81,GCAD-dependency_s11,0.005,test1_A05,60136,60433,297,True,True,False,83,83,0.27946127946127947,103,0.3468013468013468,103,1
test1.csv,confirmation_cohort_posthoc,common81,GCAD-dependency_s11,0.005,test1_A06,69675,69767,92,False,False,False,,92,1.0,0,0.0,0,0
test1.csv,confirmation_cohort_posthoc,common81,GCAD-dependency_s11,0.005,test1_A07,81319,81387,68,False,False,False,,68,1.0,0,0.0,0,0
test1.csv,confirmation_cohort_posthoc,native,GCAD-dependency_s11,0.01,test1_A01,20481,20672,191,False,False,False,,191,1.0,0,0.0,0,0
test1.csv,confirmation_cohort_posthoc,native,GCAD-dependency_s11,0.01,test1_A02,26351,26406,55,True,True,False,11,11,0.2,44,0.8,44,1
test1.csv,confirmation_cohort_posthoc,native,GCAD-dependency_s11,0.01,test1_A03,41112,41239,127,False,False,False,,127,1.0,0,0.0,0,0
test1.csv,confirmation_cohort_posthoc,native,GCAD-dependency_s11,0.01,test1_A04,56351,56406,55,False,False,False,,55,1.0,0,0.0,0,0
test1.csv,confirmation_cohort_posthoc,native,GCAD-dependency_s11,0.01,test1_A05,60136,60433,297,True,True,False,83,83,0.27946127946127947,103,0.3468013468013468,103,1
test1.csv,confirmation_cohort_posthoc,native,GCAD-dependency_s11,0.01,test1_A06,69675,69767,92,False,False,False,,92,1.0,0,0.0,0,0
test1.csv,confirmation_cohort_posthoc,native,GCAD-dependency_s11,0.01,test1_A07,81319,81387,68,False,False,False,,68,1.0,0,0.0,0,0
test1.csv,confirmation_cohort_posthoc,common81,GCAD-dependency_s11,0.01,test1_A01,20481,20672,191,False,False,False,,191,1.0,0,0.0,0,0
test1.csv,confirmation_cohort_posthoc,common81,GCAD-dependency_s11,0.01,test1_A02,26351,26406,55,True,True,False,11,11,0.2,44,0.8,44,1
test1.csv,confirmation_cohort_posthoc,common81,GCAD-dependency_s11,0.01,test1_A03,41112,41239,127,False,False,False,,127,1.0,0,0.0,0,0
test1.csv,confirmation_cohort_posthoc,common81,GCAD-dependency_s11,0.01,test1_A04,56351,56406,55,False,False,False,,55,1.0,0,0.0,0,0
test1.csv,confirmation_cohort_posthoc,common81,GCAD-dependency_s11,0.01,test1_A05,60136,60433,297,True,True,False,83,83,0.27946127946127947,103,0.3468013468013468,103,1
test1.csv,confirmation_cohort_posthoc,common81,GCAD-dependency_s11,0.01,test1_A06,69675,69767,92,False,False,False,,92,1.0,0,0.0,0,0
test1.csv,confirmation_cohort_posthoc,common81,GCAD-dependency_s11,0.01,test1_A07,81319,81387,68,False,False,False,,68,1.0,0,0.0,0,0
test1.csv,confirmation_cohort_posthoc,native,GCAD-dependency_s11,0.02,test1_A01,20481,20672,191,False,False,False,,191,1.0,0,0.0,0,0
test1.csv,confirmation_cohort_posthoc,native,GCAD-dependency_s11,0.02,test1_A02,26351,26406,55,True,True,False,7,7,0.12727272727272726,48,0.8727272727272727,48,1
test1.csv,confirmation_cohort_posthoc,native,GCAD-dependency_s11,0.02,test1_A03,41112,41239,127,True,True,False,69,69,0.5433070866141733,58,0.4566929133858268,58,1
test1.csv,confirmation_cohort_posthoc,native,GCAD-dependency_s11,0.02,test1_A04,56351,56406,55,False,False,False,,55,1.0,0,0.0,0,0
test1.csv,confirmation_cohort_posthoc,native,GCAD-dependency_s11,0.02,test1_A05,60136,60433,297,True,True,False,82,82,0.2760942760942761,149,0.5016835016835017,104,2
test1.csv,confirmation_cohort_posthoc,native,GCAD-dependency_s11,0.02,test1_A06,69675,69767,92,False,False,False,,92,1.0,0,0.0,0,0
test1.csv,confirmation_cohort_posthoc,native,GCAD-dependency_s11,0.02,test1_A07,81319,81387,68,False,False,False,,68,1.0,0,0.0,0,0
test1.csv,confirmation_cohort_posthoc,common81,GCAD-dependency_s11,0.02,test1_A01,20481,20672,191,False,False,False,,191,1.0,0,0.0,0,0
test1.csv,confirmation_cohort_posthoc,common81,GCAD-dependency_s11,0.02,test1_A02,26351,26406,55,True,True,False,7,7,0.12727272727272726,48,0.8727272727272727,48,1
test1.csv,confirmation_cohort_posthoc,common81,GCAD-dependency_s11,0.02,test1_A03,41112,41239,127,True,True,False,69,69,0.5433070866141733,58,0.4566929133858268,58,1
test1.csv,confirmation_cohort_posthoc,common81,GCAD-dependency_s11,0.02,test1_A04,56351,56406,55,False,False,False,,55,1.0,0,0.0,0,0
test1.csv,confirmation_cohort_posthoc,common81,GCAD-dependency_s11,0.02,test1_A05,60136,60433,297,True,True,False,82,82,0.2760942760942761,149,0.5016835016835017,104,2
test1.csv,confirmation_cohort_posthoc,common81,GCAD-dependency_s11,0.02,test1_A06,69675,69767,92,False,False,False,,92,1.0,0,0.0,0,0
test1.csv,confirmation_cohort_posthoc,common81,GCAD-dependency_s11,0.02,test1_A07,81319,81387,68,False,False,False,,68,1.0,0,0.0,0,0
test1.csv,confirmation_cohort_posthoc,native,GCAD-prediction_s12,0.005,test1_A01,20481,20672,191,False,False,False,,191,1.0,0,0.0,0,0
test1.csv,confirmation_cohort_posthoc,native,GCAD-prediction_s12,0.005,test1_A02,26351,26406,55,False,False,False,,55,1.0,0,0.0,0,0
test1.csv,confirmation_cohort_posthoc,native,GCAD-prediction_s12,0.005,test1_A03,41112,41239,127,False,False,False,,127,1.0,0,0.0,0,0
test1.csv,confirmation_cohort_posthoc,native,GCAD-prediction_s12,0.005,test1_A04,56351,56406,55,False,False,False,,55,1.0,0,0.0,0,0
test1.csv,confirmation_cohort_posthoc,native,GCAD-prediction_s12,0.005,test1_A05,60136,60433,297,True,True,False,103,103,0.3468013468013468,67,0.2255892255892256,67,1
test1.csv,confirmation_cohort_posthoc,native,GCAD-prediction_s12,0.005,test1_A06,69675,69767,92,False,False,False,,92,1.0,0,0.0,0,0
test1.csv,confirmation_cohort_posthoc,native,GCAD-prediction_s12,0.005,test1_A07,81319,81387,68,False,False,False,,68,1.0,0,0.0,0,0
test1.csv,confirmation_cohort_posthoc,common81,GCAD-prediction_s12,0.005,test1_A01,20481,20672,191,False,False,False,,191,1.0,0,0.0,0,0
test1.csv,confirmation_cohort_posthoc,common81,GCAD-prediction_s12,0.005,test1_A02,26351,26406,55,False,False,False,,55,1.0,0,0.0,0,0
test1.csv,confirmation_cohort_posthoc,common81,GCAD-prediction_s12,0.005,test1_A03,41112,41239,127,False,False,False,,127,1.0,0,0.0,0,0
test1.csv,confirmation_cohort_posthoc,common81,GCAD-prediction_s12,0.005,test1_A04,56351,56406,55,False,False,False,,55,1.0,0,0.0,0,0
test1.csv,confirmation_cohort_posthoc,common81,GCAD-prediction_s12,0.005,test1_A05,60136,60433,297,True,True,False,103,103,0.3468013468013468,67,0.2255892255892256,67,1
test1.csv,confirmation_cohort_posthoc,common81,GCAD-prediction_s12,0.005,test1_A06,69675,69767,92,False,False,False,,92,1.0,0,0.0,0,0
test1.csv,confirmation_cohort_posthoc,common81,GCAD-prediction_s12,0.005,test1_A07,81319,81387,68,False,False,False,,68,1.0,0,0.0,0,0
test1.csv,confirmation_cohort_posthoc,native,GCAD-prediction_s12,0.01,test1_A01,20481,20672,191,False,False,False,,191,1.0,0,0.0,0,0
test1.csv,confirmation_cohort_posthoc,native,GCAD-prediction_s12,0.01,test1_A02,26351,26406,55,False,False,False,,55,1.0,0,0.0,0,0
test1.csv,confirmation_cohort_posthoc,native,GCAD-prediction_s12,0.01,test1_A03,41112,41239,127,False,False,False,,127,1.0,0,0.0,0,0
test1.csv,confirmation_cohort_posthoc,native,GCAD-prediction_s12,0.01,test1_A04,56351,56406,55,False,False,False,,55,1.0,0,0.0,0,0
test1.csv,confirmation_cohort_posthoc,native,GCAD-prediction_s12,0.01,test1_A05,60136,60433,297,True,True,False,85,85,0.28619528619528617,86,0.2895622895622896,86,1
test1.csv,confirmation_cohort_posthoc,native,GCAD-prediction_s12,0.01,test1_A06,69675,69767,92,False,False,False,,92,1.0,0,0.0,0,0
test1.csv,confirmation_cohort_posthoc,native,GCAD-prediction_s12,0.01,test1_A07,81319,81387,68,False,False,False,,68,1.0,0,0.0,0,0
test1.csv,confirmation_cohort_posthoc,common81,GCAD-prediction_s12,0.01,test1_A01,20481,20672,191,False,False,False,,191,1.0,0,0.0,0,0
test1.csv,confirmation_cohort_posthoc,common81,GCAD-prediction_s12,0.01,test1_A02,26351,26406,55,False,False,False,,55,1.0,0,0.0,0,0
test1.csv,confirmation_cohort_posthoc,common81,GCAD-prediction_s12,0.01,test1_A03,41112,41239,127,False,False,False,,127,1.0,0,0.0,0,0
test1.csv,confirmation_cohort_posthoc,common81,GCAD-prediction_s12,0.01,test1_A04,56351,56406,55,False,False,False,,55,1.0,0,0.0,0,0
test1.csv,confirmation_cohort_posthoc,common81,GCAD-prediction_s12,0.01,test1_A05,60136,60433,297,True,True,False,85,85,0.28619528619528617,86,0.2895622895622896,86,1
test1.csv,confirmation_cohort_posthoc,common81,GCAD-prediction_s12,0.01,test1_A06,69675,69767,92,False,False,False,,92,1.0,0,0.0,0,0
test1.csv,confirmation_cohort_posthoc,common81,GCAD-prediction_s12,0.01,test1_A07,81319,81387,68,False,False,False,,68,1.0,0,0.0,0,0
test1.csv,confirmation_cohort_posthoc,native,GCAD-prediction_s12,0.02,test1_A01,20481,20672,191,False,False,False,,191,1.0,0,0.0,0,0
test1.csv,confirmation_cohort_posthoc,native,GCAD-prediction_s12,0.02,test1_A02,26351,26406,55,True,True,False,37,37,0.6727272727272727,18,0.32727272727272727,18,1
test1.csv,confirmation_cohort_posthoc,native,GCAD-prediction_s12,0.02,test1_A03,41112,41239,127,False,False,False,,127,1.0,0,0.0,0,0
test1.csv,confirmation_cohort_posthoc,native,GCAD-prediction_s12,0.02,test1_A04,56351,56406,55,False,False,False,,55,1.0,0,0.0,0,0
test1.csv,confirmation_cohort_posthoc,native,GCAD-prediction_s12,0.02,test1_A05,60136,60433,297,True,True,False,84,84,0.2828282828282828,97,0.3265993265993266,97,1
test1.csv,confirmation_cohort_posthoc,native,GCAD-prediction_s12,0.02,test1_A06,69675,69767,92,False,False,False,,92,1.0,0,0.0,0,0
test1.csv,confirmation_cohort_posthoc,native,GCAD-prediction_s12,0.02,test1_A07,81319,81387,68,False,False,False,,68,1.0,0,0.0,0,0
test1.csv,confirmation_cohort_posthoc,common81,GCAD-prediction_s12,0.02,test1_A01,20481,20672,191,False,False,False,,191,1.0,0,0.0,0,0
test1.csv,confirmation_cohort_posthoc,common81,GCAD-prediction_s12,0.02,test1_A02,26351,26406,55,True,True,False,37,37,0.6727272727272727,18,0.32727272727272727,18,1
test1.csv,confirmation_cohort_posthoc,common81,GCAD-prediction_s12,0.02,test1_A03,41112,41239,127,False,False,False,,127,1.0,0,0.0,0,0
test1.csv,confirmation_cohort_posthoc,common81,GCAD-prediction_s12,0.02,test1_A04,56351,56406,55,False,False,False,,55,1.0,0,0.0,0,0
test1.csv,confirmation_cohort_posthoc,common81,GCAD-prediction_s12,0.02,test1_A05,60136,60433,297,True,True,False,84,84,0.2828282828282828,97,0.3265993265993266,97,1
test1.csv,confirmation_cohort_posthoc,common81,GCAD-prediction_s12,0.02,test1_A06,69675,69767,92,False,False,False,,92,1.0,0,0.0,0,0
test1.csv,confirmation_cohort_posthoc,common81,GCAD-prediction_s12,0.02,test1_A07,81319,81387,68,False,False,False,,68,1.0,0,0.0,0,0
test1.csv,confirmation_cohort_posthoc,native,GCAD-dependency_s12,0.005,test1_A01,20481,20672,191,False,False,False,,191,1.0,0,0.0,0,0
test1.csv,confirmation_cohort_posthoc,native,GCAD-dependency_s12,0.005,test1_A02,26351,26406,55,False,False,False,,55,1.0,0,0.0,0,0
test1.csv,confirmation_cohort_posthoc,native,GCAD-dependency_s12,0.005,test1_A03,41112,41239,127,False,False,False,,127,1.0,0,0.0,0,0
test1.csv,confirmation_cohort_posthoc,native,GCAD-dependency_s12,0.005,test1_A04,56351,56406,55,False,False,False,,55,1.0,0,0.0,0,0
test1.csv,confirmation_cohort_posthoc,native,GCAD-dependency_s12,0.005,test1_A05,60136,60433,297,True,True,False,83,83,0.27946127946127947,102,0.3434343434343434,102,1
test1.csv,confirmation_cohort_posthoc,native,GCAD-dependency_s12,0.005,test1_A06,69675,69767,92,False,False,False,,92,1.0,0,0.0,0,0
test1.csv,confirmation_cohort_posthoc,native,GCAD-dependency_s12,0.005,test1_A07,81319,81387,68,False,False,False,,68,1.0,0,0.0,0,0
test1.csv,confirmation_cohort_posthoc,common81,GCAD-dependency_s12,0.005,test1_A01,20481,20672,191,False,False,False,,191,1.0,0,0.0,0,0
test1.csv,confirmation_cohort_posthoc,common81,GCAD-dependency_s12,0.005,test1_A02,26351,26406,55,False,False,False,,55,1.0,0,0.0,0,0
test1.csv,confirmation_cohort_posthoc,common81,GCAD-dependency_s12,0.005,test1_A03,41112,41239,127,False,False,False,,127,1.0,0,0.0,0,0
test1.csv,confirmation_cohort_posthoc,common81,GCAD-dependency_s12,0.005,test1_A04,56351,56406,55,False,False,False,,55,1.0,0,0.0,0,0
test1.csv,confirmation_cohort_posthoc,common81,GCAD-dependency_s12,0.005,test1_A05,60136,60433,297,True,True,False,83,83,0.27946127946127947,102,0.3434343434343434,102,1
test1.csv,confirmation_cohort_posthoc,common81,GCAD-dependency_s12,0.005,test1_A06,69675,69767,92,False,False,False,,92,1.0,0,0.0,0,0
test1.csv,confirmation_cohort_posthoc,common81,GCAD-dependency_s12,0.005,test1_A07,81319,81387,68,False,False,False,,68,1.0,0,0.0,0,0
test1.csv,confirmation_cohort_posthoc,native,GCAD-dependency_s12,0.01,test1_A01,20481,20672,191,False,False,False,,191,1.0,0,0.0,0,0
test1.csv,confirmation_cohort_posthoc,native,GCAD-dependency_s12,0.01,test1_A02,26351,26406,55,True,True,False,11,11,0.2,44,0.8,44,1
test1.csv,confirmation_cohort_posthoc,native,GCAD-dependency_s12,0.01,test1_A03,41112,41239,127,True,True,False,76,76,0.5984251968503937,51,0.4015748031496063,51,1
test1.csv,confirmation_cohort_posthoc,native,GCAD-dependency_s12,0.01,test1_A04,56351,56406,55,False,False,False,,55,1.0,0,0.0,0,0
test1.csv,confirmation_cohort_posthoc,native,GCAD-dependency_s12,0.01,test1_A05,60136,60433,297,True,True,False,83,83,0.27946127946127947,103,0.3468013468013468,103,1
test1.csv,confirmation_cohort_posthoc,native,GCAD-dependency_s12,0.01,test1_A06,69675,69767,92,False,False,False,,92,1.0,0,0.0,0,0
test1.csv,confirmation_cohort_posthoc,native,GCAD-dependency_s12,0.01,test1_A07,81319,81387,68,False,False,False,,68,1.0,0,0.0,0,0
test1.csv,confirmation_cohort_posthoc,common81,GCAD-dependency_s12,0.01,test1_A01,20481,20672,191,False,False,False,,191,1.0,0,0.0,0,0
test1.csv,confirmation_cohort_posthoc,common81,GCAD-dependency_s12,0.01,test1_A02,26351,26406,55,True,True,False,11,11,0.2,44,0.8,44,1
test1.csv,confirmation_cohort_posthoc,common81,GCAD-dependency_s12,0.01,test1_A03,41112,41239,127,True,True,False,76,76,0.5984251968503937,51,0.4015748031496063,51,1
test1.csv,confirmation_cohort_posthoc,common81,GCAD-dependency_s12,0.01,test1_A04,56351,56406,55,False,False,False,,55,1.0,0,0.0,0,0
test1.csv,confirmation_cohort_posthoc,common81,GCAD-dependency_s12,0.01,test1_A05,60136,60433,297,True,True,False,83,83,0.27946127946127947,103,0.3468013468013468,103,1
test1.csv,confirmation_cohort_posthoc,common81,GCAD-dependency_s12,0.01,test1_A06,69675,69767,92,False,False,False,,92,1.0,0,0.0,0,0
test1.csv,confirmation_cohort_posthoc,common81,GCAD-dependency_s12,0.01,test1_A07,81319,81387,68,False,False,False,,68,1.0,0,0.0,0,0
test1.csv,confirmation_cohort_posthoc,native,GCAD-dependency_s12,0.02,test1_A01,20481,20672,191,False,False,False,,191,1.0,0,0.0,0,0
test1.csv,confirmation_cohort_posthoc,native,GCAD-dependency_s12,0.02,test1_A02,26351,26406,55,True,True,False,8,8,0.14545454545454545,47,0.8545454545454545,47,1
test1.csv,confirmation_cohort_posthoc,native,GCAD-dependency_s12,0.02,test1_A03,41112,41239,127,True,True,False,63,63,0.49606299212598426,64,0.5039370078740157,64,1
test1.csv,confirmation_cohort_posthoc,native,GCAD-dependency_s12,0.02,test1_A04,56351,56406,55,False,False,False,,55,1.0,0,0.0,0,0
test1.csv,confirmation_cohort_posthoc,native,GCAD-dependency_s12,0.02,test1_A05,60136,60433,297,True,True,False,82,82,0.2760942760942761,164,0.5521885521885522,164,1
test1.csv,confirmation_cohort_posthoc,native,GCAD-dependency_s12,0.02,test1_A06,69675,69767,92,False,False,False,,92,1.0,0,0.0,0,0
test1.csv,confirmation_cohort_posthoc,native,GCAD-dependency_s12,0.02,test1_A07,81319,81387,68,False,False,False,,68,1.0,0,0.0,0,0
test1.csv,confirmation_cohort_posthoc,common81,GCAD-dependency_s12,0.02,test1_A01,20481,20672,191,False,False,False,,191,1.0,0,0.0,0,0
test1.csv,confirmation_cohort_posthoc,common81,GCAD-dependency_s12,0.02,test1_A02,26351,26406,55,True,True,False,8,8,0.14545454545454545,47,0.8545454545454545,47,1
test1.csv,confirmation_cohort_posthoc,common81,GCAD-dependency_s12,0.02,test1_A03,41112,41239,127,True,True,False,63,63,0.49606299212598426,64,0.5039370078740157,64,1
test1.csv,confirmation_cohort_posthoc,common81,GCAD-dependency_s12,0.02,test1_A04,56351,56406,55,False,False,False,,55,1.0,0,0.0,0,0
test1.csv,confirmation_cohort_posthoc,common81,GCAD-dependency_s12,0.02,test1_A05,60136,60433,297,True,True,False,82,82,0.2760942760942761,164,0.5521885521885522,164,1
test1.csv,confirmation_cohort_posthoc,common81,GCAD-dependency_s12,0.02,test1_A06,69675,69767,92,False,False,False,,92,1.0,0,0.0,0,0
test1.csv,confirmation_cohort_posthoc,common81,GCAD-dependency_s12,0.02,test1_A07,81319,81387,68,False,False,False,,68,1.0,0,0.0,0,0
test2.csv,confirmation_cohort_posthoc,native,S_Q3,0.005,test2_A01,2283,2541,258,False,False,False,,258,1.0,0,0.0,0,0
test2.csv,confirmation_cohort_posthoc,native,S_Q3,0.005,test2_A02,4862,4928,66,False,False,False,,66,1.0,0,0.0,0,0
test2.csv,confirmation_cohort_posthoc,native,S_Q3,0.005,test2_A03,7983,8029,46,False,False,False,,46,1.0,0,0.0,0,0
test2.csv,confirmation_cohort_posthoc,native,S_Q3,0.005,test2_A04,16085,16334,249,False,False,False,,249,1.0,0,0.0,0,0
test2.csv,confirmation_cohort_posthoc,native,S_Q3,0.005,test2_A05,18606,18662,56,False,False,False,,56,1.0,0,0.0,0,0
test2.csv,confirmation_cohort_posthoc,native,S_Q3,0.005,test2_A06,21486,21663,177,False,False,False,,177,1.0,0,0.0,0,0
test2.csv,confirmation_cohort_posthoc,native,S_Q3,0.005,test2_A07,27613,27898,285,False,False,False,,285,1.0,0,0.0,0,0
test2.csv,confirmation_cohort_posthoc,native,S_Q3,0.005,test2_A08,33307,33460,153,False,False,False,,153,1.0,0,0.0,0,0
test2.csv,confirmation_cohort_posthoc,native,S_Q3,0.005,test2_A09,34806,34969,163,False,False,False,,163,1.0,0,0.0,0,0
test2.csv,confirmation_cohort_posthoc,native,S_Q3,0.005,test2_A10,41006,41104,98,False,False,False,,98,1.0,0,0.0,0,0
test2.csv,confirmation_cohort_posthoc,native,S_Q3,0.005,test2_A11,55274,55426,152,False,False,False,,152,1.0,0,0.0,0,0
test2.csv,confirmation_cohort_posthoc,native,S_Q3,0.005,test2_A12,58271,58327,56,False,False,False,,56,1.0,0,0.0,0,0
test2.csv,confirmation_cohort_posthoc,native,S_Q3,0.005,test2_A13,66914,66995,81,False,False,False,,81,1.0,0,0.0,0,0
test2.csv,confirmation_cohort_posthoc,native,S_Q3,0.005,test2_A14,69796,70410,614,False,False,False,,614,1.0,0,0.0,0,0
test2.csv,confirmation_cohort_posthoc,native,S_Q3,0.005,test2_A15,73032,73201,169,False,False,False,,169,1.0,0,0.0,0,0
test2.csv,confirmation_cohort_posthoc,native,S_Q3,0.005,test2_A16,78734,78893,159,False,False,False,,159,1.0,0,0.0,0,0
test2.csv,confirmation_cohort_posthoc,native,S_Q3,0.005,test2_A17,81062,81161,99,False,False,False,,99,1.0,0,0.0,0,0
test2.csv,confirmation_cohort_posthoc,common81,S_Q3,0.005,test2_A01,2283,2541,258,False,False,False,,258,1.0,0,0.0,0,0
test2.csv,confirmation_cohort_posthoc,common81,S_Q3,0.005,test2_A02,4862,4928,66,False,False,False,,66,1.0,0,0.0,0,0
test2.csv,confirmation_cohort_posthoc,common81,S_Q3,0.005,test2_A03,7983,8029,46,False,False,False,,46,1.0,0,0.0,0,0
test2.csv,confirmation_cohort_posthoc,common81,S_Q3,0.005,test2_A04,16085,16334,249,False,False,False,,249,1.0,0,0.0,0,0
test2.csv,confirmation_cohort_posthoc,common81,S_Q3,0.005,test2_A05,18606,18662,56,False,False,False,,56,1.0,0,0.0,0,0
test2.csv,confirmation_cohort_posthoc,common81,S_Q3,0.005,test2_A06,21486,21663,177,False,False,False,,177,1.0,0,0.0,0,0
test2.csv,confirmation_cohort_posthoc,common81,S_Q3,0.005,test2_A07,27613,27898,285,False,False,False,,285,1.0,0,0.0,0,0
test2.csv,confirmation_cohort_posthoc,common81,S_Q3,0.005,test2_A08,33307,33460,153,False,False,False,,153,1.0,0,0.0,0,0
test2.csv,confirmation_cohort_posthoc,common81,S_Q3,0.005,test2_A09,34806,34969,163,False,False,False,,163,1.0,0,0.0,0,0
test2.csv,confirmation_cohort_posthoc,common81,S_Q3,0.005,test2_A10,41006,41104,98,False,False,False,,98,1.0,0,0.0,0,0
test2.csv,confirmation_cohort_posthoc,common81,S_Q3,0.005,test2_A11,55274,55426,152,False,False,False,,152,1.0,0,0.0,0,0
test2.csv,confirmation_cohort_posthoc,common81,S_Q3,0.005,test2_A12,58271,58327,56,False,False,False,,56,1.0,0,0.0,0,0
test2.csv,confirmation_cohort_posthoc,common81,S_Q3,0.005,test2_A13,66914,66995,81,False,False,False,,81,1.0,0,0.0,0,0
test2.csv,confirmation_cohort_posthoc,common81,S_Q3,0.005,test2_A14,69796,70410,614,False,False,False,,614,1.0,0,0.0,0,0
test2.csv,confirmation_cohort_posthoc,common81,S_Q3,0.005,test2_A15,73032,73201,169,False,False,False,,169,1.0,0,0.0,0,0
test2.csv,confirmation_cohort_posthoc,common81,S_Q3,0.005,test2_A16,78734,78893,159,False,False,False,,159,1.0,0,0.0,0,0
test2.csv,confirmation_cohort_posthoc,common81,S_Q3,0.005,test2_A17,81062,81161,99,False,False,False,,99,1.0,0,0.0,0,0
test2.csv,confirmation_cohort_posthoc,native,S_Q3,0.01,test2_A01,2283,2541,258,False,False,False,,258,1.0,0,0.0,0,0
test2.csv,confirmation_cohort_posthoc,native,S_Q3,0.01,test2_A02,4862,4928,66,False,False,False,,66,1.0,0,0.0,0,0
test2.csv,confirmation_cohort_posthoc,native,S_Q3,0.01,test2_A03,7983,8029,46,False,False,False,,46,1.0,0,0.0,0,0
test2.csv,confirmation_cohort_posthoc,native,S_Q3,0.01,test2_A04,16085,16334,249,False,False,False,,249,1.0,0,0.0,0,0
test2.csv,confirmation_cohort_posthoc,native,S_Q3,0.01,test2_A05,18606,18662,56,False,False,False,,56,1.0,0,0.0,0,0
test2.csv,confirmation_cohort_posthoc,native,S_Q3,0.01,test2_A06,21486,21663,177,False,False,False,,177,1.0,0,0.0,0,0
test2.csv,confirmation_cohort_posthoc,native,S_Q3,0.01,test2_A07,27613,27898,285,False,False,False,,285,1.0,0,0.0,0,0
test2.csv,confirmation_cohort_posthoc,native,S_Q3,0.01,test2_A08,33307,33460,153,False,False,False,,153,1.0,0,0.0,0,0
test2.csv,confirmation_cohort_posthoc,native,S_Q3,0.01,test2_A09,34806,34969,163,False,False,False,,163,1.0,0,0.0,0,0
test2.csv,confirmation_cohort_posthoc,native,S_Q3,0.01,test2_A10,41006,41104,98,False,False,False,,98,1.0,0,0.0,0,0
test2.csv,confirmation_cohort_posthoc,native,S_Q3,0.01,test2_A11,55274,55426,152,False,False,False,,152,1.0,0,0.0,0,0
test2.csv,confirmation_cohort_posthoc,native,S_Q3,0.01,test2_A12,58271,58327,56,False,False,False,,56,1.0,0,0.0,0,0
test2.csv,confirmation_cohort_posthoc,native,S_Q3,0.01,test2_A13,66914,66995,81,False,False,False,,81,1.0,0,0.0,0,0
test2.csv,confirmation_cohort_posthoc,native,S_Q3,0.01,test2_A14,69796,70410,614,False,False,False,,614,1.0,0,0.0,0,0
test2.csv,confirmation_cohort_posthoc,native,S_Q3,0.01,test2_A15,73032,73201,169,False,False,False,,169,1.0,0,0.0,0,0
test2.csv,confirmation_cohort_posthoc,native,S_Q3,0.01,test2_A16,78734,78893,159,False,False,False,,159,1.0,0,0.0,0,0
test2.csv,confirmation_cohort_posthoc,native,S_Q3,0.01,test2_A17,81062,81161,99,False,False,False,,99,1.0,0,0.0,0,0
test2.csv,confirmation_cohort_posthoc,common81,S_Q3,0.01,test2_A01,2283,2541,258,False,False,False,,258,1.0,0,0.0,0,0
test2.csv,confirmation_cohort_posthoc,common81,S_Q3,0.01,test2_A02,4862,4928,66,False,False,False,,66,1.0,0,0.0,0,0
test2.csv,confirmation_cohort_posthoc,common81,S_Q3,0.01,test2_A03,7983,8029,46,False,False,False,,46,1.0,0,0.0,0,0
test2.csv,confirmation_cohort_posthoc,common81,S_Q3,0.01,test2_A04,16085,16334,249,False,False,False,,249,1.0,0,0.0,0,0
test2.csv,confirmation_cohort_posthoc,common81,S_Q3,0.01,test2_A05,18606,18662,56,False,False,False,,56,1.0,0,0.0,0,0
test2.csv,confirmation_cohort_posthoc,common81,S_Q3,0.01,test2_A06,21486,21663,177,False,False,False,,177,1.0,0,0.0,0,0
test2.csv,confirmation_cohort_posthoc,common81,S_Q3,0.01,test2_A07,27613,27898,285,False,False,False,,285,1.0,0,0.0,0,0
test2.csv,confirmation_cohort_posthoc,common81,S_Q3,0.01,test2_A08,33307,33460,153,False,False,False,,153,1.0,0,0.0,0,0
test2.csv,confirmation_cohort_posthoc,common81,S_Q3,0.01,test2_A09,34806,34969,163,False,False,False,,163,1.0,0,0.0,0,0
test2.csv,confirmation_cohort_posthoc,common81,S_Q3,0.01,test2_A10,41006,41104,98,False,False,False,,98,1.0,0,0.0,0,0
test2.csv,confirmation_cohort_posthoc,common81,S_Q3,0.01,test2_A11,55274,55426,152,False,False,False,,152,1.0,0,0.0,0,0
test2.csv,confirmation_cohort_posthoc,common81,S_Q3,0.01,test2_A12,58271,58327,56,False,False,False,,56,1.0,0,0.0,0,0
test2.csv,confirmation_cohort_posthoc,common81,S_Q3,0.01,test2_A13,66914,66995,81,False,False,False,,81,1.0,0,0.0,0,0
test2.csv,confirmation_cohort_posthoc,common81,S_Q3,0.01,test2_A14,69796,70410,614,False,False,False,,614,1.0,0,0.0,0,0
test2.csv,confirmation_cohort_posthoc,common81,S_Q3,0.01,test2_A15,73032,73201,169,False,False,False,,169,1.0,0,0.0,0,0
test2.csv,confirmation_cohort_posthoc,common81,S_Q3,0.01,test2_A16,78734,78893,159,False,False,False,,159,1.0,0,0.0,0,0
test2.csv,confirmation_cohort_posthoc,common81,S_Q3,0.01,test2_A17,81062,81161,99,False,False,False,,99,1.0,0,0.0,0,0
test2.csv,confirmation_cohort_posthoc,native,S_Q3,0.02,test2_A01,2283,2541,258,False,False,False,,258,1.0,0,0.0,0,0
test2.csv,confirmation_cohort_posthoc,native,S_Q3,0.02,test2_A02,4862,4928,66,False,False,False,,66,1.0,0,0.0,0,0
test2.csv,confirmation_cohort_posthoc,native,S_Q3,0.02,test2_A03,7983,8029,46,False,False,False,,46,1.0,0,0.0,0,0
test2.csv,confirmation_cohort_posthoc,native,S_Q3,0.02,test2_A04,16085,16334,249,False,False,False,,249,1.0,0,0.0,0,0
test2.csv,confirmation_cohort_posthoc,native,S_Q3,0.02,test2_A05,18606,18662,56,False,False,False,,56,1.0,0,0.0,0,0
test2.csv,confirmation_cohort_posthoc,native,S_Q3,0.02,test2_A06,21486,21663,177,False,False,False,,177,1.0,0,0.0,0,0
test2.csv,confirmation_cohort_posthoc,native,S_Q3,0.02,test2_A07,27613,27898,285,False,False,False,,285,1.0,0,0.0,0,0
test2.csv,confirmation_cohort_posthoc,native,S_Q3,0.02,test2_A08,33307,33460,153,False,False,False,,153,1.0,0,0.0,0,0
test2.csv,confirmation_cohort_posthoc,native,S_Q3,0.02,test2_A09,34806,34969,163,False,False,False,,163,1.0,0,0.0,0,0
test2.csv,confirmation_cohort_posthoc,native,S_Q3,0.02,test2_A10,41006,41104,98,False,False,False,,98,1.0,0,0.0,0,0
test2.csv,confirmation_cohort_posthoc,native,S_Q3,0.02,test2_A11,55274,55426,152,False,False,False,,152,1.0,0,0.0,0,0
test2.csv,confirmation_cohort_posthoc,native,S_Q3,0.02,test2_A12,58271,58327,56,False,False,False,,56,1.0,0,0.0,0,0
test2.csv,confirmation_cohort_posthoc,native,S_Q3,0.02,test2_A13,66914,66995,81,False,False,False,,81,1.0,0,0.0,0,0
test2.csv,confirmation_cohort_posthoc,native,S_Q3,0.02,test2_A14,69796,70410,614,False,False,False,,614,1.0,0,0.0,0,0
test2.csv,confirmation_cohort_posthoc,native,S_Q3,0.02,test2_A15,73032,73201,169,False,False,False,,169,1.0,0,0.0,0,0
test2.csv,confirmation_cohort_posthoc,native,S_Q3,0.02,test2_A16,78734,78893,159,False,False,False,,159,1.0,0,0.0,0,0
test2.csv,confirmation_cohort_posthoc,native,S_Q3,0.02,test2_A17,81062,81161,99,False,False,False,,99,1.0,0,0.0,0,0
test2.csv,confirmation_cohort_posthoc,common81,S_Q3,0.02,test2_A01,2283,2541,258,False,False,False,,258,1.0,0,0.0,0,0
test2.csv,confirmation_cohort_posthoc,common81,S_Q3,0.02,test2_A02,4862,4928,66,False,False,False,,66,1.0,0,0.0,0,0
test2.csv,confirmation_cohort_posthoc,common81,S_Q3,0.02,test2_A03,7983,8029,46,False,False,False,,46,1.0,0,0.0,0,0
test2.csv,confirmation_cohort_posthoc,common81,S_Q3,0.02,test2_A04,16085,16334,249,False,False,False,,249,1.0,0,0.0,0,0
test2.csv,confirmation_cohort_posthoc,common81,S_Q3,0.02,test2_A05,18606,18662,56,False,False,False,,56,1.0,0,0.0,0,0
test2.csv,confirmation_cohort_posthoc,common81,S_Q3,0.02,test2_A06,21486,21663,177,False,False,False,,177,1.0,0,0.0,0,0
test2.csv,confirmation_cohort_posthoc,common81,S_Q3,0.02,test2_A07,27613,27898,285,False,False,False,,285,1.0,0,0.0,0,0
test2.csv,confirmation_cohort_posthoc,common81,S_Q3,0.02,test2_A08,33307,33460,153,False,False,False,,153,1.0,0,0.0,0,0
test2.csv,confirmation_cohort_posthoc,common81,S_Q3,0.02,test2_A09,34806,34969,163,False,False,False,,163,1.0,0,0.0,0,0
test2.csv,confirmation_cohort_posthoc,common81,S_Q3,0.02,test2_A10,41006,41104,98,False,False,False,,98,1.0,0,0.0,0,0
test2.csv,confirmation_cohort_posthoc,common81,S_Q3,0.02,test2_A11,55274,55426,152,False,False,False,,152,1.0,0,0.0,0,0
test2.csv,confirmation_cohort_posthoc,common81,S_Q3,0.02,test2_A12,58271,58327,56,False,False,False,,56,1.0,0,0.0,0,0
test2.csv,confirmation_cohort_posthoc,common81,S_Q3,0.02,test2_A13,66914,66995,81,False,False,False,,81,1.0,0,0.0,0,0
test2.csv,confirmation_cohort_posthoc,common81,S_Q3,0.02,test2_A14,69796,70410,614,False,False,False,,614,1.0,0,0.0,0,0
test2.csv,confirmation_cohort_posthoc,common81,S_Q3,0.02,test2_A15,73032,73201,169,False,False,False,,169,1.0,0,0.0,0,0
test2.csv,confirmation_cohort_posthoc,common81,S_Q3,0.02,test2_A16,78734,78893,159,False,False,False,,159,1.0,0,0.0,0,0
test2.csv,confirmation_cohort_posthoc,common81,S_Q3,0.02,test2_A17,81062,81161,99,False,False,False,,99,1.0,0,0.0,0,0
test2.csv,confirmation_cohort_posthoc,native,Jr_Q3,0.005,test2_A01,2283,2541,258,False,False,False,,258,1.0,0,0.0,0,0
test2.csv,confirmation_cohort_posthoc,native,Jr_Q3,0.005,test2_A02,4862,4928,66,False,False,False,,66,1.0,0,0.0,0,0
test2.csv,confirmation_cohort_posthoc,native,Jr_Q3,0.005,test2_A03,7983,8029,46,False,False,False,,46,1.0,0,0.0,0,0
test2.csv,confirmation_cohort_posthoc,native,Jr_Q3,0.005,test2_A04,16085,16334,249,False,False,False,,249,1.0,0,0.0,0,0
test2.csv,confirmation_cohort_posthoc,native,Jr_Q3,0.005,test2_A05,18606,18662,56,False,False,False,,56,1.0,0,0.0,0,0
test2.csv,confirmation_cohort_posthoc,native,Jr_Q3,0.005,test2_A06,21486,21663,177,False,False,False,,177,1.0,0,0.0,0,0
test2.csv,confirmation_cohort_posthoc,native,Jr_Q3,0.005,test2_A07,27613,27898,285,False,False,False,,285,1.0,0,0.0,0,0
test2.csv,confirmation_cohort_posthoc,native,Jr_Q3,0.005,test2_A08,33307,33460,153,False,False,False,,153,1.0,0,0.0,0,0
test2.csv,confirmation_cohort_posthoc,native,Jr_Q3,0.005,test2_A09,34806,34969,163,False,False,False,,163,1.0,0,0.0,0,0
test2.csv,confirmation_cohort_posthoc,native,Jr_Q3,0.005,test2_A10,41006,41104,98,False,False,False,,98,1.0,0,0.0,0,0
test2.csv,confirmation_cohort_posthoc,native,Jr_Q3,0.005,test2_A11,55274,55426,152,False,False,False,,152,1.0,0,0.0,0,0
test2.csv,confirmation_cohort_posthoc,native,Jr_Q3,0.005,test2_A12,58271,58327,56,False,False,False,,56,1.0,0,0.0,0,0
test2.csv,confirmation_cohort_posthoc,native,Jr_Q3,0.005,test2_A13,66914,66995,81,False,False,False,,81,1.0,0,0.0,0,0
test2.csv,confirmation_cohort_posthoc,native,Jr_Q3,0.005,test2_A14,69796,70410,614,False,False,False,,614,1.0,0,0.0,0,0
test2.csv,confirmation_cohort_posthoc,native,Jr_Q3,0.005,test2_A15,73032,73201,169,False,False,False,,169,1.0,0,0.0,0,0
test2.csv,confirmation_cohort_posthoc,native,Jr_Q3,0.005,test2_A16,78734,78893,159,False,False,False,,159,1.0,0,0.0,0,0
test2.csv,confirmation_cohort_posthoc,native,Jr_Q3,0.005,test2_A17,81062,81161,99,False,False,False,,99,1.0,0,0.0,0,0
test2.csv,confirmation_cohort_posthoc,common81,Jr_Q3,0.005,test2_A01,2283,2541,258,False,False,False,,258,1.0,0,0.0,0,0
test2.csv,confirmation_cohort_posthoc,common81,Jr_Q3,0.005,test2_A02,4862,4928,66,False,False,False,,66,1.0,0,0.0,0,0
test2.csv,confirmation_cohort_posthoc,common81,Jr_Q3,0.005,test2_A03,7983,8029,46,False,False,False,,46,1.0,0,0.0,0,0
test2.csv,confirmation_cohort_posthoc,common81,Jr_Q3,0.005,test2_A04,16085,16334,249,False,False,False,,249,1.0,0,0.0,0,0
test2.csv,confirmation_cohort_posthoc,common81,Jr_Q3,0.005,test2_A05,18606,18662,56,False,False,False,,56,1.0,0,0.0,0,0
test2.csv,confirmation_cohort_posthoc,common81,Jr_Q3,0.005,test2_A06,21486,21663,177,False,False,False,,177,1.0,0,0.0,0,0
test2.csv,confirmation_cohort_posthoc,common81,Jr_Q3,0.005,test2_A07,27613,27898,285,False,False,False,,285,1.0,0,0.0,0,0
test2.csv,confirmation_cohort_posthoc,common81,Jr_Q3,0.005,test2_A08,33307,33460,153,False,False,False,,153,1.0,0,0.0,0,0
test2.csv,confirmation_cohort_posthoc,common81,Jr_Q3,0.005,test2_A09,34806,34969,163,False,False,False,,163,1.0,0,0.0,0,0
test2.csv,confirmation_cohort_posthoc,common81,Jr_Q3,0.005,test2_A10,41006,41104,98,False,False,False,,98,1.0,0,0.0,0,0
test2.csv,confirmation_cohort_posthoc,common81,Jr_Q3,0.005,test2_A11,55274,55426,152,False,False,False,,152,1.0,0,0.0,0,0
test2.csv,confirmation_cohort_posthoc,common81,Jr_Q3,0.005,test2_A12,58271,58327,56,False,False,False,,56,1.0,0,0.0,0,0
test2.csv,confirmation_cohort_posthoc,common81,Jr_Q3,0.005,test2_A13,66914,66995,81,False,False,False,,81,1.0,0,0.0,0,0
test2.csv,confirmation_cohort_posthoc,common81,Jr_Q3,0.005,test2_A14,69796,70410,614,False,False,False,,614,1.0,0,0.0,0,0
test2.csv,confirmation_cohort_posthoc,common81,Jr_Q3,0.005,test2_A15,73032,73201,169,False,False,False,,169,1.0,0,0.0,0,0
test2.csv,confirmation_cohort_posthoc,common81,Jr_Q3,0.005,test2_A16,78734,78893,159,False,False,False,,159,1.0,0,0.0,0,0
test2.csv,confirmation_cohort_posthoc,common81,Jr_Q3,0.005,test2_A17,81062,81161,99,False,False,False,,99,1.0,0,0.0,0,0
test2.csv,confirmation_cohort_posthoc,native,Jr_Q3,0.01,test2_A01,2283,2541,258,False,False,False,,258,1.0,0,0.0,0,0
test2.csv,confirmation_cohort_posthoc,native,Jr_Q3,0.01,test2_A02,4862,4928,66,False,False,False,,66,1.0,0,0.0,0,0
test2.csv,confirmation_cohort_posthoc,native,Jr_Q3,0.01,test2_A03,7983,8029,46,False,False,False,,46,1.0,0,0.0,0,0
test2.csv,confirmation_cohort_posthoc,native,Jr_Q3,0.01,test2_A04,16085,16334,249,False,False,False,,249,1.0,0,0.0,0,0
test2.csv,confirmation_cohort_posthoc,native,Jr_Q3,0.01,test2_A05,18606,18662,56,False,False,False,,56,1.0,0,0.0,0,0
test2.csv,confirmation_cohort_posthoc,native,Jr_Q3,0.01,test2_A06,21486,21663,177,False,False,False,,177,1.0,0,0.0,0,0
test2.csv,confirmation_cohort_posthoc,native,Jr_Q3,0.01,test2_A07,27613,27898,285,False,False,False,,285,1.0,0,0.0,0,0
test2.csv,confirmation_cohort_posthoc,native,Jr_Q3,0.01,test2_A08,33307,33460,153,False,False,False,,153,1.0,0,0.0,0,0
test2.csv,confirmation_cohort_posthoc,native,Jr_Q3,0.01,test2_A09,34806,34969,163,False,False,False,,163,1.0,0,0.0,0,0
test2.csv,confirmation_cohort_posthoc,native,Jr_Q3,0.01,test2_A10,41006,41104,98,False,False,False,,98,1.0,0,0.0,0,0
test2.csv,confirmation_cohort_posthoc,native,Jr_Q3,0.01,test2_A11,55274,55426,152,False,False,False,,152,1.0,0,0.0,0,0
test2.csv,confirmation_cohort_posthoc,native,Jr_Q3,0.01,test2_A12,58271,58327,56,False,False,False,,56,1.0,0,0.0,0,0
test2.csv,confirmation_cohort_posthoc,native,Jr_Q3,0.01,test2_A13,66914,66995,81,False,False,False,,81,1.0,0,0.0,0,0
test2.csv,confirmation_cohort_posthoc,native,Jr_Q3,0.01,test2_A14,69796,70410,614,False,False,False,,614,1.0,0,0.0,0,0
test2.csv,confirmation_cohort_posthoc,native,Jr_Q3,0.01,test2_A15,73032,73201,169,False,False,False,,169,1.0,0,0.0,0,0
test2.csv,confirmation_cohort_posthoc,native,Jr_Q3,0.01,test2_A16,78734,78893,159,False,False,False,,159,1.0,0,0.0,0,0
test2.csv,confirmation_cohort_posthoc,native,Jr_Q3,0.01,test2_A17,81062,81161,99,False,False,False,,99,1.0,0,0.0,0,0
test2.csv,confirmation_cohort_posthoc,common81,Jr_Q3,0.01,test2_A01,2283,2541,258,False,False,False,,258,1.0,0,0.0,0,0
test2.csv,confirmation_cohort_posthoc,common81,Jr_Q3,0.01,test2_A02,4862,4928,66,False,False,False,,66,1.0,0,0.0,0,0
test2.csv,confirmation_cohort_posthoc,common81,Jr_Q3,0.01,test2_A03,7983,8029,46,False,False,False,,46,1.0,0,0.0,0,0
test2.csv,confirmation_cohort_posthoc,common81,Jr_Q3,0.01,test2_A04,16085,16334,249,False,False,False,,249,1.0,0,0.0,0,0
test2.csv,confirmation_cohort_posthoc,common81,Jr_Q3,0.01,test2_A05,18606,18662,56,False,False,False,,56,1.0,0,0.0,0,0
test2.csv,confirmation_cohort_posthoc,common81,Jr_Q3,0.01,test2_A06,21486,21663,177,False,False,False,,177,1.0,0,0.0,0,0
test2.csv,confirmation_cohort_posthoc,common81,Jr_Q3,0.01,test2_A07,27613,27898,285,False,False,False,,285,1.0,0,0.0,0,0
test2.csv,confirmation_cohort_posthoc,common81,Jr_Q3,0.01,test2_A08,33307,33460,153,False,False,False,,153,1.0,0,0.0,0,0
test2.csv,confirmation_cohort_posthoc,common81,Jr_Q3,0.01,test2_A09,34806,34969,163,False,False,False,,163,1.0,0,0.0,0,0
test2.csv,confirmation_cohort_posthoc,common81,Jr_Q3,0.01,test2_A10,41006,41104,98,False,False,False,,98,1.0,0,0.0,0,0
test2.csv,confirmation_cohort_posthoc,common81,Jr_Q3,0.01,test2_A11,55274,55426,152,False,False,False,,152,1.0,0,0.0,0,0
test2.csv,confirmation_cohort_posthoc,common81,Jr_Q3,0.01,test2_A12,58271,58327,56,False,False,False,,56,1.0,0,0.0,0,0
test2.csv,confirmation_cohort_posthoc,common81,Jr_Q3,0.01,test2_A13,66914,66995,81,False,False,False,,81,1.0,0,0.0,0,0
test2.csv,confirmation_cohort_posthoc,common81,Jr_Q3,0.01,test2_A14,69796,70410,614,False,False,False,,614,1.0,0,0.0,0,0
test2.csv,confirmation_cohort_posthoc,common81,Jr_Q3,0.01,test2_A15,73032,73201,169,False,False,False,,169,1.0,0,0.0,0,0
test2.csv,confirmation_cohort_posthoc,common81,Jr_Q3,0.01,test2_A16,78734,78893,159,False,False,False,,159,1.0,0,0.0,0,0
test2.csv,confirmation_cohort_posthoc,common81,Jr_Q3,0.01,test2_A17,81062,81161,99,False,False,False,,99,1.0,0,0.0,0,0
test2.csv,confirmation_cohort_posthoc,native,Jr_Q3,0.02,test2_A01,2283,2541,258,False,False,False,,258,1.0,0,0.0,0,0
test2.csv,confirmation_cohort_posthoc,native,Jr_Q3,0.02,test2_A02,4862,4928,66,False,False,False,,66,1.0,0,0.0,0,0
test2.csv,confirmation_cohort_posthoc,native,Jr_Q3,0.02,test2_A03,7983,8029,46,False,False,False,,46,1.0,0,0.0,0,0
test2.csv,confirmation_cohort_posthoc,native,Jr_Q3,0.02,test2_A04,16085,16334,249,False,False,False,,249,1.0,0,0.0,0,0
test2.csv,confirmation_cohort_posthoc,native,Jr_Q3,0.02,test2_A05,18606,18662,56,False,False,False,,56,1.0,0,0.0,0,0
test2.csv,confirmation_cohort_posthoc,native,Jr_Q3,0.02,test2_A06,21486,21663,177,False,False,False,,177,1.0,0,0.0,0,0
test2.csv,confirmation_cohort_posthoc,native,Jr_Q3,0.02,test2_A07,27613,27898,285,False,False,False,,285,1.0,0,0.0,0,0
test2.csv,confirmation_cohort_posthoc,native,Jr_Q3,0.02,test2_A08,33307,33460,153,False,False,False,,153,1.0,0,0.0,0,0
test2.csv,confirmation_cohort_posthoc,native,Jr_Q3,0.02,test2_A09,34806,34969,163,False,False,False,,163,1.0,0,0.0,0,0
test2.csv,confirmation_cohort_posthoc,native,Jr_Q3,0.02,test2_A10,41006,41104,98,False,False,False,,98,1.0,0,0.0,0,0
test2.csv,confirmation_cohort_posthoc,native,Jr_Q3,0.02,test2_A11,55274,55426,152,False,False,False,,152,1.0,0,0.0,0,0
test2.csv,confirmation_cohort_posthoc,native,Jr_Q3,0.02,test2_A12,58271,58327,56,False,False,False,,56,1.0,0,0.0,0,0
test2.csv,confirmation_cohort_posthoc,native,Jr_Q3,0.02,test2_A13,66914,66995,81,False,False,False,,81,1.0,0,0.0,0,0
test2.csv,confirmation_cohort_posthoc,native,Jr_Q3,0.02,test2_A14,69796,70410,614,False,False,False,,614,1.0,0,0.0,0,0
test2.csv,confirmation_cohort_posthoc,native,Jr_Q3,0.02,test2_A15,73032,73201,169,False,False,False,,169,1.0,0,0.0,0,0
test2.csv,confirmation_cohort_posthoc,native,Jr_Q3,0.02,test2_A16,78734,78893,159,False,False,False,,159,1.0,0,0.0,0,0
test2.csv,confirmation_cohort_posthoc,native,Jr_Q3,0.02,test2_A17,81062,81161,99,False,False,False,,99,1.0,0,0.0,0,0
test2.csv,confirmation_cohort_posthoc,common81,Jr_Q3,0.02,test2_A01,2283,2541,258,False,False,False,,258,1.0,0,0.0,0,0
test2.csv,confirmation_cohort_posthoc,common81,Jr_Q3,0.02,test2_A02,4862,4928,66,False,False,False,,66,1.0,0,0.0,0,0
test2.csv,confirmation_cohort_posthoc,common81,Jr_Q3,0.02,test2_A03,7983,8029,46,False,False,False,,46,1.0,0,0.0,0,0
test2.csv,confirmation_cohort_posthoc,common81,Jr_Q3,0.02,test2_A04,16085,16334,249,False,False,False,,249,1.0,0,0.0,0,0
test2.csv,confirmation_cohort_posthoc,common81,Jr_Q3,0.02,test2_A05,18606,18662,56,False,False,False,,56,1.0,0,0.0,0,0
test2.csv,confirmation_cohort_posthoc,common81,Jr_Q3,0.02,test2_A06,21486,21663,177,False,False,False,,177,1.0,0,0.0,0,0
test2.csv,confirmation_cohort_posthoc,common81,Jr_Q3,0.02,test2_A07,27613,27898,285,False,False,False,,285,1.0,0,0.0,0,0
test2.csv,confirmation_cohort_posthoc,common81,Jr_Q3,0.02,test2_A08,33307,33460,153,False,False,False,,153,1.0,0,0.0,0,0
test2.csv,confirmation_cohort_posthoc,common81,Jr_Q3,0.02,test2_A09,34806,34969,163,False,False,False,,163,1.0,0,0.0,0,0
test2.csv,confirmation_cohort_posthoc,common81,Jr_Q3,0.02,test2_A10,41006,41104,98,False,False,False,,98,1.0,0,0.0,0,0
test2.csv,confirmation_cohort_posthoc,common81,Jr_Q3,0.02,test2_A11,55274,55426,152,False,False,False,,152,1.0,0,0.0,0,0
test2.csv,confirmation_cohort_posthoc,common81,Jr_Q3,0.02,test2_A12,58271,58327,56,False,False,False,,56,1.0,0,0.0,0,0
test2.csv,confirmation_cohort_posthoc,common81,Jr_Q3,0.02,test2_A13,66914,66995,81,False,False,False,,81,1.0,0,0.0,0,0
test2.csv,confirmation_cohort_posthoc,common81,Jr_Q3,0.02,test2_A14,69796,70410,614,False,False,False,,614,1.0,0,0.0,0,0
test2.csv,confirmation_cohort_posthoc,common81,Jr_Q3,0.02,test2_A15,73032,73201,169,False,False,False,,169,1.0,0,0.0,0,0
test2.csv,confirmation_cohort_posthoc,common81,Jr_Q3,0.02,test2_A16,78734,78893,159,False,False,False,,159,1.0,0,0.0,0,0
test2.csv,confirmation_cohort_posthoc,common81,Jr_Q3,0.02,test2_A17,81062,81161,99,False,False,False,,99,1.0,0,0.0,0,0
test2.csv,confirmation_cohort_posthoc,native,Dr_Q3,0.005,test2_A01,2283,2541,258,False,False,False,,258,1.0,0,0.0,0,0
test2.csv,confirmation_cohort_posthoc,native,Dr_Q3,0.005,test2_A02,4862,4928,66,False,False,False,,66,1.0,0,0.0,0,0
test2.csv,confirmation_cohort_posthoc,native,Dr_Q3,0.005,test2_A03,7983,8029,46,False,False,False,,46,1.0,0,0.0,0,0
test2.csv,confirmation_cohort_posthoc,native,Dr_Q3,0.005,test2_A04,16085,16334,249,False,False,False,,249,1.0,0,0.0,0,0
test2.csv,confirmation_cohort_posthoc,native,Dr_Q3,0.005,test2_A05,18606,18662,56,False,False,False,,56,1.0,0,0.0,0,0
test2.csv,confirmation_cohort_posthoc,native,Dr_Q3,0.005,test2_A06,21486,21663,177,False,False,False,,177,1.0,0,0.0,0,0
test2.csv,confirmation_cohort_posthoc,native,Dr_Q3,0.005,test2_A07,27613,27898,285,False,False,False,,285,1.0,0,0.0,0,0
test2.csv,confirmation_cohort_posthoc,native,Dr_Q3,0.005,test2_A08,33307,33460,153,False,False,False,,153,1.0,0,0.0,0,0
test2.csv,confirmation_cohort_posthoc,native,Dr_Q3,0.005,test2_A09,34806,34969,163,False,False,False,,163,1.0,0,0.0,0,0
test2.csv,confirmation_cohort_posthoc,native,Dr_Q3,0.005,test2_A10,41006,41104,98,False,False,False,,98,1.0,0,0.0,0,0
test2.csv,confirmation_cohort_posthoc,native,Dr_Q3,0.005,test2_A11,55274,55426,152,False,False,False,,152,1.0,0,0.0,0,0
test2.csv,confirmation_cohort_posthoc,native,Dr_Q3,0.005,test2_A12,58271,58327,56,False,False,False,,56,1.0,0,0.0,0,0
test2.csv,confirmation_cohort_posthoc,native,Dr_Q3,0.005,test2_A13,66914,66995,81,False,False,False,,81,1.0,0,0.0,0,0
test2.csv,confirmation_cohort_posthoc,native,Dr_Q3,0.005,test2_A14,69796,70410,614,False,False,False,,614,1.0,0,0.0,0,0
test2.csv,confirmation_cohort_posthoc,native,Dr_Q3,0.005,test2_A15,73032,73201,169,False,False,False,,169,1.0,0,0.0,0,0
test2.csv,confirmation_cohort_posthoc,native,Dr_Q3,0.005,test2_A16,78734,78893,159,False,False,False,,159,1.0,0,0.0,0,0
test2.csv,confirmation_cohort_posthoc,native,Dr_Q3,0.005,test2_A17,81062,81161,99,False,False,False,,99,1.0,0,0.0,0,0
test2.csv,confirmation_cohort_posthoc,common81,Dr_Q3,0.005,test2_A01,2283,2541,258,False,False,False,,258,1.0,0,0.0,0,0
test2.csv,confirmation_cohort_posthoc,common81,Dr_Q3,0.005,test2_A02,4862,4928,66,False,False,False,,66,1.0,0,0.0,0,0
test2.csv,confirmation_cohort_posthoc,common81,Dr_Q3,0.005,test2_A03,7983,8029,46,False,False,False,,46,1.0,0,0.0,0,0
test2.csv,confirmation_cohort_posthoc,common81,Dr_Q3,0.005,test2_A04,16085,16334,249,False,False,False,,249,1.0,0,0.0,0,0
test2.csv,confirmation_cohort_posthoc,common81,Dr_Q3,0.005,test2_A05,18606,18662,56,False,False,False,,56,1.0,0,0.0,0,0
test2.csv,confirmation_cohort_posthoc,common81,Dr_Q3,0.005,test2_A06,21486,21663,177,False,False,False,,177,1.0,0,0.0,0,0
test2.csv,confirmation_cohort_posthoc,common81,Dr_Q3,0.005,test2_A07,27613,27898,285,False,False,False,,285,1.0,0,0.0,0,0
test2.csv,confirmation_cohort_posthoc,common81,Dr_Q3,0.005,test2_A08,33307,33460,153,False,False,False,,153,1.0,0,0.0,0,0
test2.csv,confirmation_cohort_posthoc,common81,Dr_Q3,0.005,test2_A09,34806,34969,163,False,False,False,,163,1.0,0,0.0,0,0
test2.csv,confirmation_cohort_posthoc,common81,Dr_Q3,0.005,test2_A10,41006,41104,98,False,False,False,,98,1.0,0,0.0,0,0
test2.csv,confirmation_cohort_posthoc,common81,Dr_Q3,0.005,test2_A11,55274,55426,152,False,False,False,,152,1.0,0,0.0,0,0
test2.csv,confirmation_cohort_posthoc,common81,Dr_Q3,0.005,test2_A12,58271,58327,56,False,False,False,,56,1.0,0,0.0,0,0
test2.csv,confirmation_cohort_posthoc,common81,Dr_Q3,0.005,test2_A13,66914,66995,81,False,False,False,,81,1.0,0,0.0,0,0
test2.csv,confirmation_cohort_posthoc,common81,Dr_Q3,0.005,test2_A14,69796,70410,614,False,False,False,,614,1.0,0,0.0,0,0
test2.csv,confirmation_cohort_posthoc,common81,Dr_Q3,0.005,test2_A15,73032,73201,169,False,False,False,,169,1.0,0,0.0,0,0
test2.csv,confirmation_cohort_posthoc,common81,Dr_Q3,0.005,test2_A16,78734,78893,159,False,False,False,,159,1.0,0,0.0,0,0
test2.csv,confirmation_cohort_posthoc,common81,Dr_Q3,0.005,test2_A17,81062,81161,99,False,False,False,,99,1.0,0,0.0,0,0
test2.csv,confirmation_cohort_posthoc,native,Dr_Q3,0.01,test2_A01,2283,2541,258,False,False,False,,258,1.0,0,0.0,0,0
test2.csv,confirmation_cohort_posthoc,native,Dr_Q3,0.01,test2_A02,4862,4928,66,False,False,False,,66,1.0,0,0.0,0,0
test2.csv,confirmation_cohort_posthoc,native,Dr_Q3,0.01,test2_A03,7983,8029,46,False,False,False,,46,1.0,0,0.0,0,0
test2.csv,confirmation_cohort_posthoc,native,Dr_Q3,0.01,test2_A04,16085,16334,249,False,False,False,,249,1.0,0,0.0,0,0
test2.csv,confirmation_cohort_posthoc,native,Dr_Q3,0.01,test2_A05,18606,18662,56,False,False,False,,56,1.0,0,0.0,0,0
test2.csv,confirmation_cohort_posthoc,native,Dr_Q3,0.01,test2_A06,21486,21663,177,False,False,False,,177,1.0,0,0.0,0,0
test2.csv,confirmation_cohort_posthoc,native,Dr_Q3,0.01,test2_A07,27613,27898,285,False,False,False,,285,1.0,0,0.0,0,0
test2.csv,confirmation_cohort_posthoc,native,Dr_Q3,0.01,test2_A08,33307,33460,153,False,False,False,,153,1.0,0,0.0,0,0
test2.csv,confirmation_cohort_posthoc,native,Dr_Q3,0.01,test2_A09,34806,34969,163,False,False,False,,163,1.0,0,0.0,0,0
test2.csv,confirmation_cohort_posthoc,native,Dr_Q3,0.01,test2_A10,41006,41104,98,False,False,False,,98,1.0,0,0.0,0,0
test2.csv,confirmation_cohort_posthoc,native,Dr_Q3,0.01,test2_A11,55274,55426,152,False,False,False,,152,1.0,0,0.0,0,0
test2.csv,confirmation_cohort_posthoc,native,Dr_Q3,0.01,test2_A12,58271,58327,56,False,False,False,,56,1.0,0,0.0,0,0
test2.csv,confirmation_cohort_posthoc,native,Dr_Q3,0.01,test2_A13,66914,66995,81,False,False,False,,81,1.0,0,0.0,0,0
test2.csv,confirmation_cohort_posthoc,native,Dr_Q3,0.01,test2_A14,69796,70410,614,True,True,False,64,64,0.10423452768729642,150,0.24429967426710097,79,2
test2.csv,confirmation_cohort_posthoc,native,Dr_Q3,0.01,test2_A15,73032,73201,169,False,False,False,,169,1.0,0,0.0,0,0
test2.csv,confirmation_cohort_posthoc,native,Dr_Q3,0.01,test2_A16,78734,78893,159,False,False,False,,159,1.0,0,0.0,0,0
test2.csv,confirmation_cohort_posthoc,native,Dr_Q3,0.01,test2_A17,81062,81161,99,False,False,False,,99,1.0,0,0.0,0,0
test2.csv,confirmation_cohort_posthoc,common81,Dr_Q3,0.01,test2_A01,2283,2541,258,False,False,False,,258,1.0,0,0.0,0,0
test2.csv,confirmation_cohort_posthoc,common81,Dr_Q3,0.01,test2_A02,4862,4928,66,False,False,False,,66,1.0,0,0.0,0,0
test2.csv,confirmation_cohort_posthoc,common81,Dr_Q3,0.01,test2_A03,7983,8029,46,False,False,False,,46,1.0,0,0.0,0,0
test2.csv,confirmation_cohort_posthoc,common81,Dr_Q3,0.01,test2_A04,16085,16334,249,False,False,False,,249,1.0,0,0.0,0,0
test2.csv,confirmation_cohort_posthoc,common81,Dr_Q3,0.01,test2_A05,18606,18662,56,False,False,False,,56,1.0,0,0.0,0,0
test2.csv,confirmation_cohort_posthoc,common81,Dr_Q3,0.01,test2_A06,21486,21663,177,False,False,False,,177,1.0,0,0.0,0,0
test2.csv,confirmation_cohort_posthoc,common81,Dr_Q3,0.01,test2_A07,27613,27898,285,False,False,False,,285,1.0,0,0.0,0,0
test2.csv,confirmation_cohort_posthoc,common81,Dr_Q3,0.01,test2_A08,33307,33460,153,False,False,False,,153,1.0,0,0.0,0,0
test2.csv,confirmation_cohort_posthoc,common81,Dr_Q3,0.01,test2_A09,34806,34969,163,False,False,False,,163,1.0,0,0.0,0,0
test2.csv,confirmation_cohort_posthoc,common81,Dr_Q3,0.01,test2_A10,41006,41104,98,False,False,False,,98,1.0,0,0.0,0,0
test2.csv,confirmation_cohort_posthoc,common81,Dr_Q3,0.01,test2_A11,55274,55426,152,False,False,False,,152,1.0,0,0.0,0,0
test2.csv,confirmation_cohort_posthoc,common81,Dr_Q3,0.01,test2_A12,58271,58327,56,False,False,False,,56,1.0,0,0.0,0,0
test2.csv,confirmation_cohort_posthoc,common81,Dr_Q3,0.01,test2_A13,66914,66995,81,False,False,False,,81,1.0,0,0.0,0,0
test2.csv,confirmation_cohort_posthoc,common81,Dr_Q3,0.01,test2_A14,69796,70410,614,True,True,False,64,64,0.10423452768729642,150,0.24429967426710097,79,2
test2.csv,confirmation_cohort_posthoc,common81,Dr_Q3,0.01,test2_A15,73032,73201,169,False,False,False,,169,1.0,0,0.0,0,0
test2.csv,confirmation_cohort_posthoc,common81,Dr_Q3,0.01,test2_A16,78734,78893,159,False,False,False,,159,1.0,0,0.0,0,0
test2.csv,confirmation_cohort_posthoc,common81,Dr_Q3,0.01,test2_A17,81062,81161,99,False,False,False,,99,1.0,0,0.0,0,0
test2.csv,confirmation_cohort_posthoc,native,Dr_Q3,0.02,test2_A01,2283,2541,258,False,False,False,,258,1.0,0,0.0,0,0
test2.csv,confirmation_cohort_posthoc,native,Dr_Q3,0.02,test2_A02,4862,4928,66,False,False,False,,66,1.0,0,0.0,0,0
test2.csv,confirmation_cohort_posthoc,native,Dr_Q3,0.02,test2_A03,7983,8029,46,False,False,False,,46,1.0,0,0.0,0,0
test2.csv,confirmation_cohort_posthoc,native,Dr_Q3,0.02,test2_A04,16085,16334,249,False,False,False,,249,1.0,0,0.0,0,0
test2.csv,confirmation_cohort_posthoc,native,Dr_Q3,0.02,test2_A05,18606,18662,56,False,False,False,,56,1.0,0,0.0,0,0
test2.csv,confirmation_cohort_posthoc,native,Dr_Q3,0.02,test2_A06,21486,21663,177,False,False,False,,177,1.0,0,0.0,0,0
test2.csv,confirmation_cohort_posthoc,native,Dr_Q3,0.02,test2_A07,27613,27898,285,True,True,False,186,186,0.6526315789473685,3,0.010526315789473684,3,1
test2.csv,confirmation_cohort_posthoc,native,Dr_Q3,0.02,test2_A08,33307,33460,153,False,False,False,,153,1.0,0,0.0,0,0
test2.csv,confirmation_cohort_posthoc,native,Dr_Q3,0.02,test2_A09,34806,34969,163,False,False,False,,163,1.0,0,0.0,0,0
test2.csv,confirmation_cohort_posthoc,native,Dr_Q3,0.02,test2_A10,41006,41104,98,False,False,False,,98,1.0,0,0.0,0,0
test2.csv,confirmation_cohort_posthoc,native,Dr_Q3,0.02,test2_A11,55274,55426,152,False,False,False,,152,1.0,0,0.0,0,0
test2.csv,confirmation_cohort_posthoc,native,Dr_Q3,0.02,test2_A12,58271,58327,56,False,False,False,,56,1.0,0,0.0,0,0
test2.csv,confirmation_cohort_posthoc,native,Dr_Q3,0.02,test2_A13,66914,66995,81,False,False,False,,81,1.0,0,0.0,0,0
test2.csv,confirmation_cohort_posthoc,native,Dr_Q3,0.02,test2_A14,69796,70410,614,True,True,False,52,52,0.08469055374592833,238,0.38762214983713356,130,2
test2.csv,confirmation_cohort_posthoc,native,Dr_Q3,0.02,test2_A15,73032,73201,169,True,True,False,14,14,0.08284023668639054,128,0.757396449704142,128,1
test2.csv,confirmation_cohort_posthoc,native,Dr_Q3,0.02,test2_A16,78734,78893,159,False,False,False,,159,1.0,0,0.0,0,0
test2.csv,confirmation_cohort_posthoc,native,Dr_Q3,0.02,test2_A17,81062,81161,99,False,False,False,,99,1.0,0,0.0,0,0
test2.csv,confirmation_cohort_posthoc,common81,Dr_Q3,0.02,test2_A01,2283,2541,258,False,False,False,,258,1.0,0,0.0,0,0
test2.csv,confirmation_cohort_posthoc,common81,Dr_Q3,0.02,test2_A02,4862,4928,66,False,False,False,,66,1.0,0,0.0,0,0
test2.csv,confirmation_cohort_posthoc,common81,Dr_Q3,0.02,test2_A03,7983,8029,46,False,False,False,,46,1.0,0,0.0,0,0
test2.csv,confirmation_cohort_posthoc,common81,Dr_Q3,0.02,test2_A04,16085,16334,249,False,False,False,,249,1.0,0,0.0,0,0
test2.csv,confirmation_cohort_posthoc,common81,Dr_Q3,0.02,test2_A05,18606,18662,56,False,False,False,,56,1.0,0,0.0,0,0
test2.csv,confirmation_cohort_posthoc,common81,Dr_Q3,0.02,test2_A06,21486,21663,177,False,False,False,,177,1.0,0,0.0,0,0
test2.csv,confirmation_cohort_posthoc,common81,Dr_Q3,0.02,test2_A07,27613,27898,285,True,True,False,186,186,0.6526315789473685,3,0.010526315789473684,3,1
test2.csv,confirmation_cohort_posthoc,common81,Dr_Q3,0.02,test2_A08,33307,33460,153,False,False,False,,153,1.0,0,0.0,0,0
test2.csv,confirmation_cohort_posthoc,common81,Dr_Q3,0.02,test2_A09,34806,34969,163,False,False,False,,163,1.0,0,0.0,0,0
test2.csv,confirmation_cohort_posthoc,common81,Dr_Q3,0.02,test2_A10,41006,41104,98,False,False,False,,98,1.0,0,0.0,0,0
test2.csv,confirmation_cohort_posthoc,common81,Dr_Q3,0.02,test2_A11,55274,55426,152,False,False,False,,152,1.0,0,0.0,0,0
test2.csv,confirmation_cohort_posthoc,common81,Dr_Q3,0.02,test2_A12,58271,58327,56,False,False,False,,56,1.0,0,0.0,0,0
test2.csv,confirmation_cohort_posthoc,common81,Dr_Q3,0.02,test2_A13,66914,66995,81,False,False,False,,81,1.0,0,0.0,0,0
test2.csv,confirmation_cohort_posthoc,common81,Dr_Q3,0.02,test2_A14,69796,70410,614,True,True,False,52,52,0.08469055374592833,238,0.38762214983713356,130,2
test2.csv,confirmation_cohort_posthoc,common81,Dr_Q3,0.02,test2_A15,73032,73201,169,True,True,False,14,14,0.08284023668639054,128,0.757396449704142,128,1
test2.csv,confirmation_cohort_posthoc,common81,Dr_Q3,0.02,test2_A16,78734,78893,159,False,False,False,,159,1.0,0,0.0,0,0
test2.csv,confirmation_cohort_posthoc,common81,Dr_Q3,0.02,test2_A17,81062,81161,99,False,False,False,,99,1.0,0,0.0,0,0
test2.csv,confirmation_cohort_posthoc,native,PairError-Q3,0.005,test2_A01,2283,2541,258,False,False,False,,258,1.0,0,0.0,0,0
test2.csv,confirmation_cohort_posthoc,native,PairError-Q3,0.005,test2_A02,4862,4928,66,False,False,False,,66,1.0,0,0.0,0,0
test2.csv,confirmation_cohort_posthoc,native,PairError-Q3,0.005,test2_A03,7983,8029,46,False,False,False,,46,1.0,0,0.0,0,0
test2.csv,confirmation_cohort_posthoc,native,PairError-Q3,0.005,test2_A04,16085,16334,249,False,False,False,,249,1.0,0,0.0,0,0
test2.csv,confirmation_cohort_posthoc,native,PairError-Q3,0.005,test2_A05,18606,18662,56,False,False,False,,56,1.0,0,0.0,0,0
test2.csv,confirmation_cohort_posthoc,native,PairError-Q3,0.005,test2_A06,21486,21663,177,False,False,False,,177,1.0,0,0.0,0,0
test2.csv,confirmation_cohort_posthoc,native,PairError-Q3,0.005,test2_A07,27613,27898,285,False,False,False,,285,1.0,0,0.0,0,0
test2.csv,confirmation_cohort_posthoc,native,PairError-Q3,0.005,test2_A08,33307,33460,153,False,False,False,,153,1.0,0,0.0,0,0
test2.csv,confirmation_cohort_posthoc,native,PairError-Q3,0.005,test2_A09,34806,34969,163,False,False,False,,163,1.0,0,0.0,0,0
test2.csv,confirmation_cohort_posthoc,native,PairError-Q3,0.005,test2_A10,41006,41104,98,False,False,False,,98,1.0,0,0.0,0,0
test2.csv,confirmation_cohort_posthoc,native,PairError-Q3,0.005,test2_A11,55274,55426,152,False,False,False,,152,1.0,0,0.0,0,0
test2.csv,confirmation_cohort_posthoc,native,PairError-Q3,0.005,test2_A12,58271,58327,56,False,False,False,,56,1.0,0,0.0,0,0
test2.csv,confirmation_cohort_posthoc,native,PairError-Q3,0.005,test2_A13,66914,66995,81,False,False,False,,81,1.0,0,0.0,0,0
test2.csv,confirmation_cohort_posthoc,native,PairError-Q3,0.005,test2_A14,69796,70410,614,False,False,False,,614,1.0,0,0.0,0,0
test2.csv,confirmation_cohort_posthoc,native,PairError-Q3,0.005,test2_A15,73032,73201,169,False,False,False,,169,1.0,0,0.0,0,0
test2.csv,confirmation_cohort_posthoc,native,PairError-Q3,0.005,test2_A16,78734,78893,159,False,False,False,,159,1.0,0,0.0,0,0
test2.csv,confirmation_cohort_posthoc,native,PairError-Q3,0.005,test2_A17,81062,81161,99,False,False,False,,99,1.0,0,0.0,0,0
test2.csv,confirmation_cohort_posthoc,common81,PairError-Q3,0.005,test2_A01,2283,2541,258,False,False,False,,258,1.0,0,0.0,0,0
test2.csv,confirmation_cohort_posthoc,common81,PairError-Q3,0.005,test2_A02,4862,4928,66,False,False,False,,66,1.0,0,0.0,0,0
test2.csv,confirmation_cohort_posthoc,common81,PairError-Q3,0.005,test2_A03,7983,8029,46,False,False,False,,46,1.0,0,0.0,0,0
test2.csv,confirmation_cohort_posthoc,common81,PairError-Q3,0.005,test2_A04,16085,16334,249,False,False,False,,249,1.0,0,0.0,0,0
test2.csv,confirmation_cohort_posthoc,common81,PairError-Q3,0.005,test2_A05,18606,18662,56,False,False,False,,56,1.0,0,0.0,0,0
test2.csv,confirmation_cohort_posthoc,common81,PairError-Q3,0.005,test2_A06,21486,21663,177,False,False,False,,177,1.0,0,0.0,0,0
test2.csv,confirmation_cohort_posthoc,common81,PairError-Q3,0.005,test2_A07,27613,27898,285,False,False,False,,285,1.0,0,0.0,0,0
test2.csv,confirmation_cohort_posthoc,common81,PairError-Q3,0.005,test2_A08,33307,33460,153,False,False,False,,153,1.0,0,0.0,0,0
test2.csv,confirmation_cohort_posthoc,common81,PairError-Q3,0.005,test2_A09,34806,34969,163,False,False,False,,163,1.0,0,0.0,0,0
test2.csv,confirmation_cohort_posthoc,common81,PairError-Q3,0.005,test2_A10,41006,41104,98,False,False,False,,98,1.0,0,0.0,0,0
test2.csv,confirmation_cohort_posthoc,common81,PairError-Q3,0.005,test2_A11,55274,55426,152,False,False,False,,152,1.0,0,0.0,0,0
test2.csv,confirmation_cohort_posthoc,common81,PairError-Q3,0.005,test2_A12,58271,58327,56,False,False,False,,56,1.0,0,0.0,0,0
test2.csv,confirmation_cohort_posthoc,common81,PairError-Q3,0.005,test2_A13,66914,66995,81,False,False,False,,81,1.0,0,0.0,0,0
test2.csv,confirmation_cohort_posthoc,common81,PairError-Q3,0.005,test2_A14,69796,70410,614,False,False,False,,614,1.0,0,0.0,0,0
test2.csv,confirmation_cohort_posthoc,common81,PairError-Q3,0.005,test2_A15,73032,73201,169,False,False,False,,169,1.0,0,0.0,0,0
test2.csv,confirmation_cohort_posthoc,common81,PairError-Q3,0.005,test2_A16,78734,78893,159,False,False,False,,159,1.0,0,0.0,0,0
test2.csv,confirmation_cohort_posthoc,common81,PairError-Q3,0.005,test2_A17,81062,81161,99,False,False,False,,99,1.0,0,0.0,0,0
test2.csv,confirmation_cohort_posthoc,native,PairError-Q3,0.01,test2_A01,2283,2541,258,False,False,False,,258,1.0,0,0.0,0,0
test2.csv,confirmation_cohort_posthoc,native,PairError-Q3,0.01,test2_A02,4862,4928,66,False,False,False,,66,1.0,0,0.0,0,0
test2.csv,confirmation_cohort_posthoc,native,PairError-Q3,0.01,test2_A03,7983,8029,46,False,False,False,,46,1.0,0,0.0,0,0
test2.csv,confirmation_cohort_posthoc,native,PairError-Q3,0.01,test2_A04,16085,16334,249,False,False,False,,249,1.0,0,0.0,0,0
test2.csv,confirmation_cohort_posthoc,native,PairError-Q3,0.01,test2_A05,18606,18662,56,False,False,False,,56,1.0,0,0.0,0,0
test2.csv,confirmation_cohort_posthoc,native,PairError-Q3,0.01,test2_A06,21486,21663,177,False,False,False,,177,1.0,0,0.0,0,0
test2.csv,confirmation_cohort_posthoc,native,PairError-Q3,0.01,test2_A07,27613,27898,285,False,False,False,,285,1.0,0,0.0,0,0
test2.csv,confirmation_cohort_posthoc,native,PairError-Q3,0.01,test2_A08,33307,33460,153,False,False,False,,153,1.0,0,0.0,0,0
test2.csv,confirmation_cohort_posthoc,native,PairError-Q3,0.01,test2_A09,34806,34969,163,False,False,False,,163,1.0,0,0.0,0,0
test2.csv,confirmation_cohort_posthoc,native,PairError-Q3,0.01,test2_A10,41006,41104,98,False,False,False,,98,1.0,0,0.0,0,0
test2.csv,confirmation_cohort_posthoc,native,PairError-Q3,0.01,test2_A11,55274,55426,152,False,False,False,,152,1.0,0,0.0,0,0
test2.csv,confirmation_cohort_posthoc,native,PairError-Q3,0.01,test2_A12,58271,58327,56,False,False,False,,56,1.0,0,0.0,0,0
test2.csv,confirmation_cohort_posthoc,native,PairError-Q3,0.01,test2_A13,66914,66995,81,False,False,False,,81,1.0,0,0.0,0,0
test2.csv,confirmation_cohort_posthoc,native,PairError-Q3,0.01,test2_A14,69796,70410,614,False,False,False,,614,1.0,0,0.0,0,0
test2.csv,confirmation_cohort_posthoc,native,PairError-Q3,0.01,test2_A15,73032,73201,169,False,False,False,,169,1.0,0,0.0,0,0
test2.csv,confirmation_cohort_posthoc,native,PairError-Q3,0.01,test2_A16,78734,78893,159,False,False,False,,159,1.0,0,0.0,0,0
test2.csv,confirmation_cohort_posthoc,native,PairError-Q3,0.01,test2_A17,81062,81161,99,False,False,False,,99,1.0,0,0.0,0,0
test2.csv,confirmation_cohort_posthoc,common81,PairError-Q3,0.01,test2_A01,2283,2541,258,False,False,False,,258,1.0,0,0.0,0,0
test2.csv,confirmation_cohort_posthoc,common81,PairError-Q3,0.01,test2_A02,4862,4928,66,False,False,False,,66,1.0,0,0.0,0,0
test2.csv,confirmation_cohort_posthoc,common81,PairError-Q3,0.01,test2_A03,7983,8029,46,False,False,False,,46,1.0,0,0.0,0,0
test2.csv,confirmation_cohort_posthoc,common81,PairError-Q3,0.01,test2_A04,16085,16334,249,False,False,False,,249,1.0,0,0.0,0,0
test2.csv,confirmation_cohort_posthoc,common81,PairError-Q3,0.01,test2_A05,18606,18662,56,False,False,False,,56,1.0,0,0.0,0,0
test2.csv,confirmation_cohort_posthoc,common81,PairError-Q3,0.01,test2_A06,21486,21663,177,False,False,False,,177,1.0,0,0.0,0,0
test2.csv,confirmation_cohort_posthoc,common81,PairError-Q3,0.01,test2_A07,27613,27898,285,False,False,False,,285,1.0,0,0.0,0,0
test2.csv,confirmation_cohort_posthoc,common81,PairError-Q3,0.01,test2_A08,33307,33460,153,False,False,False,,153,1.0,0,0.0,0,0
test2.csv,confirmation_cohort_posthoc,common81,PairError-Q3,0.01,test2_A09,34806,34969,163,False,False,False,,163,1.0,0,0.0,0,0
test2.csv,confirmation_cohort_posthoc,common81,PairError-Q3,0.01,test2_A10,41006,41104,98,False,False,False,,98,1.0,0,0.0,0,0
test2.csv,confirmation_cohort_posthoc,common81,PairError-Q3,0.01,test2_A11,55274,55426,152,False,False,False,,152,1.0,0,0.0,0,0
test2.csv,confirmation_cohort_posthoc,common81,PairError-Q3,0.01,test2_A12,58271,58327,56,False,False,False,,56,1.0,0,0.0,0,0
test2.csv,confirmation_cohort_posthoc,common81,PairError-Q3,0.01,test2_A13,66914,66995,81,False,False,False,,81,1.0,0,0.0,0,0
test2.csv,confirmation_cohort_posthoc,common81,PairError-Q3,0.01,test2_A14,69796,70410,614,False,False,False,,614,1.0,0,0.0,0,0
test2.csv,confirmation_cohort_posthoc,common81,PairError-Q3,0.01,test2_A15,73032,73201,169,False,False,False,,169,1.0,0,0.0,0,0
test2.csv,confirmation_cohort_posthoc,common81,PairError-Q3,0.01,test2_A16,78734,78893,159,False,False,False,,159,1.0,0,0.0,0,0
test2.csv,confirmation_cohort_posthoc,common81,PairError-Q3,0.01,test2_A17,81062,81161,99,False,False,False,,99,1.0,0,0.0,0,0
test2.csv,confirmation_cohort_posthoc,native,PairError-Q3,0.02,test2_A01,2283,2541,258,False,False,False,,258,1.0,0,0.0,0,0
test2.csv,confirmation_cohort_posthoc,native,PairError-Q3,0.02,test2_A02,4862,4928,66,False,False,False,,66,1.0,0,0.0,0,0
test2.csv,confirmation_cohort_posthoc,native,PairError-Q3,0.02,test2_A03,7983,8029,46,False,False,False,,46,1.0,0,0.0,0,0
test2.csv,confirmation_cohort_posthoc,native,PairError-Q3,0.02,test2_A04,16085,16334,249,False,False,False,,249,1.0,0,0.0,0,0
test2.csv,confirmation_cohort_posthoc,native,PairError-Q3,0.02,test2_A05,18606,18662,56,False,False,False,,56,1.0,0,0.0,0,0
test2.csv,confirmation_cohort_posthoc,native,PairError-Q3,0.02,test2_A06,21486,21663,177,False,False,False,,177,1.0,0,0.0,0,0
test2.csv,confirmation_cohort_posthoc,native,PairError-Q3,0.02,test2_A07,27613,27898,285,False,False,False,,285,1.0,0,0.0,0,0
test2.csv,confirmation_cohort_posthoc,native,PairError-Q3,0.02,test2_A08,33307,33460,153,False,False,False,,153,1.0,0,0.0,0,0
test2.csv,confirmation_cohort_posthoc,native,PairError-Q3,0.02,test2_A09,34806,34969,163,False,False,False,,163,1.0,0,0.0,0,0
test2.csv,confirmation_cohort_posthoc,native,PairError-Q3,0.02,test2_A10,41006,41104,98,False,False,False,,98,1.0,0,0.0,0,0
test2.csv,confirmation_cohort_posthoc,native,PairError-Q3,0.02,test2_A11,55274,55426,152,False,False,False,,152,1.0,0,0.0,0,0
test2.csv,confirmation_cohort_posthoc,native,PairError-Q3,0.02,test2_A12,58271,58327,56,False,False,False,,56,1.0,0,0.0,0,0
test2.csv,confirmation_cohort_posthoc,native,PairError-Q3,0.02,test2_A13,66914,66995,81,False,False,False,,81,1.0,0,0.0,0,0
test2.csv,confirmation_cohort_posthoc,native,PairError-Q3,0.02,test2_A14,69796,70410,614,False,False,False,,614,1.0,0,0.0,0,0
test2.csv,confirmation_cohort_posthoc,native,PairError-Q3,0.02,test2_A15,73032,73201,169,False,False,False,,169,1.0,0,0.0,0,0
test2.csv,confirmation_cohort_posthoc,native,PairError-Q3,0.02,test2_A16,78734,78893,159,False,False,False,,159,1.0,0,0.0,0,0
test2.csv,confirmation_cohort_posthoc,native,PairError-Q3,0.02,test2_A17,81062,81161,99,False,False,False,,99,1.0,0,0.0,0,0
test2.csv,confirmation_cohort_posthoc,common81,PairError-Q3,0.02,test2_A01,2283,2541,258,False,False,False,,258,1.0,0,0.0,0,0
test2.csv,confirmation_cohort_posthoc,common81,PairError-Q3,0.02,test2_A02,4862,4928,66,False,False,False,,66,1.0,0,0.0,0,0
test2.csv,confirmation_cohort_posthoc,common81,PairError-Q3,0.02,test2_A03,7983,8029,46,False,False,False,,46,1.0,0,0.0,0,0
test2.csv,confirmation_cohort_posthoc,common81,PairError-Q3,0.02,test2_A04,16085,16334,249,False,False,False,,249,1.0,0,0.0,0,0
test2.csv,confirmation_cohort_posthoc,common81,PairError-Q3,0.02,test2_A05,18606,18662,56,False,False,False,,56,1.0,0,0.0,0,0
test2.csv,confirmation_cohort_posthoc,common81,PairError-Q3,0.02,test2_A06,21486,21663,177,False,False,False,,177,1.0,0,0.0,0,0
test2.csv,confirmation_cohort_posthoc,common81,PairError-Q3,0.02,test2_A07,27613,27898,285,False,False,False,,285,1.0,0,0.0,0,0
test2.csv,confirmation_cohort_posthoc,common81,PairError-Q3,0.02,test2_A08,33307,33460,153,False,False,False,,153,1.0,0,0.0,0,0
test2.csv,confirmation_cohort_posthoc,common81,PairError-Q3,0.02,test2_A09,34806,34969,163,False,False,False,,163,1.0,0,0.0,0,0
test2.csv,confirmation_cohort_posthoc,common81,PairError-Q3,0.02,test2_A10,41006,41104,98,False,False,False,,98,1.0,0,0.0,0,0
test2.csv,confirmation_cohort_posthoc,common81,PairError-Q3,0.02,test2_A11,55274,55426,152,False,False,False,,152,1.0,0,0.0,0,0
test2.csv,confirmation_cohort_posthoc,common81,PairError-Q3,0.02,test2_A12,58271,58327,56,False,False,False,,56,1.0,0,0.0,0,0
test2.csv,confirmation_cohort_posthoc,common81,PairError-Q3,0.02,test2_A13,66914,66995,81,False,False,False,,81,1.0,0,0.0,0,0
test2.csv,confirmation_cohort_posthoc,common81,PairError-Q3,0.02,test2_A14,69796,70410,614,False,False,False,,614,1.0,0,0.0,0,0
test2.csv,confirmation_cohort_posthoc,common81,PairError-Q3,0.02,test2_A15,73032,73201,169,False,False,False,,169,1.0,0,0.0,0,0
test2.csv,confirmation_cohort_posthoc,common81,PairError-Q3,0.02,test2_A16,78734,78893,159,False,False,False,,159,1.0,0,0.0,0,0
test2.csv,confirmation_cohort_posthoc,common81,PairError-Q3,0.02,test2_A17,81062,81161,99,False,False,False,,99,1.0,0,0.0,0,0
test2.csv,confirmation_cohort_posthoc,native,PCA-SPE,0.005,test2_A01,2283,2541,258,False,False,False,,258,1.0,0,0.0,0,0
test2.csv,confirmation_cohort_posthoc,native,PCA-SPE,0.005,test2_A02,4862,4928,66,False,False,False,,66,1.0,0,0.0,0,0
test2.csv,confirmation_cohort_posthoc,native,PCA-SPE,0.005,test2_A03,7983,8029,46,True,True,False,12,12,0.2608695652173913,34,0.7391304347826086,34,1
test2.csv,confirmation_cohort_posthoc,native,PCA-SPE,0.005,test2_A04,16085,16334,249,False,False,False,,249,1.0,0,0.0,0,0
test2.csv,confirmation_cohort_posthoc,native,PCA-SPE,0.005,test2_A05,18606,18662,56,True,True,False,22,22,0.39285714285714285,34,0.6071428571428571,34,1
test2.csv,confirmation_cohort_posthoc,native,PCA-SPE,0.005,test2_A06,21486,21663,177,True,True,False,28,28,0.15819209039548024,121,0.6836158192090396,121,1
test2.csv,confirmation_cohort_posthoc,native,PCA-SPE,0.005,test2_A07,27613,27898,285,False,False,False,,285,1.0,0,0.0,0,0
test2.csv,confirmation_cohort_posthoc,native,PCA-SPE,0.005,test2_A08,33307,33460,153,True,True,False,26,26,0.16993464052287582,88,0.5751633986928104,88,1
test2.csv,confirmation_cohort_posthoc,native,PCA-SPE,0.005,test2_A09,34806,34969,163,False,False,False,,163,1.0,0,0.0,0,0
test2.csv,confirmation_cohort_posthoc,native,PCA-SPE,0.005,test2_A10,41006,41104,98,True,True,False,12,12,0.12244897959183673,86,0.8775510204081632,86,1
test2.csv,confirmation_cohort_posthoc,native,PCA-SPE,0.005,test2_A11,55274,55426,152,False,False,False,,152,1.0,0,0.0,0,0
test2.csv,confirmation_cohort_posthoc,native,PCA-SPE,0.005,test2_A12,58271,58327,56,False,False,False,,56,1.0,0,0.0,0,0
test2.csv,confirmation_cohort_posthoc,native,PCA-SPE,0.005,test2_A13,66914,66995,81,False,False,False,,81,1.0,0,0.0,0,0
test2.csv,confirmation_cohort_posthoc,native,PCA-SPE,0.005,test2_A14,69796,70410,614,True,True,False,81,81,0.13192182410423453,323,0.5260586319218241,106,5
test2.csv,confirmation_cohort_posthoc,native,PCA-SPE,0.005,test2_A15,73032,73201,169,False,False,False,,169,1.0,0,0.0,0,0
test2.csv,confirmation_cohort_posthoc,native,PCA-SPE,0.005,test2_A16,78734,78893,159,False,False,False,,159,1.0,0,0.0,0,0
test2.csv,confirmation_cohort_posthoc,native,PCA-SPE,0.005,test2_A17,81062,81161,99,False,False,False,,99,1.0,0,0.0,0,0
test2.csv,confirmation_cohort_posthoc,common81,PCA-SPE,0.005,test2_A01,2283,2541,258,False,False,False,,258,1.0,0,0.0,0,0
test2.csv,confirmation_cohort_posthoc,common81,PCA-SPE,0.005,test2_A02,4862,4928,66,False,False,False,,66,1.0,0,0.0,0,0
test2.csv,confirmation_cohort_posthoc,common81,PCA-SPE,0.005,test2_A03,7983,8029,46,True,True,False,12,12,0.2608695652173913,34,0.7391304347826086,34,1
test2.csv,confirmation_cohort_posthoc,common81,PCA-SPE,0.005,test2_A04,16085,16334,249,False,False,False,,249,1.0,0,0.0,0,0
test2.csv,confirmation_cohort_posthoc,common81,PCA-SPE,0.005,test2_A05,18606,18662,56,True,True,False,22,22,0.39285714285714285,34,0.6071428571428571,34,1
test2.csv,confirmation_cohort_posthoc,common81,PCA-SPE,0.005,test2_A06,21486,21663,177,True,True,False,28,28,0.15819209039548024,121,0.6836158192090396,121,1
test2.csv,confirmation_cohort_posthoc,common81,PCA-SPE,0.005,test2_A07,27613,27898,285,False,False,False,,285,1.0,0,0.0,0,0
test2.csv,confirmation_cohort_posthoc,common81,PCA-SPE,0.005,test2_A08,33307,33460,153,True,True,False,26,26,0.16993464052287582,88,0.5751633986928104,88,1
test2.csv,confirmation_cohort_posthoc,common81,PCA-SPE,0.005,test2_A09,34806,34969,163,False,False,False,,163,1.0,0,0.0,0,0
test2.csv,confirmation_cohort_posthoc,common81,PCA-SPE,0.005,test2_A10,41006,41104,98,True,True,False,12,12,0.12244897959183673,86,0.8775510204081632,86,1
test2.csv,confirmation_cohort_posthoc,common81,PCA-SPE,0.005,test2_A11,55274,55426,152,False,False,False,,152,1.0,0,0.0,0,0
test2.csv,confirmation_cohort_posthoc,common81,PCA-SPE,0.005,test2_A12,58271,58327,56,False,False,False,,56,1.0,0,0.0,0,0
test2.csv,confirmation_cohort_posthoc,common81,PCA-SPE,0.005,test2_A13,66914,66995,81,False,False,False,,81,1.0,0,0.0,0,0
test2.csv,confirmation_cohort_posthoc,common81,PCA-SPE,0.005,test2_A14,69796,70410,614,True,True,False,81,81,0.13192182410423453,323,0.5260586319218241,106,5
test2.csv,confirmation_cohort_posthoc,common81,PCA-SPE,0.005,test2_A15,73032,73201,169,False,False,False,,169,1.0,0,0.0,0,0
test2.csv,confirmation_cohort_posthoc,common81,PCA-SPE,0.005,test2_A16,78734,78893,159,False,False,False,,159,1.0,0,0.0,0,0
test2.csv,confirmation_cohort_posthoc,common81,PCA-SPE,0.005,test2_A17,81062,81161,99,False,False,False,,99,1.0,0,0.0,0,0
test2.csv,confirmation_cohort_posthoc,native,PCA-SPE,0.01,test2_A01,2283,2541,258,False,False,False,,258,1.0,0,0.0,0,0
test2.csv,confirmation_cohort_posthoc,native,PCA-SPE,0.01,test2_A02,4862,4928,66,False,False,False,,66,1.0,0,0.0,0,0
test2.csv,confirmation_cohort_posthoc,native,PCA-SPE,0.01,test2_A03,7983,8029,46,True,True,False,12,12,0.2608695652173913,34,0.7391304347826086,34,1
test2.csv,confirmation_cohort_posthoc,native,PCA-SPE,0.01,test2_A04,16085,16334,249,False,False,False,,249,1.0,0,0.0,0,0
test2.csv,confirmation_cohort_posthoc,native,PCA-SPE,0.01,test2_A05,18606,18662,56,True,True,False,22,22,0.39285714285714285,34,0.6071428571428571,34,1
test2.csv,confirmation_cohort_posthoc,native,PCA-SPE,0.01,test2_A06,21486,21663,177,True,True,False,28,28,0.15819209039548024,121,0.6836158192090396,121,1
test2.csv,confirmation_cohort_posthoc,native,PCA-SPE,0.01,test2_A07,27613,27898,285,False,False,False,,285,1.0,0,0.0,0,0
test2.csv,confirmation_cohort_posthoc,native,PCA-SPE,0.01,test2_A08,33307,33460,153,True,True,False,26,26,0.16993464052287582,88,0.5751633986928104,88,1
test2.csv,confirmation_cohort_posthoc,native,PCA-SPE,0.01,test2_A09,34806,34969,163,False,False,False,,163,1.0,0,0.0,0,0
test2.csv,confirmation_cohort_posthoc,native,PCA-SPE,0.01,test2_A10,41006,41104,98,True,True,False,12,12,0.12244897959183673,86,0.8775510204081632,86,1
test2.csv,confirmation_cohort_posthoc,native,PCA-SPE,0.01,test2_A11,55274,55426,152,False,False,False,,152,1.0,0,0.0,0,0
test2.csv,confirmation_cohort_posthoc,native,PCA-SPE,0.01,test2_A12,58271,58327,56,False,False,False,,56,1.0,0,0.0,0,0
test2.csv,confirmation_cohort_posthoc,native,PCA-SPE,0.01,test2_A13,66914,66995,81,False,False,False,,81,1.0,0,0.0,0,0
test2.csv,confirmation_cohort_posthoc,native,PCA-SPE,0.01,test2_A14,69796,70410,614,True,True,False,72,72,0.11726384364820847,388,0.6319218241042345,129,6
test2.csv,confirmation_cohort_posthoc,native,PCA-SPE,0.01,test2_A15,73032,73201,169,False,False,False,,169,1.0,0,0.0,0,0
test2.csv,confirmation_cohort_posthoc,native,PCA-SPE,0.01,test2_A16,78734,78893,159,False,False,False,,159,1.0,0,0.0,0,0
test2.csv,confirmation_cohort_posthoc,native,PCA-SPE,0.01,test2_A17,81062,81161,99,False,False,False,,99,1.0,0,0.0,0,0
test2.csv,confirmation_cohort_posthoc,common81,PCA-SPE,0.01,test2_A01,2283,2541,258,False,False,False,,258,1.0,0,0.0,0,0
test2.csv,confirmation_cohort_posthoc,common81,PCA-SPE,0.01,test2_A02,4862,4928,66,False,False,False,,66,1.0,0,0.0,0,0
test2.csv,confirmation_cohort_posthoc,common81,PCA-SPE,0.01,test2_A03,7983,8029,46,True,True,False,12,12,0.2608695652173913,34,0.7391304347826086,34,1
test2.csv,confirmation_cohort_posthoc,common81,PCA-SPE,0.01,test2_A04,16085,16334,249,False,False,False,,249,1.0,0,0.0,0,0
test2.csv,confirmation_cohort_posthoc,common81,PCA-SPE,0.01,test2_A05,18606,18662,56,True,True,False,22,22,0.39285714285714285,34,0.6071428571428571,34,1
test2.csv,confirmation_cohort_posthoc,common81,PCA-SPE,0.01,test2_A06,21486,21663,177,True,True,False,28,28,0.15819209039548024,121,0.6836158192090396,121,1
test2.csv,confirmation_cohort_posthoc,common81,PCA-SPE,0.01,test2_A07,27613,27898,285,False,False,False,,285,1.0,0,0.0,0,0
test2.csv,confirmation_cohort_posthoc,common81,PCA-SPE,0.01,test2_A08,33307,33460,153,True,True,False,26,26,0.16993464052287582,88,0.5751633986928104,88,1
test2.csv,confirmation_cohort_posthoc,common81,PCA-SPE,0.01,test2_A09,34806,34969,163,False,False,False,,163,1.0,0,0.0,0,0
test2.csv,confirmation_cohort_posthoc,common81,PCA-SPE,0.01,test2_A10,41006,41104,98,True,True,False,12,12,0.12244897959183673,86,0.8775510204081632,86,1
test2.csv,confirmation_cohort_posthoc,common81,PCA-SPE,0.01,test2_A11,55274,55426,152,False,False,False,,152,1.0,0,0.0,0,0
test2.csv,confirmation_cohort_posthoc,common81,PCA-SPE,0.01,test2_A12,58271,58327,56,False,False,False,,56,1.0,0,0.0,0,0
test2.csv,confirmation_cohort_posthoc,common81,PCA-SPE,0.01,test2_A13,66914,66995,81,False,False,False,,81,1.0,0,0.0,0,0
test2.csv,confirmation_cohort_posthoc,common81,PCA-SPE,0.01,test2_A14,69796,70410,614,True,True,False,72,72,0.11726384364820847,388,0.6319218241042345,129,6
test2.csv,confirmation_cohort_posthoc,common81,PCA-SPE,0.01,test2_A15,73032,73201,169,False,False,False,,169,1.0,0,0.0,0,0
test2.csv,confirmation_cohort_posthoc,common81,PCA-SPE,0.01,test2_A16,78734,78893,159,False,False,False,,159,1.0,0,0.0,0,0
test2.csv,confirmation_cohort_posthoc,common81,PCA-SPE,0.01,test2_A17,81062,81161,99,False,False,False,,99,1.0,0,0.0,0,0
test2.csv,confirmation_cohort_posthoc,native,PCA-SPE,0.02,test2_A01,2283,2541,258,False,False,False,,258,1.0,0,0.0,0,0
test2.csv,confirmation_cohort_posthoc,native,PCA-SPE,0.02,test2_A02,4862,4928,66,False,False,False,,66,1.0,0,0.0,0,0
test2.csv,confirmation_cohort_posthoc,native,PCA-SPE,0.02,test2_A03,7983,8029,46,True,True,False,12,12,0.2608695652173913,34,0.7391304347826086,34,1
test2.csv,confirmation_cohort_posthoc,native,PCA-SPE,0.02,test2_A04,16085,16334,249,False,False,False,,249,1.0,0,0.0,0,0
test2.csv,confirmation_cohort_posthoc,native,PCA-SPE,0.02,test2_A05,18606,18662,56,True,True,False,22,22,0.39285714285714285,34,0.6071428571428571,34,1
test2.csv,confirmation_cohort_posthoc,native,PCA-SPE,0.02,test2_A06,21486,21663,177,True,True,False,28,28,0.15819209039548024,121,0.6836158192090396,121,1
test2.csv,confirmation_cohort_posthoc,native,PCA-SPE,0.02,test2_A07,27613,27898,285,False,False,False,,285,1.0,0,0.0,0,0
test2.csv,confirmation_cohort_posthoc,native,PCA-SPE,0.02,test2_A08,33307,33460,153,True,True,False,26,26,0.16993464052287582,89,0.5816993464052288,89,1
test2.csv,confirmation_cohort_posthoc,native,PCA-SPE,0.02,test2_A09,34806,34969,163,False,False,False,,163,1.0,0,0.0,0,0
test2.csv,confirmation_cohort_posthoc,native,PCA-SPE,0.02,test2_A10,41006,41104,98,True,True,False,12,12,0.12244897959183673,86,0.8775510204081632,86,1
test2.csv,confirmation_cohort_posthoc,native,PCA-SPE,0.02,test2_A11,55274,55426,152,False,False,False,,152,1.0,0,0.0,0,0
test2.csv,confirmation_cohort_posthoc,native,PCA-SPE,0.02,test2_A12,58271,58327,56,False,False,False,,56,1.0,0,0.0,0,0
test2.csv,confirmation_cohort_posthoc,native,PCA-SPE,0.02,test2_A13,66914,66995,81,False,False,False,,81,1.0,0,0.0,0,0
test2.csv,confirmation_cohort_posthoc,native,PCA-SPE,0.02,test2_A14,69796,70410,614,True,True,False,69,69,0.11237785016286644,503,0.8192182410423453,431,3
test2.csv,confirmation_cohort_posthoc,native,PCA-SPE,0.02,test2_A15,73032,73201,169,False,False,False,,169,1.0,0,0.0,0,0
test2.csv,confirmation_cohort_posthoc,native,PCA-SPE,0.02,test2_A16,78734,78893,159,False,False,False,,159,1.0,0,0.0,0,0
test2.csv,confirmation_cohort_posthoc,native,PCA-SPE,0.02,test2_A17,81062,81161,99,False,False,False,,99,1.0,0,0.0,0,0
test2.csv,confirmation_cohort_posthoc,common81,PCA-SPE,0.02,test2_A01,2283,2541,258,False,False,False,,258,1.0,0,0.0,0,0
test2.csv,confirmation_cohort_posthoc,common81,PCA-SPE,0.02,test2_A02,4862,4928,66,False,False,False,,66,1.0,0,0.0,0,0
test2.csv,confirmation_cohort_posthoc,common81,PCA-SPE,0.02,test2_A03,7983,8029,46,True,True,False,12,12,0.2608695652173913,34,0.7391304347826086,34,1
test2.csv,confirmation_cohort_posthoc,common81,PCA-SPE,0.02,test2_A04,16085,16334,249,False,False,False,,249,1.0,0,0.0,0,0
test2.csv,confirmation_cohort_posthoc,common81,PCA-SPE,0.02,test2_A05,18606,18662,56,True,True,False,22,22,0.39285714285714285,34,0.6071428571428571,34,1
test2.csv,confirmation_cohort_posthoc,common81,PCA-SPE,0.02,test2_A06,21486,21663,177,True,True,False,28,28,0.15819209039548024,121,0.6836158192090396,121,1
test2.csv,confirmation_cohort_posthoc,common81,PCA-SPE,0.02,test2_A07,27613,27898,285,False,False,False,,285,1.0,0,0.0,0,0
test2.csv,confirmation_cohort_posthoc,common81,PCA-SPE,0.02,test2_A08,33307,33460,153,True,True,False,26,26,0.16993464052287582,89,0.5816993464052288,89,1
test2.csv,confirmation_cohort_posthoc,common81,PCA-SPE,0.02,test2_A09,34806,34969,163,False,False,False,,163,1.0,0,0.0,0,0
test2.csv,confirmation_cohort_posthoc,common81,PCA-SPE,0.02,test2_A10,41006,41104,98,True,True,False,12,12,0.12244897959183673,86,0.8775510204081632,86,1
test2.csv,confirmation_cohort_posthoc,common81,PCA-SPE,0.02,test2_A11,55274,55426,152,False,False,False,,152,1.0,0,0.0,0,0
test2.csv,confirmation_cohort_posthoc,common81,PCA-SPE,0.02,test2_A12,58271,58327,56,False,False,False,,56,1.0,0,0.0,0,0
test2.csv,confirmation_cohort_posthoc,common81,PCA-SPE,0.02,test2_A13,66914,66995,81,False,False,False,,81,1.0,0,0.0,0,0
test2.csv,confirmation_cohort_posthoc,common81,PCA-SPE,0.02,test2_A14,69796,70410,614,True,True,False,69,69,0.11237785016286644,503,0.8192182410423453,431,3
test2.csv,confirmation_cohort_posthoc,common81,PCA-SPE,0.02,test2_A15,73032,73201,169,False,False,False,,169,1.0,0,0.0,0,0
test2.csv,confirmation_cohort_posthoc,common81,PCA-SPE,0.02,test2_A16,78734,78893,159,False,False,False,,159,1.0,0,0.0,0,0
test2.csv,confirmation_cohort_posthoc,common81,PCA-SPE,0.02,test2_A17,81062,81161,99,False,False,False,,99,1.0,0,0.0,0,0
test2.csv,confirmation_cohort_posthoc,native,GCAD-prediction_s10,0.005,test2_A01,2283,2541,258,False,False,False,,258,1.0,0,0.0,0,0
test2.csv,confirmation_cohort_posthoc,native,GCAD-prediction_s10,0.005,test2_A02,4862,4928,66,False,False,False,,66,1.0,0,0.0,0,0
test2.csv,confirmation_cohort_posthoc,native,GCAD-prediction_s10,0.005,test2_A03,7983,8029,46,False,False,False,,46,1.0,0,0.0,0,0
test2.csv,confirmation_cohort_posthoc,native,GCAD-prediction_s10,0.005,test2_A04,16085,16334,249,False,False,False,,249,1.0,0,0.0,0,0
test2.csv,confirmation_cohort_posthoc,native,GCAD-prediction_s10,0.005,test2_A05,18606,18662,56,False,False,False,,56,1.0,0,0.0,0,0
test2.csv,confirmation_cohort_posthoc,native,GCAD-prediction_s10,0.005,test2_A06,21486,21663,177,False,False,False,,177,1.0,0,0.0,0,0
test2.csv,confirmation_cohort_posthoc,native,GCAD-prediction_s10,0.005,test2_A07,27613,27898,285,True,True,False,76,76,0.26666666666666666,74,0.2596491228070175,74,1
test2.csv,confirmation_cohort_posthoc,native,GCAD-prediction_s10,0.005,test2_A08,33307,33460,153,False,False,False,,153,1.0,0,0.0,0,0
test2.csv,confirmation_cohort_posthoc,native,GCAD-prediction_s10,0.005,test2_A09,34806,34969,163,False,False,False,,163,1.0,0,0.0,0,0
test2.csv,confirmation_cohort_posthoc,native,GCAD-prediction_s10,0.005,test2_A10,41006,41104,98,False,False,False,,98,1.0,0,0.0,0,0
test2.csv,confirmation_cohort_posthoc,native,GCAD-prediction_s10,0.005,test2_A11,55274,55426,152,True,True,False,42,42,0.27631578947368424,64,0.42105263157894735,64,1
test2.csv,confirmation_cohort_posthoc,native,GCAD-prediction_s10,0.005,test2_A12,58271,58327,56,False,False,False,,56,1.0,0,0.0,0,0
test2.csv,confirmation_cohort_posthoc,native,GCAD-prediction_s10,0.005,test2_A13,66914,66995,81,False,False,False,,81,1.0,0,0.0,0,0
test2.csv,confirmation_cohort_posthoc,native,GCAD-prediction_s10,0.005,test2_A14,69796,70410,614,False,True,True,,614,1.0,16,0.026058631921824105,16,0
test2.csv,confirmation_cohort_posthoc,native,GCAD-prediction_s10,0.005,test2_A15,73032,73201,169,False,False,False,,169,1.0,0,0.0,0,0
test2.csv,confirmation_cohort_posthoc,native,GCAD-prediction_s10,0.005,test2_A16,78734,78893,159,False,False,False,,159,1.0,0,0.0,0,0
test2.csv,confirmation_cohort_posthoc,native,GCAD-prediction_s10,0.005,test2_A17,81062,81161,99,False,False,False,,99,1.0,0,0.0,0,0
test2.csv,confirmation_cohort_posthoc,common81,GCAD-prediction_s10,0.005,test2_A01,2283,2541,258,False,False,False,,258,1.0,0,0.0,0,0
test2.csv,confirmation_cohort_posthoc,common81,GCAD-prediction_s10,0.005,test2_A02,4862,4928,66,False,False,False,,66,1.0,0,0.0,0,0
test2.csv,confirmation_cohort_posthoc,common81,GCAD-prediction_s10,0.005,test2_A03,7983,8029,46,False,False,False,,46,1.0,0,0.0,0,0
test2.csv,confirmation_cohort_posthoc,common81,GCAD-prediction_s10,0.005,test2_A04,16085,16334,249,False,False,False,,249,1.0,0,0.0,0,0
test2.csv,confirmation_cohort_posthoc,common81,GCAD-prediction_s10,0.005,test2_A05,18606,18662,56,False,False,False,,56,1.0,0,0.0,0,0
test2.csv,confirmation_cohort_posthoc,common81,GCAD-prediction_s10,0.005,test2_A06,21486,21663,177,False,False,False,,177,1.0,0,0.0,0,0
test2.csv,confirmation_cohort_posthoc,common81,GCAD-prediction_s10,0.005,test2_A07,27613,27898,285,True,True,False,76,76,0.26666666666666666,74,0.2596491228070175,74,1
test2.csv,confirmation_cohort_posthoc,common81,GCAD-prediction_s10,0.005,test2_A08,33307,33460,153,False,False,False,,153,1.0,0,0.0,0,0
test2.csv,confirmation_cohort_posthoc,common81,GCAD-prediction_s10,0.005,test2_A09,34806,34969,163,False,False,False,,163,1.0,0,0.0,0,0
test2.csv,confirmation_cohort_posthoc,common81,GCAD-prediction_s10,0.005,test2_A10,41006,41104,98,False,False,False,,98,1.0,0,0.0,0,0
test2.csv,confirmation_cohort_posthoc,common81,GCAD-prediction_s10,0.005,test2_A11,55274,55426,152,True,True,False,42,42,0.27631578947368424,64,0.42105263157894735,64,1
test2.csv,confirmation_cohort_posthoc,common81,GCAD-prediction_s10,0.005,test2_A12,58271,58327,56,False,False,False,,56,1.0,0,0.0,0,0
test2.csv,confirmation_cohort_posthoc,common81,GCAD-prediction_s10,0.005,test2_A13,66914,66995,81,False,False,False,,81,1.0,0,0.0,0,0
test2.csv,confirmation_cohort_posthoc,common81,GCAD-prediction_s10,0.005,test2_A14,69796,70410,614,False,True,True,,614,1.0,16,0.026058631921824105,16,0
test2.csv,confirmation_cohort_posthoc,common81,GCAD-prediction_s10,0.005,test2_A15,73032,73201,169,False,False,False,,169,1.0,0,0.0,0,0
test2.csv,confirmation_cohort_posthoc,common81,GCAD-prediction_s10,0.005,test2_A16,78734,78893,159,False,False,False,,159,1.0,0,0.0,0,0
test2.csv,confirmation_cohort_posthoc,common81,GCAD-prediction_s10,0.005,test2_A17,81062,81161,99,False,False,False,,99,1.0,0,0.0,0,0
test2.csv,confirmation_cohort_posthoc,native,GCAD-prediction_s10,0.01,test2_A01,2283,2541,258,False,False,False,,258,1.0,0,0.0,0,0
test2.csv,confirmation_cohort_posthoc,native,GCAD-prediction_s10,0.01,test2_A02,4862,4928,66,False,False,False,,66,1.0,0,0.0,0,0
test2.csv,confirmation_cohort_posthoc,native,GCAD-prediction_s10,0.01,test2_A03,7983,8029,46,False,False,False,,46,1.0,0,0.0,0,0
test2.csv,confirmation_cohort_posthoc,native,GCAD-prediction_s10,0.01,test2_A04,16085,16334,249,False,False,False,,249,1.0,0,0.0,0,0
test2.csv,confirmation_cohort_posthoc,native,GCAD-prediction_s10,0.01,test2_A05,18606,18662,56,False,False,False,,56,1.0,0,0.0,0,0
test2.csv,confirmation_cohort_posthoc,native,GCAD-prediction_s10,0.01,test2_A06,21486,21663,177,False,False,False,,177,1.0,0,0.0,0,0
test2.csv,confirmation_cohort_posthoc,native,GCAD-prediction_s10,0.01,test2_A07,27613,27898,285,True,True,False,76,76,0.26666666666666666,74,0.2596491228070175,74,1
test2.csv,confirmation_cohort_posthoc,native,GCAD-prediction_s10,0.01,test2_A08,33307,33460,153,False,False,False,,153,1.0,0,0.0,0,0
test2.csv,confirmation_cohort_posthoc,native,GCAD-prediction_s10,0.01,test2_A09,34806,34969,163,False,False,False,,163,1.0,0,0.0,0,0
test2.csv,confirmation_cohort_posthoc,native,GCAD-prediction_s10,0.01,test2_A10,41006,41104,98,False,False,False,,98,1.0,0,0.0,0,0
test2.csv,confirmation_cohort_posthoc,native,GCAD-prediction_s10,0.01,test2_A11,55274,55426,152,True,True,False,13,13,0.08552631578947369,93,0.6118421052631579,93,1
test2.csv,confirmation_cohort_posthoc,native,GCAD-prediction_s10,0.01,test2_A12,58271,58327,56,False,False,False,,56,1.0,0,0.0,0,0
test2.csv,confirmation_cohort_posthoc,native,GCAD-prediction_s10,0.01,test2_A13,66914,66995,81,False,False,False,,81,1.0,0,0.0,0,0
test2.csv,confirmation_cohort_posthoc,native,GCAD-prediction_s10,0.01,test2_A14,69796,70410,614,False,True,True,,614,1.0,17,0.02768729641693811,17,0
test2.csv,confirmation_cohort_posthoc,native,GCAD-prediction_s10,0.01,test2_A15,73032,73201,169,False,False,False,,169,1.0,0,0.0,0,0
test2.csv,confirmation_cohort_posthoc,native,GCAD-prediction_s10,0.01,test2_A16,78734,78893,159,False,False,False,,159,1.0,0,0.0,0,0
test2.csv,confirmation_cohort_posthoc,native,GCAD-prediction_s10,0.01,test2_A17,81062,81161,99,False,False,False,,99,1.0,0,0.0,0,0
test2.csv,confirmation_cohort_posthoc,common81,GCAD-prediction_s10,0.01,test2_A01,2283,2541,258,False,False,False,,258,1.0,0,0.0,0,0
test2.csv,confirmation_cohort_posthoc,common81,GCAD-prediction_s10,0.01,test2_A02,4862,4928,66,False,False,False,,66,1.0,0,0.0,0,0
test2.csv,confirmation_cohort_posthoc,common81,GCAD-prediction_s10,0.01,test2_A03,7983,8029,46,False,False,False,,46,1.0,0,0.0,0,0
test2.csv,confirmation_cohort_posthoc,common81,GCAD-prediction_s10,0.01,test2_A04,16085,16334,249,False,False,False,,249,1.0,0,0.0,0,0
test2.csv,confirmation_cohort_posthoc,common81,GCAD-prediction_s10,0.01,test2_A05,18606,18662,56,False,False,False,,56,1.0,0,0.0,0,0
test2.csv,confirmation_cohort_posthoc,common81,GCAD-prediction_s10,0.01,test2_A06,21486,21663,177,False,False,False,,177,1.0,0,0.0,0,0
test2.csv,confirmation_cohort_posthoc,common81,GCAD-prediction_s10,0.01,test2_A07,27613,27898,285,True,True,False,76,76,0.26666666666666666,74,0.2596491228070175,74,1
test2.csv,confirmation_cohort_posthoc,common81,GCAD-prediction_s10,0.01,test2_A08,33307,33460,153,False,False,False,,153,1.0,0,0.0,0,0
test2.csv,confirmation_cohort_posthoc,common81,GCAD-prediction_s10,0.01,test2_A09,34806,34969,163,False,False,False,,163,1.0,0,0.0,0,0
test2.csv,confirmation_cohort_posthoc,common81,GCAD-prediction_s10,0.01,test2_A10,41006,41104,98,False,False,False,,98,1.0,0,0.0,0,0
test2.csv,confirmation_cohort_posthoc,common81,GCAD-prediction_s10,0.01,test2_A11,55274,55426,152,True,True,False,13,13,0.08552631578947369,93,0.6118421052631579,93,1
test2.csv,confirmation_cohort_posthoc,common81,GCAD-prediction_s10,0.01,test2_A12,58271,58327,56,False,False,False,,56,1.0,0,0.0,0,0
test2.csv,confirmation_cohort_posthoc,common81,GCAD-prediction_s10,0.01,test2_A13,66914,66995,81,False,False,False,,81,1.0,0,0.0,0,0
test2.csv,confirmation_cohort_posthoc,common81,GCAD-prediction_s10,0.01,test2_A14,69796,70410,614,False,True,True,,614,1.0,17,0.02768729641693811,17,0
test2.csv,confirmation_cohort_posthoc,common81,GCAD-prediction_s10,0.01,test2_A15,73032,73201,169,False,False,False,,169,1.0,0,0.0,0,0
test2.csv,confirmation_cohort_posthoc,common81,GCAD-prediction_s10,0.01,test2_A16,78734,78893,159,False,False,False,,159,1.0,0,0.0,0,0
test2.csv,confirmation_cohort_posthoc,common81,GCAD-prediction_s10,0.01,test2_A17,81062,81161,99,False,False,False,,99,1.0,0,0.0,0,0
test2.csv,confirmation_cohort_posthoc,native,GCAD-prediction_s10,0.02,test2_A01,2283,2541,258,False,False,False,,258,1.0,0,0.0,0,0
test2.csv,confirmation_cohort_posthoc,native,GCAD-prediction_s10,0.02,test2_A02,4862,4928,66,False,False,False,,66,1.0,0,0.0,0,0
test2.csv,confirmation_cohort_posthoc,native,GCAD-prediction_s10,0.02,test2_A03,7983,8029,46,False,False,False,,46,1.0,0,0.0,0,0
test2.csv,confirmation_cohort_posthoc,native,GCAD-prediction_s10,0.02,test2_A04,16085,16334,249,False,False,False,,249,1.0,0,0.0,0,0
test2.csv,confirmation_cohort_posthoc,native,GCAD-prediction_s10,0.02,test2_A05,18606,18662,56,False,False,False,,56,1.0,0,0.0,0,0
test2.csv,confirmation_cohort_posthoc,native,GCAD-prediction_s10,0.02,test2_A06,21486,21663,177,False,False,False,,177,1.0,0,0.0,0,0
test2.csv,confirmation_cohort_posthoc,native,GCAD-prediction_s10,0.02,test2_A07,27613,27898,285,True,True,False,2,2,0.007017543859649123,148,0.519298245614035,148,1
test2.csv,confirmation_cohort_posthoc,native,GCAD-prediction_s10,0.02,test2_A08,33307,33460,153,False,False,False,,153,1.0,0,0.0,0,0
test2.csv,confirmation_cohort_posthoc,native,GCAD-prediction_s10,0.02,test2_A09,34806,34969,163,False,False,False,,163,1.0,0,0.0,0,0
test2.csv,confirmation_cohort_posthoc,native,GCAD-prediction_s10,0.02,test2_A10,41006,41104,98,False,False,False,,98,1.0,0,0.0,0,0
test2.csv,confirmation_cohort_posthoc,native,GCAD-prediction_s10,0.02,test2_A11,55274,55426,152,True,True,False,12,12,0.07894736842105263,94,0.618421052631579,94,1
test2.csv,confirmation_cohort_posthoc,native,GCAD-prediction_s10,0.02,test2_A12,58271,58327,56,False,False,False,,56,1.0,0,0.0,0,0
test2.csv,confirmation_cohort_posthoc,native,GCAD-prediction_s10,0.02,test2_A13,66914,66995,81,False,False,False,,81,1.0,0,0.0,0,0
test2.csv,confirmation_cohort_posthoc,native,GCAD-prediction_s10,0.02,test2_A14,69796,70410,614,True,True,True,540,540,0.8794788273615635,91,0.1482084690553746,74,1
test2.csv,confirmation_cohort_posthoc,native,GCAD-prediction_s10,0.02,test2_A15,73032,73201,169,False,False,False,,169,1.0,0,0.0,0,0
test2.csv,confirmation_cohort_posthoc,native,GCAD-prediction_s10,0.02,test2_A16,78734,78893,159,False,False,False,,159,1.0,0,0.0,0,0
test2.csv,confirmation_cohort_posthoc,native,GCAD-prediction_s10,0.02,test2_A17,81062,81161,99,False,False,False,,99,1.0,0,0.0,0,0
test2.csv,confirmation_cohort_posthoc,common81,GCAD-prediction_s10,0.02,test2_A01,2283,2541,258,False,False,False,,258,1.0,0,0.0,0,0
test2.csv,confirmation_cohort_posthoc,common81,GCAD-prediction_s10,0.02,test2_A02,4862,4928,66,False,False,False,,66,1.0,0,0.0,0,0
test2.csv,confirmation_cohort_posthoc,common81,GCAD-prediction_s10,0.02,test2_A03,7983,8029,46,False,False,False,,46,1.0,0,0.0,0,0
test2.csv,confirmation_cohort_posthoc,common81,GCAD-prediction_s10,0.02,test2_A04,16085,16334,249,False,False,False,,249,1.0,0,0.0,0,0
test2.csv,confirmation_cohort_posthoc,common81,GCAD-prediction_s10,0.02,test2_A05,18606,18662,56,False,False,False,,56,1.0,0,0.0,0,0
test2.csv,confirmation_cohort_posthoc,common81,GCAD-prediction_s10,0.02,test2_A06,21486,21663,177,False,False,False,,177,1.0,0,0.0,0,0
test2.csv,confirmation_cohort_posthoc,common81,GCAD-prediction_s10,0.02,test2_A07,27613,27898,285,True,True,False,2,2,0.007017543859649123,148,0.519298245614035,148,1
test2.csv,confirmation_cohort_posthoc,common81,GCAD-prediction_s10,0.02,test2_A08,33307,33460,153,False,False,False,,153,1.0,0,0.0,0,0
test2.csv,confirmation_cohort_posthoc,common81,GCAD-prediction_s10,0.02,test2_A09,34806,34969,163,False,False,False,,163,1.0,0,0.0,0,0
test2.csv,confirmation_cohort_posthoc,common81,GCAD-prediction_s10,0.02,test2_A10,41006,41104,98,False,False,False,,98,1.0,0,0.0,0,0
test2.csv,confirmation_cohort_posthoc,common81,GCAD-prediction_s10,0.02,test2_A11,55274,55426,152,True,True,False,12,12,0.07894736842105263,94,0.618421052631579,94,1
test2.csv,confirmation_cohort_posthoc,common81,GCAD-prediction_s10,0.02,test2_A12,58271,58327,56,False,False,False,,56,1.0,0,0.0,0,0
test2.csv,confirmation_cohort_posthoc,common81,GCAD-prediction_s10,0.02,test2_A13,66914,66995,81,False,False,False,,81,1.0,0,0.0,0,0
test2.csv,confirmation_cohort_posthoc,common81,GCAD-prediction_s10,0.02,test2_A14,69796,70410,614,True,True,True,540,540,0.8794788273615635,91,0.1482084690553746,74,1
test2.csv,confirmation_cohort_posthoc,common81,GCAD-prediction_s10,0.02,test2_A15,73032,73201,169,False,False,False,,169,1.0,0,0.0,0,0
test2.csv,confirmation_cohort_posthoc,common81,GCAD-prediction_s10,0.02,test2_A16,78734,78893,159,False,False,False,,159,1.0,0,0.0,0,0
test2.csv,confirmation_cohort_posthoc,common81,GCAD-prediction_s10,0.02,test2_A17,81062,81161,99,False,False,False,,99,1.0,0,0.0,0,0
test2.csv,confirmation_cohort_posthoc,native,GCAD-dependency_s10,0.005,test2_A01,2283,2541,258,False,False,False,,258,1.0,0,0.0,0,0
test2.csv,confirmation_cohort_posthoc,native,GCAD-dependency_s10,0.005,test2_A02,4862,4928,66,False,False,False,,66,1.0,0,0.0,0,0
test2.csv,confirmation_cohort_posthoc,native,GCAD-dependency_s10,0.005,test2_A03,7983,8029,46,False,False,False,,46,1.0,0,0.0,0,0
test2.csv,confirmation_cohort_posthoc,native,GCAD-dependency_s10,0.005,test2_A04,16085,16334,249,False,False,False,,249,1.0,0,0.0,0,0
test2.csv,confirmation_cohort_posthoc,native,GCAD-dependency_s10,0.005,test2_A05,18606,18662,56,False,False,False,,56,1.0,0,0.0,0,0
test2.csv,confirmation_cohort_posthoc,native,GCAD-dependency_s10,0.005,test2_A06,21486,21663,177,False,False,False,,177,1.0,0,0.0,0,0
test2.csv,confirmation_cohort_posthoc,native,GCAD-dependency_s10,0.005,test2_A07,27613,27898,285,True,True,False,76,76,0.26666666666666666,74,0.2596491228070175,74,1
test2.csv,confirmation_cohort_posthoc,native,GCAD-dependency_s10,0.005,test2_A08,33307,33460,153,False,False,False,,153,1.0,0,0.0,0,0
test2.csv,confirmation_cohort_posthoc,native,GCAD-dependency_s10,0.005,test2_A09,34806,34969,163,False,False,False,,163,1.0,0,0.0,0,0
test2.csv,confirmation_cohort_posthoc,native,GCAD-dependency_s10,0.005,test2_A10,41006,41104,98,False,False,False,,98,1.0,0,0.0,0,0
test2.csv,confirmation_cohort_posthoc,native,GCAD-dependency_s10,0.005,test2_A11,55274,55426,152,True,True,False,40,40,0.2631578947368421,65,0.4276315789473684,65,1
test2.csv,confirmation_cohort_posthoc,native,GCAD-dependency_s10,0.005,test2_A12,58271,58327,56,False,False,False,,56,1.0,0,0.0,0,0
test2.csv,confirmation_cohort_posthoc,native,GCAD-dependency_s10,0.005,test2_A13,66914,66995,81,False,False,False,,81,1.0,0,0.0,0,0
test2.csv,confirmation_cohort_posthoc,native,GCAD-dependency_s10,0.005,test2_A14,69796,70410,614,False,False,False,,614,1.0,0,0.0,0,0
test2.csv,confirmation_cohort_posthoc,native,GCAD-dependency_s10,0.005,test2_A15,73032,73201,169,False,False,False,,169,1.0,0,0.0,0,0
test2.csv,confirmation_cohort_posthoc,native,GCAD-dependency_s10,0.005,test2_A16,78734,78893,159,False,False,False,,159,1.0,0,0.0,0,0
test2.csv,confirmation_cohort_posthoc,native,GCAD-dependency_s10,0.005,test2_A17,81062,81161,99,False,False,False,,99,1.0,0,0.0,0,0
test2.csv,confirmation_cohort_posthoc,common81,GCAD-dependency_s10,0.005,test2_A01,2283,2541,258,False,False,False,,258,1.0,0,0.0,0,0
test2.csv,confirmation_cohort_posthoc,common81,GCAD-dependency_s10,0.005,test2_A02,4862,4928,66,False,False,False,,66,1.0,0,0.0,0,0
test2.csv,confirmation_cohort_posthoc,common81,GCAD-dependency_s10,0.005,test2_A03,7983,8029,46,False,False,False,,46,1.0,0,0.0,0,0
test2.csv,confirmation_cohort_posthoc,common81,GCAD-dependency_s10,0.005,test2_A04,16085,16334,249,False,False,False,,249,1.0,0,0.0,0,0
test2.csv,confirmation_cohort_posthoc,common81,GCAD-dependency_s10,0.005,test2_A05,18606,18662,56,False,False,False,,56,1.0,0,0.0,0,0
test2.csv,confirmation_cohort_posthoc,common81,GCAD-dependency_s10,0.005,test2_A06,21486,21663,177,False,False,False,,177,1.0,0,0.0,0,0
test2.csv,confirmation_cohort_posthoc,common81,GCAD-dependency_s10,0.005,test2_A07,27613,27898,285,True,True,False,76,76,0.26666666666666666,74,0.2596491228070175,74,1
test2.csv,confirmation_cohort_posthoc,common81,GCAD-dependency_s10,0.005,test2_A08,33307,33460,153,False,False,False,,153,1.0,0,0.0,0,0
test2.csv,confirmation_cohort_posthoc,common81,GCAD-dependency_s10,0.005,test2_A09,34806,34969,163,False,False,False,,163,1.0,0,0.0,0,0
test2.csv,confirmation_cohort_posthoc,common81,GCAD-dependency_s10,0.005,test2_A10,41006,41104,98,False,False,False,,98,1.0,0,0.0,0,0
test2.csv,confirmation_cohort_posthoc,common81,GCAD-dependency_s10,0.005,test2_A11,55274,55426,152,True,True,False,40,40,0.2631578947368421,65,0.4276315789473684,65,1
test2.csv,confirmation_cohort_posthoc,common81,GCAD-dependency_s10,0.005,test2_A12,58271,58327,56,False,False,False,,56,1.0,0,0.0,0,0
test2.csv,confirmation_cohort_posthoc,common81,GCAD-dependency_s10,0.005,test2_A13,66914,66995,81,False,False,False,,81,1.0,0,0.0,0,0
test2.csv,confirmation_cohort_posthoc,common81,GCAD-dependency_s10,0.005,test2_A14,69796,70410,614,False,False,False,,614,1.0,0,0.0,0,0
test2.csv,confirmation_cohort_posthoc,common81,GCAD-dependency_s10,0.005,test2_A15,73032,73201,169,False,False,False,,169,1.0,0,0.0,0,0
test2.csv,confirmation_cohort_posthoc,common81,GCAD-dependency_s10,0.005,test2_A16,78734,78893,159,False,False,False,,159,1.0,0,0.0,0,0
test2.csv,confirmation_cohort_posthoc,common81,GCAD-dependency_s10,0.005,test2_A17,81062,81161,99,False,False,False,,99,1.0,0,0.0,0,0
test2.csv,confirmation_cohort_posthoc,native,GCAD-dependency_s10,0.01,test2_A01,2283,2541,258,False,False,False,,258,1.0,0,0.0,0,0
test2.csv,confirmation_cohort_posthoc,native,GCAD-dependency_s10,0.01,test2_A02,4862,4928,66,False,False,False,,66,1.0,0,0.0,0,0
test2.csv,confirmation_cohort_posthoc,native,GCAD-dependency_s10,0.01,test2_A03,7983,8029,46,False,False,False,,46,1.0,0,0.0,0,0
test2.csv,confirmation_cohort_posthoc,native,GCAD-dependency_s10,0.01,test2_A04,16085,16334,249,False,False,False,,249,1.0,0,0.0,0,0
test2.csv,confirmation_cohort_posthoc,native,GCAD-dependency_s10,0.01,test2_A05,18606,18662,56,False,False,False,,56,1.0,0,0.0,0,0
test2.csv,confirmation_cohort_posthoc,native,GCAD-dependency_s10,0.01,test2_A06,21486,21663,177,False,False,False,,177,1.0,0,0.0,0,0
test2.csv,confirmation_cohort_posthoc,native,GCAD-dependency_s10,0.01,test2_A07,27613,27898,285,True,True,False,75,75,0.2631578947368421,76,0.26666666666666666,76,1
test2.csv,confirmation_cohort_posthoc,native,GCAD-dependency_s10,0.01,test2_A08,33307,33460,153,False,False,False,,153,1.0,0,0.0,0,0
test2.csv,confirmation_cohort_posthoc,native,GCAD-dependency_s10,0.01,test2_A09,34806,34969,163,False,False,False,,163,1.0,0,0.0,0,0
test2.csv,confirmation_cohort_posthoc,native,GCAD-dependency_s10,0.01,test2_A10,41006,41104,98,False,False,False,,98,1.0,0,0.0,0,0
test2.csv,confirmation_cohort_posthoc,native,GCAD-dependency_s10,0.01,test2_A11,55274,55426,152,True,True,False,12,12,0.07894736842105263,94,0.618421052631579,94,1
test2.csv,confirmation_cohort_posthoc,native,GCAD-dependency_s10,0.01,test2_A12,58271,58327,56,False,False,False,,56,1.0,0,0.0,0,0
test2.csv,confirmation_cohort_posthoc,native,GCAD-dependency_s10,0.01,test2_A13,66914,66995,81,False,False,False,,81,1.0,0,0.0,0,0
test2.csv,confirmation_cohort_posthoc,native,GCAD-dependency_s10,0.01,test2_A14,69796,70410,614,False,True,True,,614,1.0,17,0.02768729641693811,17,0
test2.csv,confirmation_cohort_posthoc,native,GCAD-dependency_s10,0.01,test2_A15,73032,73201,169,True,True,False,46,46,0.27218934911242604,50,0.2958579881656805,50,1
test2.csv,confirmation_cohort_posthoc,native,GCAD-dependency_s10,0.01,test2_A16,78734,78893,159,False,False,False,,159,1.0,0,0.0,0,0
test2.csv,confirmation_cohort_posthoc,native,GCAD-dependency_s10,0.01,test2_A17,81062,81161,99,False,False,False,,99,1.0,0,0.0,0,0
test2.csv,confirmation_cohort_posthoc,common81,GCAD-dependency_s10,0.01,test2_A01,2283,2541,258,False,False,False,,258,1.0,0,0.0,0,0
test2.csv,confirmation_cohort_posthoc,common81,GCAD-dependency_s10,0.01,test2_A02,4862,4928,66,False,False,False,,66,1.0,0,0.0,0,0
test2.csv,confirmation_cohort_posthoc,common81,GCAD-dependency_s10,0.01,test2_A03,7983,8029,46,False,False,False,,46,1.0,0,0.0,0,0
test2.csv,confirmation_cohort_posthoc,common81,GCAD-dependency_s10,0.01,test2_A04,16085,16334,249,False,False,False,,249,1.0,0,0.0,0,0
test2.csv,confirmation_cohort_posthoc,common81,GCAD-dependency_s10,0.01,test2_A05,18606,18662,56,False,False,False,,56,1.0,0,0.0,0,0
test2.csv,confirmation_cohort_posthoc,common81,GCAD-dependency_s10,0.01,test2_A06,21486,21663,177,False,False,False,,177,1.0,0,0.0,0,0
test2.csv,confirmation_cohort_posthoc,common81,GCAD-dependency_s10,0.01,test2_A07,27613,27898,285,True,True,False,75,75,0.2631578947368421,76,0.26666666666666666,76,1
test2.csv,confirmation_cohort_posthoc,common81,GCAD-dependency_s10,0.01,test2_A08,33307,33460,153,False,False,False,,153,1.0,0,0.0,0,0
test2.csv,confirmation_cohort_posthoc,common81,GCAD-dependency_s10,0.01,test2_A09,34806,34969,163,False,False,False,,163,1.0,0,0.0,0,0
test2.csv,confirmation_cohort_posthoc,common81,GCAD-dependency_s10,0.01,test2_A10,41006,41104,98,False,False,False,,98,1.0,0,0.0,0,0
test2.csv,confirmation_cohort_posthoc,common81,GCAD-dependency_s10,0.01,test2_A11,55274,55426,152,True,True,False,12,12,0.07894736842105263,94,0.618421052631579,94,1
test2.csv,confirmation_cohort_posthoc,common81,GCAD-dependency_s10,0.01,test2_A12,58271,58327,56,False,False,False,,56,1.0,0,0.0,0,0
test2.csv,confirmation_cohort_posthoc,common81,GCAD-dependency_s10,0.01,test2_A13,66914,66995,81,False,False,False,,81,1.0,0,0.0,0,0
test2.csv,confirmation_cohort_posthoc,common81,GCAD-dependency_s10,0.01,test2_A14,69796,70410,614,False,True,True,,614,1.0,17,0.02768729641693811,17,0
test2.csv,confirmation_cohort_posthoc,common81,GCAD-dependency_s10,0.01,test2_A15,73032,73201,169,True,True,False,46,46,0.27218934911242604,50,0.2958579881656805,50,1
test2.csv,confirmation_cohort_posthoc,common81,GCAD-dependency_s10,0.01,test2_A16,78734,78893,159,False,False,False,,159,1.0,0,0.0,0,0
test2.csv,confirmation_cohort_posthoc,common81,GCAD-dependency_s10,0.01,test2_A17,81062,81161,99,False,False,False,,99,1.0,0,0.0,0,0
test2.csv,confirmation_cohort_posthoc,native,GCAD-dependency_s10,0.02,test2_A01,2283,2541,258,False,False,False,,258,1.0,0,0.0,0,0
test2.csv,confirmation_cohort_posthoc,native,GCAD-dependency_s10,0.02,test2_A02,4862,4928,66,False,False,False,,66,1.0,0,0.0,0,0
test2.csv,confirmation_cohort_posthoc,native,GCAD-dependency_s10,0.02,test2_A03,7983,8029,46,False,False,False,,46,1.0,0,0.0,0,0
test2.csv,confirmation_cohort_posthoc,native,GCAD-dependency_s10,0.02,test2_A04,16085,16334,249,True,True,False,138,138,0.5542168674698795,2,0.008032128514056224,2,1
test2.csv,confirmation_cohort_posthoc,native,GCAD-dependency_s10,0.02,test2_A05,18606,18662,56,False,False,False,,56,1.0,0,0.0,0,0
test2.csv,confirmation_cohort_posthoc,native,GCAD-dependency_s10,0.02,test2_A06,21486,21663,177,False,False,False,,177,1.0,0,0.0,0,0
test2.csv,confirmation_cohort_posthoc,native,GCAD-dependency_s10,0.02,test2_A07,27613,27898,285,True,True,False,59,59,0.20701754385964913,93,0.3263157894736842,93,1
test2.csv,confirmation_cohort_posthoc,native,GCAD-dependency_s10,0.02,test2_A08,33307,33460,153,False,False,False,,153,1.0,0,0.0,0,0
test2.csv,confirmation_cohort_posthoc,native,GCAD-dependency_s10,0.02,test2_A09,34806,34969,163,False,False,False,,163,1.0,0,0.0,0,0
test2.csv,confirmation_cohort_posthoc,native,GCAD-dependency_s10,0.02,test2_A10,41006,41104,98,False,False,False,,98,1.0,0,0.0,0,0
test2.csv,confirmation_cohort_posthoc,native,GCAD-dependency_s10,0.02,test2_A11,55274,55426,152,True,True,False,12,12,0.07894736842105263,94,0.618421052631579,94,1
test2.csv,confirmation_cohort_posthoc,native,GCAD-dependency_s10,0.02,test2_A12,58271,58327,56,False,False,False,,56,1.0,0,0.0,0,0
test2.csv,confirmation_cohort_posthoc,native,GCAD-dependency_s10,0.02,test2_A13,66914,66995,81,True,True,False,42,42,0.5185185185185185,39,0.48148148148148145,39,1
test2.csv,confirmation_cohort_posthoc,native,GCAD-dependency_s10,0.02,test2_A14,69796,70410,614,False,True,True,,614,1.0,17,0.02768729641693811,17,0
test2.csv,confirmation_cohort_posthoc,native,GCAD-dependency_s10,0.02,test2_A15,73032,73201,169,True,True,False,33,33,0.1952662721893491,80,0.47337278106508873,80,1
test2.csv,confirmation_cohort_posthoc,native,GCAD-dependency_s10,0.02,test2_A16,78734,78893,159,False,False,False,,159,1.0,0,0.0,0,0
test2.csv,confirmation_cohort_posthoc,native,GCAD-dependency_s10,0.02,test2_A17,81062,81161,99,True,True,False,77,77,0.7777777777777778,22,0.2222222222222222,22,1
test2.csv,confirmation_cohort_posthoc,common81,GCAD-dependency_s10,0.02,test2_A01,2283,2541,258,False,False,False,,258,1.0,0,0.0,0,0
test2.csv,confirmation_cohort_posthoc,common81,GCAD-dependency_s10,0.02,test2_A02,4862,4928,66,False,False,False,,66,1.0,0,0.0,0,0
test2.csv,confirmation_cohort_posthoc,common81,GCAD-dependency_s10,0.02,test2_A03,7983,8029,46,False,False,False,,46,1.0,0,0.0,0,0
test2.csv,confirmation_cohort_posthoc,common81,GCAD-dependency_s10,0.02,test2_A04,16085,16334,249,True,True,False,138,138,0.5542168674698795,2,0.008032128514056224,2,1
test2.csv,confirmation_cohort_posthoc,common81,GCAD-dependency_s10,0.02,test2_A05,18606,18662,56,False,False,False,,56,1.0,0,0.0,0,0
test2.csv,confirmation_cohort_posthoc,common81,GCAD-dependency_s10,0.02,test2_A06,21486,21663,177,False,False,False,,177,1.0,0,0.0,0,0
test2.csv,confirmation_cohort_posthoc,common81,GCAD-dependency_s10,0.02,test2_A07,27613,27898,285,True,True,False,59,59,0.20701754385964913,93,0.3263157894736842,93,1
test2.csv,confirmation_cohort_posthoc,common81,GCAD-dependency_s10,0.02,test2_A08,33307,33460,153,False,False,False,,153,1.0,0,0.0,0,0
test2.csv,confirmation_cohort_posthoc,common81,GCAD-dependency_s10,0.02,test2_A09,34806,34969,163,False,False,False,,163,1.0,0,0.0,0,0
test2.csv,confirmation_cohort_posthoc,common81,GCAD-dependency_s10,0.02,test2_A10,41006,41104,98,False,False,False,,98,1.0,0,0.0,0,0
test2.csv,confirmation_cohort_posthoc,common81,GCAD-dependency_s10,0.02,test2_A11,55274,55426,152,True,True,False,12,12,0.07894736842105263,94,0.618421052631579,94,1
test2.csv,confirmation_cohort_posthoc,common81,GCAD-dependency_s10,0.02,test2_A12,58271,58327,56,False,False,False,,56,1.0,0,0.0,0,0
test2.csv,confirmation_cohort_posthoc,common81,GCAD-dependency_s10,0.02,test2_A13,66914,66995,81,True,True,False,42,42,0.5185185185185185,39,0.48148148148148145,39,1
test2.csv,confirmation_cohort_posthoc,common81,GCAD-dependency_s10,0.02,test2_A14,69796,70410,614,False,True,True,,614,1.0,17,0.02768729641693811,17,0
test2.csv,confirmation_cohort_posthoc,common81,GCAD-dependency_s10,0.02,test2_A15,73032,73201,169,True,True,False,33,33,0.1952662721893491,80,0.47337278106508873,80,1
test2.csv,confirmation_cohort_posthoc,common81,GCAD-dependency_s10,0.02,test2_A16,78734,78893,159,False,False,False,,159,1.0,0,0.0,0,0
test2.csv,confirmation_cohort_posthoc,common81,GCAD-dependency_s10,0.02,test2_A17,81062,81161,99,True,True,False,77,77,0.7777777777777778,22,0.2222222222222222,22,1
test2.csv,confirmation_cohort_posthoc,native,GCAD-prediction_s11,0.005,test2_A01,2283,2541,258,False,False,False,,258,1.0,0,0.0,0,0
test2.csv,confirmation_cohort_posthoc,native,GCAD-prediction_s11,0.005,test2_A02,4862,4928,66,False,False,False,,66,1.0,0,0.0,0,0
test2.csv,confirmation_cohort_posthoc,native,GCAD-prediction_s11,0.005,test2_A03,7983,8029,46,False,False,False,,46,1.0,0,0.0,0,0
test2.csv,confirmation_cohort_posthoc,native,GCAD-prediction_s11,0.005,test2_A04,16085,16334,249,False,False,False,,249,1.0,0,0.0,0,0
test2.csv,confirmation_cohort_posthoc,native,GCAD-prediction_s11,0.005,test2_A05,18606,18662,56,False,False,False,,56,1.0,0,0.0,0,0
test2.csv,confirmation_cohort_posthoc,native,GCAD-prediction_s11,0.005,test2_A06,21486,21663,177,False,False,False,,177,1.0,0,0.0,0,0
test2.csv,confirmation_cohort_posthoc,native,GCAD-prediction_s11,0.005,test2_A07,27613,27898,285,False,False,False,,285,1.0,0,0.0,0,0
test2.csv,confirmation_cohort_posthoc,native,GCAD-prediction_s11,0.005,test2_A08,33307,33460,153,False,False,False,,153,1.0,0,0.0,0,0
test2.csv,confirmation_cohort_posthoc,native,GCAD-prediction_s11,0.005,test2_A09,34806,34969,163,False,False,False,,163,1.0,0,0.0,0,0
test2.csv,confirmation_cohort_posthoc,native,GCAD-prediction_s11,0.005,test2_A10,41006,41104,98,False,False,False,,98,1.0,0,0.0,0,0
test2.csv,confirmation_cohort_posthoc,native,GCAD-prediction_s11,0.005,test2_A11,55274,55426,152,False,False,False,,152,1.0,0,0.0,0,0
test2.csv,confirmation_cohort_posthoc,native,GCAD-prediction_s11,0.005,test2_A12,58271,58327,56,False,False,False,,56,1.0,0,0.0,0,0
test2.csv,confirmation_cohort_posthoc,native,GCAD-prediction_s11,0.005,test2_A13,66914,66995,81,False,False,False,,81,1.0,0,0.0,0,0
test2.csv,confirmation_cohort_posthoc,native,GCAD-prediction_s11,0.005,test2_A14,69796,70410,614,False,False,False,,614,1.0,0,0.0,0,0
test2.csv,confirmation_cohort_posthoc,native,GCAD-prediction_s11,0.005,test2_A15,73032,73201,169,False,False,False,,169,1.0,0,0.0,0,0
test2.csv,confirmation_cohort_posthoc,native,GCAD-prediction_s11,0.005,test2_A16,78734,78893,159,False,False,False,,159,1.0,0,0.0,0,0
test2.csv,confirmation_cohort_posthoc,native,GCAD-prediction_s11,0.005,test2_A17,81062,81161,99,False,False,False,,99,1.0,0,0.0,0,0
test2.csv,confirmation_cohort_posthoc,common81,GCAD-prediction_s11,0.005,test2_A01,2283,2541,258,False,False,False,,258,1.0,0,0.0,0,0
test2.csv,confirmation_cohort_posthoc,common81,GCAD-prediction_s11,0.005,test2_A02,4862,4928,66,False,False,False,,66,1.0,0,0.0,0,0
test2.csv,confirmation_cohort_posthoc,common81,GCAD-prediction_s11,0.005,test2_A03,7983,8029,46,False,False,False,,46,1.0,0,0.0,0,0
test2.csv,confirmation_cohort_posthoc,common81,GCAD-prediction_s11,0.005,test2_A04,16085,16334,249,False,False,False,,249,1.0,0,0.0,0,0
test2.csv,confirmation_cohort_posthoc,common81,GCAD-prediction_s11,0.005,test2_A05,18606,18662,56,False,False,False,,56,1.0,0,0.0,0,0
test2.csv,confirmation_cohort_posthoc,common81,GCAD-prediction_s11,0.005,test2_A06,21486,21663,177,False,False,False,,177,1.0,0,0.0,0,0
test2.csv,confirmation_cohort_posthoc,common81,GCAD-prediction_s11,0.005,test2_A07,27613,27898,285,False,False,False,,285,1.0,0,0.0,0,0
test2.csv,confirmation_cohort_posthoc,common81,GCAD-prediction_s11,0.005,test2_A08,33307,33460,153,False,False,False,,153,1.0,0,0.0,0,0
test2.csv,confirmation_cohort_posthoc,common81,GCAD-prediction_s11,0.005,test2_A09,34806,34969,163,False,False,False,,163,1.0,0,0.0,0,0
test2.csv,confirmation_cohort_posthoc,common81,GCAD-prediction_s11,0.005,test2_A10,41006,41104,98,False,False,False,,98,1.0,0,0.0,0,0
test2.csv,confirmation_cohort_posthoc,common81,GCAD-prediction_s11,0.005,test2_A11,55274,55426,152,False,False,False,,152,1.0,0,0.0,0,0
test2.csv,confirmation_cohort_posthoc,common81,GCAD-prediction_s11,0.005,test2_A12,58271,58327,56,False,False,False,,56,1.0,0,0.0,0,0
test2.csv,confirmation_cohort_posthoc,common81,GCAD-prediction_s11,0.005,test2_A13,66914,66995,81,False,False,False,,81,1.0,0,0.0,0,0
test2.csv,confirmation_cohort_posthoc,common81,GCAD-prediction_s11,0.005,test2_A14,69796,70410,614,False,False,False,,614,1.0,0,0.0,0,0
test2.csv,confirmation_cohort_posthoc,common81,GCAD-prediction_s11,0.005,test2_A15,73032,73201,169,False,False,False,,169,1.0,0,0.0,0,0
test2.csv,confirmation_cohort_posthoc,common81,GCAD-prediction_s11,0.005,test2_A16,78734,78893,159,False,False,False,,159,1.0,0,0.0,0,0
test2.csv,confirmation_cohort_posthoc,common81,GCAD-prediction_s11,0.005,test2_A17,81062,81161,99,False,False,False,,99,1.0,0,0.0,0,0
test2.csv,confirmation_cohort_posthoc,native,GCAD-prediction_s11,0.01,test2_A01,2283,2541,258,True,True,False,205,205,0.7945736434108527,53,0.2054263565891473,53,1
test2.csv,confirmation_cohort_posthoc,native,GCAD-prediction_s11,0.01,test2_A02,4862,4928,66,False,False,False,,66,1.0,0,0.0,0,0
test2.csv,confirmation_cohort_posthoc,native,GCAD-prediction_s11,0.01,test2_A03,7983,8029,46,False,False,False,,46,1.0,0,0.0,0,0
test2.csv,confirmation_cohort_posthoc,native,GCAD-prediction_s11,0.01,test2_A04,16085,16334,249,False,False,False,,249,1.0,0,0.0,0,0
test2.csv,confirmation_cohort_posthoc,native,GCAD-prediction_s11,0.01,test2_A05,18606,18662,56,False,False,False,,56,1.0,0,0.0,0,0
test2.csv,confirmation_cohort_posthoc,native,GCAD-prediction_s11,0.01,test2_A06,21486,21663,177,False,False,False,,177,1.0,0,0.0,0,0
test2.csv,confirmation_cohort_posthoc,native,GCAD-prediction_s11,0.01,test2_A07,27613,27898,285,True,True,False,81,81,0.28421052631578947,69,0.24210526315789474,69,1
test2.csv,confirmation_cohort_posthoc,native,GCAD-prediction_s11,0.01,test2_A08,33307,33460,153,False,False,False,,153,1.0,0,0.0,0,0
test2.csv,confirmation_cohort_posthoc,native,GCAD-prediction_s11,0.01,test2_A09,34806,34969,163,False,False,False,,163,1.0,0,0.0,0,0
test2.csv,confirmation_cohort_posthoc,native,GCAD-prediction_s11,0.01,test2_A10,41006,41104,98,False,False,False,,98,1.0,0,0.0,0,0
test2.csv,confirmation_cohort_posthoc,native,GCAD-prediction_s11,0.01,test2_A11,55274,55426,152,True,True,False,12,12,0.07894736842105263,62,0.40789473684210525,62,1
test2.csv,confirmation_cohort_posthoc,native,GCAD-prediction_s11,0.01,test2_A12,58271,58327,56,False,False,False,,56,1.0,0,0.0,0,0
test2.csv,confirmation_cohort_posthoc,native,GCAD-prediction_s11,0.01,test2_A13,66914,66995,81,True,True,False,24,24,0.2962962962962963,57,0.7037037037037037,57,1
test2.csv,confirmation_cohort_posthoc,native,GCAD-prediction_s11,0.01,test2_A14,69796,70410,614,False,True,True,,614,1.0,19,0.030944625407166124,19,0
test2.csv,confirmation_cohort_posthoc,native,GCAD-prediction_s11,0.01,test2_A15,73032,73201,169,False,False,False,,169,1.0,0,0.0,0,0
test2.csv,confirmation_cohort_posthoc,native,GCAD-prediction_s11,0.01,test2_A16,78734,78893,159,False,False,False,,159,1.0,0,0.0,0,0
test2.csv,confirmation_cohort_posthoc,native,GCAD-prediction_s11,0.01,test2_A17,81062,81161,99,False,False,False,,99,1.0,0,0.0,0,0
test2.csv,confirmation_cohort_posthoc,common81,GCAD-prediction_s11,0.01,test2_A01,2283,2541,258,True,True,False,205,205,0.7945736434108527,53,0.2054263565891473,53,1
test2.csv,confirmation_cohort_posthoc,common81,GCAD-prediction_s11,0.01,test2_A02,4862,4928,66,False,False,False,,66,1.0,0,0.0,0,0
test2.csv,confirmation_cohort_posthoc,common81,GCAD-prediction_s11,0.01,test2_A03,7983,8029,46,False,False,False,,46,1.0,0,0.0,0,0
test2.csv,confirmation_cohort_posthoc,common81,GCAD-prediction_s11,0.01,test2_A04,16085,16334,249,False,False,False,,249,1.0,0,0.0,0,0
test2.csv,confirmation_cohort_posthoc,common81,GCAD-prediction_s11,0.01,test2_A05,18606,18662,56,False,False,False,,56,1.0,0,0.0,0,0
test2.csv,confirmation_cohort_posthoc,common81,GCAD-prediction_s11,0.01,test2_A06,21486,21663,177,False,False,False,,177,1.0,0,0.0,0,0
test2.csv,confirmation_cohort_posthoc,common81,GCAD-prediction_s11,0.01,test2_A07,27613,27898,285,True,True,False,81,81,0.28421052631578947,69,0.24210526315789474,69,1
test2.csv,confirmation_cohort_posthoc,common81,GCAD-prediction_s11,0.01,test2_A08,33307,33460,153,False,False,False,,153,1.0,0,0.0,0,0
test2.csv,confirmation_cohort_posthoc,common81,GCAD-prediction_s11,0.01,test2_A09,34806,34969,163,False,False,False,,163,1.0,0,0.0,0,0
test2.csv,confirmation_cohort_posthoc,common81,GCAD-prediction_s11,0.01,test2_A10,41006,41104,98,False,False,False,,98,1.0,0,0.0,0,0
test2.csv,confirmation_cohort_posthoc,common81,GCAD-prediction_s11,0.01,test2_A11,55274,55426,152,True,True,False,12,12,0.07894736842105263,62,0.40789473684210525,62,1
test2.csv,confirmation_cohort_posthoc,common81,GCAD-prediction_s11,0.01,test2_A12,58271,58327,56,False,False,False,,56,1.0,0,0.0,0,0
test2.csv,confirmation_cohort_posthoc,common81,GCAD-prediction_s11,0.01,test2_A13,66914,66995,81,True,True,False,24,24,0.2962962962962963,57,0.7037037037037037,57,1
test2.csv,confirmation_cohort_posthoc,common81,GCAD-prediction_s11,0.01,test2_A14,69796,70410,614,False,True,True,,614,1.0,19,0.030944625407166124,19,0
test2.csv,confirmation_cohort_posthoc,common81,GCAD-prediction_s11,0.01,test2_A15,73032,73201,169,False,False,False,,169,1.0,0,0.0,0,0
test2.csv,confirmation_cohort_posthoc,common81,GCAD-prediction_s11,0.01,test2_A16,78734,78893,159,False,False,False,,159,1.0,0,0.0,0,0
test2.csv,confirmation_cohort_posthoc,common81,GCAD-prediction_s11,0.01,test2_A17,81062,81161,99,False,False,False,,99,1.0,0,0.0,0,0
test2.csv,confirmation_cohort_posthoc,native,GCAD-prediction_s11,0.02,test2_A01,2283,2541,258,True,True,False,4,4,0.015503875968992248,113,0.437984496124031,60,2
test2.csv,confirmation_cohort_posthoc,native,GCAD-prediction_s11,0.02,test2_A02,4862,4928,66,False,False,False,,66,1.0,0,0.0,0,0
test2.csv,confirmation_cohort_posthoc,native,GCAD-prediction_s11,0.02,test2_A03,7983,8029,46,False,False,False,,46,1.0,0,0.0,0,0
test2.csv,confirmation_cohort_posthoc,native,GCAD-prediction_s11,0.02,test2_A04,16085,16334,249,False,False,False,,249,1.0,0,0.0,0,0
test2.csv,confirmation_cohort_posthoc,native,GCAD-prediction_s11,0.02,test2_A05,18606,18662,56,False,False,False,,56,1.0,0,0.0,0,0
test2.csv,confirmation_cohort_posthoc,native,GCAD-prediction_s11,0.02,test2_A06,21486,21663,177,False,False,False,,177,1.0,0,0.0,0,0
test2.csv,confirmation_cohort_posthoc,native,GCAD-prediction_s11,0.02,test2_A07,27613,27898,285,True,True,False,80,80,0.2807017543859649,70,0.24561403508771928,70,1
test2.csv,confirmation_cohort_posthoc,native,GCAD-prediction_s11,0.02,test2_A08,33307,33460,153,False,False,False,,153,1.0,0,0.0,0,0
test2.csv,confirmation_cohort_posthoc,native,GCAD-prediction_s11,0.02,test2_A09,34806,34969,163,False,False,False,,163,1.0,0,0.0,0,0
test2.csv,confirmation_cohort_posthoc,native,GCAD-prediction_s11,0.02,test2_A10,41006,41104,98,False,False,False,,98,1.0,0,0.0,0,0
test2.csv,confirmation_cohort_posthoc,native,GCAD-prediction_s11,0.02,test2_A11,55274,55426,152,True,True,False,11,11,0.07236842105263158,63,0.4144736842105263,63,1
test2.csv,confirmation_cohort_posthoc,native,GCAD-prediction_s11,0.02,test2_A12,58271,58327,56,False,False,False,,56,1.0,0,0.0,0,0
test2.csv,confirmation_cohort_posthoc,native,GCAD-prediction_s11,0.02,test2_A13,66914,66995,81,True,True,False,11,11,0.13580246913580246,70,0.8641975308641975,70,1
test2.csv,confirmation_cohort_posthoc,native,GCAD-prediction_s11,0.02,test2_A14,69796,70410,614,True,True,True,553,553,0.9006514657980456,79,0.12866449511400652,60,1
test2.csv,confirmation_cohort_posthoc,native,GCAD-prediction_s11,0.02,test2_A15,73032,73201,169,False,False,False,,169,1.0,0,0.0,0,0
test2.csv,confirmation_cohort_posthoc,native,GCAD-prediction_s11,0.02,test2_A16,78734,78893,159,False,False,False,,159,1.0,0,0.0,0,0
test2.csv,confirmation_cohort_posthoc,native,GCAD-prediction_s11,0.02,test2_A17,81062,81161,99,False,False,False,,99,1.0,0,0.0,0,0
test2.csv,confirmation_cohort_posthoc,common81,GCAD-prediction_s11,0.02,test2_A01,2283,2541,258,True,True,False,4,4,0.015503875968992248,113,0.437984496124031,60,2
test2.csv,confirmation_cohort_posthoc,common81,GCAD-prediction_s11,0.02,test2_A02,4862,4928,66,False,False,False,,66,1.0,0,0.0,0,0
test2.csv,confirmation_cohort_posthoc,common81,GCAD-prediction_s11,0.02,test2_A03,7983,8029,46,False,False,False,,46,1.0,0,0.0,0,0
test2.csv,confirmation_cohort_posthoc,common81,GCAD-prediction_s11,0.02,test2_A04,16085,16334,249,False,False,False,,249,1.0,0,0.0,0,0
test2.csv,confirmation_cohort_posthoc,common81,GCAD-prediction_s11,0.02,test2_A05,18606,18662,56,False,False,False,,56,1.0,0,0.0,0,0
test2.csv,confirmation_cohort_posthoc,common81,GCAD-prediction_s11,0.02,test2_A06,21486,21663,177,False,False,False,,177,1.0,0,0.0,0,0
test2.csv,confirmation_cohort_posthoc,common81,GCAD-prediction_s11,0.02,test2_A07,27613,27898,285,True,True,False,80,80,0.2807017543859649,70,0.24561403508771928,70,1
test2.csv,confirmation_cohort_posthoc,common81,GCAD-prediction_s11,0.02,test2_A08,33307,33460,153,False,False,False,,153,1.0,0,0.0,0,0
test2.csv,confirmation_cohort_posthoc,common81,GCAD-prediction_s11,0.02,test2_A09,34806,34969,163,False,False,False,,163,1.0,0,0.0,0,0
test2.csv,confirmation_cohort_posthoc,common81,GCAD-prediction_s11,0.02,test2_A10,41006,41104,98,False,False,False,,98,1.0,0,0.0,0,0
test2.csv,confirmation_cohort_posthoc,common81,GCAD-prediction_s11,0.02,test2_A11,55274,55426,152,True,True,False,11,11,0.07236842105263158,63,0.4144736842105263,63,1
test2.csv,confirmation_cohort_posthoc,common81,GCAD-prediction_s11,0.02,test2_A12,58271,58327,56,False,False,False,,56,1.0,0,0.0,0,0
test2.csv,confirmation_cohort_posthoc,common81,GCAD-prediction_s11,0.02,test2_A13,66914,66995,81,True,True,False,11,11,0.13580246913580246,70,0.8641975308641975,70,1
test2.csv,confirmation_cohort_posthoc,common81,GCAD-prediction_s11,0.02,test2_A14,69796,70410,614,True,True,True,553,553,0.9006514657980456,79,0.12866449511400652,60,1
test2.csv,confirmation_cohort_posthoc,common81,GCAD-prediction_s11,0.02,test2_A15,73032,73201,169,False,False,False,,169,1.0,0,0.0,0,0
test2.csv,confirmation_cohort_posthoc,common81,GCAD-prediction_s11,0.02,test2_A16,78734,78893,159,False,False,False,,159,1.0,0,0.0,0,0
test2.csv,confirmation_cohort_posthoc,common81,GCAD-prediction_s11,0.02,test2_A17,81062,81161,99,False,False,False,,99,1.0,0,0.0,0,0
test2.csv,confirmation_cohort_posthoc,native,GCAD-dependency_s11,0.005,test2_A01,2283,2541,258,False,False,False,,258,1.0,0,0.0,0,0
test2.csv,confirmation_cohort_posthoc,native,GCAD-dependency_s11,0.005,test2_A02,4862,4928,66,False,False,False,,66,1.0,0,0.0,0,0
test2.csv,confirmation_cohort_posthoc,native,GCAD-dependency_s11,0.005,test2_A03,7983,8029,46,False,False,False,,46,1.0,0,0.0,0,0
test2.csv,confirmation_cohort_posthoc,native,GCAD-dependency_s11,0.005,test2_A04,16085,16334,249,False,False,False,,249,1.0,0,0.0,0,0
test2.csv,confirmation_cohort_posthoc,native,GCAD-dependency_s11,0.005,test2_A05,18606,18662,56,False,False,False,,56,1.0,0,0.0,0,0
test2.csv,confirmation_cohort_posthoc,native,GCAD-dependency_s11,0.005,test2_A06,21486,21663,177,False,False,False,,177,1.0,0,0.0,0,0
test2.csv,confirmation_cohort_posthoc,native,GCAD-dependency_s11,0.005,test2_A07,27613,27898,285,True,True,False,76,76,0.26666666666666666,74,0.2596491228070175,74,1
test2.csv,confirmation_cohort_posthoc,native,GCAD-dependency_s11,0.005,test2_A08,33307,33460,153,False,False,False,,153,1.0,0,0.0,0,0
test2.csv,confirmation_cohort_posthoc,native,GCAD-dependency_s11,0.005,test2_A09,34806,34969,163,False,False,False,,163,1.0,0,0.0,0,0
test2.csv,confirmation_cohort_posthoc,native,GCAD-dependency_s11,0.005,test2_A10,41006,41104,98,False,False,False,,98,1.0,0,0.0,0,0
test2.csv,confirmation_cohort_posthoc,native,GCAD-dependency_s11,0.005,test2_A11,55274,55426,152,True,True,False,10,10,0.06578947368421052,65,0.4276315789473684,65,1
test2.csv,confirmation_cohort_posthoc,native,GCAD-dependency_s11,0.005,test2_A12,58271,58327,56,False,False,False,,56,1.0,0,0.0,0,0
test2.csv,confirmation_cohort_posthoc,native,GCAD-dependency_s11,0.005,test2_A13,66914,66995,81,False,False,False,,81,1.0,0,0.0,0,0
test2.csv,confirmation_cohort_posthoc,native,GCAD-dependency_s11,0.005,test2_A14,69796,70410,614,False,True,True,,614,1.0,19,0.030944625407166124,19,0
test2.csv,confirmation_cohort_posthoc,native,GCAD-dependency_s11,0.005,test2_A15,73032,73201,169,False,False,False,,169,1.0,0,0.0,0,0
test2.csv,confirmation_cohort_posthoc,native,GCAD-dependency_s11,0.005,test2_A16,78734,78893,159,False,False,False,,159,1.0,0,0.0,0,0
test2.csv,confirmation_cohort_posthoc,native,GCAD-dependency_s11,0.005,test2_A17,81062,81161,99,False,False,False,,99,1.0,0,0.0,0,0
test2.csv,confirmation_cohort_posthoc,common81,GCAD-dependency_s11,0.005,test2_A01,2283,2541,258,False,False,False,,258,1.0,0,0.0,0,0
test2.csv,confirmation_cohort_posthoc,common81,GCAD-dependency_s11,0.005,test2_A02,4862,4928,66,False,False,False,,66,1.0,0,0.0,0,0
test2.csv,confirmation_cohort_posthoc,common81,GCAD-dependency_s11,0.005,test2_A03,7983,8029,46,False,False,False,,46,1.0,0,0.0,0,0
test2.csv,confirmation_cohort_posthoc,common81,GCAD-dependency_s11,0.005,test2_A04,16085,16334,249,False,False,False,,249,1.0,0,0.0,0,0
test2.csv,confirmation_cohort_posthoc,common81,GCAD-dependency_s11,0.005,test2_A05,18606,18662,56,False,False,False,,56,1.0,0,0.0,0,0
test2.csv,confirmation_cohort_posthoc,common81,GCAD-dependency_s11,0.005,test2_A06,21486,21663,177,False,False,False,,177,1.0,0,0.0,0,0
test2.csv,confirmation_cohort_posthoc,common81,GCAD-dependency_s11,0.005,test2_A07,27613,27898,285,True,True,False,76,76,0.26666666666666666,74,0.2596491228070175,74,1
test2.csv,confirmation_cohort_posthoc,common81,GCAD-dependency_s11,0.005,test2_A08,33307,33460,153,False,False,False,,153,1.0,0,0.0,0,0
test2.csv,confirmation_cohort_posthoc,common81,GCAD-dependency_s11,0.005,test2_A09,34806,34969,163,False,False,False,,163,1.0,0,0.0,0,0
test2.csv,confirmation_cohort_posthoc,common81,GCAD-dependency_s11,0.005,test2_A10,41006,41104,98,False,False,False,,98,1.0,0,0.0,0,0
test2.csv,confirmation_cohort_posthoc,common81,GCAD-dependency_s11,0.005,test2_A11,55274,55426,152,True,True,False,10,10,0.06578947368421052,65,0.4276315789473684,65,1
test2.csv,confirmation_cohort_posthoc,common81,GCAD-dependency_s11,0.005,test2_A12,58271,58327,56,False,False,False,,56,1.0,0,0.0,0,0
test2.csv,confirmation_cohort_posthoc,common81,GCAD-dependency_s11,0.005,test2_A13,66914,66995,81,False,False,False,,81,1.0,0,0.0,0,0
test2.csv,confirmation_cohort_posthoc,common81,GCAD-dependency_s11,0.005,test2_A14,69796,70410,614,False,True,True,,614,1.0,19,0.030944625407166124,19,0
test2.csv,confirmation_cohort_posthoc,common81,GCAD-dependency_s11,0.005,test2_A15,73032,73201,169,False,False,False,,169,1.0,0,0.0,0,0
test2.csv,confirmation_cohort_posthoc,common81,GCAD-dependency_s11,0.005,test2_A16,78734,78893,159,False,False,False,,159,1.0,0,0.0,0,0
test2.csv,confirmation_cohort_posthoc,common81,GCAD-dependency_s11,0.005,test2_A17,81062,81161,99,False,False,False,,99,1.0,0,0.0,0,0
test2.csv,confirmation_cohort_posthoc,native,GCAD-dependency_s11,0.01,test2_A01,2283,2541,258,False,False,False,,258,1.0,0,0.0,0,0
test2.csv,confirmation_cohort_posthoc,native,GCAD-dependency_s11,0.01,test2_A02,4862,4928,66,False,False,False,,66,1.0,0,0.0,0,0
test2.csv,confirmation_cohort_posthoc,native,GCAD-dependency_s11,0.01,test2_A03,7983,8029,46,False,False,False,,46,1.0,0,0.0,0,0
test2.csv,confirmation_cohort_posthoc,native,GCAD-dependency_s11,0.01,test2_A04,16085,16334,249,False,False,False,,249,1.0,0,0.0,0,0
test2.csv,confirmation_cohort_posthoc,native,GCAD-dependency_s11,0.01,test2_A05,18606,18662,56,False,False,False,,56,1.0,0,0.0,0,0
test2.csv,confirmation_cohort_posthoc,native,GCAD-dependency_s11,0.01,test2_A06,21486,21663,177,False,False,False,,177,1.0,0,0.0,0,0
test2.csv,confirmation_cohort_posthoc,native,GCAD-dependency_s11,0.01,test2_A07,27613,27898,285,True,True,False,76,76,0.26666666666666666,75,0.2631578947368421,75,1
test2.csv,confirmation_cohort_posthoc,native,GCAD-dependency_s11,0.01,test2_A08,33307,33460,153,False,False,False,,153,1.0,0,0.0,0,0
test2.csv,confirmation_cohort_posthoc,native,GCAD-dependency_s11,0.01,test2_A09,34806,34969,163,False,False,False,,163,1.0,0,0.0,0,0
test2.csv,confirmation_cohort_posthoc,native,GCAD-dependency_s11,0.01,test2_A10,41006,41104,98,False,False,False,,98,1.0,0,0.0,0,0
test2.csv,confirmation_cohort_posthoc,native,GCAD-dependency_s11,0.01,test2_A11,55274,55426,152,True,True,False,10,10,0.06578947368421052,65,0.4276315789473684,65,1
test2.csv,confirmation_cohort_posthoc,native,GCAD-dependency_s11,0.01,test2_A12,58271,58327,56,False,False,False,,56,1.0,0,0.0,0,0
test2.csv,confirmation_cohort_posthoc,native,GCAD-dependency_s11,0.01,test2_A13,66914,66995,81,False,False,False,,81,1.0,0,0.0,0,0
test2.csv,confirmation_cohort_posthoc,native,GCAD-dependency_s11,0.01,test2_A14,69796,70410,614,False,True,True,,614,1.0,19,0.030944625407166124,19,0
test2.csv,confirmation_cohort_posthoc,native,GCAD-dependency_s11,0.01,test2_A15,73032,73201,169,True,True,False,50,50,0.2958579881656805,45,0.26627218934911245,45,1
test2.csv,confirmation_cohort_posthoc,native,GCAD-dependency_s11,0.01,test2_A16,78734,78893,159,False,False,False,,159,1.0,0,0.0,0,0
test2.csv,confirmation_cohort_posthoc,native,GCAD-dependency_s11,0.01,test2_A17,81062,81161,99,False,False,False,,99,1.0,0,0.0,0,0
test2.csv,confirmation_cohort_posthoc,common81,GCAD-dependency_s11,0.01,test2_A01,2283,2541,258,False,False,False,,258,1.0,0,0.0,0,0
test2.csv,confirmation_cohort_posthoc,common81,GCAD-dependency_s11,0.01,test2_A02,4862,4928,66,False,False,False,,66,1.0,0,0.0,0,0
test2.csv,confirmation_cohort_posthoc,common81,GCAD-dependency_s11,0.01,test2_A03,7983,8029,46,False,False,False,,46,1.0,0,0.0,0,0
test2.csv,confirmation_cohort_posthoc,common81,GCAD-dependency_s11,0.01,test2_A04,16085,16334,249,False,False,False,,249,1.0,0,0.0,0,0
test2.csv,confirmation_cohort_posthoc,common81,GCAD-dependency_s11,0.01,test2_A05,18606,18662,56,False,False,False,,56,1.0,0,0.0,0,0
test2.csv,confirmation_cohort_posthoc,common81,GCAD-dependency_s11,0.01,test2_A06,21486,21663,177,False,False,False,,177,1.0,0,0.0,0,0
test2.csv,confirmation_cohort_posthoc,common81,GCAD-dependency_s11,0.01,test2_A07,27613,27898,285,True,True,False,76,76,0.26666666666666666,75,0.2631578947368421,75,1
test2.csv,confirmation_cohort_posthoc,common81,GCAD-dependency_s11,0.01,test2_A08,33307,33460,153,False,False,False,,153,1.0,0,0.0,0,0
test2.csv,confirmation_cohort_posthoc,common81,GCAD-dependency_s11,0.01,test2_A09,34806,34969,163,False,False,False,,163,1.0,0,0.0,0,0
test2.csv,confirmation_cohort_posthoc,common81,GCAD-dependency_s11,0.01,test2_A10,41006,41104,98,False,False,False,,98,1.0,0,0.0,0,0
test2.csv,confirmation_cohort_posthoc,common81,GCAD-dependency_s11,0.01,test2_A11,55274,55426,152,True,True,False,10,10,0.06578947368421052,65,0.4276315789473684,65,1
test2.csv,confirmation_cohort_posthoc,common81,GCAD-dependency_s11,0.01,test2_A12,58271,58327,56,False,False,False,,56,1.0,0,0.0,0,0
test2.csv,confirmation_cohort_posthoc,common81,GCAD-dependency_s11,0.01,test2_A13,66914,66995,81,False,False,False,,81,1.0,0,0.0,0,0
test2.csv,confirmation_cohort_posthoc,common81,GCAD-dependency_s11,0.01,test2_A14,69796,70410,614,False,True,True,,614,1.0,19,0.030944625407166124,19,0
test2.csv,confirmation_cohort_posthoc,common81,GCAD-dependency_s11,0.01,test2_A15,73032,73201,169,True,True,False,50,50,0.2958579881656805,45,0.26627218934911245,45,1
test2.csv,confirmation_cohort_posthoc,common81,GCAD-dependency_s11,0.01,test2_A16,78734,78893,159,False,False,False,,159,1.0,0,0.0,0,0
test2.csv,confirmation_cohort_posthoc,common81,GCAD-dependency_s11,0.01,test2_A17,81062,81161,99,False,False,False,,99,1.0,0,0.0,0,0
test2.csv,confirmation_cohort_posthoc,native,GCAD-dependency_s11,0.02,test2_A01,2283,2541,258,False,False,False,,258,1.0,0,0.0,0,0
test2.csv,confirmation_cohort_posthoc,native,GCAD-dependency_s11,0.02,test2_A02,4862,4928,66,False,False,False,,66,1.0,0,0.0,0,0
test2.csv,confirmation_cohort_posthoc,native,GCAD-dependency_s11,0.02,test2_A03,7983,8029,46,False,False,False,,46,1.0,0,0.0,0,0
test2.csv,confirmation_cohort_posthoc,native,GCAD-dependency_s11,0.02,test2_A04,16085,16334,249,False,False,False,,249,1.0,0,0.0,0,0
test2.csv,confirmation_cohort_posthoc,native,GCAD-dependency_s11,0.02,test2_A05,18606,18662,56,False,False,False,,56,1.0,0,0.0,0,0
test2.csv,confirmation_cohort_posthoc,native,GCAD-dependency_s11,0.02,test2_A06,21486,21663,177,False,False,False,,177,1.0,0,0.0,0,0
test2.csv,confirmation_cohort_posthoc,native,GCAD-dependency_s11,0.02,test2_A07,27613,27898,285,True,True,False,58,58,0.20350877192982456,94,0.3298245614035088,94,1
test2.csv,confirmation_cohort_posthoc,native,GCAD-dependency_s11,0.02,test2_A08,33307,33460,153,False,False,False,,153,1.0,0,0.0,0,0
test2.csv,confirmation_cohort_posthoc,native,GCAD-dependency_s11,0.02,test2_A09,34806,34969,163,False,False,False,,163,1.0,0,0.0,0,0
test2.csv,confirmation_cohort_posthoc,native,GCAD-dependency_s11,0.02,test2_A10,41006,41104,98,False,False,False,,98,1.0,0,0.0,0,0
test2.csv,confirmation_cohort_posthoc,native,GCAD-dependency_s11,0.02,test2_A11,55274,55426,152,True,True,False,10,10,0.06578947368421052,65,0.4276315789473684,65,1
test2.csv,confirmation_cohort_posthoc,native,GCAD-dependency_s11,0.02,test2_A12,58271,58327,56,False,False,False,,56,1.0,0,0.0,0,0
test2.csv,confirmation_cohort_posthoc,native,GCAD-dependency_s11,0.02,test2_A13,66914,66995,81,True,True,False,34,34,0.41975308641975306,47,0.5802469135802469,47,1
test2.csv,confirmation_cohort_posthoc,native,GCAD-dependency_s11,0.02,test2_A14,69796,70410,614,True,True,True,552,552,0.8990228013029316,62,0.10097719869706841,43,1
test2.csv,confirmation_cohort_posthoc,native,GCAD-dependency_s11,0.02,test2_A15,73032,73201,169,True,True,False,32,32,0.1893491124260355,84,0.4970414201183432,84,1
test2.csv,confirmation_cohort_posthoc,native,GCAD-dependency_s11,0.02,test2_A16,78734,78893,159,False,False,False,,159,1.0,0,0.0,0,0
test2.csv,confirmation_cohort_posthoc,native,GCAD-dependency_s11,0.02,test2_A17,81062,81161,99,False,False,False,,99,1.0,0,0.0,0,0
test2.csv,confirmation_cohort_posthoc,common81,GCAD-dependency_s11,0.02,test2_A01,2283,2541,258,False,False,False,,258,1.0,0,0.0,0,0
test2.csv,confirmation_cohort_posthoc,common81,GCAD-dependency_s11,0.02,test2_A02,4862,4928,66,False,False,False,,66,1.0,0,0.0,0,0
test2.csv,confirmation_cohort_posthoc,common81,GCAD-dependency_s11,0.02,test2_A03,7983,8029,46,False,False,False,,46,1.0,0,0.0,0,0
test2.csv,confirmation_cohort_posthoc,common81,GCAD-dependency_s11,0.02,test2_A04,16085,16334,249,False,False,False,,249,1.0,0,0.0,0,0
test2.csv,confirmation_cohort_posthoc,common81,GCAD-dependency_s11,0.02,test2_A05,18606,18662,56,False,False,False,,56,1.0,0,0.0,0,0
test2.csv,confirmation_cohort_posthoc,common81,GCAD-dependency_s11,0.02,test2_A06,21486,21663,177,False,False,False,,177,1.0,0,0.0,0,0
test2.csv,confirmation_cohort_posthoc,common81,GCAD-dependency_s11,0.02,test2_A07,27613,27898,285,True,True,False,58,58,0.20350877192982456,94,0.3298245614035088,94,1
test2.csv,confirmation_cohort_posthoc,common81,GCAD-dependency_s11,0.02,test2_A08,33307,33460,153,False,False,False,,153,1.0,0,0.0,0,0
test2.csv,confirmation_cohort_posthoc,common81,GCAD-dependency_s11,0.02,test2_A09,34806,34969,163,False,False,False,,163,1.0,0,0.0,0,0
test2.csv,confirmation_cohort_posthoc,common81,GCAD-dependency_s11,0.02,test2_A10,41006,41104,98,False,False,False,,98,1.0,0,0.0,0,0
test2.csv,confirmation_cohort_posthoc,common81,GCAD-dependency_s11,0.02,test2_A11,55274,55426,152,True,True,False,10,10,0.06578947368421052,65,0.4276315789473684,65,1
test2.csv,confirmation_cohort_posthoc,common81,GCAD-dependency_s11,0.02,test2_A12,58271,58327,56,False,False,False,,56,1.0,0,0.0,0,0
test2.csv,confirmation_cohort_posthoc,common81,GCAD-dependency_s11,0.02,test2_A13,66914,66995,81,True,True,False,34,34,0.41975308641975306,47,0.5802469135802469,47,1
test2.csv,confirmation_cohort_posthoc,common81,GCAD-dependency_s11,0.02,test2_A14,69796,70410,614,True,True,True,552,552,0.8990228013029316,62,0.10097719869706841,43,1
test2.csv,confirmation_cohort_posthoc,common81,GCAD-dependency_s11,0.02,test2_A15,73032,73201,169,True,True,False,32,32,0.1893491124260355,84,0.4970414201183432,84,1
test2.csv,confirmation_cohort_posthoc,common81,GCAD-dependency_s11,0.02,test2_A16,78734,78893,159,False,False,False,,159,1.0,0,0.0,0,0
test2.csv,confirmation_cohort_posthoc,common81,GCAD-dependency_s11,0.02,test2_A17,81062,81161,99,False,False,False,,99,1.0,0,0.0,0,0
test2.csv,confirmation_cohort_posthoc,native,GCAD-prediction_s12,0.005,test2_A01,2283,2541,258,False,False,False,,258,1.0,0,0.0,0,0
test2.csv,confirmation_cohort_posthoc,native,GCAD-prediction_s12,0.005,test2_A02,4862,4928,66,False,False,False,,66,1.0,0,0.0,0,0
test2.csv,confirmation_cohort_posthoc,native,GCAD-prediction_s12,0.005,test2_A03,7983,8029,46,False,False,False,,46,1.0,0,0.0,0,0
test2.csv,confirmation_cohort_posthoc,native,GCAD-prediction_s12,0.005,test2_A04,16085,16334,249,False,False,False,,249,1.0,0,0.0,0,0
test2.csv,confirmation_cohort_posthoc,native,GCAD-prediction_s12,0.005,test2_A05,18606,18662,56,False,False,False,,56,1.0,0,0.0,0,0
test2.csv,confirmation_cohort_posthoc,native,GCAD-prediction_s12,0.005,test2_A06,21486,21663,177,False,False,False,,177,1.0,0,0.0,0,0
test2.csv,confirmation_cohort_posthoc,native,GCAD-prediction_s12,0.005,test2_A07,27613,27898,285,True,True,False,84,84,0.29473684210526313,63,0.22105263157894736,63,1
test2.csv,confirmation_cohort_posthoc,native,GCAD-prediction_s12,0.005,test2_A08,33307,33460,153,False,False,False,,153,1.0,0,0.0,0,0
test2.csv,confirmation_cohort_posthoc,native,GCAD-prediction_s12,0.005,test2_A09,34806,34969,163,False,False,False,,163,1.0,0,0.0,0,0
test2.csv,confirmation_cohort_posthoc,native,GCAD-prediction_s12,0.005,test2_A10,41006,41104,98,False,False,False,,98,1.0,0,0.0,0,0
test2.csv,confirmation_cohort_posthoc,native,GCAD-prediction_s12,0.005,test2_A11,55274,55426,152,False,False,False,,152,1.0,0,0.0,0,0
test2.csv,confirmation_cohort_posthoc,native,GCAD-prediction_s12,0.005,test2_A12,58271,58327,56,False,False,False,,56,1.0,0,0.0,0,0
test2.csv,confirmation_cohort_posthoc,native,GCAD-prediction_s12,0.005,test2_A13,66914,66995,81,False,False,False,,81,1.0,0,0.0,0,0
test2.csv,confirmation_cohort_posthoc,native,GCAD-prediction_s12,0.005,test2_A14,69796,70410,614,False,False,False,,614,1.0,0,0.0,0,0
test2.csv,confirmation_cohort_posthoc,native,GCAD-prediction_s12,0.005,test2_A15,73032,73201,169,False,False,False,,169,1.0,0,0.0,0,0
test2.csv,confirmation_cohort_posthoc,native,GCAD-prediction_s12,0.005,test2_A16,78734,78893,159,False,False,False,,159,1.0,0,0.0,0,0
test2.csv,confirmation_cohort_posthoc,native,GCAD-prediction_s12,0.005,test2_A17,81062,81161,99,False,False,False,,99,1.0,0,0.0,0,0
test2.csv,confirmation_cohort_posthoc,common81,GCAD-prediction_s12,0.005,test2_A01,2283,2541,258,False,False,False,,258,1.0,0,0.0,0,0
test2.csv,confirmation_cohort_posthoc,common81,GCAD-prediction_s12,0.005,test2_A02,4862,4928,66,False,False,False,,66,1.0,0,0.0,0,0
test2.csv,confirmation_cohort_posthoc,common81,GCAD-prediction_s12,0.005,test2_A03,7983,8029,46,False,False,False,,46,1.0,0,0.0,0,0
test2.csv,confirmation_cohort_posthoc,common81,GCAD-prediction_s12,0.005,test2_A04,16085,16334,249,False,False,False,,249,1.0,0,0.0,0,0
test2.csv,confirmation_cohort_posthoc,common81,GCAD-prediction_s12,0.005,test2_A05,18606,18662,56,False,False,False,,56,1.0,0,0.0,0,0
test2.csv,confirmation_cohort_posthoc,common81,GCAD-prediction_s12,0.005,test2_A06,21486,21663,177,False,False,False,,177,1.0,0,0.0,0,0
test2.csv,confirmation_cohort_posthoc,common81,GCAD-prediction_s12,0.005,test2_A07,27613,27898,285,True,True,False,84,84,0.29473684210526313,63,0.22105263157894736,63,1
test2.csv,confirmation_cohort_posthoc,common81,GCAD-prediction_s12,0.005,test2_A08,33307,33460,153,False,False,False,,153,1.0,0,0.0,0,0
test2.csv,confirmation_cohort_posthoc,common81,GCAD-prediction_s12,0.005,test2_A09,34806,34969,163,False,False,False,,163,1.0,0,0.0,0,0
test2.csv,confirmation_cohort_posthoc,common81,GCAD-prediction_s12,0.005,test2_A10,41006,41104,98,False,False,False,,98,1.0,0,0.0,0,0
test2.csv,confirmation_cohort_posthoc,common81,GCAD-prediction_s12,0.005,test2_A11,55274,55426,152,False,False,False,,152,1.0,0,0.0,0,0
test2.csv,confirmation_cohort_posthoc,common81,GCAD-prediction_s12,0.005,test2_A12,58271,58327,56,False,False,False,,56,1.0,0,0.0,0,0
test2.csv,confirmation_cohort_posthoc,common81,GCAD-prediction_s12,0.005,test2_A13,66914,66995,81,False,False,False,,81,1.0,0,0.0,0,0
test2.csv,confirmation_cohort_posthoc,common81,GCAD-prediction_s12,0.005,test2_A14,69796,70410,614,False,False,False,,614,1.0,0,0.0,0,0
test2.csv,confirmation_cohort_posthoc,common81,GCAD-prediction_s12,0.005,test2_A15,73032,73201,169,False,False,False,,169,1.0,0,0.0,0,0
test2.csv,confirmation_cohort_posthoc,common81,GCAD-prediction_s12,0.005,test2_A16,78734,78893,159,False,False,False,,159,1.0,0,0.0,0,0
test2.csv,confirmation_cohort_posthoc,common81,GCAD-prediction_s12,0.005,test2_A17,81062,81161,99,False,False,False,,99,1.0,0,0.0,0,0
test2.csv,confirmation_cohort_posthoc,native,GCAD-prediction_s12,0.01,test2_A01,2283,2541,258,False,False,False,,258,1.0,0,0.0,0,0
test2.csv,confirmation_cohort_posthoc,native,GCAD-prediction_s12,0.01,test2_A02,4862,4928,66,False,False,False,,66,1.0,0,0.0,0,0
test2.csv,confirmation_cohort_posthoc,native,GCAD-prediction_s12,0.01,test2_A03,7983,8029,46,False,False,False,,46,1.0,0,0.0,0,0
test2.csv,confirmation_cohort_posthoc,native,GCAD-prediction_s12,0.01,test2_A04,16085,16334,249,False,False,False,,249,1.0,0,0.0,0,0
test2.csv,confirmation_cohort_posthoc,native,GCAD-prediction_s12,0.01,test2_A05,18606,18662,56,False,False,False,,56,1.0,0,0.0,0,0
test2.csv,confirmation_cohort_posthoc,native,GCAD-prediction_s12,0.01,test2_A06,21486,21663,177,False,False,False,,177,1.0,0,0.0,0,0
test2.csv,confirmation_cohort_posthoc,native,GCAD-prediction_s12,0.01,test2_A07,27613,27898,285,True,True,False,77,77,0.27017543859649124,71,0.24912280701754386,71,1
test2.csv,confirmation_cohort_posthoc,native,GCAD-prediction_s12,0.01,test2_A08,33307,33460,153,False,False,False,,153,1.0,0,0.0,0,0
test2.csv,confirmation_cohort_posthoc,native,GCAD-prediction_s12,0.01,test2_A09,34806,34969,163,False,False,False,,163,1.0,0,0.0,0,0
test2.csv,confirmation_cohort_posthoc,native,GCAD-prediction_s12,0.01,test2_A10,41006,41104,98,False,False,False,,98,1.0,0,0.0,0,0
test2.csv,confirmation_cohort_posthoc,native,GCAD-prediction_s12,0.01,test2_A11,55274,55426,152,True,True,False,11,11,0.07236842105263158,63,0.4144736842105263,63,1
test2.csv,confirmation_cohort_posthoc,native,GCAD-prediction_s12,0.01,test2_A12,58271,58327,56,False,False,False,,56,1.0,0,0.0,0,0
test2.csv,confirmation_cohort_posthoc,native,GCAD-prediction_s12,0.01,test2_A13,66914,66995,81,False,False,False,,81,1.0,0,0.0,0,0
test2.csv,confirmation_cohort_posthoc,native,GCAD-prediction_s12,0.01,test2_A14,69796,70410,614,False,False,False,,614,1.0,0,0.0,0,0
test2.csv,confirmation_cohort_posthoc,native,GCAD-prediction_s12,0.01,test2_A15,73032,73201,169,False,False,False,,169,1.0,0,0.0,0,0
test2.csv,confirmation_cohort_posthoc,native,GCAD-prediction_s12,0.01,test2_A16,78734,78893,159,False,False,False,,159,1.0,0,0.0,0,0
test2.csv,confirmation_cohort_posthoc,native,GCAD-prediction_s12,0.01,test2_A17,81062,81161,99,False,False,False,,99,1.0,0,0.0,0,0
test2.csv,confirmation_cohort_posthoc,common81,GCAD-prediction_s12,0.01,test2_A01,2283,2541,258,False,False,False,,258,1.0,0,0.0,0,0
test2.csv,confirmation_cohort_posthoc,common81,GCAD-prediction_s12,0.01,test2_A02,4862,4928,66,False,False,False,,66,1.0,0,0.0,0,0
test2.csv,confirmation_cohort_posthoc,common81,GCAD-prediction_s12,0.01,test2_A03,7983,8029,46,False,False,False,,46,1.0,0,0.0,0,0
test2.csv,confirmation_cohort_posthoc,common81,GCAD-prediction_s12,0.01,test2_A04,16085,16334,249,False,False,False,,249,1.0,0,0.0,0,0
test2.csv,confirmation_cohort_posthoc,common81,GCAD-prediction_s12,0.01,test2_A05,18606,18662,56,False,False,False,,56,1.0,0,0.0,0,0
test2.csv,confirmation_cohort_posthoc,common81,GCAD-prediction_s12,0.01,test2_A06,21486,21663,177,False,False,False,,177,1.0,0,0.0,0,0
test2.csv,confirmation_cohort_posthoc,common81,GCAD-prediction_s12,0.01,test2_A07,27613,27898,285,True,True,False,77,77,0.27017543859649124,71,0.24912280701754386,71,1
test2.csv,confirmation_cohort_posthoc,common81,GCAD-prediction_s12,0.01,test2_A08,33307,33460,153,False,False,False,,153,1.0,0,0.0,0,0
test2.csv,confirmation_cohort_posthoc,common81,GCAD-prediction_s12,0.01,test2_A09,34806,34969,163,False,False,False,,163,1.0,0,0.0,0,0
test2.csv,confirmation_cohort_posthoc,common81,GCAD-prediction_s12,0.01,test2_A10,41006,41104,98,False,False,False,,98,1.0,0,0.0,0,0
test2.csv,confirmation_cohort_posthoc,common81,GCAD-prediction_s12,0.01,test2_A11,55274,55426,152,True,True,False,11,11,0.07236842105263158,63,0.4144736842105263,63,1
test2.csv,confirmation_cohort_posthoc,common81,GCAD-prediction_s12,0.01,test2_A12,58271,58327,56,False,False,False,,56,1.0,0,0.0,0,0
test2.csv,confirmation_cohort_posthoc,common81,GCAD-prediction_s12,0.01,test2_A13,66914,66995,81,False,False,False,,81,1.0,0,0.0,0,0
test2.csv,confirmation_cohort_posthoc,common81,GCAD-prediction_s12,0.01,test2_A14,69796,70410,614,False,False,False,,614,1.0,0,0.0,0,0
test2.csv,confirmation_cohort_posthoc,common81,GCAD-prediction_s12,0.01,test2_A15,73032,73201,169,False,False,False,,169,1.0,0,0.0,0,0
test2.csv,confirmation_cohort_posthoc,common81,GCAD-prediction_s12,0.01,test2_A16,78734,78893,159,False,False,False,,159,1.0,0,0.0,0,0
test2.csv,confirmation_cohort_posthoc,common81,GCAD-prediction_s12,0.01,test2_A17,81062,81161,99,False,False,False,,99,1.0,0,0.0,0,0
test2.csv,confirmation_cohort_posthoc,native,GCAD-prediction_s12,0.02,test2_A01,2283,2541,258,False,False,False,,258,1.0,0,0.0,0,0
test2.csv,confirmation_cohort_posthoc,native,GCAD-prediction_s12,0.02,test2_A02,4862,4928,66,False,False,False,,66,1.0,0,0.0,0,0
test2.csv,confirmation_cohort_posthoc,native,GCAD-prediction_s12,0.02,test2_A03,7983,8029,46,False,False,False,,46,1.0,0,0.0,0,0
test2.csv,confirmation_cohort_posthoc,native,GCAD-prediction_s12,0.02,test2_A04,16085,16334,249,False,False,False,,249,1.0,0,0.0,0,0
test2.csv,confirmation_cohort_posthoc,native,GCAD-prediction_s12,0.02,test2_A05,18606,18662,56,False,False,False,,56,1.0,0,0.0,0,0
test2.csv,confirmation_cohort_posthoc,native,GCAD-prediction_s12,0.02,test2_A06,21486,21663,177,False,False,False,,177,1.0,0,0.0,0,0
test2.csv,confirmation_cohort_posthoc,native,GCAD-prediction_s12,0.02,test2_A07,27613,27898,285,True,True,False,77,77,0.27017543859649124,72,0.25263157894736843,72,1
test2.csv,confirmation_cohort_posthoc,native,GCAD-prediction_s12,0.02,test2_A08,33307,33460,153,False,False,False,,153,1.0,0,0.0,0,0
test2.csv,confirmation_cohort_posthoc,native,GCAD-prediction_s12,0.02,test2_A09,34806,34969,163,False,False,False,,163,1.0,0,0.0,0,0
test2.csv,confirmation_cohort_posthoc,native,GCAD-prediction_s12,0.02,test2_A10,41006,41104,98,False,False,False,,98,1.0,0,0.0,0,0
test2.csv,confirmation_cohort_posthoc,native,GCAD-prediction_s12,0.02,test2_A11,55274,55426,152,True,True,False,11,11,0.07236842105263158,93,0.6118421052631579,93,1
test2.csv,confirmation_cohort_posthoc,native,GCAD-prediction_s12,0.02,test2_A12,58271,58327,56,False,False,False,,56,1.0,0,0.0,0,0
test2.csv,confirmation_cohort_posthoc,native,GCAD-prediction_s12,0.02,test2_A13,66914,66995,81,False,False,False,,81,1.0,0,0.0,0,0
test2.csv,confirmation_cohort_posthoc,native,GCAD-prediction_s12,0.02,test2_A14,69796,70410,614,False,True,True,,614,1.0,17,0.02768729641693811,17,0
test2.csv,confirmation_cohort_posthoc,native,GCAD-prediction_s12,0.02,test2_A15,73032,73201,169,False,False,False,,169,1.0,0,0.0,0,0
test2.csv,confirmation_cohort_posthoc,native,GCAD-prediction_s12,0.02,test2_A16,78734,78893,159,False,False,False,,159,1.0,0,0.0,0,0
test2.csv,confirmation_cohort_posthoc,native,GCAD-prediction_s12,0.02,test2_A17,81062,81161,99,False,False,False,,99,1.0,0,0.0,0,0
test2.csv,confirmation_cohort_posthoc,common81,GCAD-prediction_s12,0.02,test2_A01,2283,2541,258,False,False,False,,258,1.0,0,0.0,0,0
test2.csv,confirmation_cohort_posthoc,common81,GCAD-prediction_s12,0.02,test2_A02,4862,4928,66,False,False,False,,66,1.0,0,0.0,0,0
test2.csv,confirmation_cohort_posthoc,common81,GCAD-prediction_s12,0.02,test2_A03,7983,8029,46,False,False,False,,46,1.0,0,0.0,0,0
test2.csv,confirmation_cohort_posthoc,common81,GCAD-prediction_s12,0.02,test2_A04,16085,16334,249,False,False,False,,249,1.0,0,0.0,0,0
test2.csv,confirmation_cohort_posthoc,common81,GCAD-prediction_s12,0.02,test2_A05,18606,18662,56,False,False,False,,56,1.0,0,0.0,0,0
test2.csv,confirmation_cohort_posthoc,common81,GCAD-prediction_s12,0.02,test2_A06,21486,21663,177,False,False,False,,177,1.0,0,0.0,0,0
test2.csv,confirmation_cohort_posthoc,common81,GCAD-prediction_s12,0.02,test2_A07,27613,27898,285,True,True,False,77,77,0.27017543859649124,72,0.25263157894736843,72,1
test2.csv,confirmation_cohort_posthoc,common81,GCAD-prediction_s12,0.02,test2_A08,33307,33460,153,False,False,False,,153,1.0,0,0.0,0,0
test2.csv,confirmation_cohort_posthoc,common81,GCAD-prediction_s12,0.02,test2_A09,34806,34969,163,False,False,False,,163,1.0,0,0.0,0,0
test2.csv,confirmation_cohort_posthoc,common81,GCAD-prediction_s12,0.02,test2_A10,41006,41104,98,False,False,False,,98,1.0,0,0.0,0,0
test2.csv,confirmation_cohort_posthoc,common81,GCAD-prediction_s12,0.02,test2_A11,55274,55426,152,True,True,False,11,11,0.07236842105263158,93,0.6118421052631579,93,1
test2.csv,confirmation_cohort_posthoc,common81,GCAD-prediction_s12,0.02,test2_A12,58271,58327,56,False,False,False,,56,1.0,0,0.0,0,0
test2.csv,confirmation_cohort_posthoc,common81,GCAD-prediction_s12,0.02,test2_A13,66914,66995,81,False,False,False,,81,1.0,0,0.0,0,0
test2.csv,confirmation_cohort_posthoc,common81,GCAD-prediction_s12,0.02,test2_A14,69796,70410,614,False,True,True,,614,1.0,17,0.02768729641693811,17,0
test2.csv,confirmation_cohort_posthoc,common81,GCAD-prediction_s12,0.02,test2_A15,73032,73201,169,False,False,False,,169,1.0,0,0.0,0,0
test2.csv,confirmation_cohort_posthoc,common81,GCAD-prediction_s12,0.02,test2_A16,78734,78893,159,False,False,False,,159,1.0,0,0.0,0,0
test2.csv,confirmation_cohort_posthoc,common81,GCAD-prediction_s12,0.02,test2_A17,81062,81161,99,False,False,False,,99,1.0,0,0.0,0,0
test2.csv,confirmation_cohort_posthoc,native,GCAD-dependency_s12,0.005,test2_A01,2283,2541,258,False,False,False,,258,1.0,0,0.0,0,0
test2.csv,confirmation_cohort_posthoc,native,GCAD-dependency_s12,0.005,test2_A02,4862,4928,66,False,False,False,,66,1.0,0,0.0,0,0
test2.csv,confirmation_cohort_posthoc,native,GCAD-dependency_s12,0.005,test2_A03,7983,8029,46,False,False,False,,46,1.0,0,0.0,0,0
test2.csv,confirmation_cohort_posthoc,native,GCAD-dependency_s12,0.005,test2_A04,16085,16334,249,False,False,False,,249,1.0,0,0.0,0,0
test2.csv,confirmation_cohort_posthoc,native,GCAD-dependency_s12,0.005,test2_A05,18606,18662,56,False,False,False,,56,1.0,0,0.0,0,0
test2.csv,confirmation_cohort_posthoc,native,GCAD-dependency_s12,0.005,test2_A06,21486,21663,177,False,False,False,,177,1.0,0,0.0,0,0
test2.csv,confirmation_cohort_posthoc,native,GCAD-dependency_s12,0.005,test2_A07,27613,27898,285,True,True,False,76,76,0.26666666666666666,74,0.2596491228070175,74,1
test2.csv,confirmation_cohort_posthoc,native,GCAD-dependency_s12,0.005,test2_A08,33307,33460,153,False,False,False,,153,1.0,0,0.0,0,0
test2.csv,confirmation_cohort_posthoc,native,GCAD-dependency_s12,0.005,test2_A09,34806,34969,163,False,False,False,,163,1.0,0,0.0,0,0
test2.csv,confirmation_cohort_posthoc,native,GCAD-dependency_s12,0.005,test2_A10,41006,41104,98,False,False,False,,98,1.0,0,0.0,0,0
test2.csv,confirmation_cohort_posthoc,native,GCAD-dependency_s12,0.005,test2_A11,55274,55426,152,False,False,False,,152,1.0,0,0.0,0,0
test2.csv,confirmation_cohort_posthoc,native,GCAD-dependency_s12,0.005,test2_A12,58271,58327,56,False,False,False,,56,1.0,0,0.0,0,0
test2.csv,confirmation_cohort_posthoc,native,GCAD-dependency_s12,0.005,test2_A13,66914,66995,81,False,False,False,,81,1.0,0,0.0,0,0
test2.csv,confirmation_cohort_posthoc,native,GCAD-dependency_s12,0.005,test2_A14,69796,70410,614,False,False,False,,614,1.0,0,0.0,0,0
test2.csv,confirmation_cohort_posthoc,native,GCAD-dependency_s12,0.005,test2_A15,73032,73201,169,False,False,False,,169,1.0,0,0.0,0,0
test2.csv,confirmation_cohort_posthoc,native,GCAD-dependency_s12,0.005,test2_A16,78734,78893,159,False,False,False,,159,1.0,0,0.0,0,0
test2.csv,confirmation_cohort_posthoc,native,GCAD-dependency_s12,0.005,test2_A17,81062,81161,99,False,False,False,,99,1.0,0,0.0,0,0
test2.csv,confirmation_cohort_posthoc,common81,GCAD-dependency_s12,0.005,test2_A01,2283,2541,258,False,False,False,,258,1.0,0,0.0,0,0
test2.csv,confirmation_cohort_posthoc,common81,GCAD-dependency_s12,0.005,test2_A02,4862,4928,66,False,False,False,,66,1.0,0,0.0,0,0
test2.csv,confirmation_cohort_posthoc,common81,GCAD-dependency_s12,0.005,test2_A03,7983,8029,46,False,False,False,,46,1.0,0,0.0,0,0
test2.csv,confirmation_cohort_posthoc,common81,GCAD-dependency_s12,0.005,test2_A04,16085,16334,249,False,False,False,,249,1.0,0,0.0,0,0
test2.csv,confirmation_cohort_posthoc,common81,GCAD-dependency_s12,0.005,test2_A05,18606,18662,56,False,False,False,,56,1.0,0,0.0,0,0
test2.csv,confirmation_cohort_posthoc,common81,GCAD-dependency_s12,0.005,test2_A06,21486,21663,177,False,False,False,,177,1.0,0,0.0,0,0
test2.csv,confirmation_cohort_posthoc,common81,GCAD-dependency_s12,0.005,test2_A07,27613,27898,285,True,True,False,76,76,0.26666666666666666,74,0.2596491228070175,74,1
test2.csv,confirmation_cohort_posthoc,common81,GCAD-dependency_s12,0.005,test2_A08,33307,33460,153,False,False,False,,153,1.0,0,0.0,0,0
test2.csv,confirmation_cohort_posthoc,common81,GCAD-dependency_s12,0.005,test2_A09,34806,34969,163,False,False,False,,163,1.0,0,0.0,0,0
test2.csv,confirmation_cohort_posthoc,common81,GCAD-dependency_s12,0.005,test2_A10,41006,41104,98,False,False,False,,98,1.0,0,0.0,0,0
test2.csv,confirmation_cohort_posthoc,common81,GCAD-dependency_s12,0.005,test2_A11,55274,55426,152,False,False,False,,152,1.0,0,0.0,0,0
test2.csv,confirmation_cohort_posthoc,common81,GCAD-dependency_s12,0.005,test2_A12,58271,58327,56,False,False,False,,56,1.0,0,0.0,0,0
test2.csv,confirmation_cohort_posthoc,common81,GCAD-dependency_s12,0.005,test2_A13,66914,66995,81,False,False,False,,81,1.0,0,0.0,0,0
test2.csv,confirmation_cohort_posthoc,common81,GCAD-dependency_s12,0.005,test2_A14,69796,70410,614,False,False,False,,614,1.0,0,0.0,0,0
test2.csv,confirmation_cohort_posthoc,common81,GCAD-dependency_s12,0.005,test2_A15,73032,73201,169,False,False,False,,169,1.0,0,0.0,0,0
test2.csv,confirmation_cohort_posthoc,common81,GCAD-dependency_s12,0.005,test2_A16,78734,78893,159,False,False,False,,159,1.0,0,0.0,0,0
test2.csv,confirmation_cohort_posthoc,common81,GCAD-dependency_s12,0.005,test2_A17,81062,81161,99,False,False,False,,99,1.0,0,0.0,0,0
test2.csv,confirmation_cohort_posthoc,native,GCAD-dependency_s12,0.01,test2_A01,2283,2541,258,False,False,False,,258,1.0,0,0.0,0,0
test2.csv,confirmation_cohort_posthoc,native,GCAD-dependency_s12,0.01,test2_A02,4862,4928,66,False,False,False,,66,1.0,0,0.0,0,0
test2.csv,confirmation_cohort_posthoc,native,GCAD-dependency_s12,0.01,test2_A03,7983,8029,46,False,False,False,,46,1.0,0,0.0,0,0
test2.csv,confirmation_cohort_posthoc,native,GCAD-dependency_s12,0.01,test2_A04,16085,16334,249,False,False,False,,249,1.0,0,0.0,0,0
test2.csv,confirmation_cohort_posthoc,native,GCAD-dependency_s12,0.01,test2_A05,18606,18662,56,False,False,False,,56,1.0,0,0.0,0,0
test2.csv,confirmation_cohort_posthoc,native,GCAD-dependency_s12,0.01,test2_A06,21486,21663,177,False,False,False,,177,1.0,0,0.0,0,0
test2.csv,confirmation_cohort_posthoc,native,GCAD-dependency_s12,0.01,test2_A07,27613,27898,285,True,True,False,76,76,0.26666666666666666,75,0.2631578947368421,75,1
test2.csv,confirmation_cohort_posthoc,native,GCAD-dependency_s12,0.01,test2_A08,33307,33460,153,False,False,False,,153,1.0,0,0.0,0,0
test2.csv,confirmation_cohort_posthoc,native,GCAD-dependency_s12,0.01,test2_A09,34806,34969,163,False,False,False,,163,1.0,0,0.0,0,0
test2.csv,confirmation_cohort_posthoc,native,GCAD-dependency_s12,0.01,test2_A10,41006,41104,98,False,False,False,,98,1.0,0,0.0,0,0
test2.csv,confirmation_cohort_posthoc,native,GCAD-dependency_s12,0.01,test2_A11,55274,55426,152,True,True,False,12,12,0.07894736842105263,92,0.6052631578947368,92,1
test2.csv,confirmation_cohort_posthoc,native,GCAD-dependency_s12,0.01,test2_A12,58271,58327,56,False,False,False,,56,1.0,0,0.0,0,0
test2.csv,confirmation_cohort_posthoc,native,GCAD-dependency_s12,0.01,test2_A13,66914,66995,81,False,False,False,,81,1.0,0,0.0,0,0
test2.csv,confirmation_cohort_posthoc,native,GCAD-dependency_s12,0.01,test2_A14,69796,70410,614,False,False,False,,614,1.0,0,0.0,0,0
test2.csv,confirmation_cohort_posthoc,native,GCAD-dependency_s12,0.01,test2_A15,73032,73201,169,True,True,False,40,40,0.23668639053254437,57,0.33727810650887574,57,1
test2.csv,confirmation_cohort_posthoc,native,GCAD-dependency_s12,0.01,test2_A16,78734,78893,159,False,False,False,,159,1.0,0,0.0,0,0
test2.csv,confirmation_cohort_posthoc,native,GCAD-dependency_s12,0.01,test2_A17,81062,81161,99,False,False,False,,99,1.0,0,0.0,0,0
test2.csv,confirmation_cohort_posthoc,common81,GCAD-dependency_s12,0.01,test2_A01,2283,2541,258,False,False,False,,258,1.0,0,0.0,0,0
test2.csv,confirmation_cohort_posthoc,common81,GCAD-dependency_s12,0.01,test2_A02,4862,4928,66,False,False,False,,66,1.0,0,0.0,0,0
test2.csv,confirmation_cohort_posthoc,common81,GCAD-dependency_s12,0.01,test2_A03,7983,8029,46,False,False,False,,46,1.0,0,0.0,0,0
test2.csv,confirmation_cohort_posthoc,common81,GCAD-dependency_s12,0.01,test2_A04,16085,16334,249,False,False,False,,249,1.0,0,0.0,0,0
test2.csv,confirmation_cohort_posthoc,common81,GCAD-dependency_s12,0.01,test2_A05,18606,18662,56,False,False,False,,56,1.0,0,0.0,0,0
test2.csv,confirmation_cohort_posthoc,common81,GCAD-dependency_s12,0.01,test2_A06,21486,21663,177,False,False,False,,177,1.0,0,0.0,0,0
test2.csv,confirmation_cohort_posthoc,common81,GCAD-dependency_s12,0.01,test2_A07,27613,27898,285,True,True,False,76,76,0.26666666666666666,75,0.2631578947368421,75,1
test2.csv,confirmation_cohort_posthoc,common81,GCAD-dependency_s12,0.01,test2_A08,33307,33460,153,False,False,False,,153,1.0,0,0.0,0,0
test2.csv,confirmation_cohort_posthoc,common81,GCAD-dependency_s12,0.01,test2_A09,34806,34969,163,False,False,False,,163,1.0,0,0.0,0,0
test2.csv,confirmation_cohort_posthoc,common81,GCAD-dependency_s12,0.01,test2_A10,41006,41104,98,False,False,False,,98,1.0,0,0.0,0,0
test2.csv,confirmation_cohort_posthoc,common81,GCAD-dependency_s12,0.01,test2_A11,55274,55426,152,True,True,False,12,12,0.07894736842105263,92,0.6052631578947368,92,1
test2.csv,confirmation_cohort_posthoc,common81,GCAD-dependency_s12,0.01,test2_A12,58271,58327,56,False,False,False,,56,1.0,0,0.0,0,0
test2.csv,confirmation_cohort_posthoc,common81,GCAD-dependency_s12,0.01,test2_A13,66914,66995,81,False,False,False,,81,1.0,0,0.0,0,0
test2.csv,confirmation_cohort_posthoc,common81,GCAD-dependency_s12,0.01,test2_A14,69796,70410,614,False,False,False,,614,1.0,0,0.0,0,0
test2.csv,confirmation_cohort_posthoc,common81,GCAD-dependency_s12,0.01,test2_A15,73032,73201,169,True,True,False,40,40,0.23668639053254437,57,0.33727810650887574,57,1
test2.csv,confirmation_cohort_posthoc,common81,GCAD-dependency_s12,0.01,test2_A16,78734,78893,159,False,False,False,,159,1.0,0,0.0,0,0
test2.csv,confirmation_cohort_posthoc,common81,GCAD-dependency_s12,0.01,test2_A17,81062,81161,99,False,False,False,,99,1.0,0,0.0,0,0
test2.csv,confirmation_cohort_posthoc,native,GCAD-dependency_s12,0.02,test2_A01,2283,2541,258,False,False,False,,258,1.0,0,0.0,0,0
test2.csv,confirmation_cohort_posthoc,native,GCAD-dependency_s12,0.02,test2_A02,4862,4928,66,False,False,False,,66,1.0,0,0.0,0,0
test2.csv,confirmation_cohort_posthoc,native,GCAD-dependency_s12,0.02,test2_A03,7983,8029,46,False,False,False,,46,1.0,0,0.0,0,0
test2.csv,confirmation_cohort_posthoc,native,GCAD-dependency_s12,0.02,test2_A04,16085,16334,249,True,True,False,90,90,0.3614457831325301,62,0.24899598393574296,62,1
test2.csv,confirmation_cohort_posthoc,native,GCAD-dependency_s12,0.02,test2_A05,18606,18662,56,False,False,False,,56,1.0,0,0.0,0,0
test2.csv,confirmation_cohort_posthoc,native,GCAD-dependency_s12,0.02,test2_A06,21486,21663,177,False,False,False,,177,1.0,0,0.0,0,0
test2.csv,confirmation_cohort_posthoc,native,GCAD-dependency_s12,0.02,test2_A07,27613,27898,285,True,True,False,58,58,0.20350877192982456,94,0.3298245614035088,94,1
test2.csv,confirmation_cohort_posthoc,native,GCAD-dependency_s12,0.02,test2_A08,33307,33460,153,False,False,False,,153,1.0,0,0.0,0,0
test2.csv,confirmation_cohort_posthoc,native,GCAD-dependency_s12,0.02,test2_A09,34806,34969,163,False,False,False,,163,1.0,0,0.0,0,0
test2.csv,confirmation_cohort_posthoc,native,GCAD-dependency_s12,0.02,test2_A10,41006,41104,98,False,False,False,,98,1.0,0,0.0,0,0
test2.csv,confirmation_cohort_posthoc,native,GCAD-dependency_s12,0.02,test2_A11,55274,55426,152,True,True,False,11,11,0.07236842105263158,94,0.618421052631579,94,1
test2.csv,confirmation_cohort_posthoc,native,GCAD-dependency_s12,0.02,test2_A12,58271,58327,56,False,False,False,,56,1.0,0,0.0,0,0
test2.csv,confirmation_cohort_posthoc,native,GCAD-dependency_s12,0.02,test2_A13,66914,66995,81,True,True,False,62,62,0.7654320987654321,19,0.2345679012345679,19,1
test2.csv,confirmation_cohort_posthoc,native,GCAD-dependency_s12,0.02,test2_A14,69796,70410,614,False,True,True,,614,1.0,17,0.02768729641693811,17,0
test2.csv,confirmation_cohort_posthoc,native,GCAD-dependency_s12,0.02,test2_A15,73032,73201,169,True,True,False,32,32,0.1893491124260355,84,0.4970414201183432,84,1
test2.csv,confirmation_cohort_posthoc,native,GCAD-dependency_s12,0.02,test2_A16,78734,78893,159,False,False,False,,159,1.0,0,0.0,0,0
test2.csv,confirmation_cohort_posthoc,native,GCAD-dependency_s12,0.02,test2_A17,81062,81161,99,True,True,False,70,70,0.7070707070707071,29,0.29292929292929293,29,1
test2.csv,confirmation_cohort_posthoc,common81,GCAD-dependency_s12,0.02,test2_A01,2283,2541,258,False,False,False,,258,1.0,0,0.0,0,0
test2.csv,confirmation_cohort_posthoc,common81,GCAD-dependency_s12,0.02,test2_A02,4862,4928,66,False,False,False,,66,1.0,0,0.0,0,0
test2.csv,confirmation_cohort_posthoc,common81,GCAD-dependency_s12,0.02,test2_A03,7983,8029,46,False,False,False,,46,1.0,0,0.0,0,0
test2.csv,confirmation_cohort_posthoc,common81,GCAD-dependency_s12,0.02,test2_A04,16085,16334,249,True,True,False,90,90,0.3614457831325301,62,0.24899598393574296,62,1
test2.csv,confirmation_cohort_posthoc,common81,GCAD-dependency_s12,0.02,test2_A05,18606,18662,56,False,False,False,,56,1.0,0,0.0,0,0
test2.csv,confirmation_cohort_posthoc,common81,GCAD-dependency_s12,0.02,test2_A06,21486,21663,177,False,False,False,,177,1.0,0,0.0,0,0
test2.csv,confirmation_cohort_posthoc,common81,GCAD-dependency_s12,0.02,test2_A07,27613,27898,285,True,True,False,58,58,0.20350877192982456,94,0.3298245614035088,94,1
test2.csv,confirmation_cohort_posthoc,common81,GCAD-dependency_s12,0.02,test2_A08,33307,33460,153,False,False,False,,153,1.0,0,0.0,0,0
test2.csv,confirmation_cohort_posthoc,common81,GCAD-dependency_s12,0.02,test2_A09,34806,34969,163,False,False,False,,163,1.0,0,0.0,0,0
test2.csv,confirmation_cohort_posthoc,common81,GCAD-dependency_s12,0.02,test2_A10,41006,41104,98,False,False,False,,98,1.0,0,0.0,0,0
test2.csv,confirmation_cohort_posthoc,common81,GCAD-dependency_s12,0.02,test2_A11,55274,55426,152,True,True,False,11,11,0.07236842105263158,94,0.618421052631579,94,1
test2.csv,confirmation_cohort_posthoc,common81,GCAD-dependency_s12,0.02,test2_A12,58271,58327,56,False,False,False,,56,1.0,0,0.0,0,0
test2.csv,confirmation_cohort_posthoc,common81,GCAD-dependency_s12,0.02,test2_A13,66914,66995,81,True,True,False,62,62,0.7654320987654321,19,0.2345679012345679,19,1
test2.csv,confirmation_cohort_posthoc,common81,GCAD-dependency_s12,0.02,test2_A14,69796,70410,614,False,True,True,,614,1.0,17,0.02768729641693811,17,0
test2.csv,confirmation_cohort_posthoc,common81,GCAD-dependency_s12,0.02,test2_A15,73032,73201,169,True,True,False,32,32,0.1893491124260355,84,0.4970414201183432,84,1
test2.csv,confirmation_cohort_posthoc,common81,GCAD-dependency_s12,0.02,test2_A16,78734,78893,159,False,False,False,,159,1.0,0,0.0,0,0
test2.csv,confirmation_cohort_posthoc,common81,GCAD-dependency_s12,0.02,test2_A17,81062,81161,99,True,True,False,70,70,0.7070707070707071,29,0.29292929292929293,29,1
test3.csv,confirmation_cohort_posthoc,native,S_Q3,0.005,test3_A01,2468,2817,349,False,False,False,,349,1.0,0,0.0,0,0
test3.csv,confirmation_cohort_posthoc,native,S_Q3,0.005,test3_A02,9362,9721,359,False,False,False,,359,1.0,0,0.0,0,0
test3.csv,confirmation_cohort_posthoc,native,S_Q3,0.005,test3_A03,20520,20664,144,False,False,False,,144,1.0,0,0.0,0,0
test3.csv,confirmation_cohort_posthoc,native,S_Q3,0.005,test3_A04,28866,28958,92,False,False,False,,92,1.0,0,0.0,0,0
test3.csv,confirmation_cohort_posthoc,native,S_Q3,0.005,test3_A05,30549,30644,95,False,False,False,,95,1.0,0,0.0,0,0
test3.csv,confirmation_cohort_posthoc,native,S_Q3,0.005,test3_A06,35829,36183,354,False,False,False,,354,1.0,0,0.0,0,0
test3.csv,confirmation_cohort_posthoc,native,S_Q3,0.005,test3_A07,42909,43061,152,False,False,False,,152,1.0,0,0.0,0,0
test3.csv,confirmation_cohort_posthoc,native,S_Q3,0.005,test3_A08,47586,47760,174,False,False,False,,174,1.0,0,0.0,0,0
test3.csv,confirmation_cohort_posthoc,native,S_Q3,0.005,test3_A09,50529,50626,97,False,False,False,,97,1.0,0,0.0,0,0
test3.csv,confirmation_cohort_posthoc,native,S_Q3,0.005,test3_A10,58331,60356,2025,False,False,False,,2025,1.0,0,0.0,0,0
test3.csv,confirmation_cohort_posthoc,common81,S_Q3,0.005,test3_A01,2468,2817,349,False,False,False,,349,1.0,0,0.0,0,0
test3.csv,confirmation_cohort_posthoc,common81,S_Q3,0.005,test3_A02,9362,9721,359,False,False,False,,359,1.0,0,0.0,0,0
test3.csv,confirmation_cohort_posthoc,common81,S_Q3,0.005,test3_A03,20520,20664,144,False,False,False,,144,1.0,0,0.0,0,0
test3.csv,confirmation_cohort_posthoc,common81,S_Q3,0.005,test3_A04,28866,28958,92,False,False,False,,92,1.0,0,0.0,0,0
test3.csv,confirmation_cohort_posthoc,common81,S_Q3,0.005,test3_A05,30549,30644,95,False,False,False,,95,1.0,0,0.0,0,0
test3.csv,confirmation_cohort_posthoc,common81,S_Q3,0.005,test3_A06,35829,36183,354,False,False,False,,354,1.0,0,0.0,0,0
test3.csv,confirmation_cohort_posthoc,common81,S_Q3,0.005,test3_A07,42909,43061,152,False,False,False,,152,1.0,0,0.0,0,0
test3.csv,confirmation_cohort_posthoc,common81,S_Q3,0.005,test3_A08,47586,47760,174,False,False,False,,174,1.0,0,0.0,0,0
test3.csv,confirmation_cohort_posthoc,common81,S_Q3,0.005,test3_A09,50529,50626,97,False,False,False,,97,1.0,0,0.0,0,0
test3.csv,confirmation_cohort_posthoc,common81,S_Q3,0.005,test3_A10,58331,60356,2025,False,False,False,,2025,1.0,0,0.0,0,0
test3.csv,confirmation_cohort_posthoc,native,S_Q3,0.01,test3_A01,2468,2817,349,False,False,False,,349,1.0,0,0.0,0,0
test3.csv,confirmation_cohort_posthoc,native,S_Q3,0.01,test3_A02,9362,9721,359,False,False,False,,359,1.0,0,0.0,0,0
test3.csv,confirmation_cohort_posthoc,native,S_Q3,0.01,test3_A03,20520,20664,144,False,False,False,,144,1.0,0,0.0,0,0
test3.csv,confirmation_cohort_posthoc,native,S_Q3,0.01,test3_A04,28866,28958,92,False,False,False,,92,1.0,0,0.0,0,0
test3.csv,confirmation_cohort_posthoc,native,S_Q3,0.01,test3_A05,30549,30644,95,False,False,False,,95,1.0,0,0.0,0,0
test3.csv,confirmation_cohort_posthoc,native,S_Q3,0.01,test3_A06,35829,36183,354,False,False,False,,354,1.0,0,0.0,0,0
test3.csv,confirmation_cohort_posthoc,native,S_Q3,0.01,test3_A07,42909,43061,152,False,False,False,,152,1.0,0,0.0,0,0
test3.csv,confirmation_cohort_posthoc,native,S_Q3,0.01,test3_A08,47586,47760,174,False,False,False,,174,1.0,0,0.0,0,0
test3.csv,confirmation_cohort_posthoc,native,S_Q3,0.01,test3_A09,50529,50626,97,False,False,False,,97,1.0,0,0.0,0,0
test3.csv,confirmation_cohort_posthoc,native,S_Q3,0.01,test3_A10,58331,60356,2025,False,False,False,,2025,1.0,0,0.0,0,0
test3.csv,confirmation_cohort_posthoc,common81,S_Q3,0.01,test3_A01,2468,2817,349,False,False,False,,349,1.0,0,0.0,0,0
test3.csv,confirmation_cohort_posthoc,common81,S_Q3,0.01,test3_A02,9362,9721,359,False,False,False,,359,1.0,0,0.0,0,0
test3.csv,confirmation_cohort_posthoc,common81,S_Q3,0.01,test3_A03,20520,20664,144,False,False,False,,144,1.0,0,0.0,0,0
test3.csv,confirmation_cohort_posthoc,common81,S_Q3,0.01,test3_A04,28866,28958,92,False,False,False,,92,1.0,0,0.0,0,0
test3.csv,confirmation_cohort_posthoc,common81,S_Q3,0.01,test3_A05,30549,30644,95,False,False,False,,95,1.0,0,0.0,0,0
test3.csv,confirmation_cohort_posthoc,common81,S_Q3,0.01,test3_A06,35829,36183,354,False,False,False,,354,1.0,0,0.0,0,0
test3.csv,confirmation_cohort_posthoc,common81,S_Q3,0.01,test3_A07,42909,43061,152,False,False,False,,152,1.0,0,0.0,0,0
test3.csv,confirmation_cohort_posthoc,common81,S_Q3,0.01,test3_A08,47586,47760,174,False,False,False,,174,1.0,0,0.0,0,0
test3.csv,confirmation_cohort_posthoc,common81,S_Q3,0.01,test3_A09,50529,50626,97,False,False,False,,97,1.0,0,0.0,0,0
test3.csv,confirmation_cohort_posthoc,common81,S_Q3,0.01,test3_A10,58331,60356,2025,False,False,False,,2025,1.0,0,0.0,0,0
test3.csv,confirmation_cohort_posthoc,native,S_Q3,0.02,test3_A01,2468,2817,349,False,False,False,,349,1.0,0,0.0,0,0
test3.csv,confirmation_cohort_posthoc,native,S_Q3,0.02,test3_A02,9362,9721,359,False,False,False,,359,1.0,0,0.0,0,0
test3.csv,confirmation_cohort_posthoc,native,S_Q3,0.02,test3_A03,20520,20664,144,False,False,False,,144,1.0,0,0.0,0,0
test3.csv,confirmation_cohort_posthoc,native,S_Q3,0.02,test3_A04,28866,28958,92,False,False,False,,92,1.0,0,0.0,0,0
test3.csv,confirmation_cohort_posthoc,native,S_Q3,0.02,test3_A05,30549,30644,95,False,False,False,,95,1.0,0,0.0,0,0
test3.csv,confirmation_cohort_posthoc,native,S_Q3,0.02,test3_A06,35829,36183,354,False,False,False,,354,1.0,0,0.0,0,0
test3.csv,confirmation_cohort_posthoc,native,S_Q3,0.02,test3_A07,42909,43061,152,False,False,False,,152,1.0,0,0.0,0,0
test3.csv,confirmation_cohort_posthoc,native,S_Q3,0.02,test3_A08,47586,47760,174,False,False,False,,174,1.0,0,0.0,0,0
test3.csv,confirmation_cohort_posthoc,native,S_Q3,0.02,test3_A09,50529,50626,97,False,False,False,,97,1.0,0,0.0,0,0
test3.csv,confirmation_cohort_posthoc,native,S_Q3,0.02,test3_A10,58331,60356,2025,False,False,False,,2025,1.0,0,0.0,0,0
test3.csv,confirmation_cohort_posthoc,common81,S_Q3,0.02,test3_A01,2468,2817,349,False,False,False,,349,1.0,0,0.0,0,0
test3.csv,confirmation_cohort_posthoc,common81,S_Q3,0.02,test3_A02,9362,9721,359,False,False,False,,359,1.0,0,0.0,0,0
test3.csv,confirmation_cohort_posthoc,common81,S_Q3,0.02,test3_A03,20520,20664,144,False,False,False,,144,1.0,0,0.0,0,0
test3.csv,confirmation_cohort_posthoc,common81,S_Q3,0.02,test3_A04,28866,28958,92,False,False,False,,92,1.0,0,0.0,0,0
test3.csv,confirmation_cohort_posthoc,common81,S_Q3,0.02,test3_A05,30549,30644,95,False,False,False,,95,1.0,0,0.0,0,0
test3.csv,confirmation_cohort_posthoc,common81,S_Q3,0.02,test3_A06,35829,36183,354,False,False,False,,354,1.0,0,0.0,0,0
test3.csv,confirmation_cohort_posthoc,common81,S_Q3,0.02,test3_A07,42909,43061,152,False,False,False,,152,1.0,0,0.0,0,0
test3.csv,confirmation_cohort_posthoc,common81,S_Q3,0.02,test3_A08,47586,47760,174,False,False,False,,174,1.0,0,0.0,0,0
test3.csv,confirmation_cohort_posthoc,common81,S_Q3,0.02,test3_A09,50529,50626,97,False,False,False,,97,1.0,0,0.0,0,0
test3.csv,confirmation_cohort_posthoc,common81,S_Q3,0.02,test3_A10,58331,60356,2025,False,False,False,,2025,1.0,0,0.0,0,0
test3.csv,confirmation_cohort_posthoc,native,Jr_Q3,0.005,test3_A01,2468,2817,349,False,False,False,,349,1.0,0,0.0,0,0
test3.csv,confirmation_cohort_posthoc,native,Jr_Q3,0.005,test3_A02,9362,9721,359,False,False,False,,359,1.0,0,0.0,0,0
test3.csv,confirmation_cohort_posthoc,native,Jr_Q3,0.005,test3_A03,20520,20664,144,False,False,False,,144,1.0,0,0.0,0,0
test3.csv,confirmation_cohort_posthoc,native,Jr_Q3,0.005,test3_A04,28866,28958,92,False,False,False,,92,1.0,0,0.0,0,0
test3.csv,confirmation_cohort_posthoc,native,Jr_Q3,0.005,test3_A05,30549,30644,95,False,False,False,,95,1.0,0,0.0,0,0
test3.csv,confirmation_cohort_posthoc,native,Jr_Q3,0.005,test3_A06,35829,36183,354,False,False,False,,354,1.0,0,0.0,0,0
test3.csv,confirmation_cohort_posthoc,native,Jr_Q3,0.005,test3_A07,42909,43061,152,False,False,False,,152,1.0,0,0.0,0,0
test3.csv,confirmation_cohort_posthoc,native,Jr_Q3,0.005,test3_A08,47586,47760,174,False,False,False,,174,1.0,0,0.0,0,0
test3.csv,confirmation_cohort_posthoc,native,Jr_Q3,0.005,test3_A09,50529,50626,97,False,False,False,,97,1.0,0,0.0,0,0
test3.csv,confirmation_cohort_posthoc,native,Jr_Q3,0.005,test3_A10,58331,60356,2025,False,False,False,,2025,1.0,0,0.0,0,0
test3.csv,confirmation_cohort_posthoc,common81,Jr_Q3,0.005,test3_A01,2468,2817,349,False,False,False,,349,1.0,0,0.0,0,0
test3.csv,confirmation_cohort_posthoc,common81,Jr_Q3,0.005,test3_A02,9362,9721,359,False,False,False,,359,1.0,0,0.0,0,0
test3.csv,confirmation_cohort_posthoc,common81,Jr_Q3,0.005,test3_A03,20520,20664,144,False,False,False,,144,1.0,0,0.0,0,0
test3.csv,confirmation_cohort_posthoc,common81,Jr_Q3,0.005,test3_A04,28866,28958,92,False,False,False,,92,1.0,0,0.0,0,0
test3.csv,confirmation_cohort_posthoc,common81,Jr_Q3,0.005,test3_A05,30549,30644,95,False,False,False,,95,1.0,0,0.0,0,0
test3.csv,confirmation_cohort_posthoc,common81,Jr_Q3,0.005,test3_A06,35829,36183,354,False,False,False,,354,1.0,0,0.0,0,0
test3.csv,confirmation_cohort_posthoc,common81,Jr_Q3,0.005,test3_A07,42909,43061,152,False,False,False,,152,1.0,0,0.0,0,0
test3.csv,confirmation_cohort_posthoc,common81,Jr_Q3,0.005,test3_A08,47586,47760,174,False,False,False,,174,1.0,0,0.0,0,0
test3.csv,confirmation_cohort_posthoc,common81,Jr_Q3,0.005,test3_A09,50529,50626,97,False,False,False,,97,1.0,0,0.0,0,0
test3.csv,confirmation_cohort_posthoc,common81,Jr_Q3,0.005,test3_A10,58331,60356,2025,False,False,False,,2025,1.0,0,0.0,0,0
test3.csv,confirmation_cohort_posthoc,native,Jr_Q3,0.01,test3_A01,2468,2817,349,False,False,False,,349,1.0,0,0.0,0,0
test3.csv,confirmation_cohort_posthoc,native,Jr_Q3,0.01,test3_A02,9362,9721,359,False,False,False,,359,1.0,0,0.0,0,0
test3.csv,confirmation_cohort_posthoc,native,Jr_Q3,0.01,test3_A03,20520,20664,144,False,False,False,,144,1.0,0,0.0,0,0
test3.csv,confirmation_cohort_posthoc,native,Jr_Q3,0.01,test3_A04,28866,28958,92,False,False,False,,92,1.0,0,0.0,0,0
test3.csv,confirmation_cohort_posthoc,native,Jr_Q3,0.01,test3_A05,30549,30644,95,False,False,False,,95,1.0,0,0.0,0,0
test3.csv,confirmation_cohort_posthoc,native,Jr_Q3,0.01,test3_A06,35829,36183,354,False,False,False,,354,1.0,0,0.0,0,0
test3.csv,confirmation_cohort_posthoc,native,Jr_Q3,0.01,test3_A07,42909,43061,152,False,False,False,,152,1.0,0,0.0,0,0
test3.csv,confirmation_cohort_posthoc,native,Jr_Q3,0.01,test3_A08,47586,47760,174,False,False,False,,174,1.0,0,0.0,0,0
test3.csv,confirmation_cohort_posthoc,native,Jr_Q3,0.01,test3_A09,50529,50626,97,False,False,False,,97,1.0,0,0.0,0,0
test3.csv,confirmation_cohort_posthoc,native,Jr_Q3,0.01,test3_A10,58331,60356,2025,False,False,False,,2025,1.0,0,0.0,0,0
test3.csv,confirmation_cohort_posthoc,common81,Jr_Q3,0.01,test3_A01,2468,2817,349,False,False,False,,349,1.0,0,0.0,0,0
test3.csv,confirmation_cohort_posthoc,common81,Jr_Q3,0.01,test3_A02,9362,9721,359,False,False,False,,359,1.0,0,0.0,0,0
test3.csv,confirmation_cohort_posthoc,common81,Jr_Q3,0.01,test3_A03,20520,20664,144,False,False,False,,144,1.0,0,0.0,0,0
test3.csv,confirmation_cohort_posthoc,common81,Jr_Q3,0.01,test3_A04,28866,28958,92,False,False,False,,92,1.0,0,0.0,0,0
test3.csv,confirmation_cohort_posthoc,common81,Jr_Q3,0.01,test3_A05,30549,30644,95,False,False,False,,95,1.0,0,0.0,0,0
test3.csv,confirmation_cohort_posthoc,common81,Jr_Q3,0.01,test3_A06,35829,36183,354,False,False,False,,354,1.0,0,0.0,0,0
test3.csv,confirmation_cohort_posthoc,common81,Jr_Q3,0.01,test3_A07,42909,43061,152,False,False,False,,152,1.0,0,0.0,0,0
test3.csv,confirmation_cohort_posthoc,common81,Jr_Q3,0.01,test3_A08,47586,47760,174,False,False,False,,174,1.0,0,0.0,0,0
test3.csv,confirmation_cohort_posthoc,common81,Jr_Q3,0.01,test3_A09,50529,50626,97,False,False,False,,97,1.0,0,0.0,0,0
test3.csv,confirmation_cohort_posthoc,common81,Jr_Q3,0.01,test3_A10,58331,60356,2025,False,False,False,,2025,1.0,0,0.0,0,0
test3.csv,confirmation_cohort_posthoc,native,Jr_Q3,0.02,test3_A01,2468,2817,349,False,False,False,,349,1.0,0,0.0,0,0
test3.csv,confirmation_cohort_posthoc,native,Jr_Q3,0.02,test3_A02,9362,9721,359,False,False,False,,359,1.0,0,0.0,0,0
test3.csv,confirmation_cohort_posthoc,native,Jr_Q3,0.02,test3_A03,20520,20664,144,False,False,False,,144,1.0,0,0.0,0,0
test3.csv,confirmation_cohort_posthoc,native,Jr_Q3,0.02,test3_A04,28866,28958,92,False,False,False,,92,1.0,0,0.0,0,0
test3.csv,confirmation_cohort_posthoc,native,Jr_Q3,0.02,test3_A05,30549,30644,95,False,False,False,,95,1.0,0,0.0,0,0
test3.csv,confirmation_cohort_posthoc,native,Jr_Q3,0.02,test3_A06,35829,36183,354,False,False,False,,354,1.0,0,0.0,0,0
test3.csv,confirmation_cohort_posthoc,native,Jr_Q3,0.02,test3_A07,42909,43061,152,False,False,False,,152,1.0,0,0.0,0,0
test3.csv,confirmation_cohort_posthoc,native,Jr_Q3,0.02,test3_A08,47586,47760,174,False,False,False,,174,1.0,0,0.0,0,0
test3.csv,confirmation_cohort_posthoc,native,Jr_Q3,0.02,test3_A09,50529,50626,97,False,False,False,,97,1.0,0,0.0,0,0
test3.csv,confirmation_cohort_posthoc,native,Jr_Q3,0.02,test3_A10,58331,60356,2025,False,False,False,,2025,1.0,0,0.0,0,0
test3.csv,confirmation_cohort_posthoc,common81,Jr_Q3,0.02,test3_A01,2468,2817,349,False,False,False,,349,1.0,0,0.0,0,0
test3.csv,confirmation_cohort_posthoc,common81,Jr_Q3,0.02,test3_A02,9362,9721,359,False,False,False,,359,1.0,0,0.0,0,0
test3.csv,confirmation_cohort_posthoc,common81,Jr_Q3,0.02,test3_A03,20520,20664,144,False,False,False,,144,1.0,0,0.0,0,0
test3.csv,confirmation_cohort_posthoc,common81,Jr_Q3,0.02,test3_A04,28866,28958,92,False,False,False,,92,1.0,0,0.0,0,0
test3.csv,confirmation_cohort_posthoc,common81,Jr_Q3,0.02,test3_A05,30549,30644,95,False,False,False,,95,1.0,0,0.0,0,0
test3.csv,confirmation_cohort_posthoc,common81,Jr_Q3,0.02,test3_A06,35829,36183,354,False,False,False,,354,1.0,0,0.0,0,0
test3.csv,confirmation_cohort_posthoc,common81,Jr_Q3,0.02,test3_A07,42909,43061,152,False,False,False,,152,1.0,0,0.0,0,0
test3.csv,confirmation_cohort_posthoc,common81,Jr_Q3,0.02,test3_A08,47586,47760,174,False,False,False,,174,1.0,0,0.0,0,0
test3.csv,confirmation_cohort_posthoc,common81,Jr_Q3,0.02,test3_A09,50529,50626,97,False,False,False,,97,1.0,0,0.0,0,0
test3.csv,confirmation_cohort_posthoc,common81,Jr_Q3,0.02,test3_A10,58331,60356,2025,False,False,False,,2025,1.0,0,0.0,0,0
test3.csv,confirmation_cohort_posthoc,native,Dr_Q3,0.005,test3_A01,2468,2817,349,False,False,False,,349,1.0,0,0.0,0,0
test3.csv,confirmation_cohort_posthoc,native,Dr_Q3,0.005,test3_A02,9362,9721,359,True,True,False,147,147,0.40947075208913647,90,0.25069637883008355,75,2
test3.csv,confirmation_cohort_posthoc,native,Dr_Q3,0.005,test3_A03,20520,20664,144,False,False,False,,144,1.0,0,0.0,0,0
test3.csv,confirmation_cohort_posthoc,native,Dr_Q3,0.005,test3_A04,28866,28958,92,False,False,False,,92,1.0,0,0.0,0,0
test3.csv,confirmation_cohort_posthoc,native,Dr_Q3,0.005,test3_A05,30549,30644,95,False,False,False,,95,1.0,0,0.0,0,0
test3.csv,confirmation_cohort_posthoc,native,Dr_Q3,0.005,test3_A06,35829,36183,354,True,True,False,135,135,0.3813559322033898,67,0.18926553672316385,67,1
test3.csv,confirmation_cohort_posthoc,native,Dr_Q3,0.005,test3_A07,42909,43061,152,False,False,False,,152,1.0,0,0.0,0,0
test3.csv,confirmation_cohort_posthoc,native,Dr_Q3,0.005,test3_A08,47586,47760,174,False,False,False,,174,1.0,0,0.0,0,0
test3.csv,confirmation_cohort_posthoc,native,Dr_Q3,0.005,test3_A09,50529,50626,97,False,False,False,,97,1.0,0,0.0,0,0
test3.csv,confirmation_cohort_posthoc,native,Dr_Q3,0.005,test3_A10,58331,60356,2025,True,True,False,30,30,0.014814814814814815,61,0.030123456790123456,61,1
test3.csv,confirmation_cohort_posthoc,common81,Dr_Q3,0.005,test3_A01,2468,2817,349,False,False,False,,349,1.0,0,0.0,0,0
test3.csv,confirmation_cohort_posthoc,common81,Dr_Q3,0.005,test3_A02,9362,9721,359,True,True,False,147,147,0.40947075208913647,90,0.25069637883008355,75,2
test3.csv,confirmation_cohort_posthoc,common81,Dr_Q3,0.005,test3_A03,20520,20664,144,False,False,False,,144,1.0,0,0.0,0,0
test3.csv,confirmation_cohort_posthoc,common81,Dr_Q3,0.005,test3_A04,28866,28958,92,False,False,False,,92,1.0,0,0.0,0,0
test3.csv,confirmation_cohort_posthoc,common81,Dr_Q3,0.005,test3_A05,30549,30644,95,False,False,False,,95,1.0,0,0.0,0,0
test3.csv,confirmation_cohort_posthoc,common81,Dr_Q3,0.005,test3_A06,35829,36183,354,True,True,False,135,135,0.3813559322033898,67,0.18926553672316385,67,1
test3.csv,confirmation_cohort_posthoc,common81,Dr_Q3,0.005,test3_A07,42909,43061,152,False,False,False,,152,1.0,0,0.0,0,0
test3.csv,confirmation_cohort_posthoc,common81,Dr_Q3,0.005,test3_A08,47586,47760,174,False,False,False,,174,1.0,0,0.0,0,0
test3.csv,confirmation_cohort_posthoc,common81,Dr_Q3,0.005,test3_A09,50529,50626,97,False,False,False,,97,1.0,0,0.0,0,0
test3.csv,confirmation_cohort_posthoc,common81,Dr_Q3,0.005,test3_A10,58331,60356,2025,True,True,False,30,30,0.014814814814814815,61,0.030123456790123456,61,1
test3.csv,confirmation_cohort_posthoc,native,Dr_Q3,0.01,test3_A01,2468,2817,349,False,False,False,,349,1.0,0,0.0,0,0
test3.csv,confirmation_cohort_posthoc,native,Dr_Q3,0.01,test3_A02,9362,9721,359,True,True,False,145,145,0.403899721448468,116,0.3231197771587744,79,2
test3.csv,confirmation_cohort_posthoc,native,Dr_Q3,0.01,test3_A03,20520,20664,144,False,False,False,,144,1.0,0,0.0,0,0
test3.csv,confirmation_cohort_posthoc,native,Dr_Q3,0.01,test3_A04,28866,28958,92,False,False,False,,92,1.0,0,0.0,0,0
test3.csv,confirmation_cohort_posthoc,native,Dr_Q3,0.01,test3_A05,30549,30644,95,False,False,False,,95,1.0,0,0.0,0,0
test3.csv,confirmation_cohort_posthoc,native,Dr_Q3,0.01,test3_A06,35829,36183,354,True,True,False,134,134,0.3785310734463277,69,0.19491525423728814,69,1
test3.csv,confirmation_cohort_posthoc,native,Dr_Q3,0.01,test3_A07,42909,43061,152,False,False,False,,152,1.0,0,0.0,0,0
test3.csv,confirmation_cohort_posthoc,native,Dr_Q3,0.01,test3_A08,47586,47760,174,False,False,False,,174,1.0,0,0.0,0,0
test3.csv,confirmation_cohort_posthoc,native,Dr_Q3,0.01,test3_A09,50529,50626,97,False,False,False,,97,1.0,0,0.0,0,0
test3.csv,confirmation_cohort_posthoc,native,Dr_Q3,0.01,test3_A10,58331,60356,2025,True,True,False,29,29,0.014320987654320988,62,0.030617283950617285,62,1
test3.csv,confirmation_cohort_posthoc,common81,Dr_Q3,0.01,test3_A01,2468,2817,349,False,False,False,,349,1.0,0,0.0,0,0
test3.csv,confirmation_cohort_posthoc,common81,Dr_Q3,0.01,test3_A02,9362,9721,359,True,True,False,145,145,0.403899721448468,116,0.3231197771587744,79,2
test3.csv,confirmation_cohort_posthoc,common81,Dr_Q3,0.01,test3_A03,20520,20664,144,False,False,False,,144,1.0,0,0.0,0,0
test3.csv,confirmation_cohort_posthoc,common81,Dr_Q3,0.01,test3_A04,28866,28958,92,False,False,False,,92,1.0,0,0.0,0,0
test3.csv,confirmation_cohort_posthoc,common81,Dr_Q3,0.01,test3_A05,30549,30644,95,False,False,False,,95,1.0,0,0.0,0,0
test3.csv,confirmation_cohort_posthoc,common81,Dr_Q3,0.01,test3_A06,35829,36183,354,True,True,False,134,134,0.3785310734463277,69,0.19491525423728814,69,1
test3.csv,confirmation_cohort_posthoc,common81,Dr_Q3,0.01,test3_A07,42909,43061,152,False,False,False,,152,1.0,0,0.0,0,0
test3.csv,confirmation_cohort_posthoc,common81,Dr_Q3,0.01,test3_A08,47586,47760,174,False,False,False,,174,1.0,0,0.0,0,0
test3.csv,confirmation_cohort_posthoc,common81,Dr_Q3,0.01,test3_A09,50529,50626,97,False,False,False,,97,1.0,0,0.0,0,0
test3.csv,confirmation_cohort_posthoc,common81,Dr_Q3,0.01,test3_A10,58331,60356,2025,True,True,False,29,29,0.014320987654320988,62,0.030617283950617285,62,1
test3.csv,confirmation_cohort_posthoc,native,Dr_Q3,0.02,test3_A01,2468,2817,349,False,False,False,,349,1.0,0,0.0,0,0
test3.csv,confirmation_cohort_posthoc,native,Dr_Q3,0.02,test3_A02,9362,9721,359,True,True,False,144,144,0.4011142061281337,140,0.38997214484679665,84,3
test3.csv,confirmation_cohort_posthoc,native,Dr_Q3,0.02,test3_A03,20520,20664,144,False,False,False,,144,1.0,0,0.0,0,0
test3.csv,confirmation_cohort_posthoc,native,Dr_Q3,0.02,test3_A04,28866,28958,92,False,False,False,,92,1.0,0,0.0,0,0
test3.csv,confirmation_cohort_posthoc,native,Dr_Q3,0.02,test3_A05,30549,30644,95,False,False,False,,95,1.0,0,0.0,0,0
test3.csv,confirmation_cohort_posthoc,native,Dr_Q3,0.02,test3_A06,35829,36183,354,True,True,False,131,131,0.3700564971751412,73,0.2062146892655367,73,1
test3.csv,confirmation_cohort_posthoc,native,Dr_Q3,0.02,test3_A07,42909,43061,152,False,False,False,,152,1.0,0,0.0,0,0
test3.csv,confirmation_cohort_posthoc,native,Dr_Q3,0.02,test3_A08,47586,47760,174,False,False,False,,174,1.0,0,0.0,0,0
test3.csv,confirmation_cohort_posthoc,native,Dr_Q3,0.02,test3_A09,50529,50626,97,False,False,False,,97,1.0,0,0.0,0,0
test3.csv,confirmation_cohort_posthoc,native,Dr_Q3,0.02,test3_A10,58331,60356,2025,True,True,False,29,29,0.014320987654320988,63,0.03111111111111111,63,1
test3.csv,confirmation_cohort_posthoc,common81,Dr_Q3,0.02,test3_A01,2468,2817,349,False,False,False,,349,1.0,0,0.0,0,0
test3.csv,confirmation_cohort_posthoc,common81,Dr_Q3,0.02,test3_A02,9362,9721,359,True,True,False,144,144,0.4011142061281337,140,0.38997214484679665,84,3
test3.csv,confirmation_cohort_posthoc,common81,Dr_Q3,0.02,test3_A03,20520,20664,144,False,False,False,,144,1.0,0,0.0,0,0
test3.csv,confirmation_cohort_posthoc,common81,Dr_Q3,0.02,test3_A04,28866,28958,92,False,False,False,,92,1.0,0,0.0,0,0
test3.csv,confirmation_cohort_posthoc,common81,Dr_Q3,0.02,test3_A05,30549,30644,95,False,False,False,,95,1.0,0,0.0,0,0
test3.csv,confirmation_cohort_posthoc,common81,Dr_Q3,0.02,test3_A06,35829,36183,354,True,True,False,131,131,0.3700564971751412,73,0.2062146892655367,73,1
test3.csv,confirmation_cohort_posthoc,common81,Dr_Q3,0.02,test3_A07,42909,43061,152,False,False,False,,152,1.0,0,0.0,0,0
test3.csv,confirmation_cohort_posthoc,common81,Dr_Q3,0.02,test3_A08,47586,47760,174,False,False,False,,174,1.0,0,0.0,0,0
test3.csv,confirmation_cohort_posthoc,common81,Dr_Q3,0.02,test3_A09,50529,50626,97,False,False,False,,97,1.0,0,0.0,0,0
test3.csv,confirmation_cohort_posthoc,common81,Dr_Q3,0.02,test3_A10,58331,60356,2025,True,True,False,29,29,0.014320987654320988,63,0.03111111111111111,63,1
test3.csv,confirmation_cohort_posthoc,native,PairError-Q3,0.005,test3_A01,2468,2817,349,False,False,False,,349,1.0,0,0.0,0,0
test3.csv,confirmation_cohort_posthoc,native,PairError-Q3,0.005,test3_A02,9362,9721,359,False,False,False,,359,1.0,0,0.0,0,0
test3.csv,confirmation_cohort_posthoc,native,PairError-Q3,0.005,test3_A03,20520,20664,144,False,False,False,,144,1.0,0,0.0,0,0
test3.csv,confirmation_cohort_posthoc,native,PairError-Q3,0.005,test3_A04,28866,28958,92,False,False,False,,92,1.0,0,0.0,0,0
test3.csv,confirmation_cohort_posthoc,native,PairError-Q3,0.005,test3_A05,30549,30644,95,False,False,False,,95,1.0,0,0.0,0,0
test3.csv,confirmation_cohort_posthoc,native,PairError-Q3,0.005,test3_A06,35829,36183,354,False,False,False,,354,1.0,0,0.0,0,0
test3.csv,confirmation_cohort_posthoc,native,PairError-Q3,0.005,test3_A07,42909,43061,152,False,False,False,,152,1.0,0,0.0,0,0
test3.csv,confirmation_cohort_posthoc,native,PairError-Q3,0.005,test3_A08,47586,47760,174,False,False,False,,174,1.0,0,0.0,0,0
test3.csv,confirmation_cohort_posthoc,native,PairError-Q3,0.005,test3_A09,50529,50626,97,False,False,False,,97,1.0,0,0.0,0,0
test3.csv,confirmation_cohort_posthoc,native,PairError-Q3,0.005,test3_A10,58331,60356,2025,False,False,False,,2025,1.0,0,0.0,0,0
test3.csv,confirmation_cohort_posthoc,common81,PairError-Q3,0.005,test3_A01,2468,2817,349,False,False,False,,349,1.0,0,0.0,0,0
test3.csv,confirmation_cohort_posthoc,common81,PairError-Q3,0.005,test3_A02,9362,9721,359,False,False,False,,359,1.0,0,0.0,0,0
test3.csv,confirmation_cohort_posthoc,common81,PairError-Q3,0.005,test3_A03,20520,20664,144,False,False,False,,144,1.0,0,0.0,0,0
test3.csv,confirmation_cohort_posthoc,common81,PairError-Q3,0.005,test3_A04,28866,28958,92,False,False,False,,92,1.0,0,0.0,0,0
test3.csv,confirmation_cohort_posthoc,common81,PairError-Q3,0.005,test3_A05,30549,30644,95,False,False,False,,95,1.0,0,0.0,0,0
test3.csv,confirmation_cohort_posthoc,common81,PairError-Q3,0.005,test3_A06,35829,36183,354,False,False,False,,354,1.0,0,0.0,0,0
test3.csv,confirmation_cohort_posthoc,common81,PairError-Q3,0.005,test3_A07,42909,43061,152,False,False,False,,152,1.0,0,0.0,0,0
test3.csv,confirmation_cohort_posthoc,common81,PairError-Q3,0.005,test3_A08,47586,47760,174,False,False,False,,174,1.0,0,0.0,0,0
test3.csv,confirmation_cohort_posthoc,common81,PairError-Q3,0.005,test3_A09,50529,50626,97,False,False,False,,97,1.0,0,0.0,0,0
test3.csv,confirmation_cohort_posthoc,common81,PairError-Q3,0.005,test3_A10,58331,60356,2025,False,False,False,,2025,1.0,0,0.0,0,0
test3.csv,confirmation_cohort_posthoc,native,PairError-Q3,0.01,test3_A01,2468,2817,349,False,False,False,,349,1.0,0,0.0,0,0
test3.csv,confirmation_cohort_posthoc,native,PairError-Q3,0.01,test3_A02,9362,9721,359,False,False,False,,359,1.0,0,0.0,0,0
test3.csv,confirmation_cohort_posthoc,native,PairError-Q3,0.01,test3_A03,20520,20664,144,False,False,False,,144,1.0,0,0.0,0,0
test3.csv,confirmation_cohort_posthoc,native,PairError-Q3,0.01,test3_A04,28866,28958,92,False,False,False,,92,1.0,0,0.0,0,0
test3.csv,confirmation_cohort_posthoc,native,PairError-Q3,0.01,test3_A05,30549,30644,95,False,False,False,,95,1.0,0,0.0,0,0
test3.csv,confirmation_cohort_posthoc,native,PairError-Q3,0.01,test3_A06,35829,36183,354,False,False,False,,354,1.0,0,0.0,0,0
test3.csv,confirmation_cohort_posthoc,native,PairError-Q3,0.01,test3_A07,42909,43061,152,False,False,False,,152,1.0,0,0.0,0,0
test3.csv,confirmation_cohort_posthoc,native,PairError-Q3,0.01,test3_A08,47586,47760,174,False,False,False,,174,1.0,0,0.0,0,0
test3.csv,confirmation_cohort_posthoc,native,PairError-Q3,0.01,test3_A09,50529,50626,97,False,False,False,,97,1.0,0,0.0,0,0
test3.csv,confirmation_cohort_posthoc,native,PairError-Q3,0.01,test3_A10,58331,60356,2025,False,False,False,,2025,1.0,0,0.0,0,0
test3.csv,confirmation_cohort_posthoc,common81,PairError-Q3,0.01,test3_A01,2468,2817,349,False,False,False,,349,1.0,0,0.0,0,0
test3.csv,confirmation_cohort_posthoc,common81,PairError-Q3,0.01,test3_A02,9362,9721,359,False,False,False,,359,1.0,0,0.0,0,0
test3.csv,confirmation_cohort_posthoc,common81,PairError-Q3,0.01,test3_A03,20520,20664,144,False,False,False,,144,1.0,0,0.0,0,0
test3.csv,confirmation_cohort_posthoc,common81,PairError-Q3,0.01,test3_A04,28866,28958,92,False,False,False,,92,1.0,0,0.0,0,0
test3.csv,confirmation_cohort_posthoc,common81,PairError-Q3,0.01,test3_A05,30549,30644,95,False,False,False,,95,1.0,0,0.0,0,0
test3.csv,confirmation_cohort_posthoc,common81,PairError-Q3,0.01,test3_A06,35829,36183,354,False,False,False,,354,1.0,0,0.0,0,0
test3.csv,confirmation_cohort_posthoc,common81,PairError-Q3,0.01,test3_A07,42909,43061,152,False,False,False,,152,1.0,0,0.0,0,0
test3.csv,confirmation_cohort_posthoc,common81,PairError-Q3,0.01,test3_A08,47586,47760,174,False,False,False,,174,1.0,0,0.0,0,0
test3.csv,confirmation_cohort_posthoc,common81,PairError-Q3,0.01,test3_A09,50529,50626,97,False,False,False,,97,1.0,0,0.0,0,0
test3.csv,confirmation_cohort_posthoc,common81,PairError-Q3,0.01,test3_A10,58331,60356,2025,False,False,False,,2025,1.0,0,0.0,0,0
test3.csv,confirmation_cohort_posthoc,native,PairError-Q3,0.02,test3_A01,2468,2817,349,False,False,False,,349,1.0,0,0.0,0,0
test3.csv,confirmation_cohort_posthoc,native,PairError-Q3,0.02,test3_A02,9362,9721,359,False,False,False,,359,1.0,0,0.0,0,0
test3.csv,confirmation_cohort_posthoc,native,PairError-Q3,0.02,test3_A03,20520,20664,144,False,False,False,,144,1.0,0,0.0,0,0
test3.csv,confirmation_cohort_posthoc,native,PairError-Q3,0.02,test3_A04,28866,28958,92,False,False,False,,92,1.0,0,0.0,0,0
test3.csv,confirmation_cohort_posthoc,native,PairError-Q3,0.02,test3_A05,30549,30644,95,False,False,False,,95,1.0,0,0.0,0,0
test3.csv,confirmation_cohort_posthoc,native,PairError-Q3,0.02,test3_A06,35829,36183,354,False,False,False,,354,1.0,0,0.0,0,0
test3.csv,confirmation_cohort_posthoc,native,PairError-Q3,0.02,test3_A07,42909,43061,152,False,False,False,,152,1.0,0,0.0,0,0
test3.csv,confirmation_cohort_posthoc,native,PairError-Q3,0.02,test3_A08,47586,47760,174,False,False,False,,174,1.0,0,0.0,0,0
test3.csv,confirmation_cohort_posthoc,native,PairError-Q3,0.02,test3_A09,50529,50626,97,False,False,False,,97,1.0,0,0.0,0,0
test3.csv,confirmation_cohort_posthoc,native,PairError-Q3,0.02,test3_A10,58331,60356,2025,False,False,False,,2025,1.0,0,0.0,0,0
test3.csv,confirmation_cohort_posthoc,common81,PairError-Q3,0.02,test3_A01,2468,2817,349,False,False,False,,349,1.0,0,0.0,0,0
test3.csv,confirmation_cohort_posthoc,common81,PairError-Q3,0.02,test3_A02,9362,9721,359,False,False,False,,359,1.0,0,0.0,0,0
test3.csv,confirmation_cohort_posthoc,common81,PairError-Q3,0.02,test3_A03,20520,20664,144,False,False,False,,144,1.0,0,0.0,0,0
test3.csv,confirmation_cohort_posthoc,common81,PairError-Q3,0.02,test3_A04,28866,28958,92,False,False,False,,92,1.0,0,0.0,0,0
test3.csv,confirmation_cohort_posthoc,common81,PairError-Q3,0.02,test3_A05,30549,30644,95,False,False,False,,95,1.0,0,0.0,0,0
test3.csv,confirmation_cohort_posthoc,common81,PairError-Q3,0.02,test3_A06,35829,36183,354,False,False,False,,354,1.0,0,0.0,0,0
test3.csv,confirmation_cohort_posthoc,common81,PairError-Q3,0.02,test3_A07,42909,43061,152,False,False,False,,152,1.0,0,0.0,0,0
test3.csv,confirmation_cohort_posthoc,common81,PairError-Q3,0.02,test3_A08,47586,47760,174,False,False,False,,174,1.0,0,0.0,0,0
test3.csv,confirmation_cohort_posthoc,common81,PairError-Q3,0.02,test3_A09,50529,50626,97,False,False,False,,97,1.0,0,0.0,0,0
test3.csv,confirmation_cohort_posthoc,common81,PairError-Q3,0.02,test3_A10,58331,60356,2025,False,False,False,,2025,1.0,0,0.0,0,0
test3.csv,confirmation_cohort_posthoc,native,PCA-SPE,0.005,test3_A01,2468,2817,349,False,False,False,,349,1.0,0,0.0,0,0
test3.csv,confirmation_cohort_posthoc,native,PCA-SPE,0.005,test3_A02,9362,9721,359,False,False,False,,359,1.0,0,0.0,0,0
test3.csv,confirmation_cohort_posthoc,native,PCA-SPE,0.005,test3_A03,20520,20664,144,True,True,False,29,29,0.2013888888888889,84,0.5833333333333334,84,1
test3.csv,confirmation_cohort_posthoc,native,PCA-SPE,0.005,test3_A04,28866,28958,92,True,True,False,24,24,0.2608695652173913,68,0.7391304347826086,68,1
test3.csv,confirmation_cohort_posthoc,native,PCA-SPE,0.005,test3_A05,30549,30644,95,False,False,False,,95,1.0,0,0.0,0,0
test3.csv,confirmation_cohort_posthoc,native,PCA-SPE,0.005,test3_A06,35829,36183,354,False,False,False,,354,1.0,0,0.0,0,0
test3.csv,confirmation_cohort_posthoc,native,PCA-SPE,0.005,test3_A07,42909,43061,152,False,False,False,,152,1.0,0,0.0,0,0
test3.csv,confirmation_cohort_posthoc,native,PCA-SPE,0.005,test3_A08,47586,47760,174,False,False,False,,174,1.0,0,0.0,0,0
test3.csv,confirmation_cohort_posthoc,native,PCA-SPE,0.005,test3_A09,50529,50626,97,False,False,False,,97,1.0,0,0.0,0,0
test3.csv,confirmation_cohort_posthoc,native,PCA-SPE,0.005,test3_A10,58331,60356,2025,True,True,False,24,24,0.011851851851851851,2001,0.9881481481481481,2001,1
test3.csv,confirmation_cohort_posthoc,common81,PCA-SPE,0.005,test3_A01,2468,2817,349,False,False,False,,349,1.0,0,0.0,0,0
test3.csv,confirmation_cohort_posthoc,common81,PCA-SPE,0.005,test3_A02,9362,9721,359,False,False,False,,359,1.0,0,0.0,0,0
test3.csv,confirmation_cohort_posthoc,common81,PCA-SPE,0.005,test3_A03,20520,20664,144,True,True,False,29,29,0.2013888888888889,84,0.5833333333333334,84,1
test3.csv,confirmation_cohort_posthoc,common81,PCA-SPE,0.005,test3_A04,28866,28958,92,True,True,False,24,24,0.2608695652173913,68,0.7391304347826086,68,1
test3.csv,confirmation_cohort_posthoc,common81,PCA-SPE,0.005,test3_A05,30549,30644,95,False,False,False,,95,1.0,0,0.0,0,0
test3.csv,confirmation_cohort_posthoc,common81,PCA-SPE,0.005,test3_A06,35829,36183,354,False,False,False,,354,1.0,0,0.0,0,0
test3.csv,confirmation_cohort_posthoc,common81,PCA-SPE,0.005,test3_A07,42909,43061,152,False,False,False,,152,1.0,0,0.0,0,0
test3.csv,confirmation_cohort_posthoc,common81,PCA-SPE,0.005,test3_A08,47586,47760,174,False,False,False,,174,1.0,0,0.0,0,0
test3.csv,confirmation_cohort_posthoc,common81,PCA-SPE,0.005,test3_A09,50529,50626,97,False,False,False,,97,1.0,0,0.0,0,0
test3.csv,confirmation_cohort_posthoc,common81,PCA-SPE,0.005,test3_A10,58331,60356,2025,True,True,False,24,24,0.011851851851851851,2001,0.9881481481481481,2001,1
test3.csv,confirmation_cohort_posthoc,native,PCA-SPE,0.01,test3_A01,2468,2817,349,False,False,False,,349,1.0,0,0.0,0,0
test3.csv,confirmation_cohort_posthoc,native,PCA-SPE,0.01,test3_A02,9362,9721,359,False,False,False,,359,1.0,0,0.0,0,0
test3.csv,confirmation_cohort_posthoc,native,PCA-SPE,0.01,test3_A03,20520,20664,144,True,True,False,28,28,0.19444444444444445,85,0.5902777777777778,85,1
test3.csv,confirmation_cohort_posthoc,native,PCA-SPE,0.01,test3_A04,28866,28958,92,True,True,False,24,24,0.2608695652173913,68,0.7391304347826086,68,1
test3.csv,confirmation_cohort_posthoc,native,PCA-SPE,0.01,test3_A05,30549,30644,95,False,False,False,,95,1.0,0,0.0,0,0
test3.csv,confirmation_cohort_posthoc,native,PCA-SPE,0.01,test3_A06,35829,36183,354,False,False,False,,354,1.0,0,0.0,0,0
test3.csv,confirmation_cohort_posthoc,native,PCA-SPE,0.01,test3_A07,42909,43061,152,False,False,False,,152,1.0,0,0.0,0,0
test3.csv,confirmation_cohort_posthoc,native,PCA-SPE,0.01,test3_A08,47586,47760,174,False,False,False,,174,1.0,0,0.0,0,0
test3.csv,confirmation_cohort_posthoc,native,PCA-SPE,0.01,test3_A09,50529,50626,97,False,False,False,,97,1.0,0,0.0,0,0
test3.csv,confirmation_cohort_posthoc,native,PCA-SPE,0.01,test3_A10,58331,60356,2025,True,True,False,23,23,0.011358024691358024,2002,0.988641975308642,2002,1
test3.csv,confirmation_cohort_posthoc,common81,PCA-SPE,0.01,test3_A01,2468,2817,349,False,False,False,,349,1.0,0,0.0,0,0
test3.csv,confirmation_cohort_posthoc,common81,PCA-SPE,0.01,test3_A02,9362,9721,359,False,False,False,,359,1.0,0,0.0,0,0
test3.csv,confirmation_cohort_posthoc,common81,PCA-SPE,0.01,test3_A03,20520,20664,144,True,True,False,28,28,0.19444444444444445,85,0.5902777777777778,85,1
test3.csv,confirmation_cohort_posthoc,common81,PCA-SPE,0.01,test3_A04,28866,28958,92,True,True,False,24,24,0.2608695652173913,68,0.7391304347826086,68,1
test3.csv,confirmation_cohort_posthoc,common81,PCA-SPE,0.01,test3_A05,30549,30644,95,False,False,False,,95,1.0,0,0.0,0,0
test3.csv,confirmation_cohort_posthoc,common81,PCA-SPE,0.01,test3_A06,35829,36183,354,False,False,False,,354,1.0,0,0.0,0,0
test3.csv,confirmation_cohort_posthoc,common81,PCA-SPE,0.01,test3_A07,42909,43061,152,False,False,False,,152,1.0,0,0.0,0,0
test3.csv,confirmation_cohort_posthoc,common81,PCA-SPE,0.01,test3_A08,47586,47760,174,False,False,False,,174,1.0,0,0.0,0,0
test3.csv,confirmation_cohort_posthoc,common81,PCA-SPE,0.01,test3_A09,50529,50626,97,False,False,False,,97,1.0,0,0.0,0,0
test3.csv,confirmation_cohort_posthoc,common81,PCA-SPE,0.01,test3_A10,58331,60356,2025,True,True,False,23,23,0.011358024691358024,2002,0.988641975308642,2002,1
test3.csv,confirmation_cohort_posthoc,native,PCA-SPE,0.02,test3_A01,2468,2817,349,False,False,False,,349,1.0,0,0.0,0,0
test3.csv,confirmation_cohort_posthoc,native,PCA-SPE,0.02,test3_A02,9362,9721,359,False,False,False,,359,1.0,0,0.0,0,0
test3.csv,confirmation_cohort_posthoc,native,PCA-SPE,0.02,test3_A03,20520,20664,144,True,True,False,28,28,0.19444444444444445,85,0.5902777777777778,85,1
test3.csv,confirmation_cohort_posthoc,native,PCA-SPE,0.02,test3_A04,28866,28958,92,True,True,False,23,23,0.25,69,0.75,69,1
test3.csv,confirmation_cohort_posthoc,native,PCA-SPE,0.02,test3_A05,30549,30644,95,False,False,False,,95,1.0,0,0.0,0,0
test3.csv,confirmation_cohort_posthoc,native,PCA-SPE,0.02,test3_A06,35829,36183,354,False,False,False,,354,1.0,0,0.0,0,0
test3.csv,confirmation_cohort_posthoc,native,PCA-SPE,0.02,test3_A07,42909,43061,152,False,False,False,,152,1.0,0,0.0,0,0
test3.csv,confirmation_cohort_posthoc,native,PCA-SPE,0.02,test3_A08,47586,47760,174,False,False,False,,174,1.0,0,0.0,0,0
test3.csv,confirmation_cohort_posthoc,native,PCA-SPE,0.02,test3_A09,50529,50626,97,False,False,False,,97,1.0,0,0.0,0,0
test3.csv,confirmation_cohort_posthoc,native,PCA-SPE,0.02,test3_A10,58331,60356,2025,True,True,False,23,23,0.011358024691358024,2002,0.988641975308642,2002,1
test3.csv,confirmation_cohort_posthoc,common81,PCA-SPE,0.02,test3_A01,2468,2817,349,False,False,False,,349,1.0,0,0.0,0,0
test3.csv,confirmation_cohort_posthoc,common81,PCA-SPE,0.02,test3_A02,9362,9721,359,False,False,False,,359,1.0,0,0.0,0,0
test3.csv,confirmation_cohort_posthoc,common81,PCA-SPE,0.02,test3_A03,20520,20664,144,True,True,False,28,28,0.19444444444444445,85,0.5902777777777778,85,1
test3.csv,confirmation_cohort_posthoc,common81,PCA-SPE,0.02,test3_A04,28866,28958,92,True,True,False,23,23,0.25,69,0.75,69,1
test3.csv,confirmation_cohort_posthoc,common81,PCA-SPE,0.02,test3_A05,30549,30644,95,False,False,False,,95,1.0,0,0.0,0,0
test3.csv,confirmation_cohort_posthoc,common81,PCA-SPE,0.02,test3_A06,35829,36183,354,False,False,False,,354,1.0,0,0.0,0,0
test3.csv,confirmation_cohort_posthoc,common81,PCA-SPE,0.02,test3_A07,42909,43061,152,False,False,False,,152,1.0,0,0.0,0,0
test3.csv,confirmation_cohort_posthoc,common81,PCA-SPE,0.02,test3_A08,47586,47760,174,False,False,False,,174,1.0,0,0.0,0,0
test3.csv,confirmation_cohort_posthoc,common81,PCA-SPE,0.02,test3_A09,50529,50626,97,False,False,False,,97,1.0,0,0.0,0,0
test3.csv,confirmation_cohort_posthoc,common81,PCA-SPE,0.02,test3_A10,58331,60356,2025,True,True,False,23,23,0.011358024691358024,2002,0.988641975308642,2002,1
test3.csv,confirmation_cohort_posthoc,native,GCAD-prediction_s10,0.005,test3_A01,2468,2817,349,False,False,False,,349,1.0,0,0.0,0,0
test3.csv,confirmation_cohort_posthoc,native,GCAD-prediction_s10,0.005,test3_A02,9362,9721,359,True,True,False,83,83,0.23119777158774374,138,0.38440111420612816,138,1
test3.csv,confirmation_cohort_posthoc,native,GCAD-prediction_s10,0.005,test3_A03,20520,20664,144,False,False,False,,144,1.0,0,0.0,0,0
test3.csv,confirmation_cohort_posthoc,native,GCAD-prediction_s10,0.005,test3_A04,28866,28958,92,False,False,False,,92,1.0,0,0.0,0,0
test3.csv,confirmation_cohort_posthoc,native,GCAD-prediction_s10,0.005,test3_A05,30549,30644,95,False,False,False,,95,1.0,0,0.0,0,0
test3.csv,confirmation_cohort_posthoc,native,GCAD-prediction_s10,0.005,test3_A06,35829,36183,354,True,True,False,38,38,0.10734463276836158,183,0.5169491525423728,183,1
test3.csv,confirmation_cohort_posthoc,native,GCAD-prediction_s10,0.005,test3_A07,42909,43061,152,False,False,False,,152,1.0,0,0.0,0,0
test3.csv,confirmation_cohort_posthoc,native,GCAD-prediction_s10,0.005,test3_A08,47586,47760,174,True,True,False,36,36,0.20689655172413793,105,0.603448275862069,105,1
test3.csv,confirmation_cohort_posthoc,native,GCAD-prediction_s10,0.005,test3_A09,50529,50626,97,False,False,False,,97,1.0,0,0.0,0,0
test3.csv,confirmation_cohort_posthoc,native,GCAD-prediction_s10,0.005,test3_A10,58331,60356,2025,False,False,False,,2025,1.0,0,0.0,0,0
test3.csv,confirmation_cohort_posthoc,common81,GCAD-prediction_s10,0.005,test3_A01,2468,2817,349,False,False,False,,349,1.0,0,0.0,0,0
test3.csv,confirmation_cohort_posthoc,common81,GCAD-prediction_s10,0.005,test3_A02,9362,9721,359,True,True,False,83,83,0.23119777158774374,138,0.38440111420612816,138,1
test3.csv,confirmation_cohort_posthoc,common81,GCAD-prediction_s10,0.005,test3_A03,20520,20664,144,False,False,False,,144,1.0,0,0.0,0,0
test3.csv,confirmation_cohort_posthoc,common81,GCAD-prediction_s10,0.005,test3_A04,28866,28958,92,False,False,False,,92,1.0,0,0.0,0,0
test3.csv,confirmation_cohort_posthoc,common81,GCAD-prediction_s10,0.005,test3_A05,30549,30644,95,False,False,False,,95,1.0,0,0.0,0,0
test3.csv,confirmation_cohort_posthoc,common81,GCAD-prediction_s10,0.005,test3_A06,35829,36183,354,True,True,False,38,38,0.10734463276836158,183,0.5169491525423728,183,1
test3.csv,confirmation_cohort_posthoc,common81,GCAD-prediction_s10,0.005,test3_A07,42909,43061,152,False,False,False,,152,1.0,0,0.0,0,0
test3.csv,confirmation_cohort_posthoc,common81,GCAD-prediction_s10,0.005,test3_A08,47586,47760,174,True,True,False,36,36,0.20689655172413793,105,0.603448275862069,105,1
test3.csv,confirmation_cohort_posthoc,common81,GCAD-prediction_s10,0.005,test3_A09,50529,50626,97,False,False,False,,97,1.0,0,0.0,0,0
test3.csv,confirmation_cohort_posthoc,common81,GCAD-prediction_s10,0.005,test3_A10,58331,60356,2025,False,False,False,,2025,1.0,0,0.0,0,0
test3.csv,confirmation_cohort_posthoc,native,GCAD-prediction_s10,0.01,test3_A01,2468,2817,349,False,False,False,,349,1.0,0,0.0,0,0
test3.csv,confirmation_cohort_posthoc,native,GCAD-prediction_s10,0.01,test3_A02,9362,9721,359,True,True,False,83,83,0.23119777158774374,138,0.38440111420612816,138,1
test3.csv,confirmation_cohort_posthoc,native,GCAD-prediction_s10,0.01,test3_A03,20520,20664,144,False,False,False,,144,1.0,0,0.0,0,0
test3.csv,confirmation_cohort_posthoc,native,GCAD-prediction_s10,0.01,test3_A04,28866,28958,92,False,False,False,,92,1.0,0,0.0,0,0
test3.csv,confirmation_cohort_posthoc,native,GCAD-prediction_s10,0.01,test3_A05,30549,30644,95,False,False,False,,95,1.0,0,0.0,0,0
test3.csv,confirmation_cohort_posthoc,native,GCAD-prediction_s10,0.01,test3_A06,35829,36183,354,True,True,False,38,38,0.10734463276836158,183,0.5169491525423728,183,1
test3.csv,confirmation_cohort_posthoc,native,GCAD-prediction_s10,0.01,test3_A07,42909,43061,152,False,False,False,,152,1.0,0,0.0,0,0
test3.csv,confirmation_cohort_posthoc,native,GCAD-prediction_s10,0.01,test3_A08,47586,47760,174,True,True,False,35,35,0.20114942528735633,106,0.6091954022988506,106,1
test3.csv,confirmation_cohort_posthoc,native,GCAD-prediction_s10,0.01,test3_A09,50529,50626,97,False,False,False,,97,1.0,0,0.0,0,0
test3.csv,confirmation_cohort_posthoc,native,GCAD-prediction_s10,0.01,test3_A10,58331,60356,2025,False,False,False,,2025,1.0,0,0.0,0,0
test3.csv,confirmation_cohort_posthoc,common81,GCAD-prediction_s10,0.01,test3_A01,2468,2817,349,False,False,False,,349,1.0,0,0.0,0,0
test3.csv,confirmation_cohort_posthoc,common81,GCAD-prediction_s10,0.01,test3_A02,9362,9721,359,True,True,False,83,83,0.23119777158774374,138,0.38440111420612816,138,1
test3.csv,confirmation_cohort_posthoc,common81,GCAD-prediction_s10,0.01,test3_A03,20520,20664,144,False,False,False,,144,1.0,0,0.0,0,0
test3.csv,confirmation_cohort_posthoc,common81,GCAD-prediction_s10,0.01,test3_A04,28866,28958,92,False,False,False,,92,1.0,0,0.0,0,0
test3.csv,confirmation_cohort_posthoc,common81,GCAD-prediction_s10,0.01,test3_A05,30549,30644,95,False,False,False,,95,1.0,0,0.0,0,0
test3.csv,confirmation_cohort_posthoc,common81,GCAD-prediction_s10,0.01,test3_A06,35829,36183,354,True,True,False,38,38,0.10734463276836158,183,0.5169491525423728,183,1
test3.csv,confirmation_cohort_posthoc,common81,GCAD-prediction_s10,0.01,test3_A07,42909,43061,152,False,False,False,,152,1.0,0,0.0,0,0
test3.csv,confirmation_cohort_posthoc,common81,GCAD-prediction_s10,0.01,test3_A08,47586,47760,174,True,True,False,35,35,0.20114942528735633,106,0.6091954022988506,106,1
test3.csv,confirmation_cohort_posthoc,common81,GCAD-prediction_s10,0.01,test3_A09,50529,50626,97,False,False,False,,97,1.0,0,0.0,0,0
test3.csv,confirmation_cohort_posthoc,common81,GCAD-prediction_s10,0.01,test3_A10,58331,60356,2025,False,False,False,,2025,1.0,0,0.0,0,0
test3.csv,confirmation_cohort_posthoc,native,GCAD-prediction_s10,0.02,test3_A01,2468,2817,349,False,False,False,,349,1.0,0,0.0,0,0
test3.csv,confirmation_cohort_posthoc,native,GCAD-prediction_s10,0.02,test3_A02,9362,9721,359,True,True,False,83,83,0.23119777158774374,138,0.38440111420612816,138,1
test3.csv,confirmation_cohort_posthoc,native,GCAD-prediction_s10,0.02,test3_A03,20520,20664,144,False,False,False,,144,1.0,0,0.0,0,0
test3.csv,confirmation_cohort_posthoc,native,GCAD-prediction_s10,0.02,test3_A04,28866,28958,92,False,False,False,,92,1.0,0,0.0,0,0
test3.csv,confirmation_cohort_posthoc,native,GCAD-prediction_s10,0.02,test3_A05,30549,30644,95,False,False,False,,95,1.0,0,0.0,0,0
test3.csv,confirmation_cohort_posthoc,native,GCAD-prediction_s10,0.02,test3_A06,35829,36183,354,True,True,False,38,38,0.10734463276836158,183,0.5169491525423728,183,1
test3.csv,confirmation_cohort_posthoc,native,GCAD-prediction_s10,0.02,test3_A07,42909,43061,152,False,False,False,,152,1.0,0,0.0,0,0
test3.csv,confirmation_cohort_posthoc,native,GCAD-prediction_s10,0.02,test3_A08,47586,47760,174,True,True,False,35,35,0.20114942528735633,106,0.6091954022988506,106,1
test3.csv,confirmation_cohort_posthoc,native,GCAD-prediction_s10,0.02,test3_A09,50529,50626,97,False,False,False,,97,1.0,0,0.0,0,0
test3.csv,confirmation_cohort_posthoc,native,GCAD-prediction_s10,0.02,test3_A10,58331,60356,2025,False,False,False,,2025,1.0,0,0.0,0,0
test3.csv,confirmation_cohort_posthoc,common81,GCAD-prediction_s10,0.02,test3_A01,2468,2817,349,False,False,False,,349,1.0,0,0.0,0,0
test3.csv,confirmation_cohort_posthoc,common81,GCAD-prediction_s10,0.02,test3_A02,9362,9721,359,True,True,False,83,83,0.23119777158774374,138,0.38440111420612816,138,1
test3.csv,confirmation_cohort_posthoc,common81,GCAD-prediction_s10,0.02,test3_A03,20520,20664,144,False,False,False,,144,1.0,0,0.0,0,0
test3.csv,confirmation_cohort_posthoc,common81,GCAD-prediction_s10,0.02,test3_A04,28866,28958,92,False,False,False,,92,1.0,0,0.0,0,0
test3.csv,confirmation_cohort_posthoc,common81,GCAD-prediction_s10,0.02,test3_A05,30549,30644,95,False,False,False,,95,1.0,0,0.0,0,0
test3.csv,confirmation_cohort_posthoc,common81,GCAD-prediction_s10,0.02,test3_A06,35829,36183,354,True,True,False,38,38,0.10734463276836158,183,0.5169491525423728,183,1
test3.csv,confirmation_cohort_posthoc,common81,GCAD-prediction_s10,0.02,test3_A07,42909,43061,152,False,False,False,,152,1.0,0,0.0,0,0
test3.csv,confirmation_cohort_posthoc,common81,GCAD-prediction_s10,0.02,test3_A08,47586,47760,174,True,True,False,35,35,0.20114942528735633,106,0.6091954022988506,106,1
test3.csv,confirmation_cohort_posthoc,common81,GCAD-prediction_s10,0.02,test3_A09,50529,50626,97,False,False,False,,97,1.0,0,0.0,0,0
test3.csv,confirmation_cohort_posthoc,common81,GCAD-prediction_s10,0.02,test3_A10,58331,60356,2025,False,False,False,,2025,1.0,0,0.0,0,0
test3.csv,confirmation_cohort_posthoc,native,GCAD-dependency_s10,0.005,test3_A01,2468,2817,349,False,False,False,,349,1.0,0,0.0,0,0
test3.csv,confirmation_cohort_posthoc,native,GCAD-dependency_s10,0.005,test3_A02,9362,9721,359,True,True,False,83,83,0.23119777158774374,138,0.38440111420612816,138,1
test3.csv,confirmation_cohort_posthoc,native,GCAD-dependency_s10,0.005,test3_A03,20520,20664,144,False,False,False,,144,1.0,0,0.0,0,0
test3.csv,confirmation_cohort_posthoc,native,GCAD-dependency_s10,0.005,test3_A04,28866,28958,92,False,False,False,,92,1.0,0,0.0,0,0
test3.csv,confirmation_cohort_posthoc,native,GCAD-dependency_s10,0.005,test3_A05,30549,30644,95,True,True,False,62,62,0.6526315789473685,31,0.3263157894736842,31,1
test3.csv,confirmation_cohort_posthoc,native,GCAD-dependency_s10,0.005,test3_A06,35829,36183,354,True,True,False,38,38,0.10734463276836158,183,0.5169491525423728,183,1
test3.csv,confirmation_cohort_posthoc,native,GCAD-dependency_s10,0.005,test3_A07,42909,43061,152,False,False,False,,152,1.0,0,0.0,0,0
test3.csv,confirmation_cohort_posthoc,native,GCAD-dependency_s10,0.005,test3_A08,47586,47760,174,True,True,False,35,35,0.20114942528735633,106,0.6091954022988506,106,1
test3.csv,confirmation_cohort_posthoc,native,GCAD-dependency_s10,0.005,test3_A09,50529,50626,97,False,False,False,,97,1.0,0,0.0,0,0
test3.csv,confirmation_cohort_posthoc,native,GCAD-dependency_s10,0.005,test3_A10,58331,60356,2025,False,False,False,,2025,1.0,0,0.0,0,0
test3.csv,confirmation_cohort_posthoc,common81,GCAD-dependency_s10,0.005,test3_A01,2468,2817,349,False,False,False,,349,1.0,0,0.0,0,0
test3.csv,confirmation_cohort_posthoc,common81,GCAD-dependency_s10,0.005,test3_A02,9362,9721,359,True,True,False,83,83,0.23119777158774374,138,0.38440111420612816,138,1
test3.csv,confirmation_cohort_posthoc,common81,GCAD-dependency_s10,0.005,test3_A03,20520,20664,144,False,False,False,,144,1.0,0,0.0,0,0
test3.csv,confirmation_cohort_posthoc,common81,GCAD-dependency_s10,0.005,test3_A04,28866,28958,92,False,False,False,,92,1.0,0,0.0,0,0
test3.csv,confirmation_cohort_posthoc,common81,GCAD-dependency_s10,0.005,test3_A05,30549,30644,95,True,True,False,62,62,0.6526315789473685,31,0.3263157894736842,31,1
test3.csv,confirmation_cohort_posthoc,common81,GCAD-dependency_s10,0.005,test3_A06,35829,36183,354,True,True,False,38,38,0.10734463276836158,183,0.5169491525423728,183,1
test3.csv,confirmation_cohort_posthoc,common81,GCAD-dependency_s10,0.005,test3_A07,42909,43061,152,False,False,False,,152,1.0,0,0.0,0,0
test3.csv,confirmation_cohort_posthoc,common81,GCAD-dependency_s10,0.005,test3_A08,47586,47760,174,True,True,False,35,35,0.20114942528735633,106,0.6091954022988506,106,1
test3.csv,confirmation_cohort_posthoc,common81,GCAD-dependency_s10,0.005,test3_A09,50529,50626,97,False,False,False,,97,1.0,0,0.0,0,0
test3.csv,confirmation_cohort_posthoc,common81,GCAD-dependency_s10,0.005,test3_A10,58331,60356,2025,False,False,False,,2025,1.0,0,0.0,0,0
test3.csv,confirmation_cohort_posthoc,native,GCAD-dependency_s10,0.01,test3_A01,2468,2817,349,True,True,False,79,79,0.22636103151862463,35,0.10028653295128939,35,1
test3.csv,confirmation_cohort_posthoc,native,GCAD-dependency_s10,0.01,test3_A02,9362,9721,359,True,True,False,83,83,0.23119777158774374,254,0.7075208913649025,254,1
test3.csv,confirmation_cohort_posthoc,native,GCAD-dependency_s10,0.01,test3_A03,20520,20664,144,False,False,False,,144,1.0,0,0.0,0,0
test3.csv,confirmation_cohort_posthoc,native,GCAD-dependency_s10,0.01,test3_A04,28866,28958,92,False,False,False,,92,1.0,0,0.0,0,0
test3.csv,confirmation_cohort_posthoc,native,GCAD-dependency_s10,0.01,test3_A05,30549,30644,95,True,True,False,13,13,0.1368421052631579,82,0.8631578947368421,82,1
test3.csv,confirmation_cohort_posthoc,native,GCAD-dependency_s10,0.01,test3_A06,35829,36183,354,True,True,False,38,38,0.10734463276836158,297,0.8389830508474576,297,1
test3.csv,confirmation_cohort_posthoc,native,GCAD-dependency_s10,0.01,test3_A07,42909,43061,152,False,False,False,,152,1.0,0,0.0,0,0
test3.csv,confirmation_cohort_posthoc,native,GCAD-dependency_s10,0.01,test3_A08,47586,47760,174,True,True,False,35,35,0.20114942528735633,106,0.6091954022988506,106,1
test3.csv,confirmation_cohort_posthoc,native,GCAD-dependency_s10,0.01,test3_A09,50529,50626,97,False,False,False,,97,1.0,0,0.0,0,0
test3.csv,confirmation_cohort_posthoc,native,GCAD-dependency_s10,0.01,test3_A10,58331,60356,2025,False,False,False,,2025,1.0,0,0.0,0,0
test3.csv,confirmation_cohort_posthoc,common81,GCAD-dependency_s10,0.01,test3_A01,2468,2817,349,True,True,False,79,79,0.22636103151862463,35,0.10028653295128939,35,1
test3.csv,confirmation_cohort_posthoc,common81,GCAD-dependency_s10,0.01,test3_A02,9362,9721,359,True,True,False,83,83,0.23119777158774374,254,0.7075208913649025,254,1
test3.csv,confirmation_cohort_posthoc,common81,GCAD-dependency_s10,0.01,test3_A03,20520,20664,144,False,False,False,,144,1.0,0,0.0,0,0
test3.csv,confirmation_cohort_posthoc,common81,GCAD-dependency_s10,0.01,test3_A04,28866,28958,92,False,False,False,,92,1.0,0,0.0,0,0
test3.csv,confirmation_cohort_posthoc,common81,GCAD-dependency_s10,0.01,test3_A05,30549,30644,95,True,True,False,13,13,0.1368421052631579,82,0.8631578947368421,82,1
test3.csv,confirmation_cohort_posthoc,common81,GCAD-dependency_s10,0.01,test3_A06,35829,36183,354,True,True,False,38,38,0.10734463276836158,297,0.8389830508474576,297,1
test3.csv,confirmation_cohort_posthoc,common81,GCAD-dependency_s10,0.01,test3_A07,42909,43061,152,False,False,False,,152,1.0,0,0.0,0,0
test3.csv,confirmation_cohort_posthoc,common81,GCAD-dependency_s10,0.01,test3_A08,47586,47760,174,True,True,False,35,35,0.20114942528735633,106,0.6091954022988506,106,1
test3.csv,confirmation_cohort_posthoc,common81,GCAD-dependency_s10,0.01,test3_A09,50529,50626,97,False,False,False,,97,1.0,0,0.0,0,0
test3.csv,confirmation_cohort_posthoc,common81,GCAD-dependency_s10,0.01,test3_A10,58331,60356,2025,False,False,False,,2025,1.0,0,0.0,0,0
test3.csv,confirmation_cohort_posthoc,native,GCAD-dependency_s10,0.02,test3_A01,2468,2817,349,True,True,False,51,51,0.14613180515759314,93,0.2664756446991404,93,1
test3.csv,confirmation_cohort_posthoc,native,GCAD-dependency_s10,0.02,test3_A02,9362,9721,359,True,True,False,71,71,0.1977715877437326,288,0.8022284122562674,288,1
test3.csv,confirmation_cohort_posthoc,native,GCAD-dependency_s10,0.02,test3_A03,20520,20664,144,True,True,False,70,70,0.4861111111111111,73,0.5069444444444444,73,1
test3.csv,confirmation_cohort_posthoc,native,GCAD-dependency_s10,0.02,test3_A04,28866,28958,92,False,False,False,,92,1.0,0,0.0,0,0
test3.csv,confirmation_cohort_posthoc,native,GCAD-dependency_s10,0.02,test3_A05,30549,30644,95,True,True,False,7,7,0.07368421052631578,88,0.9263157894736842,88,1
test3.csv,confirmation_cohort_posthoc,native,GCAD-dependency_s10,0.02,test3_A06,35829,36183,354,True,True,False,38,38,0.10734463276836158,316,0.8926553672316384,316,1
test3.csv,confirmation_cohort_posthoc,native,GCAD-dependency_s10,0.02,test3_A07,42909,43061,152,False,False,False,,152,1.0,0,0.0,0,0
test3.csv,confirmation_cohort_posthoc,native,GCAD-dependency_s10,0.02,test3_A08,47586,47760,174,True,True,False,35,35,0.20114942528735633,106,0.6091954022988506,106,1
test3.csv,confirmation_cohort_posthoc,native,GCAD-dependency_s10,0.02,test3_A09,50529,50626,97,False,False,False,,97,1.0,0,0.0,0,0
test3.csv,confirmation_cohort_posthoc,native,GCAD-dependency_s10,0.02,test3_A10,58331,60356,2025,False,False,False,,2025,1.0,0,0.0,0,0
test3.csv,confirmation_cohort_posthoc,common81,GCAD-dependency_s10,0.02,test3_A01,2468,2817,349,True,True,False,51,51,0.14613180515759314,93,0.2664756446991404,93,1
test3.csv,confirmation_cohort_posthoc,common81,GCAD-dependency_s10,0.02,test3_A02,9362,9721,359,True,True,False,71,71,0.1977715877437326,288,0.8022284122562674,288,1
test3.csv,confirmation_cohort_posthoc,common81,GCAD-dependency_s10,0.02,test3_A03,20520,20664,144,True,True,False,70,70,0.4861111111111111,73,0.5069444444444444,73,1
test3.csv,confirmation_cohort_posthoc,common81,GCAD-dependency_s10,0.02,test3_A04,28866,28958,92,False,False,False,,92,1.0,0,0.0,0,0
test3.csv,confirmation_cohort_posthoc,common81,GCAD-dependency_s10,0.02,test3_A05,30549,30644,95,True,True,False,7,7,0.07368421052631578,88,0.9263157894736842,88,1
test3.csv,confirmation_cohort_posthoc,common81,GCAD-dependency_s10,0.02,test3_A06,35829,36183,354,True,True,False,38,38,0.10734463276836158,316,0.8926553672316384,316,1
test3.csv,confirmation_cohort_posthoc,common81,GCAD-dependency_s10,0.02,test3_A07,42909,43061,152,False,False,False,,152,1.0,0,0.0,0,0
test3.csv,confirmation_cohort_posthoc,common81,GCAD-dependency_s10,0.02,test3_A08,47586,47760,174,True,True,False,35,35,0.20114942528735633,106,0.6091954022988506,106,1
test3.csv,confirmation_cohort_posthoc,common81,GCAD-dependency_s10,0.02,test3_A09,50529,50626,97,False,False,False,,97,1.0,0,0.0,0,0
test3.csv,confirmation_cohort_posthoc,common81,GCAD-dependency_s10,0.02,test3_A10,58331,60356,2025,False,False,False,,2025,1.0,0,0.0,0,0
test3.csv,confirmation_cohort_posthoc,native,GCAD-prediction_s11,0.005,test3_A01,2468,2817,349,False,False,False,,349,1.0,0,0.0,0,0
test3.csv,confirmation_cohort_posthoc,native,GCAD-prediction_s11,0.005,test3_A02,9362,9721,359,True,True,False,118,118,0.3286908077994429,89,0.2479108635097493,89,1
test3.csv,confirmation_cohort_posthoc,native,GCAD-prediction_s11,0.005,test3_A03,20520,20664,144,False,False,False,,144,1.0,0,0.0,0,0
test3.csv,confirmation_cohort_posthoc,native,GCAD-prediction_s11,0.005,test3_A04,28866,28958,92,False,False,False,,92,1.0,0,0.0,0,0
test3.csv,confirmation_cohort_posthoc,native,GCAD-prediction_s11,0.005,test3_A05,30549,30644,95,False,False,False,,95,1.0,0,0.0,0,0
test3.csv,confirmation_cohort_posthoc,native,GCAD-prediction_s11,0.005,test3_A06,35829,36183,354,True,True,False,111,111,0.3135593220338983,91,0.2570621468926554,91,1
test3.csv,confirmation_cohort_posthoc,native,GCAD-prediction_s11,0.005,test3_A07,42909,43061,152,False,False,False,,152,1.0,0,0.0,0,0
test3.csv,confirmation_cohort_posthoc,native,GCAD-prediction_s11,0.005,test3_A08,47586,47760,174,True,True,False,44,44,0.25287356321839083,83,0.47701149425287354,83,1
test3.csv,confirmation_cohort_posthoc,native,GCAD-prediction_s11,0.005,test3_A09,50529,50626,97,False,False,False,,97,1.0,0,0.0,0,0
test3.csv,confirmation_cohort_posthoc,native,GCAD-prediction_s11,0.005,test3_A10,58331,60356,2025,False,False,False,,2025,1.0,0,0.0,0,0
test3.csv,confirmation_cohort_posthoc,common81,GCAD-prediction_s11,0.005,test3_A01,2468,2817,349,False,False,False,,349,1.0,0,0.0,0,0
test3.csv,confirmation_cohort_posthoc,common81,GCAD-prediction_s11,0.005,test3_A02,9362,9721,359,True,True,False,118,118,0.3286908077994429,89,0.2479108635097493,89,1
test3.csv,confirmation_cohort_posthoc,common81,GCAD-prediction_s11,0.005,test3_A03,20520,20664,144,False,False,False,,144,1.0,0,0.0,0,0
test3.csv,confirmation_cohort_posthoc,common81,GCAD-prediction_s11,0.005,test3_A04,28866,28958,92,False,False,False,,92,1.0,0,0.0,0,0
test3.csv,confirmation_cohort_posthoc,common81,GCAD-prediction_s11,0.005,test3_A05,30549,30644,95,False,False,False,,95,1.0,0,0.0,0,0
test3.csv,confirmation_cohort_posthoc,common81,GCAD-prediction_s11,0.005,test3_A06,35829,36183,354,True,True,False,111,111,0.3135593220338983,91,0.2570621468926554,91,1
test3.csv,confirmation_cohort_posthoc,common81,GCAD-prediction_s11,0.005,test3_A07,42909,43061,152,False,False,False,,152,1.0,0,0.0,0,0
test3.csv,confirmation_cohort_posthoc,common81,GCAD-prediction_s11,0.005,test3_A08,47586,47760,174,True,True,False,44,44,0.25287356321839083,83,0.47701149425287354,83,1
test3.csv,confirmation_cohort_posthoc,common81,GCAD-prediction_s11,0.005,test3_A09,50529,50626,97,False,False,False,,97,1.0,0,0.0,0,0
test3.csv,confirmation_cohort_posthoc,common81,GCAD-prediction_s11,0.005,test3_A10,58331,60356,2025,False,False,False,,2025,1.0,0,0.0,0,0
test3.csv,confirmation_cohort_posthoc,native,GCAD-prediction_s11,0.01,test3_A01,2468,2817,349,True,True,False,348,348,0.997134670487106,1,0.0028653295128939827,1,1
test3.csv,confirmation_cohort_posthoc,native,GCAD-prediction_s11,0.01,test3_A02,9362,9721,359,True,True,False,89,89,0.2479108635097493,130,0.362116991643454,130,1
test3.csv,confirmation_cohort_posthoc,native,GCAD-prediction_s11,0.01,test3_A03,20520,20664,144,False,False,False,,144,1.0,0,0.0,0,0
test3.csv,confirmation_cohort_posthoc,native,GCAD-prediction_s11,0.01,test3_A04,28866,28958,92,False,False,False,,92,1.0,0,0.0,0,0
test3.csv,confirmation_cohort_posthoc,native,GCAD-prediction_s11,0.01,test3_A05,30549,30644,95,True,True,False,23,23,0.24210526315789474,72,0.7578947368421053,72,1
test3.csv,confirmation_cohort_posthoc,native,GCAD-prediction_s11,0.01,test3_A06,35829,36183,354,True,True,False,40,40,0.11299435028248588,180,0.5084745762711864,180,1
test3.csv,confirmation_cohort_posthoc,native,GCAD-prediction_s11,0.01,test3_A07,42909,43061,152,False,False,False,,152,1.0,0,0.0,0,0
test3.csv,confirmation_cohort_posthoc,native,GCAD-prediction_s11,0.01,test3_A08,47586,47760,174,True,True,False,41,41,0.23563218390804597,99,0.5689655172413793,99,1
test3.csv,confirmation_cohort_posthoc,native,GCAD-prediction_s11,0.01,test3_A09,50529,50626,97,False,False,False,,97,1.0,0,0.0,0,0
test3.csv,confirmation_cohort_posthoc,native,GCAD-prediction_s11,0.01,test3_A10,58331,60356,2025,False,False,False,,2025,1.0,0,0.0,0,0
test3.csv,confirmation_cohort_posthoc,common81,GCAD-prediction_s11,0.01,test3_A01,2468,2817,349,True,True,False,348,348,0.997134670487106,1,0.0028653295128939827,1,1
test3.csv,confirmation_cohort_posthoc,common81,GCAD-prediction_s11,0.01,test3_A02,9362,9721,359,True,True,False,89,89,0.2479108635097493,130,0.362116991643454,130,1
test3.csv,confirmation_cohort_posthoc,common81,GCAD-prediction_s11,0.01,test3_A03,20520,20664,144,False,False,False,,144,1.0,0,0.0,0,0
test3.csv,confirmation_cohort_posthoc,common81,GCAD-prediction_s11,0.01,test3_A04,28866,28958,92,False,False,False,,92,1.0,0,0.0,0,0
test3.csv,confirmation_cohort_posthoc,common81,GCAD-prediction_s11,0.01,test3_A05,30549,30644,95,True,True,False,23,23,0.24210526315789474,72,0.7578947368421053,72,1
test3.csv,confirmation_cohort_posthoc,common81,GCAD-prediction_s11,0.01,test3_A06,35829,36183,354,True,True,False,40,40,0.11299435028248588,180,0.5084745762711864,180,1
test3.csv,confirmation_cohort_posthoc,common81,GCAD-prediction_s11,0.01,test3_A07,42909,43061,152,False,False,False,,152,1.0,0,0.0,0,0
test3.csv,confirmation_cohort_posthoc,common81,GCAD-prediction_s11,0.01,test3_A08,47586,47760,174,True,True,False,41,41,0.23563218390804597,99,0.5689655172413793,99,1
test3.csv,confirmation_cohort_posthoc,common81,GCAD-prediction_s11,0.01,test3_A09,50529,50626,97,False,False,False,,97,1.0,0,0.0,0,0
test3.csv,confirmation_cohort_posthoc,common81,GCAD-prediction_s11,0.01,test3_A10,58331,60356,2025,False,False,False,,2025,1.0,0,0.0,0,0
test3.csv,confirmation_cohort_posthoc,native,GCAD-prediction_s11,0.02,test3_A01,2468,2817,349,True,True,False,348,348,0.997134670487106,1,0.0028653295128939827,1,1
test3.csv,confirmation_cohort_posthoc,native,GCAD-prediction_s11,0.02,test3_A02,9362,9721,359,True,True,False,88,88,0.24512534818941503,132,0.36768802228412256,132,1
test3.csv,confirmation_cohort_posthoc,native,GCAD-prediction_s11,0.02,test3_A03,20520,20664,144,False,False,False,,144,1.0,0,0.0,0,0
test3.csv,confirmation_cohort_posthoc,native,GCAD-prediction_s11,0.02,test3_A04,28866,28958,92,False,False,False,,92,1.0,0,0.0,0,0
test3.csv,confirmation_cohort_posthoc,native,GCAD-prediction_s11,0.02,test3_A05,30549,30644,95,True,True,False,6,6,0.06315789473684211,89,0.9368421052631579,89,1
test3.csv,confirmation_cohort_posthoc,native,GCAD-prediction_s11,0.02,test3_A06,35829,36183,354,True,True,False,38,38,0.10734463276836158,183,0.5169491525423728,183,1
test3.csv,confirmation_cohort_posthoc,native,GCAD-prediction_s11,0.02,test3_A07,42909,43061,152,False,False,False,,152,1.0,0,0.0,0,0
test3.csv,confirmation_cohort_posthoc,native,GCAD-prediction_s11,0.02,test3_A08,47586,47760,174,False,True,True,,174,1.0,141,0.8103448275862069,141,0
test3.csv,confirmation_cohort_posthoc,native,GCAD-prediction_s11,0.02,test3_A09,50529,50626,97,False,False,False,,97,1.0,0,0.0,0,0
test3.csv,confirmation_cohort_posthoc,native,GCAD-prediction_s11,0.02,test3_A10,58331,60356,2025,True,True,False,947,947,0.4676543209876543,59,0.029135802469135802,59,1
test3.csv,confirmation_cohort_posthoc,common81,GCAD-prediction_s11,0.02,test3_A01,2468,2817,349,True,True,False,348,348,0.997134670487106,1,0.0028653295128939827,1,1
test3.csv,confirmation_cohort_posthoc,common81,GCAD-prediction_s11,0.02,test3_A02,9362,9721,359,True,True,False,88,88,0.24512534818941503,132,0.36768802228412256,132,1
test3.csv,confirmation_cohort_posthoc,common81,GCAD-prediction_s11,0.02,test3_A03,20520,20664,144,False,False,False,,144,1.0,0,0.0,0,0
test3.csv,confirmation_cohort_posthoc,common81,GCAD-prediction_s11,0.02,test3_A04,28866,28958,92,False,False,False,,92,1.0,0,0.0,0,0
test3.csv,confirmation_cohort_posthoc,common81,GCAD-prediction_s11,0.02,test3_A05,30549,30644,95,True,True,False,6,6,0.06315789473684211,89,0.9368421052631579,89,1
test3.csv,confirmation_cohort_posthoc,common81,GCAD-prediction_s11,0.02,test3_A06,35829,36183,354,True,True,False,38,38,0.10734463276836158,183,0.5169491525423728,183,1
test3.csv,confirmation_cohort_posthoc,common81,GCAD-prediction_s11,0.02,test3_A07,42909,43061,152,False,False,False,,152,1.0,0,0.0,0,0
test3.csv,confirmation_cohort_posthoc,common81,GCAD-prediction_s11,0.02,test3_A08,47586,47760,174,False,True,True,,174,1.0,141,0.8103448275862069,141,0
test3.csv,confirmation_cohort_posthoc,common81,GCAD-prediction_s11,0.02,test3_A09,50529,50626,97,False,False,False,,97,1.0,0,0.0,0,0
test3.csv,confirmation_cohort_posthoc,common81,GCAD-prediction_s11,0.02,test3_A10,58331,60356,2025,True,True,False,947,947,0.4676543209876543,59,0.029135802469135802,59,1
test3.csv,confirmation_cohort_posthoc,native,GCAD-dependency_s11,0.005,test3_A01,2468,2817,349,False,False,False,,349,1.0,0,0.0,0,0
test3.csv,confirmation_cohort_posthoc,native,GCAD-dependency_s11,0.005,test3_A02,9362,9721,359,True,True,False,83,83,0.23119777158774374,138,0.38440111420612816,138,1
test3.csv,confirmation_cohort_posthoc,native,GCAD-dependency_s11,0.005,test3_A03,20520,20664,144,False,False,False,,144,1.0,0,0.0,0,0
test3.csv,confirmation_cohort_posthoc,native,GCAD-dependency_s11,0.005,test3_A04,28866,28958,92,False,False,False,,92,1.0,0,0.0,0,0
test3.csv,confirmation_cohort_posthoc,native,GCAD-dependency_s11,0.005,test3_A05,30549,30644,95,False,False,False,,95,1.0,0,0.0,0,0
test3.csv,confirmation_cohort_posthoc,native,GCAD-dependency_s11,0.005,test3_A06,35829,36183,354,True,True,False,38,38,0.10734463276836158,183,0.5169491525423728,183,1
test3.csv,confirmation_cohort_posthoc,native,GCAD-dependency_s11,0.005,test3_A07,42909,43061,152,False,False,False,,152,1.0,0,0.0,0,0
test3.csv,confirmation_cohort_posthoc,native,GCAD-dependency_s11,0.005,test3_A08,47586,47760,174,True,True,False,35,35,0.20114942528735633,106,0.6091954022988506,106,1
test3.csv,confirmation_cohort_posthoc,native,GCAD-dependency_s11,0.005,test3_A09,50529,50626,97,False,False,False,,97,1.0,0,0.0,0,0
test3.csv,confirmation_cohort_posthoc,native,GCAD-dependency_s11,0.005,test3_A10,58331,60356,2025,False,False,False,,2025,1.0,0,0.0,0,0
test3.csv,confirmation_cohort_posthoc,common81,GCAD-dependency_s11,0.005,test3_A01,2468,2817,349,False,False,False,,349,1.0,0,0.0,0,0
test3.csv,confirmation_cohort_posthoc,common81,GCAD-dependency_s11,0.005,test3_A02,9362,9721,359,True,True,False,83,83,0.23119777158774374,138,0.38440111420612816,138,1
test3.csv,confirmation_cohort_posthoc,common81,GCAD-dependency_s11,0.005,test3_A03,20520,20664,144,False,False,False,,144,1.0,0,0.0,0,0
test3.csv,confirmation_cohort_posthoc,common81,GCAD-dependency_s11,0.005,test3_A04,28866,28958,92,False,False,False,,92,1.0,0,0.0,0,0
test3.csv,confirmation_cohort_posthoc,common81,GCAD-dependency_s11,0.005,test3_A05,30549,30644,95,False,False,False,,95,1.0,0,0.0,0,0
test3.csv,confirmation_cohort_posthoc,common81,GCAD-dependency_s11,0.005,test3_A06,35829,36183,354,True,True,False,38,38,0.10734463276836158,183,0.5169491525423728,183,1
test3.csv,confirmation_cohort_posthoc,common81,GCAD-dependency_s11,0.005,test3_A07,42909,43061,152,False,False,False,,152,1.0,0,0.0,0,0
test3.csv,confirmation_cohort_posthoc,common81,GCAD-dependency_s11,0.005,test3_A08,47586,47760,174,True,True,False,35,35,0.20114942528735633,106,0.6091954022988506,106,1
test3.csv,confirmation_cohort_posthoc,common81,GCAD-dependency_s11,0.005,test3_A09,50529,50626,97,False,False,False,,97,1.0,0,0.0,0,0
test3.csv,confirmation_cohort_posthoc,common81,GCAD-dependency_s11,0.005,test3_A10,58331,60356,2025,False,False,False,,2025,1.0,0,0.0,0,0
test3.csv,confirmation_cohort_posthoc,native,GCAD-dependency_s11,0.01,test3_A01,2468,2817,349,False,False,False,,349,1.0,0,0.0,0,0
test3.csv,confirmation_cohort_posthoc,native,GCAD-dependency_s11,0.01,test3_A02,9362,9721,359,True,True,False,83,83,0.23119777158774374,156,0.43454038997214484,156,1
test3.csv,confirmation_cohort_posthoc,native,GCAD-dependency_s11,0.01,test3_A03,20520,20664,144,False,False,False,,144,1.0,0,0.0,0,0
test3.csv,confirmation_cohort_posthoc,native,GCAD-dependency_s11,0.01,test3_A04,28866,28958,92,False,False,False,,92,1.0,0,0.0,0,0
test3.csv,confirmation_cohort_posthoc,native,GCAD-dependency_s11,0.01,test3_A05,30549,30644,95,True,True,False,12,12,0.12631578947368421,83,0.8736842105263158,83,1
test3.csv,confirmation_cohort_posthoc,native,GCAD-dependency_s11,0.01,test3_A06,35829,36183,354,True,True,False,38,38,0.10734463276836158,184,0.519774011299435,184,1
test3.csv,confirmation_cohort_posthoc,native,GCAD-dependency_s11,0.01,test3_A07,42909,43061,152,False,False,False,,152,1.0,0,0.0,0,0
test3.csv,confirmation_cohort_posthoc,native,GCAD-dependency_s11,0.01,test3_A08,47586,47760,174,True,True,False,35,35,0.20114942528735633,106,0.6091954022988506,106,1
test3.csv,confirmation_cohort_posthoc,native,GCAD-dependency_s11,0.01,test3_A09,50529,50626,97,False,False,False,,97,1.0,0,0.0,0,0
test3.csv,confirmation_cohort_posthoc,native,GCAD-dependency_s11,0.01,test3_A10,58331,60356,2025,False,False,False,,2025,1.0,0,0.0,0,0
test3.csv,confirmation_cohort_posthoc,common81,GCAD-dependency_s11,0.01,test3_A01,2468,2817,349,False,False,False,,349,1.0,0,0.0,0,0
test3.csv,confirmation_cohort_posthoc,common81,GCAD-dependency_s11,0.01,test3_A02,9362,9721,359,True,True,False,83,83,0.23119777158774374,156,0.43454038997214484,156,1
test3.csv,confirmation_cohort_posthoc,common81,GCAD-dependency_s11,0.01,test3_A03,20520,20664,144,False,False,False,,144,1.0,0,0.0,0,0
test3.csv,confirmation_cohort_posthoc,common81,GCAD-dependency_s11,0.01,test3_A04,28866,28958,92,False,False,False,,92,1.0,0,0.0,0,0
test3.csv,confirmation_cohort_posthoc,common81,GCAD-dependency_s11,0.01,test3_A05,30549,30644,95,True,True,False,12,12,0.12631578947368421,83,0.8736842105263158,83,1
test3.csv,confirmation_cohort_posthoc,common81,GCAD-dependency_s11,0.01,test3_A06,35829,36183,354,True,True,False,38,38,0.10734463276836158,184,0.519774011299435,184,1
test3.csv,confirmation_cohort_posthoc,common81,GCAD-dependency_s11,0.01,test3_A07,42909,43061,152,False,False,False,,152,1.0,0,0.0,0,0
test3.csv,confirmation_cohort_posthoc,common81,GCAD-dependency_s11,0.01,test3_A08,47586,47760,174,True,True,False,35,35,0.20114942528735633,106,0.6091954022988506,106,1
test3.csv,confirmation_cohort_posthoc,common81,GCAD-dependency_s11,0.01,test3_A09,50529,50626,97,False,False,False,,97,1.0,0,0.0,0,0
test3.csv,confirmation_cohort_posthoc,common81,GCAD-dependency_s11,0.01,test3_A10,58331,60356,2025,False,False,False,,2025,1.0,0,0.0,0,0
test3.csv,confirmation_cohort_posthoc,native,GCAD-dependency_s11,0.02,test3_A01,2468,2817,349,True,True,False,50,50,0.14326647564469913,99,0.2836676217765043,99,1
test3.csv,confirmation_cohort_posthoc,native,GCAD-dependency_s11,0.02,test3_A02,9362,9721,359,True,True,False,71,71,0.1977715877437326,288,0.8022284122562674,288,1
test3.csv,confirmation_cohort_posthoc,native,GCAD-dependency_s11,0.02,test3_A03,20520,20664,144,True,True,False,69,69,0.4791666666666667,74,0.5138888888888888,74,1
test3.csv,confirmation_cohort_posthoc,native,GCAD-dependency_s11,0.02,test3_A04,28866,28958,92,False,False,False,,92,1.0,0,0.0,0,0
test3.csv,confirmation_cohort_posthoc,native,GCAD-dependency_s11,0.02,test3_A05,30549,30644,95,True,True,False,4,4,0.042105263157894736,91,0.9578947368421052,91,1
test3.csv,confirmation_cohort_posthoc,native,GCAD-dependency_s11,0.02,test3_A06,35829,36183,354,True,True,False,38,38,0.10734463276836158,312,0.8813559322033898,312,1
test3.csv,confirmation_cohort_posthoc,native,GCAD-dependency_s11,0.02,test3_A07,42909,43061,152,False,False,False,,152,1.0,0,0.0,0,0
test3.csv,confirmation_cohort_posthoc,native,GCAD-dependency_s11,0.02,test3_A08,47586,47760,174,True,True,False,35,35,0.20114942528735633,106,0.6091954022988506,106,1
test3.csv,confirmation_cohort_posthoc,native,GCAD-dependency_s11,0.02,test3_A09,50529,50626,97,False,False,False,,97,1.0,0,0.0,0,0
test3.csv,confirmation_cohort_posthoc,native,GCAD-dependency_s11,0.02,test3_A10,58331,60356,2025,False,False,False,,2025,1.0,0,0.0,0,0
test3.csv,confirmation_cohort_posthoc,common81,GCAD-dependency_s11,0.02,test3_A01,2468,2817,349,True,True,False,50,50,0.14326647564469913,99,0.2836676217765043,99,1
test3.csv,confirmation_cohort_posthoc,common81,GCAD-dependency_s11,0.02,test3_A02,9362,9721,359,True,True,False,71,71,0.1977715877437326,288,0.8022284122562674,288,1
test3.csv,confirmation_cohort_posthoc,common81,GCAD-dependency_s11,0.02,test3_A03,20520,20664,144,True,True,False,69,69,0.4791666666666667,74,0.5138888888888888,74,1
test3.csv,confirmation_cohort_posthoc,common81,GCAD-dependency_s11,0.02,test3_A04,28866,28958,92,False,False,False,,92,1.0,0,0.0,0,0
test3.csv,confirmation_cohort_posthoc,common81,GCAD-dependency_s11,0.02,test3_A05,30549,30644,95,True,True,False,4,4,0.042105263157894736,91,0.9578947368421052,91,1
test3.csv,confirmation_cohort_posthoc,common81,GCAD-dependency_s11,0.02,test3_A06,35829,36183,354,True,True,False,38,38,0.10734463276836158,312,0.8813559322033898,312,1
test3.csv,confirmation_cohort_posthoc,common81,GCAD-dependency_s11,0.02,test3_A07,42909,43061,152,False,False,False,,152,1.0,0,0.0,0,0
test3.csv,confirmation_cohort_posthoc,common81,GCAD-dependency_s11,0.02,test3_A08,47586,47760,174,True,True,False,35,35,0.20114942528735633,106,0.6091954022988506,106,1
test3.csv,confirmation_cohort_posthoc,common81,GCAD-dependency_s11,0.02,test3_A09,50529,50626,97,False,False,False,,97,1.0,0,0.0,0,0
test3.csv,confirmation_cohort_posthoc,common81,GCAD-dependency_s11,0.02,test3_A10,58331,60356,2025,False,False,False,,2025,1.0,0,0.0,0,0
test3.csv,confirmation_cohort_posthoc,native,GCAD-prediction_s12,0.005,test3_A01,2468,2817,349,False,False,False,,349,1.0,0,0.0,0,0
test3.csv,confirmation_cohort_posthoc,native,GCAD-prediction_s12,0.005,test3_A02,9362,9721,359,True,True,False,99,99,0.2757660167130919,118,0.3286908077994429,118,1
test3.csv,confirmation_cohort_posthoc,native,GCAD-prediction_s12,0.005,test3_A03,20520,20664,144,False,False,False,,144,1.0,0,0.0,0,0
test3.csv,confirmation_cohort_posthoc,native,GCAD-prediction_s12,0.005,test3_A04,28866,28958,92,False,False,False,,92,1.0,0,0.0,0,0
test3.csv,confirmation_cohort_posthoc,native,GCAD-prediction_s12,0.005,test3_A05,30549,30644,95,False,False,False,,95,1.0,0,0.0,0,0
test3.csv,confirmation_cohort_posthoc,native,GCAD-prediction_s12,0.005,test3_A06,35829,36183,354,True,True,False,38,38,0.10734463276836158,174,0.4915254237288136,174,1
test3.csv,confirmation_cohort_posthoc,native,GCAD-prediction_s12,0.005,test3_A07,42909,43061,152,False,False,False,,152,1.0,0,0.0,0,0
test3.csv,confirmation_cohort_posthoc,native,GCAD-prediction_s12,0.005,test3_A08,47586,47760,174,True,True,False,40,40,0.22988505747126436,88,0.5057471264367817,88,1
test3.csv,confirmation_cohort_posthoc,native,GCAD-prediction_s12,0.005,test3_A09,50529,50626,97,False,False,False,,97,1.0,0,0.0,0,0
test3.csv,confirmation_cohort_posthoc,native,GCAD-prediction_s12,0.005,test3_A10,58331,60356,2025,False,False,False,,2025,1.0,0,0.0,0,0
test3.csv,confirmation_cohort_posthoc,common81,GCAD-prediction_s12,0.005,test3_A01,2468,2817,349,False,False,False,,349,1.0,0,0.0,0,0
test3.csv,confirmation_cohort_posthoc,common81,GCAD-prediction_s12,0.005,test3_A02,9362,9721,359,True,True,False,99,99,0.2757660167130919,118,0.3286908077994429,118,1
test3.csv,confirmation_cohort_posthoc,common81,GCAD-prediction_s12,0.005,test3_A03,20520,20664,144,False,False,False,,144,1.0,0,0.0,0,0
test3.csv,confirmation_cohort_posthoc,common81,GCAD-prediction_s12,0.005,test3_A04,28866,28958,92,False,False,False,,92,1.0,0,0.0,0,0
test3.csv,confirmation_cohort_posthoc,common81,GCAD-prediction_s12,0.005,test3_A05,30549,30644,95,False,False,False,,95,1.0,0,0.0,0,0
test3.csv,confirmation_cohort_posthoc,common81,GCAD-prediction_s12,0.005,test3_A06,35829,36183,354,True,True,False,38,38,0.10734463276836158,174,0.4915254237288136,174,1
test3.csv,confirmation_cohort_posthoc,common81,GCAD-prediction_s12,0.005,test3_A07,42909,43061,152,False,False,False,,152,1.0,0,0.0,0,0
test3.csv,confirmation_cohort_posthoc,common81,GCAD-prediction_s12,0.005,test3_A08,47586,47760,174,True,True,False,40,40,0.22988505747126436,88,0.5057471264367817,88,1
test3.csv,confirmation_cohort_posthoc,common81,GCAD-prediction_s12,0.005,test3_A09,50529,50626,97,False,False,False,,97,1.0,0,0.0,0,0
test3.csv,confirmation_cohort_posthoc,common81,GCAD-prediction_s12,0.005,test3_A10,58331,60356,2025,False,False,False,,2025,1.0,0,0.0,0,0
test3.csv,confirmation_cohort_posthoc,native,GCAD-prediction_s12,0.01,test3_A01,2468,2817,349,False,False,False,,349,1.0,0,0.0,0,0
test3.csv,confirmation_cohort_posthoc,native,GCAD-prediction_s12,0.01,test3_A02,9362,9721,359,True,True,False,85,85,0.23676880222841226,133,0.37047353760445684,133,1
test3.csv,confirmation_cohort_posthoc,native,GCAD-prediction_s12,0.01,test3_A03,20520,20664,144,False,False,False,,144,1.0,0,0.0,0,0
test3.csv,confirmation_cohort_posthoc,native,GCAD-prediction_s12,0.01,test3_A04,28866,28958,92,False,False,False,,92,1.0,0,0.0,0,0
test3.csv,confirmation_cohort_posthoc,native,GCAD-prediction_s12,0.01,test3_A05,30549,30644,95,False,False,False,,95,1.0,0,0.0,0,0
test3.csv,confirmation_cohort_posthoc,native,GCAD-prediction_s12,0.01,test3_A06,35829,36183,354,True,True,False,38,38,0.10734463276836158,179,0.5056497175141242,179,1
test3.csv,confirmation_cohort_posthoc,native,GCAD-prediction_s12,0.01,test3_A07,42909,43061,152,False,False,False,,152,1.0,0,0.0,0,0
test3.csv,confirmation_cohort_posthoc,native,GCAD-prediction_s12,0.01,test3_A08,47586,47760,174,True,True,False,37,37,0.21264367816091953,101,0.5804597701149425,101,1
test3.csv,confirmation_cohort_posthoc,native,GCAD-prediction_s12,0.01,test3_A09,50529,50626,97,False,False,False,,97,1.0,0,0.0,0,0
test3.csv,confirmation_cohort_posthoc,native,GCAD-prediction_s12,0.01,test3_A10,58331,60356,2025,False,False,False,,2025,1.0,0,0.0,0,0
test3.csv,confirmation_cohort_posthoc,common81,GCAD-prediction_s12,0.01,test3_A01,2468,2817,349,False,False,False,,349,1.0,0,0.0,0,0
test3.csv,confirmation_cohort_posthoc,common81,GCAD-prediction_s12,0.01,test3_A02,9362,9721,359,True,True,False,85,85,0.23676880222841226,133,0.37047353760445684,133,1
test3.csv,confirmation_cohort_posthoc,common81,GCAD-prediction_s12,0.01,test3_A03,20520,20664,144,False,False,False,,144,1.0,0,0.0,0,0
test3.csv,confirmation_cohort_posthoc,common81,GCAD-prediction_s12,0.01,test3_A04,28866,28958,92,False,False,False,,92,1.0,0,0.0,0,0
test3.csv,confirmation_cohort_posthoc,common81,GCAD-prediction_s12,0.01,test3_A05,30549,30644,95,False,False,False,,95,1.0,0,0.0,0,0
test3.csv,confirmation_cohort_posthoc,common81,GCAD-prediction_s12,0.01,test3_A06,35829,36183,354,True,True,False,38,38,0.10734463276836158,179,0.5056497175141242,179,1
test3.csv,confirmation_cohort_posthoc,common81,GCAD-prediction_s12,0.01,test3_A07,42909,43061,152,False,False,False,,152,1.0,0,0.0,0,0
test3.csv,confirmation_cohort_posthoc,common81,GCAD-prediction_s12,0.01,test3_A08,47586,47760,174,True,True,False,37,37,0.21264367816091953,101,0.5804597701149425,101,1
test3.csv,confirmation_cohort_posthoc,common81,GCAD-prediction_s12,0.01,test3_A09,50529,50626,97,False,False,False,,97,1.0,0,0.0,0,0
test3.csv,confirmation_cohort_posthoc,common81,GCAD-prediction_s12,0.01,test3_A10,58331,60356,2025,False,False,False,,2025,1.0,0,0.0,0,0
test3.csv,confirmation_cohort_posthoc,native,GCAD-prediction_s12,0.02,test3_A01,2468,2817,349,False,False,False,,349,1.0,0,0.0,0,0
test3.csv,confirmation_cohort_posthoc,native,GCAD-prediction_s12,0.02,test3_A02,9362,9721,359,True,True,False,85,85,0.23676880222841226,133,0.37047353760445684,133,1
test3.csv,confirmation_cohort_posthoc,native,GCAD-prediction_s12,0.02,test3_A03,20520,20664,144,False,False,False,,144,1.0,0,0.0,0,0
test3.csv,confirmation_cohort_posthoc,native,GCAD-prediction_s12,0.02,test3_A04,28866,28958,92,False,False,False,,92,1.0,0,0.0,0,0
test3.csv,confirmation_cohort_posthoc,native,GCAD-prediction_s12,0.02,test3_A05,30549,30644,95,True,True,False,45,45,0.47368421052631576,49,0.5157894736842106,49,1
test3.csv,confirmation_cohort_posthoc,native,GCAD-prediction_s12,0.02,test3_A06,35829,36183,354,True,True,False,38,38,0.10734463276836158,180,0.5084745762711864,180,1
test3.csv,confirmation_cohort_posthoc,native,GCAD-prediction_s12,0.02,test3_A07,42909,43061,152,False,False,False,,152,1.0,0,0.0,0,0
test3.csv,confirmation_cohort_posthoc,native,GCAD-prediction_s12,0.02,test3_A08,47586,47760,174,True,True,False,36,36,0.20689655172413793,103,0.5919540229885057,103,1
test3.csv,confirmation_cohort_posthoc,native,GCAD-prediction_s12,0.02,test3_A09,50529,50626,97,False,False,False,,97,1.0,0,0.0,0,0
test3.csv,confirmation_cohort_posthoc,native,GCAD-prediction_s12,0.02,test3_A10,58331,60356,2025,False,False,False,,2025,1.0,0,0.0,0,0
test3.csv,confirmation_cohort_posthoc,common81,GCAD-prediction_s12,0.02,test3_A01,2468,2817,349,False,False,False,,349,1.0,0,0.0,0,0
test3.csv,confirmation_cohort_posthoc,common81,GCAD-prediction_s12,0.02,test3_A02,9362,9721,359,True,True,False,85,85,0.23676880222841226,133,0.37047353760445684,133,1
test3.csv,confirmation_cohort_posthoc,common81,GCAD-prediction_s12,0.02,test3_A03,20520,20664,144,False,False,False,,144,1.0,0,0.0,0,0
test3.csv,confirmation_cohort_posthoc,common81,GCAD-prediction_s12,0.02,test3_A04,28866,28958,92,False,False,False,,92,1.0,0,0.0,0,0
test3.csv,confirmation_cohort_posthoc,common81,GCAD-prediction_s12,0.02,test3_A05,30549,30644,95,True,True,False,45,45,0.47368421052631576,49,0.5157894736842106,49,1
test3.csv,confirmation_cohort_posthoc,common81,GCAD-prediction_s12,0.02,test3_A06,35829,36183,354,True,True,False,38,38,0.10734463276836158,180,0.5084745762711864,180,1
test3.csv,confirmation_cohort_posthoc,common81,GCAD-prediction_s12,0.02,test3_A07,42909,43061,152,False,False,False,,152,1.0,0,0.0,0,0
test3.csv,confirmation_cohort_posthoc,common81,GCAD-prediction_s12,0.02,test3_A08,47586,47760,174,True,True,False,36,36,0.20689655172413793,103,0.5919540229885057,103,1
test3.csv,confirmation_cohort_posthoc,common81,GCAD-prediction_s12,0.02,test3_A09,50529,50626,97,False,False,False,,97,1.0,0,0.0,0,0
test3.csv,confirmation_cohort_posthoc,common81,GCAD-prediction_s12,0.02,test3_A10,58331,60356,2025,False,False,False,,2025,1.0,0,0.0,0,0
test3.csv,confirmation_cohort_posthoc,native,GCAD-dependency_s12,0.005,test3_A01,2468,2817,349,False,False,False,,349,1.0,0,0.0,0,0
test3.csv,confirmation_cohort_posthoc,native,GCAD-dependency_s12,0.005,test3_A02,9362,9721,359,True,True,False,83,83,0.23119777158774374,138,0.38440111420612816,138,1
test3.csv,confirmation_cohort_posthoc,native,GCAD-dependency_s12,0.005,test3_A03,20520,20664,144,False,False,False,,144,1.0,0,0.0,0,0
test3.csv,confirmation_cohort_posthoc,native,GCAD-dependency_s12,0.005,test3_A04,28866,28958,92,False,False,False,,92,1.0,0,0.0,0,0
test3.csv,confirmation_cohort_posthoc,native,GCAD-dependency_s12,0.005,test3_A05,30549,30644,95,False,False,False,,95,1.0,0,0.0,0,0
test3.csv,confirmation_cohort_posthoc,native,GCAD-dependency_s12,0.005,test3_A06,35829,36183,354,True,True,False,38,38,0.10734463276836158,183,0.5169491525423728,183,1
test3.csv,confirmation_cohort_posthoc,native,GCAD-dependency_s12,0.005,test3_A07,42909,43061,152,False,False,False,,152,1.0,0,0.0,0,0
test3.csv,confirmation_cohort_posthoc,native,GCAD-dependency_s12,0.005,test3_A08,47586,47760,174,True,True,False,35,35,0.20114942528735633,105,0.603448275862069,105,1
test3.csv,confirmation_cohort_posthoc,native,GCAD-dependency_s12,0.005,test3_A09,50529,50626,97,False,False,False,,97,1.0,0,0.0,0,0
test3.csv,confirmation_cohort_posthoc,native,GCAD-dependency_s12,0.005,test3_A10,58331,60356,2025,False,False,False,,2025,1.0,0,0.0,0,0
test3.csv,confirmation_cohort_posthoc,common81,GCAD-dependency_s12,0.005,test3_A01,2468,2817,349,False,False,False,,349,1.0,0,0.0,0,0
test3.csv,confirmation_cohort_posthoc,common81,GCAD-dependency_s12,0.005,test3_A02,9362,9721,359,True,True,False,83,83,0.23119777158774374,138,0.38440111420612816,138,1
test3.csv,confirmation_cohort_posthoc,common81,GCAD-dependency_s12,0.005,test3_A03,20520,20664,144,False,False,False,,144,1.0,0,0.0,0,0
test3.csv,confirmation_cohort_posthoc,common81,GCAD-dependency_s12,0.005,test3_A04,28866,28958,92,False,False,False,,92,1.0,0,0.0,0,0
test3.csv,confirmation_cohort_posthoc,common81,GCAD-dependency_s12,0.005,test3_A05,30549,30644,95,False,False,False,,95,1.0,0,0.0,0,0
test3.csv,confirmation_cohort_posthoc,common81,GCAD-dependency_s12,0.005,test3_A06,35829,36183,354,True,True,False,38,38,0.10734463276836158,183,0.5169491525423728,183,1
test3.csv,confirmation_cohort_posthoc,common81,GCAD-dependency_s12,0.005,test3_A07,42909,43061,152,False,False,False,,152,1.0,0,0.0,0,0
test3.csv,confirmation_cohort_posthoc,common81,GCAD-dependency_s12,0.005,test3_A08,47586,47760,174,True,True,False,35,35,0.20114942528735633,105,0.603448275862069,105,1
test3.csv,confirmation_cohort_posthoc,common81,GCAD-dependency_s12,0.005,test3_A09,50529,50626,97,False,False,False,,97,1.0,0,0.0,0,0
test3.csv,confirmation_cohort_posthoc,common81,GCAD-dependency_s12,0.005,test3_A10,58331,60356,2025,False,False,False,,2025,1.0,0,0.0,0,0
test3.csv,confirmation_cohort_posthoc,native,GCAD-dependency_s12,0.01,test3_A01,2468,2817,349,True,True,False,79,79,0.22636103151862463,32,0.09169054441260745,28,2
test3.csv,confirmation_cohort_posthoc,native,GCAD-dependency_s12,0.01,test3_A02,9362,9721,359,True,True,False,83,83,0.23119777158774374,246,0.6852367688022284,246,1
test3.csv,confirmation_cohort_posthoc,native,GCAD-dependency_s12,0.01,test3_A03,20520,20664,144,False,False,False,,144,1.0,0,0.0,0,0
test3.csv,confirmation_cohort_posthoc,native,GCAD-dependency_s12,0.01,test3_A04,28866,28958,92,False,False,False,,92,1.0,0,0.0,0,0
test3.csv,confirmation_cohort_posthoc,native,GCAD-dependency_s12,0.01,test3_A05,30549,30644,95,True,True,False,12,12,0.12631578947368421,83,0.8736842105263158,83,1
test3.csv,confirmation_cohort_posthoc,native,GCAD-dependency_s12,0.01,test3_A06,35829,36183,354,True,True,False,38,38,0.10734463276836158,270,0.7627118644067796,184,2
test3.csv,confirmation_cohort_posthoc,native,GCAD-dependency_s12,0.01,test3_A07,42909,43061,152,False,False,False,,152,1.0,0,0.0,0,0
test3.csv,confirmation_cohort_posthoc,native,GCAD-dependency_s12,0.01,test3_A08,47586,47760,174,True,True,False,35,35,0.20114942528735633,106,0.6091954022988506,106,1
test3.csv,confirmation_cohort_posthoc,native,GCAD-dependency_s12,0.01,test3_A09,50529,50626,97,False,False,False,,97,1.0,0,0.0,0,0
test3.csv,confirmation_cohort_posthoc,native,GCAD-dependency_s12,0.01,test3_A10,58331,60356,2025,False,False,False,,2025,1.0,0,0.0,0,0
test3.csv,confirmation_cohort_posthoc,common81,GCAD-dependency_s12,0.01,test3_A01,2468,2817,349,True,True,False,79,79,0.22636103151862463,32,0.09169054441260745,28,2
test3.csv,confirmation_cohort_posthoc,common81,GCAD-dependency_s12,0.01,test3_A02,9362,9721,359,True,True,False,83,83,0.23119777158774374,246,0.6852367688022284,246,1
test3.csv,confirmation_cohort_posthoc,common81,GCAD-dependency_s12,0.01,test3_A03,20520,20664,144,False,False,False,,144,1.0,0,0.0,0,0
test3.csv,confirmation_cohort_posthoc,common81,GCAD-dependency_s12,0.01,test3_A04,28866,28958,92,False,False,False,,92,1.0,0,0.0,0,0
test3.csv,confirmation_cohort_posthoc,common81,GCAD-dependency_s12,0.01,test3_A05,30549,30644,95,True,True,False,12,12,0.12631578947368421,83,0.8736842105263158,83,1
test3.csv,confirmation_cohort_posthoc,common81,GCAD-dependency_s12,0.01,test3_A06,35829,36183,354,True,True,False,38,38,0.10734463276836158,270,0.7627118644067796,184,2
test3.csv,confirmation_cohort_posthoc,common81,GCAD-dependency_s12,0.01,test3_A07,42909,43061,152,False,False,False,,152,1.0,0,0.0,0,0
test3.csv,confirmation_cohort_posthoc,common81,GCAD-dependency_s12,0.01,test3_A08,47586,47760,174,True,True,False,35,35,0.20114942528735633,106,0.6091954022988506,106,1
test3.csv,confirmation_cohort_posthoc,common81,GCAD-dependency_s12,0.01,test3_A09,50529,50626,97,False,False,False,,97,1.0,0,0.0,0,0
test3.csv,confirmation_cohort_posthoc,common81,GCAD-dependency_s12,0.01,test3_A10,58331,60356,2025,False,False,False,,2025,1.0,0,0.0,0,0
test3.csv,confirmation_cohort_posthoc,native,GCAD-dependency_s12,0.02,test3_A01,2468,2817,349,True,True,False,47,47,0.1346704871060172,102,0.2922636103151863,102,1
test3.csv,confirmation_cohort_posthoc,native,GCAD-dependency_s12,0.02,test3_A02,9362,9721,359,True,True,False,71,71,0.1977715877437326,288,0.8022284122562674,288,1
test3.csv,confirmation_cohort_posthoc,native,GCAD-dependency_s12,0.02,test3_A03,20520,20664,144,True,True,False,66,66,0.4583333333333333,77,0.5347222222222222,77,1
test3.csv,confirmation_cohort_posthoc,native,GCAD-dependency_s12,0.02,test3_A04,28866,28958,92,False,False,False,,92,1.0,0,0.0,0,0
test3.csv,confirmation_cohort_posthoc,native,GCAD-dependency_s12,0.02,test3_A05,30549,30644,95,True,True,False,5,5,0.05263157894736842,90,0.9473684210526315,90,1
test3.csv,confirmation_cohort_posthoc,native,GCAD-dependency_s12,0.02,test3_A06,35829,36183,354,True,True,False,38,38,0.10734463276836158,316,0.8926553672316384,316,1
test3.csv,confirmation_cohort_posthoc,native,GCAD-dependency_s12,0.02,test3_A07,42909,43061,152,False,False,False,,152,1.0,0,0.0,0,0
test3.csv,confirmation_cohort_posthoc,native,GCAD-dependency_s12,0.02,test3_A08,47586,47760,174,True,True,False,35,35,0.20114942528735633,106,0.6091954022988506,106,1
test3.csv,confirmation_cohort_posthoc,native,GCAD-dependency_s12,0.02,test3_A09,50529,50626,97,False,False,False,,97,1.0,0,0.0,0,0
test3.csv,confirmation_cohort_posthoc,native,GCAD-dependency_s12,0.02,test3_A10,58331,60356,2025,False,False,False,,2025,1.0,0,0.0,0,0
test3.csv,confirmation_cohort_posthoc,common81,GCAD-dependency_s12,0.02,test3_A01,2468,2817,349,True,True,False,47,47,0.1346704871060172,102,0.2922636103151863,102,1
test3.csv,confirmation_cohort_posthoc,common81,GCAD-dependency_s12,0.02,test3_A02,9362,9721,359,True,True,False,71,71,0.1977715877437326,288,0.8022284122562674,288,1
test3.csv,confirmation_cohort_posthoc,common81,GCAD-dependency_s12,0.02,test3_A03,20520,20664,144,True,True,False,66,66,0.4583333333333333,77,0.5347222222222222,77,1
test3.csv,confirmation_cohort_posthoc,common81,GCAD-dependency_s12,0.02,test3_A04,28866,28958,92,False,False,False,,92,1.0,0,0.0,0,0
test3.csv,confirmation_cohort_posthoc,common81,GCAD-dependency_s12,0.02,test3_A05,30549,30644,95,True,True,False,5,5,0.05263157894736842,90,0.9473684210526315,90,1
test3.csv,confirmation_cohort_posthoc,common81,GCAD-dependency_s12,0.02,test3_A06,35829,36183,354,True,True,False,38,38,0.10734463276836158,316,0.8926553672316384,316,1
test3.csv,confirmation_cohort_posthoc,common81,GCAD-dependency_s12,0.02,test3_A07,42909,43061,152,False,False,False,,152,1.0,0,0.0,0,0
test3.csv,confirmation_cohort_posthoc,common81,GCAD-dependency_s12,0.02,test3_A08,47586,47760,174,True,True,False,35,35,0.20114942528735633,106,0.6091954022988506,106,1
test3.csv,confirmation_cohort_posthoc,common81,GCAD-dependency_s12,0.02,test3_A09,50529,50626,97,False,False,False,,97,1.0,0,0.0,0,0
test3.csv,confirmation_cohort_posthoc,common81,GCAD-dependency_s12,0.02,test3_A10,58331,60356,2025,False,False,False,,2025,1.0,0,0.0,0,0
test4.csv,development,native,S_Q3,0.005,test4_A01,2521,2560,39,False,False,False,,39,1.0,0,0.0,0,0
test4.csv,development,native,S_Q3,0.005,test4_A02,4802,4891,89,False,False,False,,89,1.0,0,0.0,0,0
test4.csv,development,native,S_Q3,0.005,test4_A03,7021,7118,97,True,True,False,42,42,0.4329896907216495,55,0.5670103092783505,55,1
test4.csv,development,native,S_Q3,0.005,test4_A04,11280,11378,98,False,False,False,,98,1.0,0,0.0,0,0
test4.csv,development,native,S_Q3,0.005,test4_A05,14871,15377,506,False,False,False,,506,1.0,0,0.0,0,0
test4.csv,development,native,S_Q3,0.005,test4_A06,19322,19509,187,False,False,False,,187,1.0,0,0.0,0,0
test4.csv,development,native,S_Q3,0.005,test4_A07,27907,28030,123,False,False,False,,123,1.0,0,0.0,0,0
test4.csv,development,native,S_Q3,0.005,test4_A08,30546,31220,674,False,False,False,,674,1.0,0,0.0,0,0
test4.csv,development,native,S_Q3,0.005,test4_A09,38468,38532,64,False,False,False,,64,1.0,0,0.0,0,0
test4.csv,development,native,S_Q3,0.005,test4_A10,47227,47407,180,False,False,False,,180,1.0,0,0.0,0,0
test4.csv,development,native,S_Q3,0.005,test4_A11,56107,56207,100,True,True,False,44,44,0.44,56,0.56,56,1
test4.csv,development,native,S_Q3,0.005,test4_A12,57734,57891,157,False,False,False,,157,1.0,0,0.0,0,0
test4.csv,development,native,S_Q3,0.005,test4_A13,61152,61306,154,False,False,False,,154,1.0,0,0.0,0,0
test4.csv,development,native,S_Q3,0.005,test4_A14,69611,69689,78,True,True,False,32,32,0.41025641025641024,46,0.5897435897435898,46,1
test4.csv,development,native,S_Q3,0.005,test4_A15,76631,76709,78,True,True,False,34,34,0.4358974358974359,44,0.5641025641025641,44,1
test4.csv,development,native,S_Q3,0.005,test4_A16,81589,81724,135,False,False,False,,135,1.0,0,0.0,0,0
test4.csv,development,native,S_Q3,0.005,test4_A17,84152,84697,545,False,False,False,,545,1.0,0,0.0,0,0
test4.csv,development,native,S_Q3,0.005,test4_A18,91389,91732,343,False,False,False,,343,1.0,0,0.0,0,0
test4.csv,development,native,S_Q3,0.005,test4_A19,97146,97310,164,False,False,False,,164,1.0,0,0.0,0,0
test4.csv,development,native,S_Q3,0.005,test4_A20,100622,100712,90,False,False,False,,90,1.0,0,0.0,0,0
test4.csv,development,native,S_Q3,0.005,test4_A21,106447,106600,153,False,False,False,,153,1.0,0,0.0,0,0
test4.csv,development,native,S_Q3,0.005,test4_A22,115686,115852,166,False,False,False,,166,1.0,0,0.0,0,0
test4.csv,development,native,S_Q3,0.005,test4_A23,123436,123552,116,False,False,False,,116,1.0,0,0.0,0,0
test4.csv,development,native,S_Q3,0.005,test4_A24,126315,126402,87,False,False,False,,87,1.0,0,0.0,0,0
test4.csv,development,common81,S_Q3,0.005,test4_A01,2521,2560,39,False,False,False,,39,1.0,0,0.0,0,0
test4.csv,development,common81,S_Q3,0.005,test4_A02,4802,4891,89,False,False,False,,89,1.0,0,0.0,0,0
test4.csv,development,common81,S_Q3,0.005,test4_A03,7021,7118,97,True,True,False,42,42,0.4329896907216495,55,0.5670103092783505,55,1
test4.csv,development,common81,S_Q3,0.005,test4_A04,11280,11378,98,False,False,False,,98,1.0,0,0.0,0,0
test4.csv,development,common81,S_Q3,0.005,test4_A05,14871,15377,506,False,False,False,,506,1.0,0,0.0,0,0
test4.csv,development,common81,S_Q3,0.005,test4_A06,19322,19509,187,False,False,False,,187,1.0,0,0.0,0,0
test4.csv,development,common81,S_Q3,0.005,test4_A07,27907,28030,123,False,False,False,,123,1.0,0,0.0,0,0
test4.csv,development,common81,S_Q3,0.005,test4_A08,30546,31220,674,False,False,False,,674,1.0,0,0.0,0,0
test4.csv,development,common81,S_Q3,0.005,test4_A09,38468,38532,64,False,False,False,,64,1.0,0,0.0,0,0
test4.csv,development,common81,S_Q3,0.005,test4_A10,47227,47407,180,False,False,False,,180,1.0,0,0.0,0,0
test4.csv,development,common81,S_Q3,0.005,test4_A11,56107,56207,100,True,True,False,44,44,0.44,56,0.56,56,1
test4.csv,development,common81,S_Q3,0.005,test4_A12,57734,57891,157,False,False,False,,157,1.0,0,0.0,0,0
test4.csv,development,common81,S_Q3,0.005,test4_A13,61152,61306,154,False,False,False,,154,1.0,0,0.0,0,0
test4.csv,development,common81,S_Q3,0.005,test4_A14,69611,69689,78,True,True,False,32,32,0.41025641025641024,46,0.5897435897435898,46,1
test4.csv,development,common81,S_Q3,0.005,test4_A15,76631,76709,78,True,True,False,34,34,0.4358974358974359,44,0.5641025641025641,44,1
test4.csv,development,common81,S_Q3,0.005,test4_A16,81589,81724,135,False,False,False,,135,1.0,0,0.0,0,0
test4.csv,development,common81,S_Q3,0.005,test4_A17,84152,84697,545,False,False,False,,545,1.0,0,0.0,0,0
test4.csv,development,common81,S_Q3,0.005,test4_A18,91389,91732,343,False,False,False,,343,1.0,0,0.0,0,0
test4.csv,development,common81,S_Q3,0.005,test4_A19,97146,97310,164,False,False,False,,164,1.0,0,0.0,0,0
test4.csv,development,common81,S_Q3,0.005,test4_A20,100622,100712,90,False,False,False,,90,1.0,0,0.0,0,0
test4.csv,development,common81,S_Q3,0.005,test4_A21,106447,106600,153,False,False,False,,153,1.0,0,0.0,0,0
test4.csv,development,common81,S_Q3,0.005,test4_A22,115686,115852,166,False,False,False,,166,1.0,0,0.0,0,0
test4.csv,development,common81,S_Q3,0.005,test4_A23,123436,123552,116,False,False,False,,116,1.0,0,0.0,0,0
test4.csv,development,common81,S_Q3,0.005,test4_A24,126315,126402,87,False,False,False,,87,1.0,0,0.0,0,0
test4.csv,development,native,S_Q3,0.01,test4_A01,2521,2560,39,False,False,False,,39,1.0,0,0.0,0,0
test4.csv,development,native,S_Q3,0.01,test4_A02,4802,4891,89,False,False,False,,89,1.0,0,0.0,0,0
test4.csv,development,native,S_Q3,0.01,test4_A03,7021,7118,97,True,True,False,42,42,0.4329896907216495,55,0.5670103092783505,55,1
test4.csv,development,native,S_Q3,0.01,test4_A04,11280,11378,98,False,False,False,,98,1.0,0,0.0,0,0
test4.csv,development,native,S_Q3,0.01,test4_A05,14871,15377,506,False,False,False,,506,1.0,0,0.0,0,0
test4.csv,development,native,S_Q3,0.01,test4_A06,19322,19509,187,False,False,False,,187,1.0,0,0.0,0,0
test4.csv,development,native,S_Q3,0.01,test4_A07,27907,28030,123,False,False,False,,123,1.0,0,0.0,0,0
test4.csv,development,native,S_Q3,0.01,test4_A08,30546,31220,674,False,False,False,,674,1.0,0,0.0,0,0
test4.csv,development,native,S_Q3,0.01,test4_A09,38468,38532,64,False,False,False,,64,1.0,0,0.0,0,0
test4.csv,development,native,S_Q3,0.01,test4_A10,47227,47407,180,False,False,False,,180,1.0,0,0.0,0,0
test4.csv,development,native,S_Q3,0.01,test4_A11,56107,56207,100,True,True,False,44,44,0.44,56,0.56,56,1
test4.csv,development,native,S_Q3,0.01,test4_A12,57734,57891,157,False,False,False,,157,1.0,0,0.0,0,0
test4.csv,development,native,S_Q3,0.01,test4_A13,61152,61306,154,False,False,False,,154,1.0,0,0.0,0,0
test4.csv,development,native,S_Q3,0.01,test4_A14,69611,69689,78,True,True,False,32,32,0.41025641025641024,46,0.5897435897435898,46,1
test4.csv,development,native,S_Q3,0.01,test4_A15,76631,76709,78,True,True,False,34,34,0.4358974358974359,44,0.5641025641025641,44,1
test4.csv,development,native,S_Q3,0.01,test4_A16,81589,81724,135,False,False,False,,135,1.0,0,0.0,0,0
test4.csv,development,native,S_Q3,0.01,test4_A17,84152,84697,545,False,False,False,,545,1.0,0,0.0,0,0
test4.csv,development,native,S_Q3,0.01,test4_A18,91389,91732,343,False,False,False,,343,1.0,0,0.0,0,0
test4.csv,development,native,S_Q3,0.01,test4_A19,97146,97310,164,False,False,False,,164,1.0,0,0.0,0,0
test4.csv,development,native,S_Q3,0.01,test4_A20,100622,100712,90,False,False,False,,90,1.0,0,0.0,0,0
test4.csv,development,native,S_Q3,0.01,test4_A21,106447,106600,153,False,False,False,,153,1.0,0,0.0,0,0
test4.csv,development,native,S_Q3,0.01,test4_A22,115686,115852,166,False,False,False,,166,1.0,0,0.0,0,0
test4.csv,development,native,S_Q3,0.01,test4_A23,123436,123552,116,False,False,False,,116,1.0,0,0.0,0,0
test4.csv,development,native,S_Q3,0.01,test4_A24,126315,126402,87,False,False,False,,87,1.0,0,0.0,0,0
test4.csv,development,common81,S_Q3,0.01,test4_A01,2521,2560,39,False,False,False,,39,1.0,0,0.0,0,0
test4.csv,development,common81,S_Q3,0.01,test4_A02,4802,4891,89,False,False,False,,89,1.0,0,0.0,0,0
test4.csv,development,common81,S_Q3,0.01,test4_A03,7021,7118,97,True,True,False,42,42,0.4329896907216495,55,0.5670103092783505,55,1
test4.csv,development,common81,S_Q3,0.01,test4_A04,11280,11378,98,False,False,False,,98,1.0,0,0.0,0,0
test4.csv,development,common81,S_Q3,0.01,test4_A05,14871,15377,506,False,False,False,,506,1.0,0,0.0,0,0
test4.csv,development,common81,S_Q3,0.01,test4_A06,19322,19509,187,False,False,False,,187,1.0,0,0.0,0,0
test4.csv,development,common81,S_Q3,0.01,test4_A07,27907,28030,123,False,False,False,,123,1.0,0,0.0,0,0
test4.csv,development,common81,S_Q3,0.01,test4_A08,30546,31220,674,False,False,False,,674,1.0,0,0.0,0,0
test4.csv,development,common81,S_Q3,0.01,test4_A09,38468,38532,64,False,False,False,,64,1.0,0,0.0,0,0
test4.csv,development,common81,S_Q3,0.01,test4_A10,47227,47407,180,False,False,False,,180,1.0,0,0.0,0,0
test4.csv,development,common81,S_Q3,0.01,test4_A11,56107,56207,100,True,True,False,44,44,0.44,56,0.56,56,1
test4.csv,development,common81,S_Q3,0.01,test4_A12,57734,57891,157,False,False,False,,157,1.0,0,0.0,0,0
test4.csv,development,common81,S_Q3,0.01,test4_A13,61152,61306,154,False,False,False,,154,1.0,0,0.0,0,0
test4.csv,development,common81,S_Q3,0.01,test4_A14,69611,69689,78,True,True,False,32,32,0.41025641025641024,46,0.5897435897435898,46,1
test4.csv,development,common81,S_Q3,0.01,test4_A15,76631,76709,78,True,True,False,34,34,0.4358974358974359,44,0.5641025641025641,44,1
test4.csv,development,common81,S_Q3,0.01,test4_A16,81589,81724,135,False,False,False,,135,1.0,0,0.0,0,0
test4.csv,development,common81,S_Q3,0.01,test4_A17,84152,84697,545,False,False,False,,545,1.0,0,0.0,0,0
test4.csv,development,common81,S_Q3,0.01,test4_A18,91389,91732,343,False,False,False,,343,1.0,0,0.0,0,0
test4.csv,development,common81,S_Q3,0.01,test4_A19,97146,97310,164,False,False,False,,164,1.0,0,0.0,0,0
test4.csv,development,common81,S_Q3,0.01,test4_A20,100622,100712,90,False,False,False,,90,1.0,0,0.0,0,0
test4.csv,development,common81,S_Q3,0.01,test4_A21,106447,106600,153,False,False,False,,153,1.0,0,0.0,0,0
test4.csv,development,common81,S_Q3,0.01,test4_A22,115686,115852,166,False,False,False,,166,1.0,0,0.0,0,0
test4.csv,development,common81,S_Q3,0.01,test4_A23,123436,123552,116,False,False,False,,116,1.0,0,0.0,0,0
test4.csv,development,common81,S_Q3,0.01,test4_A24,126315,126402,87,False,False,False,,87,1.0,0,0.0,0,0
test4.csv,development,native,S_Q3,0.02,test4_A01,2521,2560,39,False,False,False,,39,1.0,0,0.0,0,0
test4.csv,development,native,S_Q3,0.02,test4_A02,4802,4891,89,False,False,False,,89,1.0,0,0.0,0,0
test4.csv,development,native,S_Q3,0.02,test4_A03,7021,7118,97,True,True,False,42,42,0.4329896907216495,55,0.5670103092783505,55,1
test4.csv,development,native,S_Q3,0.02,test4_A04,11280,11378,98,False,False,False,,98,1.0,0,0.0,0,0
test4.csv,development,native,S_Q3,0.02,test4_A05,14871,15377,506,False,False,False,,506,1.0,0,0.0,0,0
test4.csv,development,native,S_Q3,0.02,test4_A06,19322,19509,187,False,False,False,,187,1.0,0,0.0,0,0
test4.csv,development,native,S_Q3,0.02,test4_A07,27907,28030,123,False,False,False,,123,1.0,0,0.0,0,0
test4.csv,development,native,S_Q3,0.02,test4_A08,30546,31220,674,False,False,False,,674,1.0,0,0.0,0,0
test4.csv,development,native,S_Q3,0.02,test4_A09,38468,38532,64,False,False,False,,64,1.0,0,0.0,0,0
test4.csv,development,native,S_Q3,0.02,test4_A10,47227,47407,180,False,False,False,,180,1.0,0,0.0,0,0
test4.csv,development,native,S_Q3,0.02,test4_A11,56107,56207,100,True,True,False,44,44,0.44,56,0.56,56,1
test4.csv,development,native,S_Q3,0.02,test4_A12,57734,57891,157,False,False,False,,157,1.0,0,0.0,0,0
test4.csv,development,native,S_Q3,0.02,test4_A13,61152,61306,154,False,False,False,,154,1.0,0,0.0,0,0
test4.csv,development,native,S_Q3,0.02,test4_A14,69611,69689,78,True,True,False,32,32,0.41025641025641024,46,0.5897435897435898,46,1
test4.csv,development,native,S_Q3,0.02,test4_A15,76631,76709,78,True,True,False,34,34,0.4358974358974359,44,0.5641025641025641,44,1
test4.csv,development,native,S_Q3,0.02,test4_A16,81589,81724,135,False,False,False,,135,1.0,0,0.0,0,0
test4.csv,development,native,S_Q3,0.02,test4_A17,84152,84697,545,False,False,False,,545,1.0,0,0.0,0,0
test4.csv,development,native,S_Q3,0.02,test4_A18,91389,91732,343,False,False,False,,343,1.0,0,0.0,0,0
test4.csv,development,native,S_Q3,0.02,test4_A19,97146,97310,164,False,False,False,,164,1.0,0,0.0,0,0
test4.csv,development,native,S_Q3,0.02,test4_A20,100622,100712,90,False,False,False,,90,1.0,0,0.0,0,0
test4.csv,development,native,S_Q3,0.02,test4_A21,106447,106600,153,False,False,False,,153,1.0,0,0.0,0,0
test4.csv,development,native,S_Q3,0.02,test4_A22,115686,115852,166,False,False,False,,166,1.0,0,0.0,0,0
test4.csv,development,native,S_Q3,0.02,test4_A23,123436,123552,116,False,False,False,,116,1.0,0,0.0,0,0
test4.csv,development,native,S_Q3,0.02,test4_A24,126315,126402,87,False,False,False,,87,1.0,0,0.0,0,0
test4.csv,development,common81,S_Q3,0.02,test4_A01,2521,2560,39,False,False,False,,39,1.0,0,0.0,0,0
test4.csv,development,common81,S_Q3,0.02,test4_A02,4802,4891,89,False,False,False,,89,1.0,0,0.0,0,0
test4.csv,development,common81,S_Q3,0.02,test4_A03,7021,7118,97,True,True,False,42,42,0.4329896907216495,55,0.5670103092783505,55,1
test4.csv,development,common81,S_Q3,0.02,test4_A04,11280,11378,98,False,False,False,,98,1.0,0,0.0,0,0
test4.csv,development,common81,S_Q3,0.02,test4_A05,14871,15377,506,False,False,False,,506,1.0,0,0.0,0,0
test4.csv,development,common81,S_Q3,0.02,test4_A06,19322,19509,187,False,False,False,,187,1.0,0,0.0,0,0
test4.csv,development,common81,S_Q3,0.02,test4_A07,27907,28030,123,False,False,False,,123,1.0,0,0.0,0,0
test4.csv,development,common81,S_Q3,0.02,test4_A08,30546,31220,674,False,False,False,,674,1.0,0,0.0,0,0
test4.csv,development,common81,S_Q3,0.02,test4_A09,38468,38532,64,False,False,False,,64,1.0,0,0.0,0,0
test4.csv,development,common81,S_Q3,0.02,test4_A10,47227,47407,180,False,False,False,,180,1.0,0,0.0,0,0
test4.csv,development,common81,S_Q3,0.02,test4_A11,56107,56207,100,True,True,False,44,44,0.44,56,0.56,56,1
test4.csv,development,common81,S_Q3,0.02,test4_A12,57734,57891,157,False,False,False,,157,1.0,0,0.0,0,0
test4.csv,development,common81,S_Q3,0.02,test4_A13,61152,61306,154,False,False,False,,154,1.0,0,0.0,0,0
test4.csv,development,common81,S_Q3,0.02,test4_A14,69611,69689,78,True,True,False,32,32,0.41025641025641024,46,0.5897435897435898,46,1
test4.csv,development,common81,S_Q3,0.02,test4_A15,76631,76709,78,True,True,False,34,34,0.4358974358974359,44,0.5641025641025641,44,1
test4.csv,development,common81,S_Q3,0.02,test4_A16,81589,81724,135,False,False,False,,135,1.0,0,0.0,0,0
test4.csv,development,common81,S_Q3,0.02,test4_A17,84152,84697,545,False,False,False,,545,1.0,0,0.0,0,0
test4.csv,development,common81,S_Q3,0.02,test4_A18,91389,91732,343,False,False,False,,343,1.0,0,0.0,0,0
test4.csv,development,common81,S_Q3,0.02,test4_A19,97146,97310,164,False,False,False,,164,1.0,0,0.0,0,0
test4.csv,development,common81,S_Q3,0.02,test4_A20,100622,100712,90,False,False,False,,90,1.0,0,0.0,0,0
test4.csv,development,common81,S_Q3,0.02,test4_A21,106447,106600,153,False,False,False,,153,1.0,0,0.0,0,0
test4.csv,development,common81,S_Q3,0.02,test4_A22,115686,115852,166,False,False,False,,166,1.0,0,0.0,0,0
test4.csv,development,common81,S_Q3,0.02,test4_A23,123436,123552,116,False,False,False,,116,1.0,0,0.0,0,0
test4.csv,development,common81,S_Q3,0.02,test4_A24,126315,126402,87,False,False,False,,87,1.0,0,0.0,0,0
test4.csv,development,native,Jr_Q3,0.005,test4_A01,2521,2560,39,False,False,False,,39,1.0,0,0.0,0,0
test4.csv,development,native,Jr_Q3,0.005,test4_A02,4802,4891,89,False,False,False,,89,1.0,0,0.0,0,0
test4.csv,development,native,Jr_Q3,0.005,test4_A03,7021,7118,97,True,True,False,42,42,0.4329896907216495,55,0.5670103092783505,55,1
test4.csv,development,native,Jr_Q3,0.005,test4_A04,11280,11378,98,False,False,False,,98,1.0,0,0.0,0,0
test4.csv,development,native,Jr_Q3,0.005,test4_A05,14871,15377,506,False,False,False,,506,1.0,0,0.0,0,0
test4.csv,development,native,Jr_Q3,0.005,test4_A06,19322,19509,187,False,False,False,,187,1.0,0,0.0,0,0
test4.csv,development,native,Jr_Q3,0.005,test4_A07,27907,28030,123,False,False,False,,123,1.0,0,0.0,0,0
test4.csv,development,native,Jr_Q3,0.005,test4_A08,30546,31220,674,False,False,False,,674,1.0,0,0.0,0,0
test4.csv,development,native,Jr_Q3,0.005,test4_A09,38468,38532,64,False,False,False,,64,1.0,0,0.0,0,0
test4.csv,development,native,Jr_Q3,0.005,test4_A10,47227,47407,180,False,False,False,,180,1.0,0,0.0,0,0
test4.csv,development,native,Jr_Q3,0.005,test4_A11,56107,56207,100,True,True,False,44,44,0.44,56,0.56,56,1
test4.csv,development,native,Jr_Q3,0.005,test4_A12,57734,57891,157,False,False,False,,157,1.0,0,0.0,0,0
test4.csv,development,native,Jr_Q3,0.005,test4_A13,61152,61306,154,False,False,False,,154,1.0,0,0.0,0,0
test4.csv,development,native,Jr_Q3,0.005,test4_A14,69611,69689,78,True,True,False,32,32,0.41025641025641024,46,0.5897435897435898,46,1
test4.csv,development,native,Jr_Q3,0.005,test4_A15,76631,76709,78,True,True,False,34,34,0.4358974358974359,44,0.5641025641025641,44,1
test4.csv,development,native,Jr_Q3,0.005,test4_A16,81589,81724,135,False,False,False,,135,1.0,0,0.0,0,0
test4.csv,development,native,Jr_Q3,0.005,test4_A17,84152,84697,545,False,False,False,,545,1.0,0,0.0,0,0
test4.csv,development,native,Jr_Q3,0.005,test4_A18,91389,91732,343,False,False,False,,343,1.0,0,0.0,0,0
test4.csv,development,native,Jr_Q3,0.005,test4_A19,97146,97310,164,False,False,False,,164,1.0,0,0.0,0,0
test4.csv,development,native,Jr_Q3,0.005,test4_A20,100622,100712,90,False,False,False,,90,1.0,0,0.0,0,0
test4.csv,development,native,Jr_Q3,0.005,test4_A21,106447,106600,153,False,False,False,,153,1.0,0,0.0,0,0
test4.csv,development,native,Jr_Q3,0.005,test4_A22,115686,115852,166,False,False,False,,166,1.0,0,0.0,0,0
test4.csv,development,native,Jr_Q3,0.005,test4_A23,123436,123552,116,False,False,False,,116,1.0,0,0.0,0,0
test4.csv,development,native,Jr_Q3,0.005,test4_A24,126315,126402,87,False,False,False,,87,1.0,0,0.0,0,0
test4.csv,development,common81,Jr_Q3,0.005,test4_A01,2521,2560,39,False,False,False,,39,1.0,0,0.0,0,0
test4.csv,development,common81,Jr_Q3,0.005,test4_A02,4802,4891,89,False,False,False,,89,1.0,0,0.0,0,0
test4.csv,development,common81,Jr_Q3,0.005,test4_A03,7021,7118,97,True,True,False,42,42,0.4329896907216495,55,0.5670103092783505,55,1
test4.csv,development,common81,Jr_Q3,0.005,test4_A04,11280,11378,98,False,False,False,,98,1.0,0,0.0,0,0
test4.csv,development,common81,Jr_Q3,0.005,test4_A05,14871,15377,506,False,False,False,,506,1.0,0,0.0,0,0
test4.csv,development,common81,Jr_Q3,0.005,test4_A06,19322,19509,187,False,False,False,,187,1.0,0,0.0,0,0
test4.csv,development,common81,Jr_Q3,0.005,test4_A07,27907,28030,123,False,False,False,,123,1.0,0,0.0,0,0
test4.csv,development,common81,Jr_Q3,0.005,test4_A08,30546,31220,674,False,False,False,,674,1.0,0,0.0,0,0
test4.csv,development,common81,Jr_Q3,0.005,test4_A09,38468,38532,64,False,False,False,,64,1.0,0,0.0,0,0
test4.csv,development,common81,Jr_Q3,0.005,test4_A10,47227,47407,180,False,False,False,,180,1.0,0,0.0,0,0
test4.csv,development,common81,Jr_Q3,0.005,test4_A11,56107,56207,100,True,True,False,44,44,0.44,56,0.56,56,1
test4.csv,development,common81,Jr_Q3,0.005,test4_A12,57734,57891,157,False,False,False,,157,1.0,0,0.0,0,0
test4.csv,development,common81,Jr_Q3,0.005,test4_A13,61152,61306,154,False,False,False,,154,1.0,0,0.0,0,0
test4.csv,development,common81,Jr_Q3,0.005,test4_A14,69611,69689,78,True,True,False,32,32,0.41025641025641024,46,0.5897435897435898,46,1
test4.csv,development,common81,Jr_Q3,0.005,test4_A15,76631,76709,78,True,True,False,34,34,0.4358974358974359,44,0.5641025641025641,44,1
test4.csv,development,common81,Jr_Q3,0.005,test4_A16,81589,81724,135,False,False,False,,135,1.0,0,0.0,0,0
test4.csv,development,common81,Jr_Q3,0.005,test4_A17,84152,84697,545,False,False,False,,545,1.0,0,0.0,0,0
test4.csv,development,common81,Jr_Q3,0.005,test4_A18,91389,91732,343,False,False,False,,343,1.0,0,0.0,0,0
test4.csv,development,common81,Jr_Q3,0.005,test4_A19,97146,97310,164,False,False,False,,164,1.0,0,0.0,0,0
test4.csv,development,common81,Jr_Q3,0.005,test4_A20,100622,100712,90,False,False,False,,90,1.0,0,0.0,0,0
test4.csv,development,common81,Jr_Q3,0.005,test4_A21,106447,106600,153,False,False,False,,153,1.0,0,0.0,0,0
test4.csv,development,common81,Jr_Q3,0.005,test4_A22,115686,115852,166,False,False,False,,166,1.0,0,0.0,0,0
test4.csv,development,common81,Jr_Q3,0.005,test4_A23,123436,123552,116,False,False,False,,116,1.0,0,0.0,0,0
test4.csv,development,common81,Jr_Q3,0.005,test4_A24,126315,126402,87,False,False,False,,87,1.0,0,0.0,0,0
test4.csv,development,native,Jr_Q3,0.01,test4_A01,2521,2560,39,False,False,False,,39,1.0,0,0.0,0,0
test4.csv,development,native,Jr_Q3,0.01,test4_A02,4802,4891,89,False,False,False,,89,1.0,0,0.0,0,0
test4.csv,development,native,Jr_Q3,0.01,test4_A03,7021,7118,97,True,True,False,42,42,0.4329896907216495,55,0.5670103092783505,55,1
test4.csv,development,native,Jr_Q3,0.01,test4_A04,11280,11378,98,False,False,False,,98,1.0,0,0.0,0,0
test4.csv,development,native,Jr_Q3,0.01,test4_A05,14871,15377,506,False,False,False,,506,1.0,0,0.0,0,0
test4.csv,development,native,Jr_Q3,0.01,test4_A06,19322,19509,187,False,False,False,,187,1.0,0,0.0,0,0
test4.csv,development,native,Jr_Q3,0.01,test4_A07,27907,28030,123,False,False,False,,123,1.0,0,0.0,0,0
test4.csv,development,native,Jr_Q3,0.01,test4_A08,30546,31220,674,False,False,False,,674,1.0,0,0.0,0,0
test4.csv,development,native,Jr_Q3,0.01,test4_A09,38468,38532,64,False,False,False,,64,1.0,0,0.0,0,0
test4.csv,development,native,Jr_Q3,0.01,test4_A10,47227,47407,180,False,False,False,,180,1.0,0,0.0,0,0
test4.csv,development,native,Jr_Q3,0.01,test4_A11,56107,56207,100,True,True,False,44,44,0.44,56,0.56,56,1
test4.csv,development,native,Jr_Q3,0.01,test4_A12,57734,57891,157,False,False,False,,157,1.0,0,0.0,0,0
test4.csv,development,native,Jr_Q3,0.01,test4_A13,61152,61306,154,False,False,False,,154,1.0,0,0.0,0,0
test4.csv,development,native,Jr_Q3,0.01,test4_A14,69611,69689,78,True,True,False,32,32,0.41025641025641024,46,0.5897435897435898,46,1
test4.csv,development,native,Jr_Q3,0.01,test4_A15,76631,76709,78,True,True,False,34,34,0.4358974358974359,44,0.5641025641025641,44,1
test4.csv,development,native,Jr_Q3,0.01,test4_A16,81589,81724,135,False,False,False,,135,1.0,0,0.0,0,0
test4.csv,development,native,Jr_Q3,0.01,test4_A17,84152,84697,545,False,False,False,,545,1.0,0,0.0,0,0
test4.csv,development,native,Jr_Q3,0.01,test4_A18,91389,91732,343,False,False,False,,343,1.0,0,0.0,0,0
test4.csv,development,native,Jr_Q3,0.01,test4_A19,97146,97310,164,False,False,False,,164,1.0,0,0.0,0,0
test4.csv,development,native,Jr_Q3,0.01,test4_A20,100622,100712,90,False,False,False,,90,1.0,0,0.0,0,0
test4.csv,development,native,Jr_Q3,0.01,test4_A21,106447,106600,153,False,False,False,,153,1.0,0,0.0,0,0
test4.csv,development,native,Jr_Q3,0.01,test4_A22,115686,115852,166,False,False,False,,166,1.0,0,0.0,0,0
test4.csv,development,native,Jr_Q3,0.01,test4_A23,123436,123552,116,False,False,False,,116,1.0,0,0.0,0,0
test4.csv,development,native,Jr_Q3,0.01,test4_A24,126315,126402,87,False,False,False,,87,1.0,0,0.0,0,0
test4.csv,development,common81,Jr_Q3,0.01,test4_A01,2521,2560,39,False,False,False,,39,1.0,0,0.0,0,0
test4.csv,development,common81,Jr_Q3,0.01,test4_A02,4802,4891,89,False,False,False,,89,1.0,0,0.0,0,0
test4.csv,development,common81,Jr_Q3,0.01,test4_A03,7021,7118,97,True,True,False,42,42,0.4329896907216495,55,0.5670103092783505,55,1
test4.csv,development,common81,Jr_Q3,0.01,test4_A04,11280,11378,98,False,False,False,,98,1.0,0,0.0,0,0
test4.csv,development,common81,Jr_Q3,0.01,test4_A05,14871,15377,506,False,False,False,,506,1.0,0,0.0,0,0
test4.csv,development,common81,Jr_Q3,0.01,test4_A06,19322,19509,187,False,False,False,,187,1.0,0,0.0,0,0
test4.csv,development,common81,Jr_Q3,0.01,test4_A07,27907,28030,123,False,False,False,,123,1.0,0,0.0,0,0
test4.csv,development,common81,Jr_Q3,0.01,test4_A08,30546,31220,674,False,False,False,,674,1.0,0,0.0,0,0
test4.csv,development,common81,Jr_Q3,0.01,test4_A09,38468,38532,64,False,False,False,,64,1.0,0,0.0,0,0
test4.csv,development,common81,Jr_Q3,0.01,test4_A10,47227,47407,180,False,False,False,,180,1.0,0,0.0,0,0
test4.csv,development,common81,Jr_Q3,0.01,test4_A11,56107,56207,100,True,True,False,44,44,0.44,56,0.56,56,1
test4.csv,development,common81,Jr_Q3,0.01,test4_A12,57734,57891,157,False,False,False,,157,1.0,0,0.0,0,0
test4.csv,development,common81,Jr_Q3,0.01,test4_A13,61152,61306,154,False,False,False,,154,1.0,0,0.0,0,0
test4.csv,development,common81,Jr_Q3,0.01,test4_A14,69611,69689,78,True,True,False,32,32,0.41025641025641024,46,0.5897435897435898,46,1
test4.csv,development,common81,Jr_Q3,0.01,test4_A15,76631,76709,78,True,True,False,34,34,0.4358974358974359,44,0.5641025641025641,44,1
test4.csv,development,common81,Jr_Q3,0.01,test4_A16,81589,81724,135,False,False,False,,135,1.0,0,0.0,0,0
test4.csv,development,common81,Jr_Q3,0.01,test4_A17,84152,84697,545,False,False,False,,545,1.0,0,0.0,0,0
test4.csv,development,common81,Jr_Q3,0.01,test4_A18,91389,91732,343,False,False,False,,343,1.0,0,0.0,0,0
test4.csv,development,common81,Jr_Q3,0.01,test4_A19,97146,97310,164,False,False,False,,164,1.0,0,0.0,0,0
test4.csv,development,common81,Jr_Q3,0.01,test4_A20,100622,100712,90,False,False,False,,90,1.0,0,0.0,0,0
test4.csv,development,common81,Jr_Q3,0.01,test4_A21,106447,106600,153,False,False,False,,153,1.0,0,0.0,0,0
test4.csv,development,common81,Jr_Q3,0.01,test4_A22,115686,115852,166,False,False,False,,166,1.0,0,0.0,0,0
test4.csv,development,common81,Jr_Q3,0.01,test4_A23,123436,123552,116,False,False,False,,116,1.0,0,0.0,0,0
test4.csv,development,common81,Jr_Q3,0.01,test4_A24,126315,126402,87,False,False,False,,87,1.0,0,0.0,0,0
test4.csv,development,native,Jr_Q3,0.02,test4_A01,2521,2560,39,False,False,False,,39,1.0,0,0.0,0,0
test4.csv,development,native,Jr_Q3,0.02,test4_A02,4802,4891,89,False,False,False,,89,1.0,0,0.0,0,0
test4.csv,development,native,Jr_Q3,0.02,test4_A03,7021,7118,97,True,True,False,42,42,0.4329896907216495,55,0.5670103092783505,55,1
test4.csv,development,native,Jr_Q3,0.02,test4_A04,11280,11378,98,False,False,False,,98,1.0,0,0.0,0,0
test4.csv,development,native,Jr_Q3,0.02,test4_A05,14871,15377,506,False,False,False,,506,1.0,0,0.0,0,0
test4.csv,development,native,Jr_Q3,0.02,test4_A06,19322,19509,187,False,False,False,,187,1.0,0,0.0,0,0
test4.csv,development,native,Jr_Q3,0.02,test4_A07,27907,28030,123,False,False,False,,123,1.0,0,0.0,0,0
test4.csv,development,native,Jr_Q3,0.02,test4_A08,30546,31220,674,False,False,False,,674,1.0,0,0.0,0,0
test4.csv,development,native,Jr_Q3,0.02,test4_A09,38468,38532,64,False,False,False,,64,1.0,0,0.0,0,0
test4.csv,development,native,Jr_Q3,0.02,test4_A10,47227,47407,180,False,False,False,,180,1.0,0,0.0,0,0
test4.csv,development,native,Jr_Q3,0.02,test4_A11,56107,56207,100,True,True,False,44,44,0.44,56,0.56,56,1
test4.csv,development,native,Jr_Q3,0.02,test4_A12,57734,57891,157,False,False,False,,157,1.0,0,0.0,0,0
test4.csv,development,native,Jr_Q3,0.02,test4_A13,61152,61306,154,False,False,False,,154,1.0,0,0.0,0,0
test4.csv,development,native,Jr_Q3,0.02,test4_A14,69611,69689,78,True,True,False,32,32,0.41025641025641024,46,0.5897435897435898,46,1
test4.csv,development,native,Jr_Q3,0.02,test4_A15,76631,76709,78,True,True,False,34,34,0.4358974358974359,44,0.5641025641025641,44,1
test4.csv,development,native,Jr_Q3,0.02,test4_A16,81589,81724,135,False,False,False,,135,1.0,0,0.0,0,0
test4.csv,development,native,Jr_Q3,0.02,test4_A17,84152,84697,545,False,False,False,,545,1.0,0,0.0,0,0
test4.csv,development,native,Jr_Q3,0.02,test4_A18,91389,91732,343,False,False,False,,343,1.0,0,0.0,0,0
test4.csv,development,native,Jr_Q3,0.02,test4_A19,97146,97310,164,False,False,False,,164,1.0,0,0.0,0,0
test4.csv,development,native,Jr_Q3,0.02,test4_A20,100622,100712,90,False,False,False,,90,1.0,0,0.0,0,0
test4.csv,development,native,Jr_Q3,0.02,test4_A21,106447,106600,153,False,False,False,,153,1.0,0,0.0,0,0
test4.csv,development,native,Jr_Q3,0.02,test4_A22,115686,115852,166,False,False,False,,166,1.0,0,0.0,0,0
test4.csv,development,native,Jr_Q3,0.02,test4_A23,123436,123552,116,False,False,False,,116,1.0,0,0.0,0,0
test4.csv,development,native,Jr_Q3,0.02,test4_A24,126315,126402,87,False,False,False,,87,1.0,0,0.0,0,0
test4.csv,development,common81,Jr_Q3,0.02,test4_A01,2521,2560,39,False,False,False,,39,1.0,0,0.0,0,0
test4.csv,development,common81,Jr_Q3,0.02,test4_A02,4802,4891,89,False,False,False,,89,1.0,0,0.0,0,0
test4.csv,development,common81,Jr_Q3,0.02,test4_A03,7021,7118,97,True,True,False,42,42,0.4329896907216495,55,0.5670103092783505,55,1
test4.csv,development,common81,Jr_Q3,0.02,test4_A04,11280,11378,98,False,False,False,,98,1.0,0,0.0,0,0
test4.csv,development,common81,Jr_Q3,0.02,test4_A05,14871,15377,506,False,False,False,,506,1.0,0,0.0,0,0
test4.csv,development,common81,Jr_Q3,0.02,test4_A06,19322,19509,187,False,False,False,,187,1.0,0,0.0,0,0
test4.csv,development,common81,Jr_Q3,0.02,test4_A07,27907,28030,123,False,False,False,,123,1.0,0,0.0,0,0
test4.csv,development,common81,Jr_Q3,0.02,test4_A08,30546,31220,674,False,False,False,,674,1.0,0,0.0,0,0
test4.csv,development,common81,Jr_Q3,0.02,test4_A09,38468,38532,64,False,False,False,,64,1.0,0,0.0,0,0
test4.csv,development,common81,Jr_Q3,0.02,test4_A10,47227,47407,180,False,False,False,,180,1.0,0,0.0,0,0
test4.csv,development,common81,Jr_Q3,0.02,test4_A11,56107,56207,100,True,True,False,44,44,0.44,56,0.56,56,1
test4.csv,development,common81,Jr_Q3,0.02,test4_A12,57734,57891,157,False,False,False,,157,1.0,0,0.0,0,0
test4.csv,development,common81,Jr_Q3,0.02,test4_A13,61152,61306,154,False,False,False,,154,1.0,0,0.0,0,0
test4.csv,development,common81,Jr_Q3,0.02,test4_A14,69611,69689,78,True,True,False,32,32,0.41025641025641024,46,0.5897435897435898,46,1
test4.csv,development,common81,Jr_Q3,0.02,test4_A15,76631,76709,78,True,True,False,34,34,0.4358974358974359,44,0.5641025641025641,44,1
test4.csv,development,common81,Jr_Q3,0.02,test4_A16,81589,81724,135,False,False,False,,135,1.0,0,0.0,0,0
test4.csv,development,common81,Jr_Q3,0.02,test4_A17,84152,84697,545,False,False,False,,545,1.0,0,0.0,0,0
test4.csv,development,common81,Jr_Q3,0.02,test4_A18,91389,91732,343,False,False,False,,343,1.0,0,0.0,0,0
test4.csv,development,common81,Jr_Q3,0.02,test4_A19,97146,97310,164,False,False,False,,164,1.0,0,0.0,0,0
test4.csv,development,common81,Jr_Q3,0.02,test4_A20,100622,100712,90,False,False,False,,90,1.0,0,0.0,0,0
test4.csv,development,common81,Jr_Q3,0.02,test4_A21,106447,106600,153,False,False,False,,153,1.0,0,0.0,0,0
test4.csv,development,common81,Jr_Q3,0.02,test4_A22,115686,115852,166,False,False,False,,166,1.0,0,0.0,0,0
test4.csv,development,common81,Jr_Q3,0.02,test4_A23,123436,123552,116,False,False,False,,116,1.0,0,0.0,0,0
test4.csv,development,common81,Jr_Q3,0.02,test4_A24,126315,126402,87,False,False,False,,87,1.0,0,0.0,0,0
test4.csv,development,native,Dr_Q3,0.005,test4_A01,2521,2560,39,True,True,False,14,14,0.358974358974359,25,0.6410256410256411,25,1
test4.csv,development,native,Dr_Q3,0.005,test4_A02,4802,4891,89,False,False,False,,89,1.0,0,0.0,0,0
test4.csv,development,native,Dr_Q3,0.005,test4_A03,7021,7118,97,True,True,False,42,42,0.4329896907216495,55,0.5670103092783505,55,1
test4.csv,development,native,Dr_Q3,0.005,test4_A04,11280,11378,98,False,False,False,,98,1.0,0,0.0,0,0
test4.csv,development,native,Dr_Q3,0.005,test4_A05,14871,15377,506,False,False,False,,506,1.0,0,0.0,0,0
test4.csv,development,native,Dr_Q3,0.005,test4_A06,19322,19509,187,False,False,False,,187,1.0,0,0.0,0,0
test4.csv,development,native,Dr_Q3,0.005,test4_A07,27907,28030,123,False,False,False,,123,1.0,0,0.0,0,0
test4.csv,development,native,Dr_Q3,0.005,test4_A08,30546,31220,674,True,True,False,90,90,0.13353115727002968,61,0.09050445103857567,61,1
test4.csv,development,native,Dr_Q3,0.005,test4_A09,38468,38532,64,False,False,False,,64,1.0,0,0.0,0,0
test4.csv,development,native,Dr_Q3,0.005,test4_A10,47227,47407,180,True,True,False,78,78,0.43333333333333335,52,0.28888888888888886,42,2
test4.csv,development,native,Dr_Q3,0.005,test4_A11,56107,56207,100,True,True,False,44,44,0.44,56,0.56,56,1
test4.csv,development,native,Dr_Q3,0.005,test4_A12,57734,57891,157,False,False,False,,157,1.0,0,0.0,0,0
test4.csv,development,native,Dr_Q3,0.005,test4_A13,61152,61306,154,True,True,False,66,66,0.42857142857142855,78,0.5064935064935064,78,1
test4.csv,development,native,Dr_Q3,0.005,test4_A14,69611,69689,78,True,True,False,32,32,0.41025641025641024,46,0.5897435897435898,46,1
test4.csv,development,native,Dr_Q3,0.005,test4_A15,76631,76709,78,True,True,False,34,34,0.4358974358974359,44,0.5641025641025641,44,1
test4.csv,development,native,Dr_Q3,0.005,test4_A16,81589,81724,135,False,False,False,,135,1.0,0,0.0,0,0
test4.csv,development,native,Dr_Q3,0.005,test4_A17,84152,84697,545,False,False,False,,545,1.0,0,0.0,0,0
test4.csv,development,native,Dr_Q3,0.005,test4_A18,91389,91732,343,False,False,False,,343,1.0,0,0.0,0,0
test4.csv,development,native,Dr_Q3,0.005,test4_A19,97146,97310,164,False,False,False,,164,1.0,0,0.0,0,0
test4.csv,development,native,Dr_Q3,0.005,test4_A20,100622,100712,90,False,False,False,,90,1.0,0,0.0,0,0
test4.csv,development,native,Dr_Q3,0.005,test4_A21,106447,106600,153,False,False,False,,153,1.0,0,0.0,0,0
test4.csv,development,native,Dr_Q3,0.005,test4_A22,115686,115852,166,False,False,False,,166,1.0,0,0.0,0,0
test4.csv,development,native,Dr_Q3,0.005,test4_A23,123436,123552,116,False,False,False,,116,1.0,0,0.0,0,0
test4.csv,development,native,Dr_Q3,0.005,test4_A24,126315,126402,87,False,False,False,,87,1.0,0,0.0,0,0
test4.csv,development,common81,Dr_Q3,0.005,test4_A01,2521,2560,39,True,True,False,14,14,0.358974358974359,25,0.6410256410256411,25,1
test4.csv,development,common81,Dr_Q3,0.005,test4_A02,4802,4891,89,False,False,False,,89,1.0,0,0.0,0,0
test4.csv,development,common81,Dr_Q3,0.005,test4_A03,7021,7118,97,True,True,False,42,42,0.4329896907216495,55,0.5670103092783505,55,1
test4.csv,development,common81,Dr_Q3,0.005,test4_A04,11280,11378,98,False,False,False,,98,1.0,0,0.0,0,0
test4.csv,development,common81,Dr_Q3,0.005,test4_A05,14871,15377,506,False,False,False,,506,1.0,0,0.0,0,0
test4.csv,development,common81,Dr_Q3,0.005,test4_A06,19322,19509,187,False,False,False,,187,1.0,0,0.0,0,0
test4.csv,development,common81,Dr_Q3,0.005,test4_A07,27907,28030,123,False,False,False,,123,1.0,0,0.0,0,0
test4.csv,development,common81,Dr_Q3,0.005,test4_A08,30546,31220,674,True,True,False,90,90,0.13353115727002968,61,0.09050445103857567,61,1
test4.csv,development,common81,Dr_Q3,0.005,test4_A09,38468,38532,64,False,False,False,,64,1.0,0,0.0,0,0
test4.csv,development,common81,Dr_Q3,0.005,test4_A10,47227,47407,180,True,True,False,78,78,0.43333333333333335,52,0.28888888888888886,42,2
test4.csv,development,common81,Dr_Q3,0.005,test4_A11,56107,56207,100,True,True,False,44,44,0.44,56,0.56,56,1
test4.csv,development,common81,Dr_Q3,0.005,test4_A12,57734,57891,157,False,False,False,,157,1.0,0,0.0,0,0
test4.csv,development,common81,Dr_Q3,0.005,test4_A13,61152,61306,154,True,True,False,66,66,0.42857142857142855,78,0.5064935064935064,78,1
test4.csv,development,common81,Dr_Q3,0.005,test4_A14,69611,69689,78,True,True,False,32,32,0.41025641025641024,46,0.5897435897435898,46,1
test4.csv,development,common81,Dr_Q3,0.005,test4_A15,76631,76709,78,True,True,False,34,34,0.4358974358974359,44,0.5641025641025641,44,1
test4.csv,development,common81,Dr_Q3,0.005,test4_A16,81589,81724,135,False,False,False,,135,1.0,0,0.0,0,0
test4.csv,development,common81,Dr_Q3,0.005,test4_A17,84152,84697,545,False,False,False,,545,1.0,0,0.0,0,0
test4.csv,development,common81,Dr_Q3,0.005,test4_A18,91389,91732,343,False,False,False,,343,1.0,0,0.0,0,0
test4.csv,development,common81,Dr_Q3,0.005,test4_A19,97146,97310,164,False,False,False,,164,1.0,0,0.0,0,0
test4.csv,development,common81,Dr_Q3,0.005,test4_A20,100622,100712,90,False,False,False,,90,1.0,0,0.0,0,0
test4.csv,development,common81,Dr_Q3,0.005,test4_A21,106447,106600,153,False,False,False,,153,1.0,0,0.0,0,0
test4.csv,development,common81,Dr_Q3,0.005,test4_A22,115686,115852,166,False,False,False,,166,1.0,0,0.0,0,0
test4.csv,development,common81,Dr_Q3,0.005,test4_A23,123436,123552,116,False,False,False,,116,1.0,0,0.0,0,0
test4.csv,development,common81,Dr_Q3,0.005,test4_A24,126315,126402,87,False,False,False,,87,1.0,0,0.0,0,0
test4.csv,development,native,Dr_Q3,0.01,test4_A01,2521,2560,39,True,True,False,13,13,0.3333333333333333,26,0.6666666666666666,26,1
test4.csv,development,native,Dr_Q3,0.01,test4_A02,4802,4891,89,False,False,False,,89,1.0,0,0.0,0,0
test4.csv,development,native,Dr_Q3,0.01,test4_A03,7021,7118,97,True,True,False,42,42,0.4329896907216495,55,0.5670103092783505,55,1
test4.csv,development,native,Dr_Q3,0.01,test4_A04,11280,11378,98,False,False,False,,98,1.0,0,0.0,0,0
test4.csv,development,native,Dr_Q3,0.01,test4_A05,14871,15377,506,False,False,False,,506,1.0,0,0.0,0,0
test4.csv,development,native,Dr_Q3,0.01,test4_A06,19322,19509,187,False,False,False,,187,1.0,0,0.0,0,0
test4.csv,development,native,Dr_Q3,0.01,test4_A07,27907,28030,123,False,False,False,,123,1.0,0,0.0,0,0
test4.csv,development,native,Dr_Q3,0.01,test4_A08,30546,31220,674,True,True,False,89,89,0.13204747774480713,68,0.10089020771513353,63,2
test4.csv,development,native,Dr_Q3,0.01,test4_A09,38468,38532,64,True,True,False,50,50,0.78125,9,0.140625,9,1
test4.csv,development,native,Dr_Q3,0.01,test4_A10,47227,47407,180,True,True,False,73,73,0.40555555555555556,67,0.37222222222222223,67,1
test4.csv,development,native,Dr_Q3,0.01,test4_A11,56107,56207,100,True,True,False,44,44,0.44,56,0.56,56,1
test4.csv,development,native,Dr_Q3,0.01,test4_A12,57734,57891,157,False,False,False,,157,1.0,0,0.0,0,0
test4.csv,development,native,Dr_Q3,0.01,test4_A13,61152,61306,154,True,True,False,59,59,0.38311688311688313,87,0.564935064935065,87,1
test4.csv,development,native,Dr_Q3,0.01,test4_A14,69611,69689,78,True,True,False,32,32,0.41025641025641024,46,0.5897435897435898,46,1
test4.csv,development,native,Dr_Q3,0.01,test4_A15,76631,76709,78,True,True,False,34,34,0.4358974358974359,44,0.5641025641025641,44,1
test4.csv,development,native,Dr_Q3,0.01,test4_A16,81589,81724,135,False,False,False,,135,1.0,0,0.0,0,0
test4.csv,development,native,Dr_Q3,0.01,test4_A17,84152,84697,545,False,False,False,,545,1.0,0,0.0,0,0
test4.csv,development,native,Dr_Q3,0.01,test4_A18,91389,91732,343,False,False,False,,343,1.0,0,0.0,0,0
test4.csv,development,native,Dr_Q3,0.01,test4_A19,97146,97310,164,True,True,False,74,74,0.45121951219512196,4,0.024390243902439025,4,1
test4.csv,development,native,Dr_Q3,0.01,test4_A20,100622,100712,90,False,False,False,,90,1.0,0,0.0,0,0
test4.csv,development,native,Dr_Q3,0.01,test4_A21,106447,106600,153,False,False,False,,153,1.0,0,0.0,0,0
test4.csv,development,native,Dr_Q3,0.01,test4_A22,115686,115852,166,False,False,False,,166,1.0,0,0.0,0,0
test4.csv,development,native,Dr_Q3,0.01,test4_A23,123436,123552,116,False,False,False,,116,1.0,0,0.0,0,0
test4.csv,development,native,Dr_Q3,0.01,test4_A24,126315,126402,87,False,False,False,,87,1.0,0,0.0,0,0
test4.csv,development,common81,Dr_Q3,0.01,test4_A01,2521,2560,39,True,True,False,13,13,0.3333333333333333,26,0.6666666666666666,26,1
test4.csv,development,common81,Dr_Q3,0.01,test4_A02,4802,4891,89,False,False,False,,89,1.0,0,0.0,0,0
test4.csv,development,common81,Dr_Q3,0.01,test4_A03,7021,7118,97,True,True,False,42,42,0.4329896907216495,55,0.5670103092783505,55,1
test4.csv,development,common81,Dr_Q3,0.01,test4_A04,11280,11378,98,False,False,False,,98,1.0,0,0.0,0,0
test4.csv,development,common81,Dr_Q3,0.01,test4_A05,14871,15377,506,False,False,False,,506,1.0,0,0.0,0,0
test4.csv,development,common81,Dr_Q3,0.01,test4_A06,19322,19509,187,False,False,False,,187,1.0,0,0.0,0,0
test4.csv,development,common81,Dr_Q3,0.01,test4_A07,27907,28030,123,False,False,False,,123,1.0,0,0.0,0,0
test4.csv,development,common81,Dr_Q3,0.01,test4_A08,30546,31220,674,True,True,False,89,89,0.13204747774480713,68,0.10089020771513353,63,2
test4.csv,development,common81,Dr_Q3,0.01,test4_A09,38468,38532,64,True,True,False,50,50,0.78125,9,0.140625,9,1
test4.csv,development,common81,Dr_Q3,0.01,test4_A10,47227,47407,180,True,True,False,73,73,0.40555555555555556,67,0.37222222222222223,67,1
test4.csv,development,common81,Dr_Q3,0.01,test4_A11,56107,56207,100,True,True,False,44,44,0.44,56,0.56,56,1
test4.csv,development,common81,Dr_Q3,0.01,test4_A12,57734,57891,157,False,False,False,,157,1.0,0,0.0,0,0
test4.csv,development,common81,Dr_Q3,0.01,test4_A13,61152,61306,154,True,True,False,59,59,0.38311688311688313,87,0.564935064935065,87,1
test4.csv,development,common81,Dr_Q3,0.01,test4_A14,69611,69689,78,True,True,False,32,32,0.41025641025641024,46,0.5897435897435898,46,1
test4.csv,development,common81,Dr_Q3,0.01,test4_A15,76631,76709,78,True,True,False,34,34,0.4358974358974359,44,0.5641025641025641,44,1
test4.csv,development,common81,Dr_Q3,0.01,test4_A16,81589,81724,135,False,False,False,,135,1.0,0,0.0,0,0
test4.csv,development,common81,Dr_Q3,0.01,test4_A17,84152,84697,545,False,False,False,,545,1.0,0,0.0,0,0
test4.csv,development,common81,Dr_Q3,0.01,test4_A18,91389,91732,343,False,False,False,,343,1.0,0,0.0,0,0
test4.csv,development,common81,Dr_Q3,0.01,test4_A19,97146,97310,164,True,True,False,74,74,0.45121951219512196,4,0.024390243902439025,4,1
test4.csv,development,common81,Dr_Q3,0.01,test4_A20,100622,100712,90,False,False,False,,90,1.0,0,0.0,0,0
test4.csv,development,common81,Dr_Q3,0.01,test4_A21,106447,106600,153,False,False,False,,153,1.0,0,0.0,0,0
test4.csv,development,common81,Dr_Q3,0.01,test4_A22,115686,115852,166,False,False,False,,166,1.0,0,0.0,0,0
test4.csv,development,common81,Dr_Q3,0.01,test4_A23,123436,123552,116,False,False,False,,116,1.0,0,0.0,0,0
test4.csv,development,common81,Dr_Q3,0.01,test4_A24,126315,126402,87,False,False,False,,87,1.0,0,0.0,0,0
test4.csv,development,native,Dr_Q3,0.02,test4_A01,2521,2560,39,True,True,False,12,12,0.3076923076923077,27,0.6923076923076923,27,1
test4.csv,development,native,Dr_Q3,0.02,test4_A02,4802,4891,89,False,False,False,,89,1.0,0,0.0,0,0
test4.csv,development,native,Dr_Q3,0.02,test4_A03,7021,7118,97,True,True,False,42,42,0.4329896907216495,55,0.5670103092783505,55,1
test4.csv,development,native,Dr_Q3,0.02,test4_A04,11280,11378,98,False,False,False,,98,1.0,0,0.0,0,0
test4.csv,development,native,Dr_Q3,0.02,test4_A05,14871,15377,506,False,False,False,,506,1.0,0,0.0,0,0
test4.csv,development,native,Dr_Q3,0.02,test4_A06,19322,19509,187,False,False,False,,187,1.0,0,0.0,0,0
test4.csv,development,native,Dr_Q3,0.02,test4_A07,27907,28030,123,False,False,False,,123,1.0,0,0.0,0,0
test4.csv,development,native,Dr_Q3,0.02,test4_A08,30546,31220,674,True,True,False,87,87,0.129080118694362,126,0.18694362017804153,67,2
test4.csv,development,native,Dr_Q3,0.02,test4_A09,38468,38532,64,True,True,False,2,2,0.03125,56,0.875,36,2
test4.csv,development,native,Dr_Q3,0.02,test4_A10,47227,47407,180,True,True,False,49,49,0.2722222222222222,103,0.5722222222222222,103,1
test4.csv,development,native,Dr_Q3,0.02,test4_A11,56107,56207,100,True,True,False,44,44,0.44,56,0.56,56,1
test4.csv,development,native,Dr_Q3,0.02,test4_A12,57734,57891,157,False,False,False,,157,1.0,0,0.0,0,0
test4.csv,development,native,Dr_Q3,0.02,test4_A13,61152,61306,154,True,True,False,52,52,0.33766233766233766,101,0.6558441558441559,101,1
test4.csv,development,native,Dr_Q3,0.02,test4_A14,69611,69689,78,True,True,False,32,32,0.41025641025641024,46,0.5897435897435898,46,1
test4.csv,development,native,Dr_Q3,0.02,test4_A15,76631,76709,78,True,True,False,34,34,0.4358974358974359,44,0.5641025641025641,44,1
test4.csv,development,native,Dr_Q3,0.02,test4_A16,81589,81724,135,False,False,False,,135,1.0,0,0.0,0,0
test4.csv,development,native,Dr_Q3,0.02,test4_A17,84152,84697,545,False,False,False,,545,1.0,0,0.0,0,0
test4.csv,development,native,Dr_Q3,0.02,test4_A18,91389,91732,343,False,False,False,,343,1.0,0,0.0,0,0
test4.csv,development,native,Dr_Q3,0.02,test4_A19,97146,97310,164,True,True,False,62,62,0.3780487804878049,27,0.16463414634146342,27,1
test4.csv,development,native,Dr_Q3,0.02,test4_A20,100622,100712,90,False,False,False,,90,1.0,0,0.0,0,0
test4.csv,development,native,Dr_Q3,0.02,test4_A21,106447,106600,153,False,False,False,,153,1.0,0,0.0,0,0
test4.csv,development,native,Dr_Q3,0.02,test4_A22,115686,115852,166,False,False,False,,166,1.0,0,0.0,0,0
test4.csv,development,native,Dr_Q3,0.02,test4_A23,123436,123552,116,False,False,False,,116,1.0,0,0.0,0,0
test4.csv,development,native,Dr_Q3,0.02,test4_A24,126315,126402,87,False,False,False,,87,1.0,0,0.0,0,0
test4.csv,development,common81,Dr_Q3,0.02,test4_A01,2521,2560,39,True,True,False,12,12,0.3076923076923077,27,0.6923076923076923,27,1
test4.csv,development,common81,Dr_Q3,0.02,test4_A02,4802,4891,89,False,False,False,,89,1.0,0,0.0,0,0
test4.csv,development,common81,Dr_Q3,0.02,test4_A03,7021,7118,97,True,True,False,42,42,0.4329896907216495,55,0.5670103092783505,55,1
test4.csv,development,common81,Dr_Q3,0.02,test4_A04,11280,11378,98,False,False,False,,98,1.0,0,0.0,0,0
test4.csv,development,common81,Dr_Q3,0.02,test4_A05,14871,15377,506,False,False,False,,506,1.0,0,0.0,0,0
test4.csv,development,common81,Dr_Q3,0.02,test4_A06,19322,19509,187,False,False,False,,187,1.0,0,0.0,0,0
test4.csv,development,common81,Dr_Q3,0.02,test4_A07,27907,28030,123,False,False,False,,123,1.0,0,0.0,0,0
test4.csv,development,common81,Dr_Q3,0.02,test4_A08,30546,31220,674,True,True,False,87,87,0.129080118694362,126,0.18694362017804153,67,2
test4.csv,development,common81,Dr_Q3,0.02,test4_A09,38468,38532,64,True,True,False,2,2,0.03125,56,0.875,36,2
test4.csv,development,common81,Dr_Q3,0.02,test4_A10,47227,47407,180,True,True,False,49,49,0.2722222222222222,103,0.5722222222222222,103,1
test4.csv,development,common81,Dr_Q3,0.02,test4_A11,56107,56207,100,True,True,False,44,44,0.44,56,0.56,56,1
test4.csv,development,common81,Dr_Q3,0.02,test4_A12,57734,57891,157,False,False,False,,157,1.0,0,0.0,0,0
test4.csv,development,common81,Dr_Q3,0.02,test4_A13,61152,61306,154,True,True,False,52,52,0.33766233766233766,101,0.6558441558441559,101,1
test4.csv,development,common81,Dr_Q3,0.02,test4_A14,69611,69689,78,True,True,False,32,32,0.41025641025641024,46,0.5897435897435898,46,1
test4.csv,development,common81,Dr_Q3,0.02,test4_A15,76631,76709,78,True,True,False,34,34,0.4358974358974359,44,0.5641025641025641,44,1
test4.csv,development,common81,Dr_Q3,0.02,test4_A16,81589,81724,135,False,False,False,,135,1.0,0,0.0,0,0
test4.csv,development,common81,Dr_Q3,0.02,test4_A17,84152,84697,545,False,False,False,,545,1.0,0,0.0,0,0
test4.csv,development,common81,Dr_Q3,0.02,test4_A18,91389,91732,343,False,False,False,,343,1.0,0,0.0,0,0
test4.csv,development,common81,Dr_Q3,0.02,test4_A19,97146,97310,164,True,True,False,62,62,0.3780487804878049,27,0.16463414634146342,27,1
test4.csv,development,common81,Dr_Q3,0.02,test4_A20,100622,100712,90,False,False,False,,90,1.0,0,0.0,0,0
test4.csv,development,common81,Dr_Q3,0.02,test4_A21,106447,106600,153,False,False,False,,153,1.0,0,0.0,0,0
test4.csv,development,common81,Dr_Q3,0.02,test4_A22,115686,115852,166,False,False,False,,166,1.0,0,0.0,0,0
test4.csv,development,common81,Dr_Q3,0.02,test4_A23,123436,123552,116,False,False,False,,116,1.0,0,0.0,0,0
test4.csv,development,common81,Dr_Q3,0.02,test4_A24,126315,126402,87,False,False,False,,87,1.0,0,0.0,0,0
test4.csv,development,native,PairError-Q3,0.005,test4_A01,2521,2560,39,False,False,False,,39,1.0,0,0.0,0,0
test4.csv,development,native,PairError-Q3,0.005,test4_A02,4802,4891,89,False,False,False,,89,1.0,0,0.0,0,0
test4.csv,development,native,PairError-Q3,0.005,test4_A03,7021,7118,97,True,True,False,42,42,0.4329896907216495,55,0.5670103092783505,55,1
test4.csv,development,native,PairError-Q3,0.005,test4_A04,11280,11378,98,False,False,False,,98,1.0,0,0.0,0,0
test4.csv,development,native,PairError-Q3,0.005,test4_A05,14871,15377,506,False,False,False,,506,1.0,0,0.0,0,0
test4.csv,development,native,PairError-Q3,0.005,test4_A06,19322,19509,187,False,False,False,,187,1.0,0,0.0,0,0
test4.csv,development,native,PairError-Q3,0.005,test4_A07,27907,28030,123,False,False,False,,123,1.0,0,0.0,0,0
test4.csv,development,native,PairError-Q3,0.005,test4_A08,30546,31220,674,False,False,False,,674,1.0,0,0.0,0,0
test4.csv,development,native,PairError-Q3,0.005,test4_A09,38468,38532,64,False,False,False,,64,1.0,0,0.0,0,0
test4.csv,development,native,PairError-Q3,0.005,test4_A10,47227,47407,180,False,False,False,,180,1.0,0,0.0,0,0
test4.csv,development,native,PairError-Q3,0.005,test4_A11,56107,56207,100,True,True,False,44,44,0.44,56,0.56,56,1
test4.csv,development,native,PairError-Q3,0.005,test4_A12,57734,57891,157,False,False,False,,157,1.0,0,0.0,0,0
test4.csv,development,native,PairError-Q3,0.005,test4_A13,61152,61306,154,False,False,False,,154,1.0,0,0.0,0,0
test4.csv,development,native,PairError-Q3,0.005,test4_A14,69611,69689,78,True,True,False,32,32,0.41025641025641024,46,0.5897435897435898,46,1
test4.csv,development,native,PairError-Q3,0.005,test4_A15,76631,76709,78,True,True,False,34,34,0.4358974358974359,44,0.5641025641025641,44,1
test4.csv,development,native,PairError-Q3,0.005,test4_A16,81589,81724,135,False,False,False,,135,1.0,0,0.0,0,0
test4.csv,development,native,PairError-Q3,0.005,test4_A17,84152,84697,545,False,False,False,,545,1.0,0,0.0,0,0
test4.csv,development,native,PairError-Q3,0.005,test4_A18,91389,91732,343,False,False,False,,343,1.0,0,0.0,0,0
test4.csv,development,native,PairError-Q3,0.005,test4_A19,97146,97310,164,False,False,False,,164,1.0,0,0.0,0,0
test4.csv,development,native,PairError-Q3,0.005,test4_A20,100622,100712,90,False,False,False,,90,1.0,0,0.0,0,0
test4.csv,development,native,PairError-Q3,0.005,test4_A21,106447,106600,153,False,False,False,,153,1.0,0,0.0,0,0
test4.csv,development,native,PairError-Q3,0.005,test4_A22,115686,115852,166,False,False,False,,166,1.0,0,0.0,0,0
test4.csv,development,native,PairError-Q3,0.005,test4_A23,123436,123552,116,False,False,False,,116,1.0,0,0.0,0,0
test4.csv,development,native,PairError-Q3,0.005,test4_A24,126315,126402,87,False,False,False,,87,1.0,0,0.0,0,0
test4.csv,development,common81,PairError-Q3,0.005,test4_A01,2521,2560,39,False,False,False,,39,1.0,0,0.0,0,0
test4.csv,development,common81,PairError-Q3,0.005,test4_A02,4802,4891,89,False,False,False,,89,1.0,0,0.0,0,0
test4.csv,development,common81,PairError-Q3,0.005,test4_A03,7021,7118,97,True,True,False,42,42,0.4329896907216495,55,0.5670103092783505,55,1
test4.csv,development,common81,PairError-Q3,0.005,test4_A04,11280,11378,98,False,False,False,,98,1.0,0,0.0,0,0
test4.csv,development,common81,PairError-Q3,0.005,test4_A05,14871,15377,506,False,False,False,,506,1.0,0,0.0,0,0
test4.csv,development,common81,PairError-Q3,0.005,test4_A06,19322,19509,187,False,False,False,,187,1.0,0,0.0,0,0
test4.csv,development,common81,PairError-Q3,0.005,test4_A07,27907,28030,123,False,False,False,,123,1.0,0,0.0,0,0
test4.csv,development,common81,PairError-Q3,0.005,test4_A08,30546,31220,674,False,False,False,,674,1.0,0,0.0,0,0
test4.csv,development,common81,PairError-Q3,0.005,test4_A09,38468,38532,64,False,False,False,,64,1.0,0,0.0,0,0
test4.csv,development,common81,PairError-Q3,0.005,test4_A10,47227,47407,180,False,False,False,,180,1.0,0,0.0,0,0
test4.csv,development,common81,PairError-Q3,0.005,test4_A11,56107,56207,100,True,True,False,44,44,0.44,56,0.56,56,1
test4.csv,development,common81,PairError-Q3,0.005,test4_A12,57734,57891,157,False,False,False,,157,1.0,0,0.0,0,0
test4.csv,development,common81,PairError-Q3,0.005,test4_A13,61152,61306,154,False,False,False,,154,1.0,0,0.0,0,0
test4.csv,development,common81,PairError-Q3,0.005,test4_A14,69611,69689,78,True,True,False,32,32,0.41025641025641024,46,0.5897435897435898,46,1
test4.csv,development,common81,PairError-Q3,0.005,test4_A15,76631,76709,78,True,True,False,34,34,0.4358974358974359,44,0.5641025641025641,44,1
test4.csv,development,common81,PairError-Q3,0.005,test4_A16,81589,81724,135,False,False,False,,135,1.0,0,0.0,0,0
test4.csv,development,common81,PairError-Q3,0.005,test4_A17,84152,84697,545,False,False,False,,545,1.0,0,0.0,0,0
test4.csv,development,common81,PairError-Q3,0.005,test4_A18,91389,91732,343,False,False,False,,343,1.0,0,0.0,0,0
test4.csv,development,common81,PairError-Q3,0.005,test4_A19,97146,97310,164,False,False,False,,164,1.0,0,0.0,0,0
test4.csv,development,common81,PairError-Q3,0.005,test4_A20,100622,100712,90,False,False,False,,90,1.0,0,0.0,0,0
test4.csv,development,common81,PairError-Q3,0.005,test4_A21,106447,106600,153,False,False,False,,153,1.0,0,0.0,0,0
test4.csv,development,common81,PairError-Q3,0.005,test4_A22,115686,115852,166,False,False,False,,166,1.0,0,0.0,0,0
test4.csv,development,common81,PairError-Q3,0.005,test4_A23,123436,123552,116,False,False,False,,116,1.0,0,0.0,0,0
test4.csv,development,common81,PairError-Q3,0.005,test4_A24,126315,126402,87,False,False,False,,87,1.0,0,0.0,0,0
test4.csv,development,native,PairError-Q3,0.01,test4_A01,2521,2560,39,False,False,False,,39,1.0,0,0.0,0,0
test4.csv,development,native,PairError-Q3,0.01,test4_A02,4802,4891,89,False,False,False,,89,1.0,0,0.0,0,0
test4.csv,development,native,PairError-Q3,0.01,test4_A03,7021,7118,97,True,True,False,42,42,0.4329896907216495,55,0.5670103092783505,55,1
test4.csv,development,native,PairError-Q3,0.01,test4_A04,11280,11378,98,False,False,False,,98,1.0,0,0.0,0,0
test4.csv,development,native,PairError-Q3,0.01,test4_A05,14871,15377,506,False,False,False,,506,1.0,0,0.0,0,0
test4.csv,development,native,PairError-Q3,0.01,test4_A06,19322,19509,187,False,False,False,,187,1.0,0,0.0,0,0
test4.csv,development,native,PairError-Q3,0.01,test4_A07,27907,28030,123,False,False,False,,123,1.0,0,0.0,0,0
test4.csv,development,native,PairError-Q3,0.01,test4_A08,30546,31220,674,False,False,False,,674,1.0,0,0.0,0,0
test4.csv,development,native,PairError-Q3,0.01,test4_A09,38468,38532,64,False,False,False,,64,1.0,0,0.0,0,0
test4.csv,development,native,PairError-Q3,0.01,test4_A10,47227,47407,180,False,False,False,,180,1.0,0,0.0,0,0
test4.csv,development,native,PairError-Q3,0.01,test4_A11,56107,56207,100,True,True,False,44,44,0.44,56,0.56,56,1
test4.csv,development,native,PairError-Q3,0.01,test4_A12,57734,57891,157,False,False,False,,157,1.0,0,0.0,0,0
test4.csv,development,native,PairError-Q3,0.01,test4_A13,61152,61306,154,False,False,False,,154,1.0,0,0.0,0,0
test4.csv,development,native,PairError-Q3,0.01,test4_A14,69611,69689,78,True,True,False,32,32,0.41025641025641024,46,0.5897435897435898,46,1
test4.csv,development,native,PairError-Q3,0.01,test4_A15,76631,76709,78,True,True,False,34,34,0.4358974358974359,44,0.5641025641025641,44,1
test4.csv,development,native,PairError-Q3,0.01,test4_A16,81589,81724,135,False,False,False,,135,1.0,0,0.0,0,0
test4.csv,development,native,PairError-Q3,0.01,test4_A17,84152,84697,545,False,False,False,,545,1.0,0,0.0,0,0
test4.csv,development,native,PairError-Q3,0.01,test4_A18,91389,91732,343,False,False,False,,343,1.0,0,0.0,0,0
test4.csv,development,native,PairError-Q3,0.01,test4_A19,97146,97310,164,False,False,False,,164,1.0,0,0.0,0,0
test4.csv,development,native,PairError-Q3,0.01,test4_A20,100622,100712,90,False,False,False,,90,1.0,0,0.0,0,0
test4.csv,development,native,PairError-Q3,0.01,test4_A21,106447,106600,153,False,False,False,,153,1.0,0,0.0,0,0
test4.csv,development,native,PairError-Q3,0.01,test4_A22,115686,115852,166,False,False,False,,166,1.0,0,0.0,0,0
test4.csv,development,native,PairError-Q3,0.01,test4_A23,123436,123552,116,False,False,False,,116,1.0,0,0.0,0,0
test4.csv,development,native,PairError-Q3,0.01,test4_A24,126315,126402,87,False,False,False,,87,1.0,0,0.0,0,0
test4.csv,development,common81,PairError-Q3,0.01,test4_A01,2521,2560,39,False,False,False,,39,1.0,0,0.0,0,0
test4.csv,development,common81,PairError-Q3,0.01,test4_A02,4802,4891,89,False,False,False,,89,1.0,0,0.0,0,0
test4.csv,development,common81,PairError-Q3,0.01,test4_A03,7021,7118,97,True,True,False,42,42,0.4329896907216495,55,0.5670103092783505,55,1
test4.csv,development,common81,PairError-Q3,0.01,test4_A04,11280,11378,98,False,False,False,,98,1.0,0,0.0,0,0
test4.csv,development,common81,PairError-Q3,0.01,test4_A05,14871,15377,506,False,False,False,,506,1.0,0,0.0,0,0
test4.csv,development,common81,PairError-Q3,0.01,test4_A06,19322,19509,187,False,False,False,,187,1.0,0,0.0,0,0
test4.csv,development,common81,PairError-Q3,0.01,test4_A07,27907,28030,123,False,False,False,,123,1.0,0,0.0,0,0
test4.csv,development,common81,PairError-Q3,0.01,test4_A08,30546,31220,674,False,False,False,,674,1.0,0,0.0,0,0
test4.csv,development,common81,PairError-Q3,0.01,test4_A09,38468,38532,64,False,False,False,,64,1.0,0,0.0,0,0
test4.csv,development,common81,PairError-Q3,0.01,test4_A10,47227,47407,180,False,False,False,,180,1.0,0,0.0,0,0
test4.csv,development,common81,PairError-Q3,0.01,test4_A11,56107,56207,100,True,True,False,44,44,0.44,56,0.56,56,1
test4.csv,development,common81,PairError-Q3,0.01,test4_A12,57734,57891,157,False,False,False,,157,1.0,0,0.0,0,0
test4.csv,development,common81,PairError-Q3,0.01,test4_A13,61152,61306,154,False,False,False,,154,1.0,0,0.0,0,0
test4.csv,development,common81,PairError-Q3,0.01,test4_A14,69611,69689,78,True,True,False,32,32,0.41025641025641024,46,0.5897435897435898,46,1
test4.csv,development,common81,PairError-Q3,0.01,test4_A15,76631,76709,78,True,True,False,34,34,0.4358974358974359,44,0.5641025641025641,44,1
test4.csv,development,common81,PairError-Q3,0.01,test4_A16,81589,81724,135,False,False,False,,135,1.0,0,0.0,0,0
test4.csv,development,common81,PairError-Q3,0.01,test4_A17,84152,84697,545,False,False,False,,545,1.0,0,0.0,0,0
test4.csv,development,common81,PairError-Q3,0.01,test4_A18,91389,91732,343,False,False,False,,343,1.0,0,0.0,0,0
test4.csv,development,common81,PairError-Q3,0.01,test4_A19,97146,97310,164,False,False,False,,164,1.0,0,0.0,0,0
test4.csv,development,common81,PairError-Q3,0.01,test4_A20,100622,100712,90,False,False,False,,90,1.0,0,0.0,0,0
test4.csv,development,common81,PairError-Q3,0.01,test4_A21,106447,106600,153,False,False,False,,153,1.0,0,0.0,0,0
test4.csv,development,common81,PairError-Q3,0.01,test4_A22,115686,115852,166,False,False,False,,166,1.0,0,0.0,0,0
test4.csv,development,common81,PairError-Q3,0.01,test4_A23,123436,123552,116,False,False,False,,116,1.0,0,0.0,0,0
test4.csv,development,common81,PairError-Q3,0.01,test4_A24,126315,126402,87,False,False,False,,87,1.0,0,0.0,0,0
test4.csv,development,native,PairError-Q3,0.02,test4_A01,2521,2560,39,False,False,False,,39,1.0,0,0.0,0,0
test4.csv,development,native,PairError-Q3,0.02,test4_A02,4802,4891,89,False,False,False,,89,1.0,0,0.0,0,0
test4.csv,development,native,PairError-Q3,0.02,test4_A03,7021,7118,97,True,True,False,42,42,0.4329896907216495,55,0.5670103092783505,55,1
test4.csv,development,native,PairError-Q3,0.02,test4_A04,11280,11378,98,False,False,False,,98,1.0,0,0.0,0,0
test4.csv,development,native,PairError-Q3,0.02,test4_A05,14871,15377,506,False,False,False,,506,1.0,0,0.0,0,0
test4.csv,development,native,PairError-Q3,0.02,test4_A06,19322,19509,187,False,False,False,,187,1.0,0,0.0,0,0
test4.csv,development,native,PairError-Q3,0.02,test4_A07,27907,28030,123,False,False,False,,123,1.0,0,0.0,0,0
test4.csv,development,native,PairError-Q3,0.02,test4_A08,30546,31220,674,False,False,False,,674,1.0,0,0.0,0,0
test4.csv,development,native,PairError-Q3,0.02,test4_A09,38468,38532,64,False,False,False,,64,1.0,0,0.0,0,0
test4.csv,development,native,PairError-Q3,0.02,test4_A10,47227,47407,180,False,False,False,,180,1.0,0,0.0,0,0
test4.csv,development,native,PairError-Q3,0.02,test4_A11,56107,56207,100,True,True,False,44,44,0.44,56,0.56,56,1
test4.csv,development,native,PairError-Q3,0.02,test4_A12,57734,57891,157,False,False,False,,157,1.0,0,0.0,0,0
test4.csv,development,native,PairError-Q3,0.02,test4_A13,61152,61306,154,False,False,False,,154,1.0,0,0.0,0,0
test4.csv,development,native,PairError-Q3,0.02,test4_A14,69611,69689,78,True,True,False,32,32,0.41025641025641024,46,0.5897435897435898,46,1
test4.csv,development,native,PairError-Q3,0.02,test4_A15,76631,76709,78,True,True,False,34,34,0.4358974358974359,44,0.5641025641025641,44,1
test4.csv,development,native,PairError-Q3,0.02,test4_A16,81589,81724,135,False,False,False,,135,1.0,0,0.0,0,0
test4.csv,development,native,PairError-Q3,0.02,test4_A17,84152,84697,545,False,False,False,,545,1.0,0,0.0,0,0
test4.csv,development,native,PairError-Q3,0.02,test4_A18,91389,91732,343,False,False,False,,343,1.0,0,0.0,0,0
test4.csv,development,native,PairError-Q3,0.02,test4_A19,97146,97310,164,False,False,False,,164,1.0,0,0.0,0,0
test4.csv,development,native,PairError-Q3,0.02,test4_A20,100622,100712,90,False,False,False,,90,1.0,0,0.0,0,0
test4.csv,development,native,PairError-Q3,0.02,test4_A21,106447,106600,153,False,False,False,,153,1.0,0,0.0,0,0
test4.csv,development,native,PairError-Q3,0.02,test4_A22,115686,115852,166,False,False,False,,166,1.0,0,0.0,0,0
test4.csv,development,native,PairError-Q3,0.02,test4_A23,123436,123552,116,False,False,False,,116,1.0,0,0.0,0,0
test4.csv,development,native,PairError-Q3,0.02,test4_A24,126315,126402,87,False,False,False,,87,1.0,0,0.0,0,0
test4.csv,development,common81,PairError-Q3,0.02,test4_A01,2521,2560,39,False,False,False,,39,1.0,0,0.0,0,0
test4.csv,development,common81,PairError-Q3,0.02,test4_A02,4802,4891,89,False,False,False,,89,1.0,0,0.0,0,0
test4.csv,development,common81,PairError-Q3,0.02,test4_A03,7021,7118,97,True,True,False,42,42,0.4329896907216495,55,0.5670103092783505,55,1
test4.csv,development,common81,PairError-Q3,0.02,test4_A04,11280,11378,98,False,False,False,,98,1.0,0,0.0,0,0
test4.csv,development,common81,PairError-Q3,0.02,test4_A05,14871,15377,506,False,False,False,,506,1.0,0,0.0,0,0
test4.csv,development,common81,PairError-Q3,0.02,test4_A06,19322,19509,187,False,False,False,,187,1.0,0,0.0,0,0
test4.csv,development,common81,PairError-Q3,0.02,test4_A07,27907,28030,123,False,False,False,,123,1.0,0,0.0,0,0
test4.csv,development,common81,PairError-Q3,0.02,test4_A08,30546,31220,674,False,False,False,,674,1.0,0,0.0,0,0
test4.csv,development,common81,PairError-Q3,0.02,test4_A09,38468,38532,64,False,False,False,,64,1.0,0,0.0,0,0
test4.csv,development,common81,PairError-Q3,0.02,test4_A10,47227,47407,180,False,False,False,,180,1.0,0,0.0,0,0
test4.csv,development,common81,PairError-Q3,0.02,test4_A11,56107,56207,100,True,True,False,44,44,0.44,56,0.56,56,1
test4.csv,development,common81,PairError-Q3,0.02,test4_A12,57734,57891,157,False,False,False,,157,1.0,0,0.0,0,0
test4.csv,development,common81,PairError-Q3,0.02,test4_A13,61152,61306,154,False,False,False,,154,1.0,0,0.0,0,0
test4.csv,development,common81,PairError-Q3,0.02,test4_A14,69611,69689,78,True,True,False,32,32,0.41025641025641024,46,0.5897435897435898,46,1
test4.csv,development,common81,PairError-Q3,0.02,test4_A15,76631,76709,78,True,True,False,34,34,0.4358974358974359,44,0.5641025641025641,44,1
test4.csv,development,common81,PairError-Q3,0.02,test4_A16,81589,81724,135,False,False,False,,135,1.0,0,0.0,0,0
test4.csv,development,common81,PairError-Q3,0.02,test4_A17,84152,84697,545,False,False,False,,545,1.0,0,0.0,0,0
test4.csv,development,common81,PairError-Q3,0.02,test4_A18,91389,91732,343,False,False,False,,343,1.0,0,0.0,0,0
test4.csv,development,common81,PairError-Q3,0.02,test4_A19,97146,97310,164,False,False,False,,164,1.0,0,0.0,0,0
test4.csv,development,common81,PairError-Q3,0.02,test4_A20,100622,100712,90,False,False,False,,90,1.0,0,0.0,0,0
test4.csv,development,common81,PairError-Q3,0.02,test4_A21,106447,106600,153,False,False,False,,153,1.0,0,0.0,0,0
test4.csv,development,common81,PairError-Q3,0.02,test4_A22,115686,115852,166,False,False,False,,166,1.0,0,0.0,0,0
test4.csv,development,common81,PairError-Q3,0.02,test4_A23,123436,123552,116,False,False,False,,116,1.0,0,0.0,0,0
test4.csv,development,common81,PairError-Q3,0.02,test4_A24,126315,126402,87,False,False,False,,87,1.0,0,0.0,0,0
test4.csv,development,native,PCA-SPE,0.005,test4_A01,2521,2560,39,True,True,False,3,3,0.07692307692307693,36,0.9230769230769231,36,1
test4.csv,development,native,PCA-SPE,0.005,test4_A02,4802,4891,89,False,False,False,,89,1.0,0,0.0,0,0
test4.csv,development,native,PCA-SPE,0.005,test4_A03,7021,7118,97,True,True,False,41,41,0.422680412371134,56,0.5773195876288659,56,1
test4.csv,development,native,PCA-SPE,0.005,test4_A04,11280,11378,98,True,True,False,27,27,0.2755102040816326,71,0.7244897959183674,71,1
test4.csv,development,native,PCA-SPE,0.005,test4_A05,14871,15377,506,False,False,False,,506,1.0,0,0.0,0,0
test4.csv,development,native,PCA-SPE,0.005,test4_A06,19322,19509,187,False,False,False,,187,1.0,0,0.0,0,0
test4.csv,development,native,PCA-SPE,0.005,test4_A07,27907,28030,123,False,False,False,,123,1.0,0,0.0,0,0
test4.csv,development,native,PCA-SPE,0.005,test4_A08,30546,31220,674,False,False,False,,674,1.0,0,0.0,0,0
test4.csv,development,native,PCA-SPE,0.005,test4_A09,38468,38532,64,False,False,False,,64,1.0,0,0.0,0,0
test4.csv,development,native,PCA-SPE,0.005,test4_A10,47227,47407,180,True,True,False,31,31,0.17222222222222222,139,0.7722222222222223,139,1
test4.csv,development,native,PCA-SPE,0.005,test4_A11,56107,56207,100,True,True,False,43,43,0.43,57,0.57,57,1
test4.csv,development,native,PCA-SPE,0.005,test4_A12,57734,57891,157,False,False,False,,157,1.0,0,0.0,0,0
test4.csv,development,native,PCA-SPE,0.005,test4_A13,61152,61306,154,True,True,False,29,29,0.18831168831168832,125,0.8116883116883117,125,1
test4.csv,development,native,PCA-SPE,0.005,test4_A14,69611,69689,78,True,True,False,31,31,0.3974358974358974,47,0.6025641025641025,47,1
test4.csv,development,native,PCA-SPE,0.005,test4_A15,76631,76709,78,True,True,False,32,32,0.41025641025641024,46,0.5897435897435898,46,1
test4.csv,development,native,PCA-SPE,0.005,test4_A16,81589,81724,135,False,False,False,,135,1.0,0,0.0,0,0
test4.csv,development,native,PCA-SPE,0.005,test4_A17,84152,84697,545,False,False,False,,545,1.0,0,0.0,0,0
test4.csv,development,native,PCA-SPE,0.005,test4_A18,91389,91732,343,False,False,False,,343,1.0,0,0.0,0,0
test4.csv,development,native,PCA-SPE,0.005,test4_A19,97146,97310,164,False,False,False,,164,1.0,0,0.0,0,0
test4.csv,development,native,PCA-SPE,0.005,test4_A20,100622,100712,90,False,False,False,,90,1.0,0,0.0,0,0
test4.csv,development,native,PCA-SPE,0.005,test4_A21,106447,106600,153,True,True,False,26,26,0.16993464052287582,92,0.6013071895424836,92,1
test4.csv,development,native,PCA-SPE,0.005,test4_A22,115686,115852,166,True,True,False,35,35,0.21084337349397592,131,0.7891566265060241,131,1
test4.csv,development,native,PCA-SPE,0.005,test4_A23,123436,123552,116,False,False,False,,116,1.0,0,0.0,0,0
test4.csv,development,native,PCA-SPE,0.005,test4_A24,126315,126402,87,False,False,False,,87,1.0,0,0.0,0,0
test4.csv,development,common81,PCA-SPE,0.005,test4_A01,2521,2560,39,True,True,False,3,3,0.07692307692307693,36,0.9230769230769231,36,1
test4.csv,development,common81,PCA-SPE,0.005,test4_A02,4802,4891,89,False,False,False,,89,1.0,0,0.0,0,0
test4.csv,development,common81,PCA-SPE,0.005,test4_A03,7021,7118,97,True,True,False,41,41,0.422680412371134,56,0.5773195876288659,56,1
test4.csv,development,common81,PCA-SPE,0.005,test4_A04,11280,11378,98,True,True,False,27,27,0.2755102040816326,71,0.7244897959183674,71,1
test4.csv,development,common81,PCA-SPE,0.005,test4_A05,14871,15377,506,False,False,False,,506,1.0,0,0.0,0,0
test4.csv,development,common81,PCA-SPE,0.005,test4_A06,19322,19509,187,False,False,False,,187,1.0,0,0.0,0,0
test4.csv,development,common81,PCA-SPE,0.005,test4_A07,27907,28030,123,False,False,False,,123,1.0,0,0.0,0,0
test4.csv,development,common81,PCA-SPE,0.005,test4_A08,30546,31220,674,False,False,False,,674,1.0,0,0.0,0,0
test4.csv,development,common81,PCA-SPE,0.005,test4_A09,38468,38532,64,False,False,False,,64,1.0,0,0.0,0,0
test4.csv,development,common81,PCA-SPE,0.005,test4_A10,47227,47407,180,True,True,False,31,31,0.17222222222222222,139,0.7722222222222223,139,1
test4.csv,development,common81,PCA-SPE,0.005,test4_A11,56107,56207,100,True,True,False,43,43,0.43,57,0.57,57,1
test4.csv,development,common81,PCA-SPE,0.005,test4_A12,57734,57891,157,False,False,False,,157,1.0,0,0.0,0,0
test4.csv,development,common81,PCA-SPE,0.005,test4_A13,61152,61306,154,True,True,False,29,29,0.18831168831168832,125,0.8116883116883117,125,1
test4.csv,development,common81,PCA-SPE,0.005,test4_A14,69611,69689,78,True,True,False,31,31,0.3974358974358974,47,0.6025641025641025,47,1
test4.csv,development,common81,PCA-SPE,0.005,test4_A15,76631,76709,78,True,True,False,32,32,0.41025641025641024,46,0.5897435897435898,46,1
test4.csv,development,common81,PCA-SPE,0.005,test4_A16,81589,81724,135,False,False,False,,135,1.0,0,0.0,0,0
test4.csv,development,common81,PCA-SPE,0.005,test4_A17,84152,84697,545,False,False,False,,545,1.0,0,0.0,0,0
test4.csv,development,common81,PCA-SPE,0.005,test4_A18,91389,91732,343,False,False,False,,343,1.0,0,0.0,0,0
test4.csv,development,common81,PCA-SPE,0.005,test4_A19,97146,97310,164,False,False,False,,164,1.0,0,0.0,0,0
test4.csv,development,common81,PCA-SPE,0.005,test4_A20,100622,100712,90,False,False,False,,90,1.0,0,0.0,0,0
test4.csv,development,common81,PCA-SPE,0.005,test4_A21,106447,106600,153,True,True,False,26,26,0.16993464052287582,92,0.6013071895424836,92,1
test4.csv,development,common81,PCA-SPE,0.005,test4_A22,115686,115852,166,True,True,False,35,35,0.21084337349397592,131,0.7891566265060241,131,1
test4.csv,development,common81,PCA-SPE,0.005,test4_A23,123436,123552,116,False,False,False,,116,1.0,0,0.0,0,0
test4.csv,development,common81,PCA-SPE,0.005,test4_A24,126315,126402,87,False,False,False,,87,1.0,0,0.0,0,0
test4.csv,development,native,PCA-SPE,0.01,test4_A01,2521,2560,39,True,True,False,3,3,0.07692307692307693,36,0.9230769230769231,36,1
test4.csv,development,native,PCA-SPE,0.01,test4_A02,4802,4891,89,False,False,False,,89,1.0,0,0.0,0,0
test4.csv,development,native,PCA-SPE,0.01,test4_A03,7021,7118,97,True,True,False,41,41,0.422680412371134,56,0.5773195876288659,56,1
test4.csv,development,native,PCA-SPE,0.01,test4_A04,11280,11378,98,True,True,False,27,27,0.2755102040816326,71,0.7244897959183674,71,1
test4.csv,development,native,PCA-SPE,0.01,test4_A05,14871,15377,506,False,False,False,,506,1.0,0,0.0,0,0
test4.csv,development,native,PCA-SPE,0.01,test4_A06,19322,19509,187,False,False,False,,187,1.0,0,0.0,0,0
test4.csv,development,native,PCA-SPE,0.01,test4_A07,27907,28030,123,False,False,False,,123,1.0,0,0.0,0,0
test4.csv,development,native,PCA-SPE,0.01,test4_A08,30546,31220,674,False,False,False,,674,1.0,0,0.0,0,0
test4.csv,development,native,PCA-SPE,0.01,test4_A09,38468,38532,64,False,False,False,,64,1.0,0,0.0,0,0
test4.csv,development,native,PCA-SPE,0.01,test4_A10,47227,47407,180,True,True,False,30,30,0.16666666666666666,140,0.7777777777777778,140,1
test4.csv,development,native,PCA-SPE,0.01,test4_A11,56107,56207,100,True,True,False,43,43,0.43,57,0.57,57,1
test4.csv,development,native,PCA-SPE,0.01,test4_A12,57734,57891,157,False,False,False,,157,1.0,0,0.0,0,0
test4.csv,development,native,PCA-SPE,0.01,test4_A13,61152,61306,154,True,True,False,29,29,0.18831168831168832,125,0.8116883116883117,125,1
test4.csv,development,native,PCA-SPE,0.01,test4_A14,69611,69689,78,True,True,False,31,31,0.3974358974358974,47,0.6025641025641025,47,1
test4.csv,development,native,PCA-SPE,0.01,test4_A15,76631,76709,78,True,True,False,32,32,0.41025641025641024,46,0.5897435897435898,46,1
test4.csv,development,native,PCA-SPE,0.01,test4_A16,81589,81724,135,False,False,False,,135,1.0,0,0.0,0,0
test4.csv,development,native,PCA-SPE,0.01,test4_A17,84152,84697,545,False,False,False,,545,1.0,0,0.0,0,0
test4.csv,development,native,PCA-SPE,0.01,test4_A18,91389,91732,343,False,False,False,,343,1.0,0,0.0,0,0
test4.csv,development,native,PCA-SPE,0.01,test4_A19,97146,97310,164,False,False,False,,164,1.0,0,0.0,0,0
test4.csv,development,native,PCA-SPE,0.01,test4_A20,100622,100712,90,False,False,False,,90,1.0,0,0.0,0,0
test4.csv,development,native,PCA-SPE,0.01,test4_A21,106447,106600,153,True,True,False,26,26,0.16993464052287582,92,0.6013071895424836,92,1
test4.csv,development,native,PCA-SPE,0.01,test4_A22,115686,115852,166,True,True,False,35,35,0.21084337349397592,131,0.7891566265060241,131,1
test4.csv,development,native,PCA-SPE,0.01,test4_A23,123436,123552,116,False,False,False,,116,1.0,0,0.0,0,0
test4.csv,development,native,PCA-SPE,0.01,test4_A24,126315,126402,87,False,False,False,,87,1.0,0,0.0,0,0
test4.csv,development,common81,PCA-SPE,0.01,test4_A01,2521,2560,39,True,True,False,3,3,0.07692307692307693,36,0.9230769230769231,36,1
test4.csv,development,common81,PCA-SPE,0.01,test4_A02,4802,4891,89,False,False,False,,89,1.0,0,0.0,0,0
test4.csv,development,common81,PCA-SPE,0.01,test4_A03,7021,7118,97,True,True,False,41,41,0.422680412371134,56,0.5773195876288659,56,1
test4.csv,development,common81,PCA-SPE,0.01,test4_A04,11280,11378,98,True,True,False,27,27,0.2755102040816326,71,0.7244897959183674,71,1
test4.csv,development,common81,PCA-SPE,0.01,test4_A05,14871,15377,506,False,False,False,,506,1.0,0,0.0,0,0
test4.csv,development,common81,PCA-SPE,0.01,test4_A06,19322,19509,187,False,False,False,,187,1.0,0,0.0,0,0
test4.csv,development,common81,PCA-SPE,0.01,test4_A07,27907,28030,123,False,False,False,,123,1.0,0,0.0,0,0
test4.csv,development,common81,PCA-SPE,0.01,test4_A08,30546,31220,674,False,False,False,,674,1.0,0,0.0,0,0
test4.csv,development,common81,PCA-SPE,0.01,test4_A09,38468,38532,64,False,False,False,,64,1.0,0,0.0,0,0
test4.csv,development,common81,PCA-SPE,0.01,test4_A10,47227,47407,180,True,True,False,30,30,0.16666666666666666,140,0.7777777777777778,140,1
test4.csv,development,common81,PCA-SPE,0.01,test4_A11,56107,56207,100,True,True,False,43,43,0.43,57,0.57,57,1
test4.csv,development,common81,PCA-SPE,0.01,test4_A12,57734,57891,157,False,False,False,,157,1.0,0,0.0,0,0
test4.csv,development,common81,PCA-SPE,0.01,test4_A13,61152,61306,154,True,True,False,29,29,0.18831168831168832,125,0.8116883116883117,125,1
test4.csv,development,common81,PCA-SPE,0.01,test4_A14,69611,69689,78,True,True,False,31,31,0.3974358974358974,47,0.6025641025641025,47,1
test4.csv,development,common81,PCA-SPE,0.01,test4_A15,76631,76709,78,True,True,False,32,32,0.41025641025641024,46,0.5897435897435898,46,1
test4.csv,development,common81,PCA-SPE,0.01,test4_A16,81589,81724,135,False,False,False,,135,1.0,0,0.0,0,0
test4.csv,development,common81,PCA-SPE,0.01,test4_A17,84152,84697,545,False,False,False,,545,1.0,0,0.0,0,0
test4.csv,development,common81,PCA-SPE,0.01,test4_A18,91389,91732,343,False,False,False,,343,1.0,0,0.0,0,0
test4.csv,development,common81,PCA-SPE,0.01,test4_A19,97146,97310,164,False,False,False,,164,1.0,0,0.0,0,0
test4.csv,development,common81,PCA-SPE,0.01,test4_A20,100622,100712,90,False,False,False,,90,1.0,0,0.0,0,0
test4.csv,development,common81,PCA-SPE,0.01,test4_A21,106447,106600,153,True,True,False,26,26,0.16993464052287582,92,0.6013071895424836,92,1
test4.csv,development,common81,PCA-SPE,0.01,test4_A22,115686,115852,166,True,True,False,35,35,0.21084337349397592,131,0.7891566265060241,131,1
test4.csv,development,common81,PCA-SPE,0.01,test4_A23,123436,123552,116,False,False,False,,116,1.0,0,0.0,0,0
test4.csv,development,common81,PCA-SPE,0.01,test4_A24,126315,126402,87,False,False,False,,87,1.0,0,0.0,0,0
test4.csv,development,native,PCA-SPE,0.02,test4_A01,2521,2560,39,True,True,False,3,3,0.07692307692307693,36,0.9230769230769231,36,1
test4.csv,development,native,PCA-SPE,0.02,test4_A02,4802,4891,89,False,False,False,,89,1.0,0,0.0,0,0
test4.csv,development,native,PCA-SPE,0.02,test4_A03,7021,7118,97,True,True,False,41,41,0.422680412371134,56,0.5773195876288659,56,1
test4.csv,development,native,PCA-SPE,0.02,test4_A04,11280,11378,98,True,True,False,26,26,0.2653061224489796,72,0.7346938775510204,72,1
test4.csv,development,native,PCA-SPE,0.02,test4_A05,14871,15377,506,False,False,False,,506,1.0,0,0.0,0,0
test4.csv,development,native,PCA-SPE,0.02,test4_A06,19322,19509,187,False,False,False,,187,1.0,0,0.0,0,0
test4.csv,development,native,PCA-SPE,0.02,test4_A07,27907,28030,123,False,False,False,,123,1.0,0,0.0,0,0
test4.csv,development,native,PCA-SPE,0.02,test4_A08,30546,31220,674,False,False,False,,674,1.0,0,0.0,0,0
test4.csv,development,native,PCA-SPE,0.02,test4_A09,38468,38532,64,False,False,False,,64,1.0,0,0.0,0,0
test4.csv,development,native,PCA-SPE,0.02,test4_A10,47227,47407,180,True,True,False,30,30,0.16666666666666666,141,0.7833333333333333,141,1
test4.csv,development,native,PCA-SPE,0.02,test4_A11,56107,56207,100,True,True,False,43,43,0.43,57,0.57,57,1
test4.csv,development,native,PCA-SPE,0.02,test4_A12,57734,57891,157,False,False,False,,157,1.0,0,0.0,0,0
test4.csv,development,native,PCA-SPE,0.02,test4_A13,61152,61306,154,True,True,False,29,29,0.18831168831168832,125,0.8116883116883117,125,1
test4.csv,development,native,PCA-SPE,0.02,test4_A14,69611,69689,78,True,True,False,31,31,0.3974358974358974,47,0.6025641025641025,47,1
test4.csv,development,native,PCA-SPE,0.02,test4_A15,76631,76709,78,True,True,False,32,32,0.41025641025641024,46,0.5897435897435898,46,1
test4.csv,development,native,PCA-SPE,0.02,test4_A16,81589,81724,135,False,False,False,,135,1.0,0,0.0,0,0
test4.csv,development,native,PCA-SPE,0.02,test4_A17,84152,84697,545,False,False,False,,545,1.0,0,0.0,0,0
test4.csv,development,native,PCA-SPE,0.02,test4_A18,91389,91732,343,False,False,False,,343,1.0,0,0.0,0,0
test4.csv,development,native,PCA-SPE,0.02,test4_A19,97146,97310,164,False,False,False,,164,1.0,0,0.0,0,0
test4.csv,development,native,PCA-SPE,0.02,test4_A20,100622,100712,90,False,False,False,,90,1.0,0,0.0,0,0
test4.csv,development,native,PCA-SPE,0.02,test4_A21,106447,106600,153,True,True,False,25,25,0.16339869281045752,93,0.6078431372549019,93,1
test4.csv,development,native,PCA-SPE,0.02,test4_A22,115686,115852,166,True,True,False,35,35,0.21084337349397592,131,0.7891566265060241,131,1
test4.csv,development,native,PCA-SPE,0.02,test4_A23,123436,123552,116,False,False,False,,116,1.0,0,0.0,0,0
test4.csv,development,native,PCA-SPE,0.02,test4_A24,126315,126402,87,False,False,False,,87,1.0,0,0.0,0,0
test4.csv,development,common81,PCA-SPE,0.02,test4_A01,2521,2560,39,True,True,False,3,3,0.07692307692307693,36,0.9230769230769231,36,1
test4.csv,development,common81,PCA-SPE,0.02,test4_A02,4802,4891,89,False,False,False,,89,1.0,0,0.0,0,0
test4.csv,development,common81,PCA-SPE,0.02,test4_A03,7021,7118,97,True,True,False,41,41,0.422680412371134,56,0.5773195876288659,56,1
test4.csv,development,common81,PCA-SPE,0.02,test4_A04,11280,11378,98,True,True,False,26,26,0.2653061224489796,72,0.7346938775510204,72,1
test4.csv,development,common81,PCA-SPE,0.02,test4_A05,14871,15377,506,False,False,False,,506,1.0,0,0.0,0,0
test4.csv,development,common81,PCA-SPE,0.02,test4_A06,19322,19509,187,False,False,False,,187,1.0,0,0.0,0,0
test4.csv,development,common81,PCA-SPE,0.02,test4_A07,27907,28030,123,False,False,False,,123,1.0,0,0.0,0,0
test4.csv,development,common81,PCA-SPE,0.02,test4_A08,30546,31220,674,False,False,False,,674,1.0,0,0.0,0,0
test4.csv,development,common81,PCA-SPE,0.02,test4_A09,38468,38532,64,False,False,False,,64,1.0,0,0.0,0,0
test4.csv,development,common81,PCA-SPE,0.02,test4_A10,47227,47407,180,True,True,False,30,30,0.16666666666666666,141,0.7833333333333333,141,1
test4.csv,development,common81,PCA-SPE,0.02,test4_A11,56107,56207,100,True,True,False,43,43,0.43,57,0.57,57,1
test4.csv,development,common81,PCA-SPE,0.02,test4_A12,57734,57891,157,False,False,False,,157,1.0,0,0.0,0,0
test4.csv,development,common81,PCA-SPE,0.02,test4_A13,61152,61306,154,True,True,False,29,29,0.18831168831168832,125,0.8116883116883117,125,1
test4.csv,development,common81,PCA-SPE,0.02,test4_A14,69611,69689,78,True,True,False,31,31,0.3974358974358974,47,0.6025641025641025,47,1
test4.csv,development,common81,PCA-SPE,0.02,test4_A15,76631,76709,78,True,True,False,32,32,0.41025641025641024,46,0.5897435897435898,46,1
test4.csv,development,common81,PCA-SPE,0.02,test4_A16,81589,81724,135,False,False,False,,135,1.0,0,0.0,0,0
test4.csv,development,common81,PCA-SPE,0.02,test4_A17,84152,84697,545,False,False,False,,545,1.0,0,0.0,0,0
test4.csv,development,common81,PCA-SPE,0.02,test4_A18,91389,91732,343,False,False,False,,343,1.0,0,0.0,0,0
test4.csv,development,common81,PCA-SPE,0.02,test4_A19,97146,97310,164,False,False,False,,164,1.0,0,0.0,0,0
test4.csv,development,common81,PCA-SPE,0.02,test4_A20,100622,100712,90,False,False,False,,90,1.0,0,0.0,0,0
test4.csv,development,common81,PCA-SPE,0.02,test4_A21,106447,106600,153,True,True,False,25,25,0.16339869281045752,93,0.6078431372549019,93,1
test4.csv,development,common81,PCA-SPE,0.02,test4_A22,115686,115852,166,True,True,False,35,35,0.21084337349397592,131,0.7891566265060241,131,1
test4.csv,development,common81,PCA-SPE,0.02,test4_A23,123436,123552,116,False,False,False,,116,1.0,0,0.0,0,0
test4.csv,development,common81,PCA-SPE,0.02,test4_A24,126315,126402,87,False,False,False,,87,1.0,0,0.0,0,0
test4.csv,development,native,GCAD-prediction_s10,0.005,test4_A01,2521,2560,39,True,True,False,3,3,0.07692307692307693,36,0.9230769230769231,36,1
test4.csv,development,native,GCAD-prediction_s10,0.005,test4_A02,4802,4891,89,False,False,False,,89,1.0,0,0.0,0,0
test4.csv,development,native,GCAD-prediction_s10,0.005,test4_A03,7021,7118,97,True,True,False,43,43,0.44329896907216493,54,0.5567010309278351,54,1
test4.csv,development,native,GCAD-prediction_s10,0.005,test4_A04,11280,11378,98,False,False,False,,98,1.0,0,0.0,0,0
test4.csv,development,native,GCAD-prediction_s10,0.005,test4_A05,14871,15377,506,False,False,False,,506,1.0,0,0.0,0,0
test4.csv,development,native,GCAD-prediction_s10,0.005,test4_A06,19322,19509,187,False,False,False,,187,1.0,0,0.0,0,0
test4.csv,development,native,GCAD-prediction_s10,0.005,test4_A07,27907,28030,123,False,False,False,,123,1.0,0,0.0,0,0
test4.csv,development,native,GCAD-prediction_s10,0.005,test4_A08,30546,31220,674,True,True,False,38,38,0.05637982195845697,117,0.17359050445103857,117,1
test4.csv,development,native,GCAD-prediction_s10,0.005,test4_A09,38468,38532,64,False,False,False,,64,1.0,0,0.0,0,0
test4.csv,development,native,GCAD-prediction_s10,0.005,test4_A10,47227,47407,180,False,False,False,,180,1.0,0,0.0,0,0
test4.csv,development,native,GCAD-prediction_s10,0.005,test4_A11,56107,56207,100,True,True,False,44,44,0.44,56,0.56,56,1
test4.csv,development,native,GCAD-prediction_s10,0.005,test4_A12,57734,57891,157,False,False,False,,157,1.0,0,0.0,0,0
test4.csv,development,native,GCAD-prediction_s10,0.005,test4_A13,61152,61306,154,False,False,False,,154,1.0,0,0.0,0,0
test4.csv,development,native,GCAD-prediction_s10,0.005,test4_A14,69611,69689,78,True,True,False,32,32,0.41025641025641024,46,0.5897435897435898,46,1
test4.csv,development,native,GCAD-prediction_s10,0.005,test4_A15,76631,76709,78,True,True,False,33,33,0.4230769230769231,45,0.5769230769230769,45,1
test4.csv,development,native,GCAD-prediction_s10,0.005,test4_A16,81589,81724,135,False,False,False,,135,1.0,0,0.0,0,0
test4.csv,development,native,GCAD-prediction_s10,0.005,test4_A17,84152,84697,545,False,False,False,,545,1.0,0,0.0,0,0
test4.csv,development,native,GCAD-prediction_s10,0.005,test4_A18,91389,91732,343,True,True,False,114,114,0.3323615160349854,65,0.18950437317784258,65,1
test4.csv,development,native,GCAD-prediction_s10,0.005,test4_A19,97146,97310,164,False,False,False,,164,1.0,0,0.0,0,0
test4.csv,development,native,GCAD-prediction_s10,0.005,test4_A20,100622,100712,90,False,False,False,,90,1.0,0,0.0,0,0
test4.csv,development,native,GCAD-prediction_s10,0.005,test4_A21,106447,106600,153,False,False,False,,153,1.0,0,0.0,0,0
test4.csv,development,native,GCAD-prediction_s10,0.005,test4_A22,115686,115852,166,False,False,False,,166,1.0,0,0.0,0,0
test4.csv,development,native,GCAD-prediction_s10,0.005,test4_A23,123436,123552,116,False,False,False,,116,1.0,0,0.0,0,0
test4.csv,development,native,GCAD-prediction_s10,0.005,test4_A24,126315,126402,87,False,False,False,,87,1.0,0,0.0,0,0
test4.csv,development,common81,GCAD-prediction_s10,0.005,test4_A01,2521,2560,39,True,True,False,3,3,0.07692307692307693,36,0.9230769230769231,36,1
test4.csv,development,common81,GCAD-prediction_s10,0.005,test4_A02,4802,4891,89,False,False,False,,89,1.0,0,0.0,0,0
test4.csv,development,common81,GCAD-prediction_s10,0.005,test4_A03,7021,7118,97,True,True,False,43,43,0.44329896907216493,54,0.5567010309278351,54,1
test4.csv,development,common81,GCAD-prediction_s10,0.005,test4_A04,11280,11378,98,False,False,False,,98,1.0,0,0.0,0,0
test4.csv,development,common81,GCAD-prediction_s10,0.005,test4_A05,14871,15377,506,False,False,False,,506,1.0,0,0.0,0,0
test4.csv,development,common81,GCAD-prediction_s10,0.005,test4_A06,19322,19509,187,False,False,False,,187,1.0,0,0.0,0,0
test4.csv,development,common81,GCAD-prediction_s10,0.005,test4_A07,27907,28030,123,False,False,False,,123,1.0,0,0.0,0,0
test4.csv,development,common81,GCAD-prediction_s10,0.005,test4_A08,30546,31220,674,True,True,False,38,38,0.05637982195845697,117,0.17359050445103857,117,1
test4.csv,development,common81,GCAD-prediction_s10,0.005,test4_A09,38468,38532,64,False,False,False,,64,1.0,0,0.0,0,0
test4.csv,development,common81,GCAD-prediction_s10,0.005,test4_A10,47227,47407,180,False,False,False,,180,1.0,0,0.0,0,0
test4.csv,development,common81,GCAD-prediction_s10,0.005,test4_A11,56107,56207,100,True,True,False,44,44,0.44,56,0.56,56,1
test4.csv,development,common81,GCAD-prediction_s10,0.005,test4_A12,57734,57891,157,False,False,False,,157,1.0,0,0.0,0,0
test4.csv,development,common81,GCAD-prediction_s10,0.005,test4_A13,61152,61306,154,False,False,False,,154,1.0,0,0.0,0,0
test4.csv,development,common81,GCAD-prediction_s10,0.005,test4_A14,69611,69689,78,True,True,False,32,32,0.41025641025641024,46,0.5897435897435898,46,1
test4.csv,development,common81,GCAD-prediction_s10,0.005,test4_A15,76631,76709,78,True,True,False,33,33,0.4230769230769231,45,0.5769230769230769,45,1
test4.csv,development,common81,GCAD-prediction_s10,0.005,test4_A16,81589,81724,135,False,False,False,,135,1.0,0,0.0,0,0
test4.csv,development,common81,GCAD-prediction_s10,0.005,test4_A17,84152,84697,545,False,False,False,,545,1.0,0,0.0,0,0
test4.csv,development,common81,GCAD-prediction_s10,0.005,test4_A18,91389,91732,343,True,True,False,114,114,0.3323615160349854,65,0.18950437317784258,65,1
test4.csv,development,common81,GCAD-prediction_s10,0.005,test4_A19,97146,97310,164,False,False,False,,164,1.0,0,0.0,0,0
test4.csv,development,common81,GCAD-prediction_s10,0.005,test4_A20,100622,100712,90,False,False,False,,90,1.0,0,0.0,0,0
test4.csv,development,common81,GCAD-prediction_s10,0.005,test4_A21,106447,106600,153,False,False,False,,153,1.0,0,0.0,0,0
test4.csv,development,common81,GCAD-prediction_s10,0.005,test4_A22,115686,115852,166,False,False,False,,166,1.0,0,0.0,0,0
test4.csv,development,common81,GCAD-prediction_s10,0.005,test4_A23,123436,123552,116,False,False,False,,116,1.0,0,0.0,0,0
test4.csv,development,common81,GCAD-prediction_s10,0.005,test4_A24,126315,126402,87,False,False,False,,87,1.0,0,0.0,0,0
test4.csv,development,native,GCAD-prediction_s10,0.01,test4_A01,2521,2560,39,True,True,False,3,3,0.07692307692307693,36,0.9230769230769231,36,1
test4.csv,development,native,GCAD-prediction_s10,0.01,test4_A02,4802,4891,89,False,False,False,,89,1.0,0,0.0,0,0
test4.csv,development,native,GCAD-prediction_s10,0.01,test4_A03,7021,7118,97,True,True,False,43,43,0.44329896907216493,54,0.5567010309278351,54,1
test4.csv,development,native,GCAD-prediction_s10,0.01,test4_A04,11280,11378,98,False,False,False,,98,1.0,0,0.0,0,0
test4.csv,development,native,GCAD-prediction_s10,0.01,test4_A05,14871,15377,506,False,False,False,,506,1.0,0,0.0,0,0
test4.csv,development,native,GCAD-prediction_s10,0.01,test4_A06,19322,19509,187,False,False,False,,187,1.0,0,0.0,0,0
test4.csv,development,native,GCAD-prediction_s10,0.01,test4_A07,27907,28030,123,False,False,False,,123,1.0,0,0.0,0,0
test4.csv,development,native,GCAD-prediction_s10,0.01,test4_A08,30546,31220,674,True,True,False,36,36,0.05341246290801187,119,0.17655786350148367,119,1
test4.csv,development,native,GCAD-prediction_s10,0.01,test4_A09,38468,38532,64,False,False,False,,64,1.0,0,0.0,0,0
test4.csv,development,native,GCAD-prediction_s10,0.01,test4_A10,47227,47407,180,False,False,False,,180,1.0,0,0.0,0,0
test4.csv,development,native,GCAD-prediction_s10,0.01,test4_A11,56107,56207,100,True,True,False,44,44,0.44,56,0.56,56,1
test4.csv,development,native,GCAD-prediction_s10,0.01,test4_A12,57734,57891,157,False,False,False,,157,1.0,0,0.0,0,0
test4.csv,development,native,GCAD-prediction_s10,0.01,test4_A13,61152,61306,154,True,True,False,57,57,0.37012987012987014,63,0.4090909090909091,63,1
test4.csv,development,native,GCAD-prediction_s10,0.01,test4_A14,69611,69689,78,True,True,False,32,32,0.41025641025641024,46,0.5897435897435898,46,1
test4.csv,development,native,GCAD-prediction_s10,0.01,test4_A15,76631,76709,78,True,True,False,33,33,0.4230769230769231,45,0.5769230769230769,45,1
test4.csv,development,native,GCAD-prediction_s10,0.01,test4_A16,81589,81724,135,False,False,False,,135,1.0,0,0.0,0,0
test4.csv,development,native,GCAD-prediction_s10,0.01,test4_A17,84152,84697,545,False,False,False,,545,1.0,0,0.0,0,0
test4.csv,development,native,GCAD-prediction_s10,0.01,test4_A18,91389,91732,343,True,True,False,113,113,0.3294460641399417,66,0.1924198250728863,66,1
test4.csv,development,native,GCAD-prediction_s10,0.01,test4_A19,97146,97310,164,False,False,False,,164,1.0,0,0.0,0,0
test4.csv,development,native,GCAD-prediction_s10,0.01,test4_A20,100622,100712,90,False,False,False,,90,1.0,0,0.0,0,0
test4.csv,development,native,GCAD-prediction_s10,0.01,test4_A21,106447,106600,153,False,False,False,,153,1.0,0,0.0,0,0
test4.csv,development,native,GCAD-prediction_s10,0.01,test4_A22,115686,115852,166,False,False,False,,166,1.0,0,0.0,0,0
test4.csv,development,native,GCAD-prediction_s10,0.01,test4_A23,123436,123552,116,False,False,False,,116,1.0,0,0.0,0,0
test4.csv,development,native,GCAD-prediction_s10,0.01,test4_A24,126315,126402,87,False,False,False,,87,1.0,0,0.0,0,0
test4.csv,development,common81,GCAD-prediction_s10,0.01,test4_A01,2521,2560,39,True,True,False,3,3,0.07692307692307693,36,0.9230769230769231,36,1
test4.csv,development,common81,GCAD-prediction_s10,0.01,test4_A02,4802,4891,89,False,False,False,,89,1.0,0,0.0,0,0
test4.csv,development,common81,GCAD-prediction_s10,0.01,test4_A03,7021,7118,97,True,True,False,43,43,0.44329896907216493,54,0.5567010309278351,54,1
test4.csv,development,common81,GCAD-prediction_s10,0.01,test4_A04,11280,11378,98,False,False,False,,98,1.0,0,0.0,0,0
test4.csv,development,common81,GCAD-prediction_s10,0.01,test4_A05,14871,15377,506,False,False,False,,506,1.0,0,0.0,0,0
test4.csv,development,common81,GCAD-prediction_s10,0.01,test4_A06,19322,19509,187,False,False,False,,187,1.0,0,0.0,0,0
test4.csv,development,common81,GCAD-prediction_s10,0.01,test4_A07,27907,28030,123,False,False,False,,123,1.0,0,0.0,0,0
test4.csv,development,common81,GCAD-prediction_s10,0.01,test4_A08,30546,31220,674,True,True,False,36,36,0.05341246290801187,119,0.17655786350148367,119,1
test4.csv,development,common81,GCAD-prediction_s10,0.01,test4_A09,38468,38532,64,False,False,False,,64,1.0,0,0.0,0,0
test4.csv,development,common81,GCAD-prediction_s10,0.01,test4_A10,47227,47407,180,False,False,False,,180,1.0,0,0.0,0,0
test4.csv,development,common81,GCAD-prediction_s10,0.01,test4_A11,56107,56207,100,True,True,False,44,44,0.44,56,0.56,56,1
test4.csv,development,common81,GCAD-prediction_s10,0.01,test4_A12,57734,57891,157,False,False,False,,157,1.0,0,0.0,0,0
test4.csv,development,common81,GCAD-prediction_s10,0.01,test4_A13,61152,61306,154,True,True,False,57,57,0.37012987012987014,63,0.4090909090909091,63,1
test4.csv,development,common81,GCAD-prediction_s10,0.01,test4_A14,69611,69689,78,True,True,False,32,32,0.41025641025641024,46,0.5897435897435898,46,1
test4.csv,development,common81,GCAD-prediction_s10,0.01,test4_A15,76631,76709,78,True,True,False,33,33,0.4230769230769231,45,0.5769230769230769,45,1
test4.csv,development,common81,GCAD-prediction_s10,0.01,test4_A16,81589,81724,135,False,False,False,,135,1.0,0,0.0,0,0
test4.csv,development,common81,GCAD-prediction_s10,0.01,test4_A17,84152,84697,545,False,False,False,,545,1.0,0,0.0,0,0
test4.csv,development,common81,GCAD-prediction_s10,0.01,test4_A18,91389,91732,343,True,True,False,113,113,0.3294460641399417,66,0.1924198250728863,66,1
test4.csv,development,common81,GCAD-prediction_s10,0.01,test4_A19,97146,97310,164,False,False,False,,164,1.0,0,0.0,0,0
test4.csv,development,common81,GCAD-prediction_s10,0.01,test4_A20,100622,100712,90,False,False,False,,90,1.0,0,0.0,0,0
test4.csv,development,common81,GCAD-prediction_s10,0.01,test4_A21,106447,106600,153,False,False,False,,153,1.0,0,0.0,0,0
test4.csv,development,common81,GCAD-prediction_s10,0.01,test4_A22,115686,115852,166,False,False,False,,166,1.0,0,0.0,0,0
test4.csv,development,common81,GCAD-prediction_s10,0.01,test4_A23,123436,123552,116,False,False,False,,116,1.0,0,0.0,0,0
test4.csv,development,common81,GCAD-prediction_s10,0.01,test4_A24,126315,126402,87,False,False,False,,87,1.0,0,0.0,0,0
test4.csv,development,native,GCAD-prediction_s10,0.02,test4_A01,2521,2560,39,True,True,False,3,3,0.07692307692307693,36,0.9230769230769231,36,1
test4.csv,development,native,GCAD-prediction_s10,0.02,test4_A02,4802,4891,89,False,False,False,,89,1.0,0,0.0,0,0
test4.csv,development,native,GCAD-prediction_s10,0.02,test4_A03,7021,7118,97,True,True,True,5,5,0.05154639175257732,85,0.8762886597938144,76,3
test4.csv,development,native,GCAD-prediction_s10,0.02,test4_A04,11280,11378,98,False,False,False,,98,1.0,0,0.0,0,0
test4.csv,development,native,GCAD-prediction_s10,0.02,test4_A05,14871,15377,506,True,True,False,178,178,0.35177865612648224,115,0.22727272727272727,54,7
test4.csv,development,native,GCAD-prediction_s10,0.02,test4_A06,19322,19509,187,False,False,False,,187,1.0,0,0.0,0,0
test4.csv,development,native,GCAD-prediction_s10,0.02,test4_A07,27907,28030,123,False,False,False,,123,1.0,0,0.0,0,0
test4.csv,development,native,GCAD-prediction_s10,0.02,test4_A08,30546,31220,674,True,True,False,36,36,0.05341246290801187,119,0.17655786350148367,119,1
test4.csv,development,native,GCAD-prediction_s10,0.02,test4_A09,38468,38532,64,False,False,False,,64,1.0,0,0.0,0,0
test4.csv,development,native,GCAD-prediction_s10,0.02,test4_A10,47227,47407,180,False,False,False,,180,1.0,0,0.0,0,0
test4.csv,development,native,GCAD-prediction_s10,0.02,test4_A11,56107,56207,100,True,True,True,44,44,0.44,60,0.6,56,1
test4.csv,development,native,GCAD-prediction_s10,0.02,test4_A12,57734,57891,157,False,False,False,,157,1.0,0,0.0,0,0
test4.csv,development,native,GCAD-prediction_s10,0.02,test4_A13,61152,61306,154,True,True,False,56,56,0.36363636363636365,64,0.4155844155844156,64,1
test4.csv,development,native,GCAD-prediction_s10,0.02,test4_A14,69611,69689,78,True,True,False,32,32,0.41025641025641024,46,0.5897435897435898,46,1
test4.csv,development,native,GCAD-prediction_s10,0.02,test4_A15,76631,76709,78,True,True,False,33,33,0.4230769230769231,45,0.5769230769230769,45,1
test4.csv,development,native,GCAD-prediction_s10,0.02,test4_A16,81589,81724,135,False,False,False,,135,1.0,0,0.0,0,0
test4.csv,development,native,GCAD-prediction_s10,0.02,test4_A17,84152,84697,545,False,False,False,,545,1.0,0,0.0,0,0
test4.csv,development,native,GCAD-prediction_s10,0.02,test4_A18,91389,91732,343,True,True,False,113,113,0.3294460641399417,66,0.1924198250728863,66,1
test4.csv,development,native,GCAD-prediction_s10,0.02,test4_A19,97146,97310,164,False,False,False,,164,1.0,0,0.0,0,0
test4.csv,development,native,GCAD-prediction_s10,0.02,test4_A20,100622,100712,90,False,False,False,,90,1.0,0,0.0,0,0
test4.csv,development,native,GCAD-prediction_s10,0.02,test4_A21,106447,106600,153,False,False,False,,153,1.0,0,0.0,0,0
test4.csv,development,native,GCAD-prediction_s10,0.02,test4_A22,115686,115852,166,False,False,False,,166,1.0,0,0.0,0,0
test4.csv,development,native,GCAD-prediction_s10,0.02,test4_A23,123436,123552,116,False,False,False,,116,1.0,0,0.0,0,0
test4.csv,development,native,GCAD-prediction_s10,0.02,test4_A24,126315,126402,87,False,False,False,,87,1.0,0,0.0,0,0
test4.csv,development,common81,GCAD-prediction_s10,0.02,test4_A01,2521,2560,39,True,True,False,3,3,0.07692307692307693,36,0.9230769230769231,36,1
test4.csv,development,common81,GCAD-prediction_s10,0.02,test4_A02,4802,4891,89,False,False,False,,89,1.0,0,0.0,0,0
test4.csv,development,common81,GCAD-prediction_s10,0.02,test4_A03,7021,7118,97,True,True,True,5,5,0.05154639175257732,85,0.8762886597938144,76,3
test4.csv,development,common81,GCAD-prediction_s10,0.02,test4_A04,11280,11378,98,False,False,False,,98,1.0,0,0.0,0,0
test4.csv,development,common81,GCAD-prediction_s10,0.02,test4_A05,14871,15377,506,True,True,False,178,178,0.35177865612648224,115,0.22727272727272727,54,7
test4.csv,development,common81,GCAD-prediction_s10,0.02,test4_A06,19322,19509,187,False,False,False,,187,1.0,0,0.0,0,0
test4.csv,development,common81,GCAD-prediction_s10,0.02,test4_A07,27907,28030,123,False,False,False,,123,1.0,0,0.0,0,0
test4.csv,development,common81,GCAD-prediction_s10,0.02,test4_A08,30546,31220,674,True,True,False,36,36,0.05341246290801187,119,0.17655786350148367,119,1
test4.csv,development,common81,GCAD-prediction_s10,0.02,test4_A09,38468,38532,64,False,False,False,,64,1.0,0,0.0,0,0
test4.csv,development,common81,GCAD-prediction_s10,0.02,test4_A10,47227,47407,180,False,False,False,,180,1.0,0,0.0,0,0
test4.csv,development,common81,GCAD-prediction_s10,0.02,test4_A11,56107,56207,100,True,True,True,44,44,0.44,60,0.6,56,1
test4.csv,development,common81,GCAD-prediction_s10,0.02,test4_A12,57734,57891,157,False,False,False,,157,1.0,0,0.0,0,0
test4.csv,development,common81,GCAD-prediction_s10,0.02,test4_A13,61152,61306,154,True,True,False,56,56,0.36363636363636365,64,0.4155844155844156,64,1
test4.csv,development,common81,GCAD-prediction_s10,0.02,test4_A14,69611,69689,78,True,True,False,32,32,0.41025641025641024,46,0.5897435897435898,46,1
test4.csv,development,common81,GCAD-prediction_s10,0.02,test4_A15,76631,76709,78,True,True,False,33,33,0.4230769230769231,45,0.5769230769230769,45,1
test4.csv,development,common81,GCAD-prediction_s10,0.02,test4_A16,81589,81724,135,False,False,False,,135,1.0,0,0.0,0,0
test4.csv,development,common81,GCAD-prediction_s10,0.02,test4_A17,84152,84697,545,False,False,False,,545,1.0,0,0.0,0,0
test4.csv,development,common81,GCAD-prediction_s10,0.02,test4_A18,91389,91732,343,True,True,False,113,113,0.3294460641399417,66,0.1924198250728863,66,1
test4.csv,development,common81,GCAD-prediction_s10,0.02,test4_A19,97146,97310,164,False,False,False,,164,1.0,0,0.0,0,0
test4.csv,development,common81,GCAD-prediction_s10,0.02,test4_A20,100622,100712,90,False,False,False,,90,1.0,0,0.0,0,0
test4.csv,development,common81,GCAD-prediction_s10,0.02,test4_A21,106447,106600,153,False,False,False,,153,1.0,0,0.0,0,0
test4.csv,development,common81,GCAD-prediction_s10,0.02,test4_A22,115686,115852,166,False,False,False,,166,1.0,0,0.0,0,0
test4.csv,development,common81,GCAD-prediction_s10,0.02,test4_A23,123436,123552,116,False,False,False,,116,1.0,0,0.0,0,0
test4.csv,development,common81,GCAD-prediction_s10,0.02,test4_A24,126315,126402,87,False,False,False,,87,1.0,0,0.0,0,0
test4.csv,development,native,GCAD-dependency_s10,0.005,test4_A01,2521,2560,39,True,True,False,4,4,0.10256410256410256,35,0.8974358974358975,35,1
test4.csv,development,native,GCAD-dependency_s10,0.005,test4_A02,4802,4891,89,False,False,False,,89,1.0,0,0.0,0,0
test4.csv,development,native,GCAD-dependency_s10,0.005,test4_A03,7021,7118,97,True,True,False,43,43,0.44329896907216493,54,0.5567010309278351,54,1
test4.csv,development,native,GCAD-dependency_s10,0.005,test4_A04,11280,11378,98,False,False,False,,98,1.0,0,0.0,0,0
test4.csv,development,native,GCAD-dependency_s10,0.005,test4_A05,14871,15377,506,False,False,False,,506,1.0,0,0.0,0,0
test4.csv,development,native,GCAD-dependency_s10,0.005,test4_A06,19322,19509,187,False,False,False,,187,1.0,0,0.0,0,0
test4.csv,development,native,GCAD-dependency_s10,0.005,test4_A07,27907,28030,123,False,False,False,,123,1.0,0,0.0,0,0
test4.csv,development,native,GCAD-dependency_s10,0.005,test4_A08,30546,31220,674,True,True,False,36,36,0.05341246290801187,119,0.17655786350148367,119,1
test4.csv,development,native,GCAD-dependency_s10,0.005,test4_A09,38468,38532,64,True,True,False,56,56,0.875,8,0.125,8,1
test4.csv,development,native,GCAD-dependency_s10,0.005,test4_A10,47227,47407,180,False,False,False,,180,1.0,0,0.0,0,0
test4.csv,development,native,GCAD-dependency_s10,0.005,test4_A11,56107,56207,100,True,True,False,44,44,0.44,56,0.56,56,1
test4.csv,development,native,GCAD-dependency_s10,0.005,test4_A12,57734,57891,157,False,False,False,,157,1.0,0,0.0,0,0
test4.csv,development,native,GCAD-dependency_s10,0.005,test4_A13,61152,61306,154,False,False,False,,154,1.0,0,0.0,0,0
test4.csv,development,native,GCAD-dependency_s10,0.005,test4_A14,69611,69689,78,True,True,False,32,32,0.41025641025641024,46,0.5897435897435898,46,1
test4.csv,development,native,GCAD-dependency_s10,0.005,test4_A15,76631,76709,78,True,True,False,33,33,0.4230769230769231,45,0.5769230769230769,45,1
test4.csv,development,native,GCAD-dependency_s10,0.005,test4_A16,81589,81724,135,False,False,False,,135,1.0,0,0.0,0,0
test4.csv,development,native,GCAD-dependency_s10,0.005,test4_A17,84152,84697,545,False,False,False,,545,1.0,0,0.0,0,0
test4.csv,development,native,GCAD-dependency_s10,0.005,test4_A18,91389,91732,343,True,True,False,113,113,0.3294460641399417,66,0.1924198250728863,66,1
test4.csv,development,native,GCAD-dependency_s10,0.005,test4_A19,97146,97310,164,False,False,False,,164,1.0,0,0.0,0,0
test4.csv,development,native,GCAD-dependency_s10,0.005,test4_A20,100622,100712,90,False,False,False,,90,1.0,0,0.0,0,0
test4.csv,development,native,GCAD-dependency_s10,0.005,test4_A21,106447,106600,153,False,False,False,,153,1.0,0,0.0,0,0
test4.csv,development,native,GCAD-dependency_s10,0.005,test4_A22,115686,115852,166,False,False,False,,166,1.0,0,0.0,0,0
test4.csv,development,native,GCAD-dependency_s10,0.005,test4_A23,123436,123552,116,False,False,False,,116,1.0,0,0.0,0,0
test4.csv,development,native,GCAD-dependency_s10,0.005,test4_A24,126315,126402,87,False,False,False,,87,1.0,0,0.0,0,0
test4.csv,development,common81,GCAD-dependency_s10,0.005,test4_A01,2521,2560,39,True,True,False,4,4,0.10256410256410256,35,0.8974358974358975,35,1
test4.csv,development,common81,GCAD-dependency_s10,0.005,test4_A02,4802,4891,89,False,False,False,,89,1.0,0,0.0,0,0
test4.csv,development,common81,GCAD-dependency_s10,0.005,test4_A03,7021,7118,97,True,True,False,43,43,0.44329896907216493,54,0.5567010309278351,54,1
test4.csv,development,common81,GCAD-dependency_s10,0.005,test4_A04,11280,11378,98,False,False,False,,98,1.0,0,0.0,0,0
test4.csv,development,common81,GCAD-dependency_s10,0.005,test4_A05,14871,15377,506,False,False,False,,506,1.0,0,0.0,0,0
test4.csv,development,common81,GCAD-dependency_s10,0.005,test4_A06,19322,19509,187,False,False,False,,187,1.0,0,0.0,0,0
test4.csv,development,common81,GCAD-dependency_s10,0.005,test4_A07,27907,28030,123,False,False,False,,123,1.0,0,0.0,0,0
test4.csv,development,common81,GCAD-dependency_s10,0.005,test4_A08,30546,31220,674,True,True,False,36,36,0.05341246290801187,119,0.17655786350148367,119,1
test4.csv,development,common81,GCAD-dependency_s10,0.005,test4_A09,38468,38532,64,True,True,False,56,56,0.875,8,0.125,8,1
test4.csv,development,common81,GCAD-dependency_s10,0.005,test4_A10,47227,47407,180,False,False,False,,180,1.0,0,0.0,0,0
test4.csv,development,common81,GCAD-dependency_s10,0.005,test4_A11,56107,56207,100,True,True,False,44,44,0.44,56,0.56,56,1
test4.csv,development,common81,GCAD-dependency_s10,0.005,test4_A12,57734,57891,157,False,False,False,,157,1.0,0,0.0,0,0
test4.csv,development,common81,GCAD-dependency_s10,0.005,test4_A13,61152,61306,154,False,False,False,,154,1.0,0,0.0,0,0
test4.csv,development,common81,GCAD-dependency_s10,0.005,test4_A14,69611,69689,78,True,True,False,32,32,0.41025641025641024,46,0.5897435897435898,46,1
test4.csv,development,common81,GCAD-dependency_s10,0.005,test4_A15,76631,76709,78,True,True,False,33,33,0.4230769230769231,45,0.5769230769230769,45,1
test4.csv,development,common81,GCAD-dependency_s10,0.005,test4_A16,81589,81724,135,False,False,False,,135,1.0,0,0.0,0,0
test4.csv,development,common81,GCAD-dependency_s10,0.005,test4_A17,84152,84697,545,False,False,False,,545,1.0,0,0.0,0,0
test4.csv,development,common81,GCAD-dependency_s10,0.005,test4_A18,91389,91732,343,True,True,False,113,113,0.3294460641399417,66,0.1924198250728863,66,1
test4.csv,development,common81,GCAD-dependency_s10,0.005,test4_A19,97146,97310,164,False,False,False,,164,1.0,0,0.0,0,0
test4.csv,development,common81,GCAD-dependency_s10,0.005,test4_A20,100622,100712,90,False,False,False,,90,1.0,0,0.0,0,0
test4.csv,development,common81,GCAD-dependency_s10,0.005,test4_A21,106447,106600,153,False,False,False,,153,1.0,0,0.0,0,0
test4.csv,development,common81,GCAD-dependency_s10,0.005,test4_A22,115686,115852,166,False,False,False,,166,1.0,0,0.0,0,0
test4.csv,development,common81,GCAD-dependency_s10,0.005,test4_A23,123436,123552,116,False,False,False,,116,1.0,0,0.0,0,0
test4.csv,development,common81,GCAD-dependency_s10,0.005,test4_A24,126315,126402,87,False,False,False,,87,1.0,0,0.0,0,0
test4.csv,development,native,GCAD-dependency_s10,0.01,test4_A01,2521,2560,39,True,True,False,4,4,0.10256410256410256,35,0.8974358974358975,35,1
test4.csv,development,native,GCAD-dependency_s10,0.01,test4_A02,4802,4891,89,False,False,False,,89,1.0,0,0.0,0,0
test4.csv,development,native,GCAD-dependency_s10,0.01,test4_A03,7021,7118,97,True,True,False,43,43,0.44329896907216493,54,0.5567010309278351,54,1
test4.csv,development,native,GCAD-dependency_s10,0.01,test4_A04,11280,11378,98,False,False,False,,98,1.0,0,0.0,0,0
test4.csv,development,native,GCAD-dependency_s10,0.01,test4_A05,14871,15377,506,False,False,False,,506,1.0,0,0.0,0,0
test4.csv,development,native,GCAD-dependency_s10,0.01,test4_A06,19322,19509,187,False,False,False,,187,1.0,0,0.0,0,0
test4.csv,development,native,GCAD-dependency_s10,0.01,test4_A07,27907,28030,123,False,False,False,,123,1.0,0,0.0,0,0
test4.csv,development,native,GCAD-dependency_s10,0.01,test4_A08,30546,31220,674,True,True,False,36,36,0.05341246290801187,122,0.18100890207715134,119,2
test4.csv,development,native,GCAD-dependency_s10,0.01,test4_A09,38468,38532,64,True,True,False,12,12,0.1875,52,0.8125,52,1
test4.csv,development,native,GCAD-dependency_s10,0.01,test4_A10,47227,47407,180,False,False,False,,180,1.0,0,0.0,0,0
test4.csv,development,native,GCAD-dependency_s10,0.01,test4_A11,56107,56207,100,True,True,False,44,44,0.44,56,0.56,56,1
test4.csv,development,native,GCAD-dependency_s10,0.01,test4_A12,57734,57891,157,False,False,False,,157,1.0,0,0.0,0,0
test4.csv,development,native,GCAD-dependency_s10,0.01,test4_A13,61152,61306,154,True,True,False,57,57,0.37012987012987014,62,0.4025974025974026,62,1
test4.csv,development,native,GCAD-dependency_s10,0.01,test4_A14,69611,69689,78,True,True,False,32,32,0.41025641025641024,46,0.5897435897435898,46,1
test4.csv,development,native,GCAD-dependency_s10,0.01,test4_A15,76631,76709,78,True,True,False,33,33,0.4230769230769231,45,0.5769230769230769,45,1
test4.csv,development,native,GCAD-dependency_s10,0.01,test4_A16,81589,81724,135,False,False,False,,135,1.0,0,0.0,0,0
test4.csv,development,native,GCAD-dependency_s10,0.01,test4_A17,84152,84697,545,True,True,False,543,543,0.9963302752293578,2,0.003669724770642202,2,1
test4.csv,development,native,GCAD-dependency_s10,0.01,test4_A18,91389,91732,343,True,True,False,113,113,0.3294460641399417,66,0.1924198250728863,66,1
test4.csv,development,native,GCAD-dependency_s10,0.01,test4_A19,97146,97310,164,False,False,False,,164,1.0,0,0.0,0,0
test4.csv,development,native,GCAD-dependency_s10,0.01,test4_A20,100622,100712,90,True,True,False,12,12,0.13333333333333333,78,0.8666666666666667,78,1
test4.csv,development,native,GCAD-dependency_s10,0.01,test4_A21,106447,106600,153,False,False,False,,153,1.0,0,0.0,0,0
test4.csv,development,native,GCAD-dependency_s10,0.01,test4_A22,115686,115852,166,False,False,False,,166,1.0,0,0.0,0,0
test4.csv,development,native,GCAD-dependency_s10,0.01,test4_A23,123436,123552,116,False,False,False,,116,1.0,0,0.0,0,0
test4.csv,development,native,GCAD-dependency_s10,0.01,test4_A24,126315,126402,87,False,False,False,,87,1.0,0,0.0,0,0
test4.csv,development,common81,GCAD-dependency_s10,0.01,test4_A01,2521,2560,39,True,True,False,4,4,0.10256410256410256,35,0.8974358974358975,35,1
test4.csv,development,common81,GCAD-dependency_s10,0.01,test4_A02,4802,4891,89,False,False,False,,89,1.0,0,0.0,0,0
test4.csv,development,common81,GCAD-dependency_s10,0.01,test4_A03,7021,7118,97,True,True,False,43,43,0.44329896907216493,54,0.5567010309278351,54,1
test4.csv,development,common81,GCAD-dependency_s10,0.01,test4_A04,11280,11378,98,False,False,False,,98,1.0,0,0.0,0,0
test4.csv,development,common81,GCAD-dependency_s10,0.01,test4_A05,14871,15377,506,False,False,False,,506,1.0,0,0.0,0,0
test4.csv,development,common81,GCAD-dependency_s10,0.01,test4_A06,19322,19509,187,False,False,False,,187,1.0,0,0.0,0,0
test4.csv,development,common81,GCAD-dependency_s10,0.01,test4_A07,27907,28030,123,False,False,False,,123,1.0,0,0.0,0,0
test4.csv,development,common81,GCAD-dependency_s10,0.01,test4_A08,30546,31220,674,True,True,False,36,36,0.05341246290801187,122,0.18100890207715134,119,2
test4.csv,development,common81,GCAD-dependency_s10,0.01,test4_A09,38468,38532,64,True,True,False,12,12,0.1875,52,0.8125,52,1
test4.csv,development,common81,GCAD-dependency_s10,0.01,test4_A10,47227,47407,180,False,False,False,,180,1.0,0,0.0,0,0
test4.csv,development,common81,GCAD-dependency_s10,0.01,test4_A11,56107,56207,100,True,True,False,44,44,0.44,56,0.56,56,1
test4.csv,development,common81,GCAD-dependency_s10,0.01,test4_A12,57734,57891,157,False,False,False,,157,1.0,0,0.0,0,0
test4.csv,development,common81,GCAD-dependency_s10,0.01,test4_A13,61152,61306,154,True,True,False,57,57,0.37012987012987014,62,0.4025974025974026,62,1
test4.csv,development,common81,GCAD-dependency_s10,0.01,test4_A14,69611,69689,78,True,True,False,32,32,0.41025641025641024,46,0.5897435897435898,46,1
test4.csv,development,common81,GCAD-dependency_s10,0.01,test4_A15,76631,76709,78,True,True,False,33,33,0.4230769230769231,45,0.5769230769230769,45,1
test4.csv,development,common81,GCAD-dependency_s10,0.01,test4_A16,81589,81724,135,False,False,False,,135,1.0,0,0.0,0,0
test4.csv,development,common81,GCAD-dependency_s10,0.01,test4_A17,84152,84697,545,True,True,False,543,543,0.9963302752293578,2,0.003669724770642202,2,1
test4.csv,development,common81,GCAD-dependency_s10,0.01,test4_A18,91389,91732,343,True,True,False,113,113,0.3294460641399417,66,0.1924198250728863,66,1
test4.csv,development,common81,GCAD-dependency_s10,0.01,test4_A19,97146,97310,164,False,False,False,,164,1.0,0,0.0,0,0
test4.csv,development,common81,GCAD-dependency_s10,0.01,test4_A20,100622,100712,90,True,True,False,12,12,0.13333333333333333,78,0.8666666666666667,78,1
test4.csv,development,common81,GCAD-dependency_s10,0.01,test4_A21,106447,106600,153,False,False,False,,153,1.0,0,0.0,0,0
test4.csv,development,common81,GCAD-dependency_s10,0.01,test4_A22,115686,115852,166,False,False,False,,166,1.0,0,0.0,0,0
test4.csv,development,common81,GCAD-dependency_s10,0.01,test4_A23,123436,123552,116,False,False,False,,116,1.0,0,0.0,0,0
test4.csv,development,common81,GCAD-dependency_s10,0.01,test4_A24,126315,126402,87,False,False,False,,87,1.0,0,0.0,0,0
test4.csv,development,native,GCAD-dependency_s10,0.02,test4_A01,2521,2560,39,True,True,False,4,4,0.10256410256410256,35,0.8974358974358975,35,1
test4.csv,development,native,GCAD-dependency_s10,0.02,test4_A02,4802,4891,89,False,False,False,,89,1.0,0,0.0,0,0
test4.csv,development,native,GCAD-dependency_s10,0.02,test4_A03,7021,7118,97,True,True,False,42,42,0.4329896907216495,55,0.5670103092783505,55,1
test4.csv,development,native,GCAD-dependency_s10,0.02,test4_A04,11280,11378,98,False,False,False,,98,1.0,0,0.0,0,0
test4.csv,development,native,GCAD-dependency_s10,0.02,test4_A05,14871,15377,506,False,False,False,,506,1.0,0,0.0,0,0
test4.csv,development,native,GCAD-dependency_s10,0.02,test4_A06,19322,19509,187,False,False,False,,187,1.0,0,0.0,0,0
test4.csv,development,native,GCAD-dependency_s10,0.02,test4_A07,27907,28030,123,False,False,False,,123,1.0,0,0.0,0,0
test4.csv,development,native,GCAD-dependency_s10,0.02,test4_A08,30546,31220,674,True,True,False,35,35,0.05192878338278932,164,0.2433234421364985,164,1
test4.csv,development,native,GCAD-dependency_s10,0.02,test4_A09,38468,38532,64,True,True,False,7,7,0.109375,57,0.890625,57,1
test4.csv,development,native,GCAD-dependency_s10,0.02,test4_A10,47227,47407,180,True,True,False,77,77,0.42777777777777776,74,0.4111111111111111,74,1
test4.csv,development,native,GCAD-dependency_s10,0.02,test4_A11,56107,56207,100,True,True,False,44,44,0.44,56,0.56,56,1
test4.csv,development,native,GCAD-dependency_s10,0.02,test4_A12,57734,57891,157,False,False,False,,157,1.0,0,0.0,0,0
test4.csv,development,native,GCAD-dependency_s10,0.02,test4_A13,61152,61306,154,True,True,False,56,56,0.36363636363636365,64,0.4155844155844156,64,1
test4.csv,development,native,GCAD-dependency_s10,0.02,test4_A14,69611,69689,78,True,True,False,32,32,0.41025641025641024,46,0.5897435897435898,46,1
test4.csv,development,native,GCAD-dependency_s10,0.02,test4_A15,76631,76709,78,True,True,False,33,33,0.4230769230769231,45,0.5769230769230769,45,1
test4.csv,development,native,GCAD-dependency_s10,0.02,test4_A16,81589,81724,135,False,False,False,,135,1.0,0,0.0,0,0
test4.csv,development,native,GCAD-dependency_s10,0.02,test4_A17,84152,84697,545,True,True,False,49,49,0.08990825688073395,64,0.11743119266055047,60,2
test4.csv,development,native,GCAD-dependency_s10,0.02,test4_A18,91389,91732,343,True,True,False,64,64,0.18658892128279883,115,0.33527696793002915,115,1
test4.csv,development,native,GCAD-dependency_s10,0.02,test4_A19,97146,97310,164,False,False,False,,164,1.0,0,0.0,0,0
test4.csv,development,native,GCAD-dependency_s10,0.02,test4_A20,100622,100712,90,True,True,False,6,6,0.06666666666666667,84,0.9333333333333333,84,1
test4.csv,development,native,GCAD-dependency_s10,0.02,test4_A21,106447,106600,153,False,False,False,,153,1.0,0,0.0,0,0
test4.csv,development,native,GCAD-dependency_s10,0.02,test4_A22,115686,115852,166,False,False,False,,166,1.0,0,0.0,0,0
test4.csv,development,native,GCAD-dependency_s10,0.02,test4_A23,123436,123552,116,False,False,False,,116,1.0,0,0.0,0,0
test4.csv,development,native,GCAD-dependency_s10,0.02,test4_A24,126315,126402,87,True,True,False,61,61,0.7011494252873564,26,0.2988505747126437,26,1
test4.csv,development,common81,GCAD-dependency_s10,0.02,test4_A01,2521,2560,39,True,True,False,4,4,0.10256410256410256,35,0.8974358974358975,35,1
test4.csv,development,common81,GCAD-dependency_s10,0.02,test4_A02,4802,4891,89,False,False,False,,89,1.0,0,0.0,0,0
test4.csv,development,common81,GCAD-dependency_s10,0.02,test4_A03,7021,7118,97,True,True,False,42,42,0.4329896907216495,55,0.5670103092783505,55,1
test4.csv,development,common81,GCAD-dependency_s10,0.02,test4_A04,11280,11378,98,False,False,False,,98,1.0,0,0.0,0,0
test4.csv,development,common81,GCAD-dependency_s10,0.02,test4_A05,14871,15377,506,False,False,False,,506,1.0,0,0.0,0,0
test4.csv,development,common81,GCAD-dependency_s10,0.02,test4_A06,19322,19509,187,False,False,False,,187,1.0,0,0.0,0,0
test4.csv,development,common81,GCAD-dependency_s10,0.02,test4_A07,27907,28030,123,False,False,False,,123,1.0,0,0.0,0,0
test4.csv,development,common81,GCAD-dependency_s10,0.02,test4_A08,30546,31220,674,True,True,False,35,35,0.05192878338278932,164,0.2433234421364985,164,1
test4.csv,development,common81,GCAD-dependency_s10,0.02,test4_A09,38468,38532,64,True,True,False,7,7,0.109375,57,0.890625,57,1
test4.csv,development,common81,GCAD-dependency_s10,0.02,test4_A10,47227,47407,180,True,True,False,77,77,0.42777777777777776,74,0.4111111111111111,74,1
test4.csv,development,common81,GCAD-dependency_s10,0.02,test4_A11,56107,56207,100,True,True,False,44,44,0.44,56,0.56,56,1
test4.csv,development,common81,GCAD-dependency_s10,0.02,test4_A12,57734,57891,157,False,False,False,,157,1.0,0,0.0,0,0
test4.csv,development,common81,GCAD-dependency_s10,0.02,test4_A13,61152,61306,154,True,True,False,56,56,0.36363636363636365,64,0.4155844155844156,64,1
test4.csv,development,common81,GCAD-dependency_s10,0.02,test4_A14,69611,69689,78,True,True,False,32,32,0.41025641025641024,46,0.5897435897435898,46,1
test4.csv,development,common81,GCAD-dependency_s10,0.02,test4_A15,76631,76709,78,True,True,False,33,33,0.4230769230769231,45,0.5769230769230769,45,1
test4.csv,development,common81,GCAD-dependency_s10,0.02,test4_A16,81589,81724,135,False,False,False,,135,1.0,0,0.0,0,0
test4.csv,development,common81,GCAD-dependency_s10,0.02,test4_A17,84152,84697,545,True,True,False,49,49,0.08990825688073395,64,0.11743119266055047,60,2
test4.csv,development,common81,GCAD-dependency_s10,0.02,test4_A18,91389,91732,343,True,True,False,64,64,0.18658892128279883,115,0.33527696793002915,115,1
test4.csv,development,common81,GCAD-dependency_s10,0.02,test4_A19,97146,97310,164,False,False,False,,164,1.0,0,0.0,0,0
test4.csv,development,common81,GCAD-dependency_s10,0.02,test4_A20,100622,100712,90,True,True,False,6,6,0.06666666666666667,84,0.9333333333333333,84,1
test4.csv,development,common81,GCAD-dependency_s10,0.02,test4_A21,106447,106600,153,False,False,False,,153,1.0,0,0.0,0,0
test4.csv,development,common81,GCAD-dependency_s10,0.02,test4_A22,115686,115852,166,False,False,False,,166,1.0,0,0.0,0,0
test4.csv,development,common81,GCAD-dependency_s10,0.02,test4_A23,123436,123552,116,False,False,False,,116,1.0,0,0.0,0,0
test4.csv,development,common81,GCAD-dependency_s10,0.02,test4_A24,126315,126402,87,True,True,False,61,61,0.7011494252873564,26,0.2988505747126437,26,1
test4.csv,development,native,GCAD-prediction_s11,0.005,test4_A01,2521,2560,39,True,True,False,5,5,0.1282051282051282,34,0.8717948717948718,34,1
test4.csv,development,native,GCAD-prediction_s11,0.005,test4_A02,4802,4891,89,False,False,False,,89,1.0,0,0.0,0,0
test4.csv,development,native,GCAD-prediction_s11,0.005,test4_A03,7021,7118,97,True,True,False,43,43,0.44329896907216493,54,0.5567010309278351,54,1
test4.csv,development,native,GCAD-prediction_s11,0.005,test4_A04,11280,11378,98,False,False,False,,98,1.0,0,0.0,0,0
test4.csv,development,native,GCAD-prediction_s11,0.005,test4_A05,14871,15377,506,False,False,False,,506,1.0,0,0.0,0,0
test4.csv,development,native,GCAD-prediction_s11,0.005,test4_A06,19322,19509,187,False,False,False,,187,1.0,0,0.0,0,0
test4.csv,development,native,GCAD-prediction_s11,0.005,test4_A07,27907,28030,123,False,False,False,,123,1.0,0,0.0,0,0
test4.csv,development,native,GCAD-prediction_s11,0.005,test4_A08,30546,31220,674,False,False,False,,674,1.0,0,0.0,0,0
test4.csv,development,native,GCAD-prediction_s11,0.005,test4_A09,38468,38532,64,False,False,False,,64,1.0,0,0.0,0,0
test4.csv,development,native,GCAD-prediction_s11,0.005,test4_A10,47227,47407,180,False,False,False,,180,1.0,0,0.0,0,0
test4.csv,development,native,GCAD-prediction_s11,0.005,test4_A11,56107,56207,100,True,True,False,44,44,0.44,56,0.56,56,1
test4.csv,development,native,GCAD-prediction_s11,0.005,test4_A12,57734,57891,157,False,False,False,,157,1.0,0,0.0,0,0
test4.csv,development,native,GCAD-prediction_s11,0.005,test4_A13,61152,61306,154,False,False,False,,154,1.0,0,0.0,0,0
test4.csv,development,native,GCAD-prediction_s11,0.005,test4_A14,69611,69689,78,True,True,False,32,32,0.41025641025641024,46,0.5897435897435898,46,1
test4.csv,development,native,GCAD-prediction_s11,0.005,test4_A15,76631,76709,78,True,True,False,33,33,0.4230769230769231,45,0.5769230769230769,45,1
test4.csv,development,native,GCAD-prediction_s11,0.005,test4_A16,81589,81724,135,False,False,False,,135,1.0,0,0.0,0,0
test4.csv,development,native,GCAD-prediction_s11,0.005,test4_A17,84152,84697,545,False,False,False,,545,1.0,0,0.0,0,0
test4.csv,development,native,GCAD-prediction_s11,0.005,test4_A18,91389,91732,343,False,False,False,,343,1.0,0,0.0,0,0
test4.csv,development,native,GCAD-prediction_s11,0.005,test4_A19,97146,97310,164,False,False,False,,164,1.0,0,0.0,0,0
test4.csv,development,native,GCAD-prediction_s11,0.005,test4_A20,100622,100712,90,False,False,False,,90,1.0,0,0.0,0,0
test4.csv,development,native,GCAD-prediction_s11,0.005,test4_A21,106447,106600,153,False,False,False,,153,1.0,0,0.0,0,0
test4.csv,development,native,GCAD-prediction_s11,0.005,test4_A22,115686,115852,166,False,False,False,,166,1.0,0,0.0,0,0
test4.csv,development,native,GCAD-prediction_s11,0.005,test4_A23,123436,123552,116,False,False,False,,116,1.0,0,0.0,0,0
test4.csv,development,native,GCAD-prediction_s11,0.005,test4_A24,126315,126402,87,False,False,False,,87,1.0,0,0.0,0,0
test4.csv,development,common81,GCAD-prediction_s11,0.005,test4_A01,2521,2560,39,True,True,False,5,5,0.1282051282051282,34,0.8717948717948718,34,1
test4.csv,development,common81,GCAD-prediction_s11,0.005,test4_A02,4802,4891,89,False,False,False,,89,1.0,0,0.0,0,0
test4.csv,development,common81,GCAD-prediction_s11,0.005,test4_A03,7021,7118,97,True,True,False,43,43,0.44329896907216493,54,0.5567010309278351,54,1
test4.csv,development,common81,GCAD-prediction_s11,0.005,test4_A04,11280,11378,98,False,False,False,,98,1.0,0,0.0,0,0
test4.csv,development,common81,GCAD-prediction_s11,0.005,test4_A05,14871,15377,506,False,False,False,,506,1.0,0,0.0,0,0
test4.csv,development,common81,GCAD-prediction_s11,0.005,test4_A06,19322,19509,187,False,False,False,,187,1.0,0,0.0,0,0
test4.csv,development,common81,GCAD-prediction_s11,0.005,test4_A07,27907,28030,123,False,False,False,,123,1.0,0,0.0,0,0
test4.csv,development,common81,GCAD-prediction_s11,0.005,test4_A08,30546,31220,674,False,False,False,,674,1.0,0,0.0,0,0
test4.csv,development,common81,GCAD-prediction_s11,0.005,test4_A09,38468,38532,64,False,False,False,,64,1.0,0,0.0,0,0
test4.csv,development,common81,GCAD-prediction_s11,0.005,test4_A10,47227,47407,180,False,False,False,,180,1.0,0,0.0,0,0
test4.csv,development,common81,GCAD-prediction_s11,0.005,test4_A11,56107,56207,100,True,True,False,44,44,0.44,56,0.56,56,1
test4.csv,development,common81,GCAD-prediction_s11,0.005,test4_A12,57734,57891,157,False,False,False,,157,1.0,0,0.0,0,0
test4.csv,development,common81,GCAD-prediction_s11,0.005,test4_A13,61152,61306,154,False,False,False,,154,1.0,0,0.0,0,0
test4.csv,development,common81,GCAD-prediction_s11,0.005,test4_A14,69611,69689,78,True,True,False,32,32,0.41025641025641024,46,0.5897435897435898,46,1
test4.csv,development,common81,GCAD-prediction_s11,0.005,test4_A15,76631,76709,78,True,True,False,33,33,0.4230769230769231,45,0.5769230769230769,45,1
test4.csv,development,common81,GCAD-prediction_s11,0.005,test4_A16,81589,81724,135,False,False,False,,135,1.0,0,0.0,0,0
test4.csv,development,common81,GCAD-prediction_s11,0.005,test4_A17,84152,84697,545,False,False,False,,545,1.0,0,0.0,0,0
test4.csv,development,common81,GCAD-prediction_s11,0.005,test4_A18,91389,91732,343,False,False,False,,343,1.0,0,0.0,0,0
test4.csv,development,common81,GCAD-prediction_s11,0.005,test4_A19,97146,97310,164,False,False,False,,164,1.0,0,0.0,0,0
test4.csv,development,common81,GCAD-prediction_s11,0.005,test4_A20,100622,100712,90,False,False,False,,90,1.0,0,0.0,0,0
test4.csv,development,common81,GCAD-prediction_s11,0.005,test4_A21,106447,106600,153,False,False,False,,153,1.0,0,0.0,0,0
test4.csv,development,common81,GCAD-prediction_s11,0.005,test4_A22,115686,115852,166,False,False,False,,166,1.0,0,0.0,0,0
test4.csv,development,common81,GCAD-prediction_s11,0.005,test4_A23,123436,123552,116,False,False,False,,116,1.0,0,0.0,0,0
test4.csv,development,common81,GCAD-prediction_s11,0.005,test4_A24,126315,126402,87,False,False,False,,87,1.0,0,0.0,0,0
test4.csv,development,native,GCAD-prediction_s11,0.01,test4_A01,2521,2560,39,True,True,False,3,3,0.07692307692307693,36,0.9230769230769231,36,1
test4.csv,development,native,GCAD-prediction_s11,0.01,test4_A02,4802,4891,89,False,False,False,,89,1.0,0,0.0,0,0
test4.csv,development,native,GCAD-prediction_s11,0.01,test4_A03,7021,7118,97,True,True,True,43,43,0.44329896907216493,69,0.711340206185567,54,1
test4.csv,development,native,GCAD-prediction_s11,0.01,test4_A04,11280,11378,98,False,False,False,,98,1.0,0,0.0,0,0
test4.csv,development,native,GCAD-prediction_s11,0.01,test4_A05,14871,15377,506,False,False,False,,506,1.0,0,0.0,0,0
test4.csv,development,native,GCAD-prediction_s11,0.01,test4_A06,19322,19509,187,False,False,False,,187,1.0,0,0.0,0,0
test4.csv,development,native,GCAD-prediction_s11,0.01,test4_A07,27907,28030,123,False,False,False,,123,1.0,0,0.0,0,0
test4.csv,development,native,GCAD-prediction_s11,0.01,test4_A08,30546,31220,674,True,True,False,40,40,0.05934718100890208,113,0.16765578635014836,113,1
test4.csv,development,native,GCAD-prediction_s11,0.01,test4_A09,38468,38532,64,True,True,False,12,12,0.1875,52,0.8125,52,1
test4.csv,development,native,GCAD-prediction_s11,0.01,test4_A10,47227,47407,180,False,False,False,,180,1.0,0,0.0,0,0
test4.csv,development,native,GCAD-prediction_s11,0.01,test4_A11,56107,56207,100,True,True,False,44,44,0.44,56,0.56,56,1
test4.csv,development,native,GCAD-prediction_s11,0.01,test4_A12,57734,57891,157,False,False,False,,157,1.0,0,0.0,0,0
test4.csv,development,native,GCAD-prediction_s11,0.01,test4_A13,61152,61306,154,False,False,False,,154,1.0,0,0.0,0,0
test4.csv,development,native,GCAD-prediction_s11,0.01,test4_A14,69611,69689,78,True,True,False,32,32,0.41025641025641024,46,0.5897435897435898,46,1
test4.csv,development,native,GCAD-prediction_s11,0.01,test4_A15,76631,76709,78,True,True,False,33,33,0.4230769230769231,45,0.5769230769230769,45,1
test4.csv,development,native,GCAD-prediction_s11,0.01,test4_A16,81589,81724,135,False,False,False,,135,1.0,0,0.0,0,0
test4.csv,development,native,GCAD-prediction_s11,0.01,test4_A17,84152,84697,545,True,True,False,47,47,0.08623853211009175,67,0.12293577981651377,63,2
test4.csv,development,native,GCAD-prediction_s11,0.01,test4_A18,91389,91732,343,False,False,False,,343,1.0,0,0.0,0,0
test4.csv,development,native,GCAD-prediction_s11,0.01,test4_A19,97146,97310,164,False,False,False,,164,1.0,0,0.0,0,0
test4.csv,development,native,GCAD-prediction_s11,0.01,test4_A20,100622,100712,90,True,True,False,60,60,0.6666666666666666,26,0.28888888888888886,17,2
test4.csv,development,native,GCAD-prediction_s11,0.01,test4_A21,106447,106600,153,False,False,False,,153,1.0,0,0.0,0,0
test4.csv,development,native,GCAD-prediction_s11,0.01,test4_A22,115686,115852,166,False,False,False,,166,1.0,0,0.0,0,0
test4.csv,development,native,GCAD-prediction_s11,0.01,test4_A23,123436,123552,116,False,False,False,,116,1.0,0,0.0,0,0
test4.csv,development,native,GCAD-prediction_s11,0.01,test4_A24,126315,126402,87,False,False,False,,87,1.0,0,0.0,0,0
test4.csv,development,common81,GCAD-prediction_s11,0.01,test4_A01,2521,2560,39,True,True,False,3,3,0.07692307692307693,36,0.9230769230769231,36,1
test4.csv,development,common81,GCAD-prediction_s11,0.01,test4_A02,4802,4891,89,False,False,False,,89,1.0,0,0.0,0,0
test4.csv,development,common81,GCAD-prediction_s11,0.01,test4_A03,7021,7118,97,True,True,True,43,43,0.44329896907216493,69,0.711340206185567,54,1
test4.csv,development,common81,GCAD-prediction_s11,0.01,test4_A04,11280,11378,98,False,False,False,,98,1.0,0,0.0,0,0
test4.csv,development,common81,GCAD-prediction_s11,0.01,test4_A05,14871,15377,506,False,False,False,,506,1.0,0,0.0,0,0
test4.csv,development,common81,GCAD-prediction_s11,0.01,test4_A06,19322,19509,187,False,False,False,,187,1.0,0,0.0,0,0
test4.csv,development,common81,GCAD-prediction_s11,0.01,test4_A07,27907,28030,123,False,False,False,,123,1.0,0,0.0,0,0
test4.csv,development,common81,GCAD-prediction_s11,0.01,test4_A08,30546,31220,674,True,True,False,40,40,0.05934718100890208,113,0.16765578635014836,113,1
test4.csv,development,common81,GCAD-prediction_s11,0.01,test4_A09,38468,38532,64,True,True,False,12,12,0.1875,52,0.8125,52,1
test4.csv,development,common81,GCAD-prediction_s11,0.01,test4_A10,47227,47407,180,False,False,False,,180,1.0,0,0.0,0,0
test4.csv,development,common81,GCAD-prediction_s11,0.01,test4_A11,56107,56207,100,True,True,False,44,44,0.44,56,0.56,56,1
test4.csv,development,common81,GCAD-prediction_s11,0.01,test4_A12,57734,57891,157,False,False,False,,157,1.0,0,0.0,0,0
test4.csv,development,common81,GCAD-prediction_s11,0.01,test4_A13,61152,61306,154,False,False,False,,154,1.0,0,0.0,0,0
test4.csv,development,common81,GCAD-prediction_s11,0.01,test4_A14,69611,69689,78,True,True,False,32,32,0.41025641025641024,46,0.5897435897435898,46,1
test4.csv,development,common81,GCAD-prediction_s11,0.01,test4_A15,76631,76709,78,True,True,False,33,33,0.4230769230769231,45,0.5769230769230769,45,1
test4.csv,development,common81,GCAD-prediction_s11,0.01,test4_A16,81589,81724,135,False,False,False,,135,1.0,0,0.0,0,0
test4.csv,development,common81,GCAD-prediction_s11,0.01,test4_A17,84152,84697,545,True,True,False,47,47,0.08623853211009175,67,0.12293577981651377,63,2
test4.csv,development,common81,GCAD-prediction_s11,0.01,test4_A18,91389,91732,343,False,False,False,,343,1.0,0,0.0,0,0
test4.csv,development,common81,GCAD-prediction_s11,0.01,test4_A19,97146,97310,164,False,False,False,,164,1.0,0,0.0,0,0
test4.csv,development,common81,GCAD-prediction_s11,0.01,test4_A20,100622,100712,90,True,True,False,60,60,0.6666666666666666,26,0.28888888888888886,17,2
test4.csv,development,common81,GCAD-prediction_s11,0.01,test4_A21,106447,106600,153,False,False,False,,153,1.0,0,0.0,0,0
test4.csv,development,common81,GCAD-prediction_s11,0.01,test4_A22,115686,115852,166,False,False,False,,166,1.0,0,0.0,0,0
test4.csv,development,common81,GCAD-prediction_s11,0.01,test4_A23,123436,123552,116,False,False,False,,116,1.0,0,0.0,0,0
test4.csv,development,common81,GCAD-prediction_s11,0.01,test4_A24,126315,126402,87,False,False,False,,87,1.0,0,0.0,0,0
test4.csv,development,native,GCAD-prediction_s11,0.02,test4_A01,2521,2560,39,True,True,False,3,3,0.07692307692307693,36,0.9230769230769231,36,1
test4.csv,development,native,GCAD-prediction_s11,0.02,test4_A02,4802,4891,89,False,False,False,,89,1.0,0,0.0,0,0
test4.csv,development,native,GCAD-prediction_s11,0.02,test4_A03,7021,7118,97,True,True,True,42,42,0.4329896907216495,71,0.7319587628865979,55,1
test4.csv,development,native,GCAD-prediction_s11,0.02,test4_A04,11280,11378,98,True,True,False,3,3,0.030612244897959183,58,0.5918367346938775,58,1
test4.csv,development,native,GCAD-prediction_s11,0.02,test4_A05,14871,15377,506,False,False,False,,506,1.0,0,0.0,0,0
test4.csv,development,native,GCAD-prediction_s11,0.02,test4_A06,19322,19509,187,False,False,False,,187,1.0,0,0.0,0,0
test4.csv,development,native,GCAD-prediction_s11,0.02,test4_A07,27907,28030,123,False,False,False,,123,1.0,0,0.0,0,0
test4.csv,development,native,GCAD-prediction_s11,0.02,test4_A08,30546,31220,674,True,True,False,39,39,0.057863501483679525,115,0.17062314540059348,115,1
test4.csv,development,native,GCAD-prediction_s11,0.02,test4_A09,38468,38532,64,True,True,False,6,6,0.09375,58,0.90625,58,1
test4.csv,development,native,GCAD-prediction_s11,0.02,test4_A10,47227,47407,180,False,False,False,,180,1.0,0,0.0,0,0
test4.csv,development,native,GCAD-prediction_s11,0.02,test4_A11,56107,56207,100,True,True,False,43,43,0.43,57,0.57,57,1
test4.csv,development,native,GCAD-prediction_s11,0.02,test4_A12,57734,57891,157,False,False,False,,157,1.0,0,0.0,0,0
test4.csv,development,native,GCAD-prediction_s11,0.02,test4_A13,61152,61306,154,False,False,False,,154,1.0,0,0.0,0,0
test4.csv,development,native,GCAD-prediction_s11,0.02,test4_A14,69611,69689,78,True,True,False,31,31,0.3974358974358974,47,0.6025641025641025,47,1
test4.csv,development,native,GCAD-prediction_s11,0.02,test4_A15,76631,76709,78,True,True,False,32,32,0.41025641025641024,46,0.5897435897435898,46,1
test4.csv,development,native,GCAD-prediction_s11,0.02,test4_A16,81589,81724,135,False,False,False,,135,1.0,0,0.0,0,0
test4.csv,development,native,GCAD-prediction_s11,0.02,test4_A17,84152,84697,545,True,True,False,45,45,0.08256880733944955,72,0.13211009174311927,67,2
test4.csv,development,native,GCAD-prediction_s11,0.02,test4_A18,91389,91732,343,False,True,True,,343,1.0,22,0.0641399416909621,22,0
test4.csv,development,native,GCAD-prediction_s11,0.02,test4_A19,97146,97310,164,False,False,False,,164,1.0,0,0.0,0,0
test4.csv,development,native,GCAD-prediction_s11,0.02,test4_A20,100622,100712,90,True,True,False,27,27,0.3,63,0.7,63,1
test4.csv,development,native,GCAD-prediction_s11,0.02,test4_A21,106447,106600,153,True,True,False,68,68,0.4444444444444444,60,0.39215686274509803,60,1
test4.csv,development,native,GCAD-prediction_s11,0.02,test4_A22,115686,115852,166,False,False,False,,166,1.0,0,0.0,0,0
test4.csv,development,native,GCAD-prediction_s11,0.02,test4_A23,123436,123552,116,False,False,False,,116,1.0,0,0.0,0,0
test4.csv,development,native,GCAD-prediction_s11,0.02,test4_A24,126315,126402,87,True,True,False,64,64,0.735632183908046,23,0.26436781609195403,23,1
test4.csv,development,common81,GCAD-prediction_s11,0.02,test4_A01,2521,2560,39,True,True,False,3,3,0.07692307692307693,36,0.9230769230769231,36,1
test4.csv,development,common81,GCAD-prediction_s11,0.02,test4_A02,4802,4891,89,False,False,False,,89,1.0,0,0.0,0,0
test4.csv,development,common81,GCAD-prediction_s11,0.02,test4_A03,7021,7118,97,True,True,True,42,42,0.4329896907216495,71,0.7319587628865979,55,1
test4.csv,development,common81,GCAD-prediction_s11,0.02,test4_A04,11280,11378,98,True,True,False,3,3,0.030612244897959183,58,0.5918367346938775,58,1
test4.csv,development,common81,GCAD-prediction_s11,0.02,test4_A05,14871,15377,506,False,False,False,,506,1.0,0,0.0,0,0
test4.csv,development,common81,GCAD-prediction_s11,0.02,test4_A06,19322,19509,187,False,False,False,,187,1.0,0,0.0,0,0
test4.csv,development,common81,GCAD-prediction_s11,0.02,test4_A07,27907,28030,123,False,False,False,,123,1.0,0,0.0,0,0
test4.csv,development,common81,GCAD-prediction_s11,0.02,test4_A08,30546,31220,674,True,True,False,39,39,0.057863501483679525,115,0.17062314540059348,115,1
test4.csv,development,common81,GCAD-prediction_s11,0.02,test4_A09,38468,38532,64,True,True,False,6,6,0.09375,58,0.90625,58,1
test4.csv,development,common81,GCAD-prediction_s11,0.02,test4_A10,47227,47407,180,False,False,False,,180,1.0,0,0.0,0,0
test4.csv,development,common81,GCAD-prediction_s11,0.02,test4_A11,56107,56207,100,True,True,False,43,43,0.43,57,0.57,57,1
test4.csv,development,common81,GCAD-prediction_s11,0.02,test4_A12,57734,57891,157,False,False,False,,157,1.0,0,0.0,0,0
test4.csv,development,common81,GCAD-prediction_s11,0.02,test4_A13,61152,61306,154,False,False,False,,154,1.0,0,0.0,0,0
test4.csv,development,common81,GCAD-prediction_s11,0.02,test4_A14,69611,69689,78,True,True,False,31,31,0.3974358974358974,47,0.6025641025641025,47,1
test4.csv,development,common81,GCAD-prediction_s11,0.02,test4_A15,76631,76709,78,True,True,False,32,32,0.41025641025641024,46,0.5897435897435898,46,1
test4.csv,development,common81,GCAD-prediction_s11,0.02,test4_A16,81589,81724,135,False,False,False,,135,1.0,0,0.0,0,0
test4.csv,development,common81,GCAD-prediction_s11,0.02,test4_A17,84152,84697,545,True,True,False,45,45,0.08256880733944955,72,0.13211009174311927,67,2
test4.csv,development,common81,GCAD-prediction_s11,0.02,test4_A18,91389,91732,343,False,True,True,,343,1.0,22,0.0641399416909621,22,0
test4.csv,development,common81,GCAD-prediction_s11,0.02,test4_A19,97146,97310,164,False,False,False,,164,1.0,0,0.0,0,0
test4.csv,development,common81,GCAD-prediction_s11,0.02,test4_A20,100622,100712,90,True,True,False,27,27,0.3,63,0.7,63,1
test4.csv,development,common81,GCAD-prediction_s11,0.02,test4_A21,106447,106600,153,True,True,False,68,68,0.4444444444444444,60,0.39215686274509803,60,1
test4.csv,development,common81,GCAD-prediction_s11,0.02,test4_A22,115686,115852,166,False,False,False,,166,1.0,0,0.0,0,0
test4.csv,development,common81,GCAD-prediction_s11,0.02,test4_A23,123436,123552,116,False,False,False,,116,1.0,0,0.0,0,0
test4.csv,development,common81,GCAD-prediction_s11,0.02,test4_A24,126315,126402,87,True,True,False,64,64,0.735632183908046,23,0.26436781609195403,23,1
test4.csv,development,native,GCAD-dependency_s11,0.005,test4_A01,2521,2560,39,True,True,False,4,4,0.10256410256410256,35,0.8974358974358975,35,1
test4.csv,development,native,GCAD-dependency_s11,0.005,test4_A02,4802,4891,89,False,False,False,,89,1.0,0,0.0,0,0
test4.csv,development,native,GCAD-dependency_s11,0.005,test4_A03,7021,7118,97,True,True,False,43,43,0.44329896907216493,54,0.5567010309278351,54,1
test4.csv,development,native,GCAD-dependency_s11,0.005,test4_A04,11280,11378,98,False,False,False,,98,1.0,0,0.0,0,0
test4.csv,development,native,GCAD-dependency_s11,0.005,test4_A05,14871,15377,506,False,False,False,,506,1.0,0,0.0,0,0
test4.csv,development,native,GCAD-dependency_s11,0.005,test4_A06,19322,19509,187,False,False,False,,187,1.0,0,0.0,0,0
test4.csv,development,native,GCAD-dependency_s11,0.005,test4_A07,27907,28030,123,False,False,False,,123,1.0,0,0.0,0,0
test4.csv,development,native,GCAD-dependency_s11,0.005,test4_A08,30546,31220,674,True,True,False,36,36,0.05341246290801187,119,0.17655786350148367,119,1
test4.csv,development,native,GCAD-dependency_s11,0.005,test4_A09,38468,38532,64,False,False,False,,64,1.0,0,0.0,0,0
test4.csv,development,native,GCAD-dependency_s11,0.005,test4_A10,47227,47407,180,False,False,False,,180,1.0,0,0.0,0,0
test4.csv,development,native,GCAD-dependency_s11,0.005,test4_A11,56107,56207,100,True,True,False,44,44,0.44,56,0.56,56,1
test4.csv,development,native,GCAD-dependency_s11,0.005,test4_A12,57734,57891,157,False,False,False,,157,1.0,0,0.0,0,0
test4.csv,development,native,GCAD-dependency_s11,0.005,test4_A13,61152,61306,154,False,False,False,,154,1.0,0,0.0,0,0
test4.csv,development,native,GCAD-dependency_s11,0.005,test4_A14,69611,69689,78,True,True,False,32,32,0.41025641025641024,46,0.5897435897435898,46,1
test4.csv,development,native,GCAD-dependency_s11,0.005,test4_A15,76631,76709,78,True,True,False,33,33,0.4230769230769231,45,0.5769230769230769,45,1
test4.csv,development,native,GCAD-dependency_s11,0.005,test4_A16,81589,81724,135,False,False,False,,135,1.0,0,0.0,0,0
test4.csv,development,native,GCAD-dependency_s11,0.005,test4_A17,84152,84697,545,False,False,False,,545,1.0,0,0.0,0,0
test4.csv,development,native,GCAD-dependency_s11,0.005,test4_A18,91389,91732,343,False,False,False,,343,1.0,0,0.0,0,0
test4.csv,development,native,GCAD-dependency_s11,0.005,test4_A19,97146,97310,164,False,False,False,,164,1.0,0,0.0,0,0
test4.csv,development,native,GCAD-dependency_s11,0.005,test4_A20,100622,100712,90,False,False,False,,90,1.0,0,0.0,0,0
test4.csv,development,native,GCAD-dependency_s11,0.005,test4_A21,106447,106600,153,False,False,False,,153,1.0,0,0.0,0,0
test4.csv,development,native,GCAD-dependency_s11,0.005,test4_A22,115686,115852,166,False,False,False,,166,1.0,0,0.0,0,0
test4.csv,development,native,GCAD-dependency_s11,0.005,test4_A23,123436,123552,116,False,False,False,,116,1.0,0,0.0,0,0
test4.csv,development,native,GCAD-dependency_s11,0.005,test4_A24,126315,126402,87,False,False,False,,87,1.0,0,0.0,0,0
test4.csv,development,common81,GCAD-dependency_s11,0.005,test4_A01,2521,2560,39,True,True,False,4,4,0.10256410256410256,35,0.8974358974358975,35,1
test4.csv,development,common81,GCAD-dependency_s11,0.005,test4_A02,4802,4891,89,False,False,False,,89,1.0,0,0.0,0,0
test4.csv,development,common81,GCAD-dependency_s11,0.005,test4_A03,7021,7118,97,True,True,False,43,43,0.44329896907216493,54,0.5567010309278351,54,1
test4.csv,development,common81,GCAD-dependency_s11,0.005,test4_A04,11280,11378,98,False,False,False,,98,1.0,0,0.0,0,0
test4.csv,development,common81,GCAD-dependency_s11,0.005,test4_A05,14871,15377,506,False,False,False,,506,1.0,0,0.0,0,0
test4.csv,development,common81,GCAD-dependency_s11,0.005,test4_A06,19322,19509,187,False,False,False,,187,1.0,0,0.0,0,0
test4.csv,development,common81,GCAD-dependency_s11,0.005,test4_A07,27907,28030,123,False,False,False,,123,1.0,0,0.0,0,0
test4.csv,development,common81,GCAD-dependency_s11,0.005,test4_A08,30546,31220,674,True,True,False,36,36,0.05341246290801187,119,0.17655786350148367,119,1
test4.csv,development,common81,GCAD-dependency_s11,0.005,test4_A09,38468,38532,64,False,False,False,,64,1.0,0,0.0,0,0
test4.csv,development,common81,GCAD-dependency_s11,0.005,test4_A10,47227,47407,180,False,False,False,,180,1.0,0,0.0,0,0
test4.csv,development,common81,GCAD-dependency_s11,0.005,test4_A11,56107,56207,100,True,True,False,44,44,0.44,56,0.56,56,1
test4.csv,development,common81,GCAD-dependency_s11,0.005,test4_A12,57734,57891,157,False,False,False,,157,1.0,0,0.0,0,0
test4.csv,development,common81,GCAD-dependency_s11,0.005,test4_A13,61152,61306,154,False,False,False,,154,1.0,0,0.0,0,0
test4.csv,development,common81,GCAD-dependency_s11,0.005,test4_A14,69611,69689,78,True,True,False,32,32,0.41025641025641024,46,0.5897435897435898,46,1
test4.csv,development,common81,GCAD-dependency_s11,0.005,test4_A15,76631,76709,78,True,True,False,33,33,0.4230769230769231,45,0.5769230769230769,45,1
test4.csv,development,common81,GCAD-dependency_s11,0.005,test4_A16,81589,81724,135,False,False,False,,135,1.0,0,0.0,0,0
test4.csv,development,common81,GCAD-dependency_s11,0.005,test4_A17,84152,84697,545,False,False,False,,545,1.0,0,0.0,0,0
test4.csv,development,common81,GCAD-dependency_s11,0.005,test4_A18,91389,91732,343,False,False,False,,343,1.0,0,0.0,0,0
test4.csv,development,common81,GCAD-dependency_s11,0.005,test4_A19,97146,97310,164,False,False,False,,164,1.0,0,0.0,0,0
test4.csv,development,common81,GCAD-dependency_s11,0.005,test4_A20,100622,100712,90,False,False,False,,90,1.0,0,0.0,0,0
test4.csv,development,common81,GCAD-dependency_s11,0.005,test4_A21,106447,106600,153,False,False,False,,153,1.0,0,0.0,0,0
test4.csv,development,common81,GCAD-dependency_s11,0.005,test4_A22,115686,115852,166,False,False,False,,166,1.0,0,0.0,0,0
test4.csv,development,common81,GCAD-dependency_s11,0.005,test4_A23,123436,123552,116,False,False,False,,116,1.0,0,0.0,0,0
test4.csv,development,common81,GCAD-dependency_s11,0.005,test4_A24,126315,126402,87,False,False,False,,87,1.0,0,0.0,0,0
test4.csv,development,native,GCAD-dependency_s11,0.01,test4_A01,2521,2560,39,True,True,False,4,4,0.10256410256410256,35,0.8974358974358975,35,1
test4.csv,development,native,GCAD-dependency_s11,0.01,test4_A02,4802,4891,89,False,False,False,,89,1.0,0,0.0,0,0
test4.csv,development,native,GCAD-dependency_s11,0.01,test4_A03,7021,7118,97,True,True,False,43,43,0.44329896907216493,54,0.5567010309278351,54,1
test4.csv,development,native,GCAD-dependency_s11,0.01,test4_A04,11280,11378,98,False,False,False,,98,1.0,0,0.0,0,0
test4.csv,development,native,GCAD-dependency_s11,0.01,test4_A05,14871,15377,506,False,False,False,,506,1.0,0,0.0,0,0
test4.csv,development,native,GCAD-dependency_s11,0.01,test4_A06,19322,19509,187,False,False,False,,187,1.0,0,0.0,0,0
test4.csv,development,native,GCAD-dependency_s11,0.01,test4_A07,27907,28030,123,False,False,False,,123,1.0,0,0.0,0,0
test4.csv,development,native,GCAD-dependency_s11,0.01,test4_A08,30546,31220,674,True,True,False,36,36,0.05341246290801187,119,0.17655786350148367,119,1
test4.csv,development,native,GCAD-dependency_s11,0.01,test4_A09,38468,38532,64,True,True,False,9,9,0.140625,55,0.859375,55,1
test4.csv,development,native,GCAD-dependency_s11,0.01,test4_A10,47227,47407,180,False,False,False,,180,1.0,0,0.0,0,0
test4.csv,development,native,GCAD-dependency_s11,0.01,test4_A11,56107,56207,100,True,True,False,44,44,0.44,56,0.56,56,1
test4.csv,development,native,GCAD-dependency_s11,0.01,test4_A12,57734,57891,157,False,False,False,,157,1.0,0,0.0,0,0
test4.csv,development,native,GCAD-dependency_s11,0.01,test4_A13,61152,61306,154,False,False,False,,154,1.0,0,0.0,0,0
test4.csv,development,native,GCAD-dependency_s11,0.01,test4_A14,69611,69689,78,True,True,False,32,32,0.41025641025641024,46,0.5897435897435898,46,1
test4.csv,development,native,GCAD-dependency_s11,0.01,test4_A15,76631,76709,78,True,True,False,33,33,0.4230769230769231,45,0.5769230769230769,45,1
test4.csv,development,native,GCAD-dependency_s11,0.01,test4_A16,81589,81724,135,False,False,False,,135,1.0,0,0.0,0,0
test4.csv,development,native,GCAD-dependency_s11,0.01,test4_A17,84152,84697,545,False,False,False,,545,1.0,0,0.0,0,0
test4.csv,development,native,GCAD-dependency_s11,0.01,test4_A18,91389,91732,343,False,False,False,,343,1.0,0,0.0,0,0
test4.csv,development,native,GCAD-dependency_s11,0.01,test4_A19,97146,97310,164,False,False,False,,164,1.0,0,0.0,0,0
test4.csv,development,native,GCAD-dependency_s11,0.01,test4_A20,100622,100712,90,True,True,False,18,18,0.2,72,0.8,72,1
test4.csv,development,native,GCAD-dependency_s11,0.01,test4_A21,106447,106600,153,False,False,False,,153,1.0,0,0.0,0,0
test4.csv,development,native,GCAD-dependency_s11,0.01,test4_A22,115686,115852,166,False,False,False,,166,1.0,0,0.0,0,0
test4.csv,development,native,GCAD-dependency_s11,0.01,test4_A23,123436,123552,116,False,False,False,,116,1.0,0,0.0,0,0
test4.csv,development,native,GCAD-dependency_s11,0.01,test4_A24,126315,126402,87,False,False,False,,87,1.0,0,0.0,0,0
test4.csv,development,common81,GCAD-dependency_s11,0.01,test4_A01,2521,2560,39,True,True,False,4,4,0.10256410256410256,35,0.8974358974358975,35,1
test4.csv,development,common81,GCAD-dependency_s11,0.01,test4_A02,4802,4891,89,False,False,False,,89,1.0,0,0.0,0,0
test4.csv,development,common81,GCAD-dependency_s11,0.01,test4_A03,7021,7118,97,True,True,False,43,43,0.44329896907216493,54,0.5567010309278351,54,1
test4.csv,development,common81,GCAD-dependency_s11,0.01,test4_A04,11280,11378,98,False,False,False,,98,1.0,0,0.0,0,0
test4.csv,development,common81,GCAD-dependency_s11,0.01,test4_A05,14871,15377,506,False,False,False,,506,1.0,0,0.0,0,0
test4.csv,development,common81,GCAD-dependency_s11,0.01,test4_A06,19322,19509,187,False,False,False,,187,1.0,0,0.0,0,0
test4.csv,development,common81,GCAD-dependency_s11,0.01,test4_A07,27907,28030,123,False,False,False,,123,1.0,0,0.0,0,0
test4.csv,development,common81,GCAD-dependency_s11,0.01,test4_A08,30546,31220,674,True,True,False,36,36,0.05341246290801187,119,0.17655786350148367,119,1
test4.csv,development,common81,GCAD-dependency_s11,0.01,test4_A09,38468,38532,64,True,True,False,9,9,0.140625,55,0.859375,55,1
test4.csv,development,common81,GCAD-dependency_s11,0.01,test4_A10,47227,47407,180,False,False,False,,180,1.0,0,0.0,0,0
test4.csv,development,common81,GCAD-dependency_s11,0.01,test4_A11,56107,56207,100,True,True,False,44,44,0.44,56,0.56,56,1
test4.csv,development,common81,GCAD-dependency_s11,0.01,test4_A12,57734,57891,157,False,False,False,,157,1.0,0,0.0,0,0
test4.csv,development,common81,GCAD-dependency_s11,0.01,test4_A13,61152,61306,154,False,False,False,,154,1.0,0,0.0,0,0
test4.csv,development,common81,GCAD-dependency_s11,0.01,test4_A14,69611,69689,78,True,True,False,32,32,0.41025641025641024,46,0.5897435897435898,46,1
test4.csv,development,common81,GCAD-dependency_s11,0.01,test4_A15,76631,76709,78,True,True,False,33,33,0.4230769230769231,45,0.5769230769230769,45,1
test4.csv,development,common81,GCAD-dependency_s11,0.01,test4_A16,81589,81724,135,False,False,False,,135,1.0,0,0.0,0,0
test4.csv,development,common81,GCAD-dependency_s11,0.01,test4_A17,84152,84697,545,False,False,False,,545,1.0,0,0.0,0,0
test4.csv,development,common81,GCAD-dependency_s11,0.01,test4_A18,91389,91732,343,False,False,False,,343,1.0,0,0.0,0,0
test4.csv,development,common81,GCAD-dependency_s11,0.01,test4_A19,97146,97310,164,False,False,False,,164,1.0,0,0.0,0,0
test4.csv,development,common81,GCAD-dependency_s11,0.01,test4_A20,100622,100712,90,True,True,False,18,18,0.2,72,0.8,72,1
test4.csv,development,common81,GCAD-dependency_s11,0.01,test4_A21,106447,106600,153,False,False,False,,153,1.0,0,0.0,0,0
test4.csv,development,common81,GCAD-dependency_s11,0.01,test4_A22,115686,115852,166,False,False,False,,166,1.0,0,0.0,0,0
test4.csv,development,common81,GCAD-dependency_s11,0.01,test4_A23,123436,123552,116,False,False,False,,116,1.0,0,0.0,0,0
test4.csv,development,common81,GCAD-dependency_s11,0.01,test4_A24,126315,126402,87,False,False,False,,87,1.0,0,0.0,0,0
test4.csv,development,native,GCAD-dependency_s11,0.02,test4_A01,2521,2560,39,True,True,False,4,4,0.10256410256410256,35,0.8974358974358975,35,1
test4.csv,development,native,GCAD-dependency_s11,0.02,test4_A02,4802,4891,89,False,False,False,,89,1.0,0,0.0,0,0
test4.csv,development,native,GCAD-dependency_s11,0.02,test4_A03,7021,7118,97,True,True,True,42,42,0.4329896907216495,55,0.5670103092783505,55,1
test4.csv,development,native,GCAD-dependency_s11,0.02,test4_A04,11280,11378,98,False,False,False,,98,1.0,0,0.0,0,0
test4.csv,development,native,GCAD-dependency_s11,0.02,test4_A05,14871,15377,506,False,False,False,,506,1.0,0,0.0,0,0
test4.csv,development,native,GCAD-dependency_s11,0.02,test4_A06,19322,19509,187,False,False,False,,187,1.0,0,0.0,0,0
test4.csv,development,native,GCAD-dependency_s11,0.02,test4_A07,27907,28030,123,False,False,False,,123,1.0,0,0.0,0,0
test4.csv,development,native,GCAD-dependency_s11,0.02,test4_A08,30546,31220,674,True,True,False,36,36,0.05341246290801187,163,0.24183976261127596,163,1
test4.csv,development,native,GCAD-dependency_s11,0.02,test4_A09,38468,38532,64,True,True,False,6,6,0.09375,58,0.90625,58,1
test4.csv,development,native,GCAD-dependency_s11,0.02,test4_A10,47227,47407,180,True,True,False,86,86,0.4777777777777778,65,0.3611111111111111,65,1
test4.csv,development,native,GCAD-dependency_s11,0.02,test4_A11,56107,56207,100,True,True,False,43,43,0.43,57,0.57,57,1
test4.csv,development,native,GCAD-dependency_s11,0.02,test4_A12,57734,57891,157,False,False,False,,157,1.0,0,0.0,0,0
test4.csv,development,native,GCAD-dependency_s11,0.02,test4_A13,61152,61306,154,False,False,False,,154,1.0,0,0.0,0,0
test4.csv,development,native,GCAD-dependency_s11,0.02,test4_A14,69611,69689,78,True,True,False,31,31,0.3974358974358974,47,0.6025641025641025,47,1
test4.csv,development,native,GCAD-dependency_s11,0.02,test4_A15,76631,76709,78,True,True,False,33,33,0.4230769230769231,45,0.5769230769230769,45,1
test4.csv,development,native,GCAD-dependency_s11,0.02,test4_A16,81589,81724,135,False,False,False,,135,1.0,0,0.0,0,0
test4.csv,development,native,GCAD-dependency_s11,0.02,test4_A17,84152,84697,545,True,True,False,50,50,0.09174311926605505,61,0.11192660550458716,57,2
test4.csv,development,native,GCAD-dependency_s11,0.02,test4_A18,91389,91732,343,True,True,False,65,65,0.18950437317784258,114,0.3323615160349854,114,1
test4.csv,development,native,GCAD-dependency_s11,0.02,test4_A19,97146,97310,164,False,False,False,,164,1.0,0,0.0,0,0
test4.csv,development,native,GCAD-dependency_s11,0.02,test4_A20,100622,100712,90,True,True,False,6,6,0.06666666666666667,84,0.9333333333333333,84,1
test4.csv,development,native,GCAD-dependency_s11,0.02,test4_A21,106447,106600,153,False,False,False,,153,1.0,0,0.0,0,0
test4.csv,development,native,GCAD-dependency_s11,0.02,test4_A22,115686,115852,166,False,False,False,,166,1.0,0,0.0,0,0
test4.csv,development,native,GCAD-dependency_s11,0.02,test4_A23,123436,123552,116,False,False,False,,116,1.0,0,0.0,0,0
test4.csv,development,native,GCAD-dependency_s11,0.02,test4_A24,126315,126402,87,True,True,False,64,64,0.735632183908046,23,0.26436781609195403,23,1
test4.csv,development,common81,GCAD-dependency_s11,0.02,test4_A01,2521,2560,39,True,True,False,4,4,0.10256410256410256,35,0.8974358974358975,35,1
test4.csv,development,common81,GCAD-dependency_s11,0.02,test4_A02,4802,4891,89,False,False,False,,89,1.0,0,0.0,0,0
test4.csv,development,common81,GCAD-dependency_s11,0.02,test4_A03,7021,7118,97,True,True,True,42,42,0.4329896907216495,55,0.5670103092783505,55,1
test4.csv,development,common81,GCAD-dependency_s11,0.02,test4_A04,11280,11378,98,False,False,False,,98,1.0,0,0.0,0,0
test4.csv,development,common81,GCAD-dependency_s11,0.02,test4_A05,14871,15377,506,False,False,False,,506,1.0,0,0.0,0,0
test4.csv,development,common81,GCAD-dependency_s11,0.02,test4_A06,19322,19509,187,False,False,False,,187,1.0,0,0.0,0,0
test4.csv,development,common81,GCAD-dependency_s11,0.02,test4_A07,27907,28030,123,False,False,False,,123,1.0,0,0.0,0,0
test4.csv,development,common81,GCAD-dependency_s11,0.02,test4_A08,30546,31220,674,True,True,False,36,36,0.05341246290801187,163,0.24183976261127596,163,1
test4.csv,development,common81,GCAD-dependency_s11,0.02,test4_A09,38468,38532,64,True,True,False,6,6,0.09375,58,0.90625,58,1
test4.csv,development,common81,GCAD-dependency_s11,0.02,test4_A10,47227,47407,180,True,True,False,86,86,0.4777777777777778,65,0.3611111111111111,65,1
test4.csv,development,common81,GCAD-dependency_s11,0.02,test4_A11,56107,56207,100,True,True,False,43,43,0.43,57,0.57,57,1
test4.csv,development,common81,GCAD-dependency_s11,0.02,test4_A12,57734,57891,157,False,False,False,,157,1.0,0,0.0,0,0
test4.csv,development,common81,GCAD-dependency_s11,0.02,test4_A13,61152,61306,154,False,False,False,,154,1.0,0,0.0,0,0
test4.csv,development,common81,GCAD-dependency_s11,0.02,test4_A14,69611,69689,78,True,True,False,31,31,0.3974358974358974,47,0.6025641025641025,47,1
test4.csv,development,common81,GCAD-dependency_s11,0.02,test4_A15,76631,76709,78,True,True,False,33,33,0.4230769230769231,45,0.5769230769230769,45,1
test4.csv,development,common81,GCAD-dependency_s11,0.02,test4_A16,81589,81724,135,False,False,False,,135,1.0,0,0.0,0,0
test4.csv,development,common81,GCAD-dependency_s11,0.02,test4_A17,84152,84697,545,True,True,False,50,50,0.09174311926605505,61,0.11192660550458716,57,2
test4.csv,development,common81,GCAD-dependency_s11,0.02,test4_A18,91389,91732,343,True,True,False,65,65,0.18950437317784258,114,0.3323615160349854,114,1
test4.csv,development,common81,GCAD-dependency_s11,0.02,test4_A19,97146,97310,164,False,False,False,,164,1.0,0,0.0,0,0
test4.csv,development,common81,GCAD-dependency_s11,0.02,test4_A20,100622,100712,90,True,True,False,6,6,0.06666666666666667,84,0.9333333333333333,84,1
test4.csv,development,common81,GCAD-dependency_s11,0.02,test4_A21,106447,106600,153,False,False,False,,153,1.0,0,0.0,0,0
test4.csv,development,common81,GCAD-dependency_s11,0.02,test4_A22,115686,115852,166,False,False,False,,166,1.0,0,0.0,0,0
test4.csv,development,common81,GCAD-dependency_s11,0.02,test4_A23,123436,123552,116,False,False,False,,116,1.0,0,0.0,0,0
test4.csv,development,common81,GCAD-dependency_s11,0.02,test4_A24,126315,126402,87,True,True,False,64,64,0.735632183908046,23,0.26436781609195403,23,1
test4.csv,development,native,GCAD-prediction_s12,0.005,test4_A01,2521,2560,39,True,True,False,4,4,0.10256410256410256,35,0.8974358974358975,35,1
test4.csv,development,native,GCAD-prediction_s12,0.005,test4_A02,4802,4891,89,False,False,False,,89,1.0,0,0.0,0,0
test4.csv,development,native,GCAD-prediction_s12,0.005,test4_A03,7021,7118,97,True,True,False,43,43,0.44329896907216493,54,0.5567010309278351,54,1
test4.csv,development,native,GCAD-prediction_s12,0.005,test4_A04,11280,11378,98,False,False,False,,98,1.0,0,0.0,0,0
test4.csv,development,native,GCAD-prediction_s12,0.005,test4_A05,14871,15377,506,False,False,False,,506,1.0,0,0.0,0,0
test4.csv,development,native,GCAD-prediction_s12,0.005,test4_A06,19322,19509,187,False,False,False,,187,1.0,0,0.0,0,0
test4.csv,development,native,GCAD-prediction_s12,0.005,test4_A07,27907,28030,123,False,False,False,,123,1.0,0,0.0,0,0
test4.csv,development,native,GCAD-prediction_s12,0.005,test4_A08,30546,31220,674,True,True,False,38,38,0.05637982195845697,88,0.13056379821958458,88,1
test4.csv,development,native,GCAD-prediction_s12,0.005,test4_A09,38468,38532,64,False,False,False,,64,1.0,0,0.0,0,0
test4.csv,development,native,GCAD-prediction_s12,0.005,test4_A10,47227,47407,180,False,False,False,,180,1.0,0,0.0,0,0
test4.csv,development,native,GCAD-prediction_s12,0.005,test4_A11,56107,56207,100,True,True,False,44,44,0.44,56,0.56,56,1
test4.csv,development,native,GCAD-prediction_s12,0.005,test4_A12,57734,57891,157,False,False,False,,157,1.0,0,0.0,0,0
test4.csv,development,native,GCAD-prediction_s12,0.005,test4_A13,61152,61306,154,True,True,False,56,56,0.36363636363636365,64,0.4155844155844156,64,1
test4.csv,development,native,GCAD-prediction_s12,0.005,test4_A14,69611,69689,78,True,True,False,32,32,0.41025641025641024,46,0.5897435897435898,46,1
test4.csv,development,native,GCAD-prediction_s12,0.005,test4_A15,76631,76709,78,True,True,False,33,33,0.4230769230769231,45,0.5769230769230769,45,1
test4.csv,development,native,GCAD-prediction_s12,0.005,test4_A16,81589,81724,135,False,False,False,,135,1.0,0,0.0,0,0
test4.csv,development,native,GCAD-prediction_s12,0.005,test4_A17,84152,84697,545,False,False,False,,545,1.0,0,0.0,0,0
test4.csv,development,native,GCAD-prediction_s12,0.005,test4_A18,91389,91732,343,True,True,False,115,115,0.33527696793002915,62,0.18075801749271136,62,1
test4.csv,development,native,GCAD-prediction_s12,0.005,test4_A19,97146,97310,164,False,False,False,,164,1.0,0,0.0,0,0
test4.csv,development,native,GCAD-prediction_s12,0.005,test4_A20,100622,100712,90,False,False,False,,90,1.0,0,0.0,0,0
test4.csv,development,native,GCAD-prediction_s12,0.005,test4_A21,106447,106600,153,False,False,False,,153,1.0,0,0.0,0,0
test4.csv,development,native,GCAD-prediction_s12,0.005,test4_A22,115686,115852,166,False,False,False,,166,1.0,0,0.0,0,0
test4.csv,development,native,GCAD-prediction_s12,0.005,test4_A23,123436,123552,116,False,False,False,,116,1.0,0,0.0,0,0
test4.csv,development,native,GCAD-prediction_s12,0.005,test4_A24,126315,126402,87,False,False,False,,87,1.0,0,0.0,0,0
test4.csv,development,common81,GCAD-prediction_s12,0.005,test4_A01,2521,2560,39,True,True,False,4,4,0.10256410256410256,35,0.8974358974358975,35,1
test4.csv,development,common81,GCAD-prediction_s12,0.005,test4_A02,4802,4891,89,False,False,False,,89,1.0,0,0.0,0,0
test4.csv,development,common81,GCAD-prediction_s12,0.005,test4_A03,7021,7118,97,True,True,False,43,43,0.44329896907216493,54,0.5567010309278351,54,1
test4.csv,development,common81,GCAD-prediction_s12,0.005,test4_A04,11280,11378,98,False,False,False,,98,1.0,0,0.0,0,0
test4.csv,development,common81,GCAD-prediction_s12,0.005,test4_A05,14871,15377,506,False,False,False,,506,1.0,0,0.0,0,0
test4.csv,development,common81,GCAD-prediction_s12,0.005,test4_A06,19322,19509,187,False,False,False,,187,1.0,0,0.0,0,0
test4.csv,development,common81,GCAD-prediction_s12,0.005,test4_A07,27907,28030,123,False,False,False,,123,1.0,0,0.0,0,0
test4.csv,development,common81,GCAD-prediction_s12,0.005,test4_A08,30546,31220,674,True,True,False,38,38,0.05637982195845697,88,0.13056379821958458,88,1
test4.csv,development,common81,GCAD-prediction_s12,0.005,test4_A09,38468,38532,64,False,False,False,,64,1.0,0,0.0,0,0
test4.csv,development,common81,GCAD-prediction_s12,0.005,test4_A10,47227,47407,180,False,False,False,,180,1.0,0,0.0,0,0
test4.csv,development,common81,GCAD-prediction_s12,0.005,test4_A11,56107,56207,100,True,True,False,44,44,0.44,56,0.56,56,1
test4.csv,development,common81,GCAD-prediction_s12,0.005,test4_A12,57734,57891,157,False,False,False,,157,1.0,0,0.0,0,0
test4.csv,development,common81,GCAD-prediction_s12,0.005,test4_A13,61152,61306,154,True,True,False,56,56,0.36363636363636365,64,0.4155844155844156,64,1
test4.csv,development,common81,GCAD-prediction_s12,0.005,test4_A14,69611,69689,78,True,True,False,32,32,0.41025641025641024,46,0.5897435897435898,46,1
test4.csv,development,common81,GCAD-prediction_s12,0.005,test4_A15,76631,76709,78,True,True,False,33,33,0.4230769230769231,45,0.5769230769230769,45,1
test4.csv,development,common81,GCAD-prediction_s12,0.005,test4_A16,81589,81724,135,False,False,False,,135,1.0,0,0.0,0,0
test4.csv,development,common81,GCAD-prediction_s12,0.005,test4_A17,84152,84697,545,False,False,False,,545,1.0,0,0.0,0,0
test4.csv,development,common81,GCAD-prediction_s12,0.005,test4_A18,91389,91732,343,True,True,False,115,115,0.33527696793002915,62,0.18075801749271136,62,1
test4.csv,development,common81,GCAD-prediction_s12,0.005,test4_A19,97146,97310,164,False,False,False,,164,1.0,0,0.0,0,0
test4.csv,development,common81,GCAD-prediction_s12,0.005,test4_A20,100622,100712,90,False,False,False,,90,1.0,0,0.0,0,0
test4.csv,development,common81,GCAD-prediction_s12,0.005,test4_A21,106447,106600,153,False,False,False,,153,1.0,0,0.0,0,0
test4.csv,development,common81,GCAD-prediction_s12,0.005,test4_A22,115686,115852,166,False,False,False,,166,1.0,0,0.0,0,0
test4.csv,development,common81,GCAD-prediction_s12,0.005,test4_A23,123436,123552,116,False,False,False,,116,1.0,0,0.0,0,0
test4.csv,development,common81,GCAD-prediction_s12,0.005,test4_A24,126315,126402,87,False,False,False,,87,1.0,0,0.0,0,0
test4.csv,development,native,GCAD-prediction_s12,0.01,test4_A01,2521,2560,39,True,True,False,4,4,0.10256410256410256,35,0.8974358974358975,35,1
test4.csv,development,native,GCAD-prediction_s12,0.01,test4_A02,4802,4891,89,False,False,False,,89,1.0,0,0.0,0,0
test4.csv,development,native,GCAD-prediction_s12,0.01,test4_A03,7021,7118,97,True,True,False,43,43,0.44329896907216493,54,0.5567010309278351,54,1
test4.csv,development,native,GCAD-prediction_s12,0.01,test4_A04,11280,11378,98,False,False,False,,98,1.0,0,0.0,0,0
test4.csv,development,native,GCAD-prediction_s12,0.01,test4_A05,14871,15377,506,False,False,False,,506,1.0,0,0.0,0,0
test4.csv,development,native,GCAD-prediction_s12,0.01,test4_A06,19322,19509,187,False,False,False,,187,1.0,0,0.0,0,0
test4.csv,development,native,GCAD-prediction_s12,0.01,test4_A07,27907,28030,123,False,False,False,,123,1.0,0,0.0,0,0
test4.csv,development,native,GCAD-prediction_s12,0.01,test4_A08,30546,31220,674,True,True,False,37,37,0.05489614243323442,113,0.16765578635014836,113,1
test4.csv,development,native,GCAD-prediction_s12,0.01,test4_A09,38468,38532,64,False,False,False,,64,1.0,0,0.0,0,0
test4.csv,development,native,GCAD-prediction_s12,0.01,test4_A10,47227,47407,180,False,False,False,,180,1.0,0,0.0,0,0
test4.csv,development,native,GCAD-prediction_s12,0.01,test4_A11,56107,56207,100,True,True,False,44,44,0.44,56,0.56,56,1
test4.csv,development,native,GCAD-prediction_s12,0.01,test4_A12,57734,57891,157,False,False,False,,157,1.0,0,0.0,0,0
test4.csv,development,native,GCAD-prediction_s12,0.01,test4_A13,61152,61306,154,True,True,False,55,55,0.35714285714285715,65,0.42207792207792205,65,1
test4.csv,development,native,GCAD-prediction_s12,0.01,test4_A14,69611,69689,78,True,True,False,32,32,0.41025641025641024,46,0.5897435897435898,46,1
test4.csv,development,native,GCAD-prediction_s12,0.01,test4_A15,76631,76709,78,True,True,False,33,33,0.4230769230769231,45,0.5769230769230769,45,1
test4.csv,development,native,GCAD-prediction_s12,0.01,test4_A16,81589,81724,135,False,False,False,,135,1.0,0,0.0,0,0
test4.csv,development,native,GCAD-prediction_s12,0.01,test4_A17,84152,84697,545,False,False,False,,545,1.0,0,0.0,0,0
test4.csv,development,native,GCAD-prediction_s12,0.01,test4_A18,91389,91732,343,True,True,False,115,115,0.33527696793002915,62,0.18075801749271136,62,1
test4.csv,development,native,GCAD-prediction_s12,0.01,test4_A19,97146,97310,164,False,False,False,,164,1.0,0,0.0,0,0
test4.csv,development,native,GCAD-prediction_s12,0.01,test4_A20,100622,100712,90,False,False,False,,90,1.0,0,0.0,0,0
test4.csv,development,native,GCAD-prediction_s12,0.01,test4_A21,106447,106600,153,False,False,False,,153,1.0,0,0.0,0,0
test4.csv,development,native,GCAD-prediction_s12,0.01,test4_A22,115686,115852,166,False,False,False,,166,1.0,0,0.0,0,0
test4.csv,development,native,GCAD-prediction_s12,0.01,test4_A23,123436,123552,116,False,False,False,,116,1.0,0,0.0,0,0
test4.csv,development,native,GCAD-prediction_s12,0.01,test4_A24,126315,126402,87,False,False,False,,87,1.0,0,0.0,0,0
test4.csv,development,common81,GCAD-prediction_s12,0.01,test4_A01,2521,2560,39,True,True,False,4,4,0.10256410256410256,35,0.8974358974358975,35,1
test4.csv,development,common81,GCAD-prediction_s12,0.01,test4_A02,4802,4891,89,False,False,False,,89,1.0,0,0.0,0,0
test4.csv,development,common81,GCAD-prediction_s12,0.01,test4_A03,7021,7118,97,True,True,False,43,43,0.44329896907216493,54,0.5567010309278351,54,1
test4.csv,development,common81,GCAD-prediction_s12,0.01,test4_A04,11280,11378,98,False,False,False,,98,1.0,0,0.0,0,0
test4.csv,development,common81,GCAD-prediction_s12,0.01,test4_A05,14871,15377,506,False,False,False,,506,1.0,0,0.0,0,0
test4.csv,development,common81,GCAD-prediction_s12,0.01,test4_A06,19322,19509,187,False,False,False,,187,1.0,0,0.0,0,0
test4.csv,development,common81,GCAD-prediction_s12,0.01,test4_A07,27907,28030,123,False,False,False,,123,1.0,0,0.0,0,0
test4.csv,development,common81,GCAD-prediction_s12,0.01,test4_A08,30546,31220,674,True,True,False,37,37,0.05489614243323442,113,0.16765578635014836,113,1
test4.csv,development,common81,GCAD-prediction_s12,0.01,test4_A09,38468,38532,64,False,False,False,,64,1.0,0,0.0,0,0
test4.csv,development,common81,GCAD-prediction_s12,0.01,test4_A10,47227,47407,180,False,False,False,,180,1.0,0,0.0,0,0
test4.csv,development,common81,GCAD-prediction_s12,0.01,test4_A11,56107,56207,100,True,True,False,44,44,0.44,56,0.56,56,1
test4.csv,development,common81,GCAD-prediction_s12,0.01,test4_A12,57734,57891,157,False,False,False,,157,1.0,0,0.0,0,0
test4.csv,development,common81,GCAD-prediction_s12,0.01,test4_A13,61152,61306,154,True,True,False,55,55,0.35714285714285715,65,0.42207792207792205,65,1
test4.csv,development,common81,GCAD-prediction_s12,0.01,test4_A14,69611,69689,78,True,True,False,32,32,0.41025641025641024,46,0.5897435897435898,46,1
test4.csv,development,common81,GCAD-prediction_s12,0.01,test4_A15,76631,76709,78,True,True,False,33,33,0.4230769230769231,45,0.5769230769230769,45,1
test4.csv,development,common81,GCAD-prediction_s12,0.01,test4_A16,81589,81724,135,False,False,False,,135,1.0,0,0.0,0,0
test4.csv,development,common81,GCAD-prediction_s12,0.01,test4_A17,84152,84697,545,False,False,False,,545,1.0,0,0.0,0,0
test4.csv,development,common81,GCAD-prediction_s12,0.01,test4_A18,91389,91732,343,True,True,False,115,115,0.33527696793002915,62,0.18075801749271136,62,1
test4.csv,development,common81,GCAD-prediction_s12,0.01,test4_A19,97146,97310,164,False,False,False,,164,1.0,0,0.0,0,0
test4.csv,development,common81,GCAD-prediction_s12,0.01,test4_A20,100622,100712,90,False,False,False,,90,1.0,0,0.0,0,0
test4.csv,development,common81,GCAD-prediction_s12,0.01,test4_A21,106447,106600,153,False,False,False,,153,1.0,0,0.0,0,0
test4.csv,development,common81,GCAD-prediction_s12,0.01,test4_A22,115686,115852,166,False,False,False,,166,1.0,0,0.0,0,0
test4.csv,development,common81,GCAD-prediction_s12,0.01,test4_A23,123436,123552,116,False,False,False,,116,1.0,0,0.0,0,0
test4.csv,development,common81,GCAD-prediction_s12,0.01,test4_A24,126315,126402,87,False,False,False,,87,1.0,0,0.0,0,0
test4.csv,development,native,GCAD-prediction_s12,0.02,test4_A01,2521,2560,39,True,True,False,4,4,0.10256410256410256,35,0.8974358974358975,35,1
test4.csv,development,native,GCAD-prediction_s12,0.02,test4_A02,4802,4891,89,False,False,False,,89,1.0,0,0.0,0,0
test4.csv,development,native,GCAD-prediction_s12,0.02,test4_A03,7021,7118,97,True,True,False,43,43,0.44329896907216493,54,0.5567010309278351,54,1
test4.csv,development,native,GCAD-prediction_s12,0.02,test4_A04,11280,11378,98,False,False,False,,98,1.0,0,0.0,0,0
test4.csv,development,native,GCAD-prediction_s12,0.02,test4_A05,14871,15377,506,False,False,False,,506,1.0,0,0.0,0,0
test4.csv,development,native,GCAD-prediction_s12,0.02,test4_A06,19322,19509,187,False,False,False,,187,1.0,0,0.0,0,0
test4.csv,development,native,GCAD-prediction_s12,0.02,test4_A07,27907,28030,123,False,False,False,,123,1.0,0,0.0,0,0
test4.csv,development,native,GCAD-prediction_s12,0.02,test4_A08,30546,31220,674,True,True,False,37,37,0.05489614243323442,113,0.16765578635014836,113,1
test4.csv,development,native,GCAD-prediction_s12,0.02,test4_A09,38468,38532,64,True,True,False,46,46,0.71875,18,0.28125,18,1
test4.csv,development,native,GCAD-prediction_s12,0.02,test4_A10,47227,47407,180,False,False,False,,180,1.0,0,0.0,0,0
test4.csv,development,native,GCAD-prediction_s12,0.02,test4_A11,56107,56207,100,True,True,False,44,44,0.44,56,0.56,56,1
test4.csv,development,native,GCAD-prediction_s12,0.02,test4_A12,57734,57891,157,False,False,False,,157,1.0,0,0.0,0,0
test4.csv,development,native,GCAD-prediction_s12,0.02,test4_A13,61152,61306,154,True,True,False,55,55,0.35714285714285715,65,0.42207792207792205,65,1
test4.csv,development,native,GCAD-prediction_s12,0.02,test4_A14,69611,69689,78,True,True,False,32,32,0.41025641025641024,46,0.5897435897435898,46,1
test4.csv,development,native,GCAD-prediction_s12,0.02,test4_A15,76631,76709,78,True,True,False,33,33,0.4230769230769231,45,0.5769230769230769,45,1
test4.csv,development,native,GCAD-prediction_s12,0.02,test4_A16,81589,81724,135,False,False,False,,135,1.0,0,0.0,0,0
test4.csv,development,native,GCAD-prediction_s12,0.02,test4_A17,84152,84697,545,False,False,False,,545,1.0,0,0.0,0,0
test4.csv,development,native,GCAD-prediction_s12,0.02,test4_A18,91389,91732,343,True,True,False,115,115,0.33527696793002915,63,0.1836734693877551,63,1
test4.csv,development,native,GCAD-prediction_s12,0.02,test4_A19,97146,97310,164,False,False,False,,164,1.0,0,0.0,0,0
test4.csv,development,native,GCAD-prediction_s12,0.02,test4_A20,100622,100712,90,False,False,False,,90,1.0,0,0.0,0,0
test4.csv,development,native,GCAD-prediction_s12,0.02,test4_A21,106447,106600,153,False,False,False,,153,1.0,0,0.0,0,0
test4.csv,development,native,GCAD-prediction_s12,0.02,test4_A22,115686,115852,166,False,False,False,,166,1.0,0,0.0,0,0
test4.csv,development,native,GCAD-prediction_s12,0.02,test4_A23,123436,123552,116,False,False,False,,116,1.0,0,0.0,0,0
test4.csv,development,native,GCAD-prediction_s12,0.02,test4_A24,126315,126402,87,False,False,False,,87,1.0,0,0.0,0,0
test4.csv,development,common81,GCAD-prediction_s12,0.02,test4_A01,2521,2560,39,True,True,False,4,4,0.10256410256410256,35,0.8974358974358975,35,1
test4.csv,development,common81,GCAD-prediction_s12,0.02,test4_A02,4802,4891,89,False,False,False,,89,1.0,0,0.0,0,0
test4.csv,development,common81,GCAD-prediction_s12,0.02,test4_A03,7021,7118,97,True,True,False,43,43,0.44329896907216493,54,0.5567010309278351,54,1
test4.csv,development,common81,GCAD-prediction_s12,0.02,test4_A04,11280,11378,98,False,False,False,,98,1.0,0,0.0,0,0
test4.csv,development,common81,GCAD-prediction_s12,0.02,test4_A05,14871,15377,506,False,False,False,,506,1.0,0,0.0,0,0
test4.csv,development,common81,GCAD-prediction_s12,0.02,test4_A06,19322,19509,187,False,False,False,,187,1.0,0,0.0,0,0
test4.csv,development,common81,GCAD-prediction_s12,0.02,test4_A07,27907,28030,123,False,False,False,,123,1.0,0,0.0,0,0
test4.csv,development,common81,GCAD-prediction_s12,0.02,test4_A08,30546,31220,674,True,True,False,37,37,0.05489614243323442,113,0.16765578635014836,113,1
test4.csv,development,common81,GCAD-prediction_s12,0.02,test4_A09,38468,38532,64,True,True,False,46,46,0.71875,18,0.28125,18,1
test4.csv,development,common81,GCAD-prediction_s12,0.02,test4_A10,47227,47407,180,False,False,False,,180,1.0,0,0.0,0,0
test4.csv,development,common81,GCAD-prediction_s12,0.02,test4_A11,56107,56207,100,True,True,False,44,44,0.44,56,0.56,56,1
test4.csv,development,common81,GCAD-prediction_s12,0.02,test4_A12,57734,57891,157,False,False,False,,157,1.0,0,0.0,0,0
test4.csv,development,common81,GCAD-prediction_s12,0.02,test4_A13,61152,61306,154,True,True,False,55,55,0.35714285714285715,65,0.42207792207792205,65,1
test4.csv,development,common81,GCAD-prediction_s12,0.02,test4_A14,69611,69689,78,True,True,False,32,32,0.41025641025641024,46,0.5897435897435898,46,1
test4.csv,development,common81,GCAD-prediction_s12,0.02,test4_A15,76631,76709,78,True,True,False,33,33,0.4230769230769231,45,0.5769230769230769,45,1
test4.csv,development,common81,GCAD-prediction_s12,0.02,test4_A16,81589,81724,135,False,False,False,,135,1.0,0,0.0,0,0
test4.csv,development,common81,GCAD-prediction_s12,0.02,test4_A17,84152,84697,545,False,False,False,,545,1.0,0,0.0,0,0
test4.csv,development,common81,GCAD-prediction_s12,0.02,test4_A18,91389,91732,343,True,True,False,115,115,0.33527696793002915,63,0.1836734693877551,63,1
test4.csv,development,common81,GCAD-prediction_s12,0.02,test4_A19,97146,97310,164,False,False,False,,164,1.0,0,0.0,0,0
test4.csv,development,common81,GCAD-prediction_s12,0.02,test4_A20,100622,100712,90,False,False,False,,90,1.0,0,0.0,0,0
test4.csv,development,common81,GCAD-prediction_s12,0.02,test4_A21,106447,106600,153,False,False,False,,153,1.0,0,0.0,0,0
test4.csv,development,common81,GCAD-prediction_s12,0.02,test4_A22,115686,115852,166,False,False,False,,166,1.0,0,0.0,0,0
test4.csv,development,common81,GCAD-prediction_s12,0.02,test4_A23,123436,123552,116,False,False,False,,116,1.0,0,0.0,0,0
test4.csv,development,common81,GCAD-prediction_s12,0.02,test4_A24,126315,126402,87,False,False,False,,87,1.0,0,0.0,0,0
test4.csv,development,native,GCAD-dependency_s12,0.005,test4_A01,2521,2560,39,True,True,False,4,4,0.10256410256410256,35,0.8974358974358975,35,1
test4.csv,development,native,GCAD-dependency_s12,0.005,test4_A02,4802,4891,89,False,False,False,,89,1.0,0,0.0,0,0
test4.csv,development,native,GCAD-dependency_s12,0.005,test4_A03,7021,7118,97,True,True,False,43,43,0.44329896907216493,54,0.5567010309278351,54,1
test4.csv,development,native,GCAD-dependency_s12,0.005,test4_A04,11280,11378,98,False,False,False,,98,1.0,0,0.0,0,0
test4.csv,development,native,GCAD-dependency_s12,0.005,test4_A05,14871,15377,506,False,False,False,,506,1.0,0,0.0,0,0
test4.csv,development,native,GCAD-dependency_s12,0.005,test4_A06,19322,19509,187,False,False,False,,187,1.0,0,0.0,0,0
test4.csv,development,native,GCAD-dependency_s12,0.005,test4_A07,27907,28030,123,False,False,False,,123,1.0,0,0.0,0,0
test4.csv,development,native,GCAD-dependency_s12,0.005,test4_A08,30546,31220,674,True,True,False,36,36,0.05341246290801187,119,0.17655786350148367,119,1
test4.csv,development,native,GCAD-dependency_s12,0.005,test4_A09,38468,38532,64,False,False,False,,64,1.0,0,0.0,0,0
test4.csv,development,native,GCAD-dependency_s12,0.005,test4_A10,47227,47407,180,False,False,False,,180,1.0,0,0.0,0,0
test4.csv,development,native,GCAD-dependency_s12,0.005,test4_A11,56107,56207,100,True,True,False,44,44,0.44,56,0.56,56,1
test4.csv,development,native,GCAD-dependency_s12,0.005,test4_A12,57734,57891,157,False,False,False,,157,1.0,0,0.0,0,0
test4.csv,development,native,GCAD-dependency_s12,0.005,test4_A13,61152,61306,154,True,True,False,56,56,0.36363636363636365,64,0.4155844155844156,64,1
test4.csv,development,native,GCAD-dependency_s12,0.005,test4_A14,69611,69689,78,True,True,False,32,32,0.41025641025641024,46,0.5897435897435898,46,1
test4.csv,development,native,GCAD-dependency_s12,0.005,test4_A15,76631,76709,78,True,True,False,33,33,0.4230769230769231,45,0.5769230769230769,45,1
test4.csv,development,native,GCAD-dependency_s12,0.005,test4_A16,81589,81724,135,False,False,False,,135,1.0,0,0.0,0,0
test4.csv,development,native,GCAD-dependency_s12,0.005,test4_A17,84152,84697,545,False,False,False,,545,1.0,0,0.0,0,0
test4.csv,development,native,GCAD-dependency_s12,0.005,test4_A18,91389,91732,343,False,False,False,,343,1.0,0,0.0,0,0
test4.csv,development,native,GCAD-dependency_s12,0.005,test4_A19,97146,97310,164,False,False,False,,164,1.0,0,0.0,0,0
test4.csv,development,native,GCAD-dependency_s12,0.005,test4_A20,100622,100712,90,False,False,False,,90,1.0,0,0.0,0,0
test4.csv,development,native,GCAD-dependency_s12,0.005,test4_A21,106447,106600,153,False,False,False,,153,1.0,0,0.0,0,0
test4.csv,development,native,GCAD-dependency_s12,0.005,test4_A22,115686,115852,166,False,False,False,,166,1.0,0,0.0,0,0
test4.csv,development,native,GCAD-dependency_s12,0.005,test4_A23,123436,123552,116,False,False,False,,116,1.0,0,0.0,0,0
test4.csv,development,native,GCAD-dependency_s12,0.005,test4_A24,126315,126402,87,False,False,False,,87,1.0,0,0.0,0,0
test4.csv,development,common81,GCAD-dependency_s12,0.005,test4_A01,2521,2560,39,True,True,False,4,4,0.10256410256410256,35,0.8974358974358975,35,1
test4.csv,development,common81,GCAD-dependency_s12,0.005,test4_A02,4802,4891,89,False,False,False,,89,1.0,0,0.0,0,0
test4.csv,development,common81,GCAD-dependency_s12,0.005,test4_A03,7021,7118,97,True,True,False,43,43,0.44329896907216493,54,0.5567010309278351,54,1
test4.csv,development,common81,GCAD-dependency_s12,0.005,test4_A04,11280,11378,98,False,False,False,,98,1.0,0,0.0,0,0
test4.csv,development,common81,GCAD-dependency_s12,0.005,test4_A05,14871,15377,506,False,False,False,,506,1.0,0,0.0,0,0
test4.csv,development,common81,GCAD-dependency_s12,0.005,test4_A06,19322,19509,187,False,False,False,,187,1.0,0,0.0,0,0
test4.csv,development,common81,GCAD-dependency_s12,0.005,test4_A07,27907,28030,123,False,False,False,,123,1.0,0,0.0,0,0
test4.csv,development,common81,GCAD-dependency_s12,0.005,test4_A08,30546,31220,674,True,True,False,36,36,0.05341246290801187,119,0.17655786350148367,119,1
test4.csv,development,common81,GCAD-dependency_s12,0.005,test4_A09,38468,38532,64,False,False,False,,64,1.0,0,0.0,0,0
test4.csv,development,common81,GCAD-dependency_s12,0.005,test4_A10,47227,47407,180,False,False,False,,180,1.0,0,0.0,0,0
test4.csv,development,common81,GCAD-dependency_s12,0.005,test4_A11,56107,56207,100,True,True,False,44,44,0.44,56,0.56,56,1
test4.csv,development,common81,GCAD-dependency_s12,0.005,test4_A12,57734,57891,157,False,False,False,,157,1.0,0,0.0,0,0
test4.csv,development,common81,GCAD-dependency_s12,0.005,test4_A13,61152,61306,154,True,True,False,56,56,0.36363636363636365,64,0.4155844155844156,64,1
test4.csv,development,common81,GCAD-dependency_s12,0.005,test4_A14,69611,69689,78,True,True,False,32,32,0.41025641025641024,46,0.5897435897435898,46,1
test4.csv,development,common81,GCAD-dependency_s12,0.005,test4_A15,76631,76709,78,True,True,False,33,33,0.4230769230769231,45,0.5769230769230769,45,1
test4.csv,development,common81,GCAD-dependency_s12,0.005,test4_A16,81589,81724,135,False,False,False,,135,1.0,0,0.0,0,0
test4.csv,development,common81,GCAD-dependency_s12,0.005,test4_A17,84152,84697,545,False,False,False,,545,1.0,0,0.0,0,0
test4.csv,development,common81,GCAD-dependency_s12,0.005,test4_A18,91389,91732,343,False,False,False,,343,1.0,0,0.0,0,0
test4.csv,development,common81,GCAD-dependency_s12,0.005,test4_A19,97146,97310,164,False,False,False,,164,1.0,0,0.0,0,0
test4.csv,development,common81,GCAD-dependency_s12,0.005,test4_A20,100622,100712,90,False,False,False,,90,1.0,0,0.0,0,0
test4.csv,development,common81,GCAD-dependency_s12,0.005,test4_A21,106447,106600,153,False,False,False,,153,1.0,0,0.0,0,0
test4.csv,development,common81,GCAD-dependency_s12,0.005,test4_A22,115686,115852,166,False,False,False,,166,1.0,0,0.0,0,0
test4.csv,development,common81,GCAD-dependency_s12,0.005,test4_A23,123436,123552,116,False,False,False,,116,1.0,0,0.0,0,0
test4.csv,development,common81,GCAD-dependency_s12,0.005,test4_A24,126315,126402,87,False,False,False,,87,1.0,0,0.0,0,0
test4.csv,development,native,GCAD-dependency_s12,0.01,test4_A01,2521,2560,39,True,True,False,4,4,0.10256410256410256,35,0.8974358974358975,35,1
test4.csv,development,native,GCAD-dependency_s12,0.01,test4_A02,4802,4891,89,False,False,False,,89,1.0,0,0.0,0,0
test4.csv,development,native,GCAD-dependency_s12,0.01,test4_A03,7021,7118,97,True,True,False,43,43,0.44329896907216493,54,0.5567010309278351,54,1
test4.csv,development,native,GCAD-dependency_s12,0.01,test4_A04,11280,11378,98,False,False,False,,98,1.0,0,0.0,0,0
test4.csv,development,native,GCAD-dependency_s12,0.01,test4_A05,14871,15377,506,False,False,False,,506,1.0,0,0.0,0,0
test4.csv,development,native,GCAD-dependency_s12,0.01,test4_A06,19322,19509,187,False,False,False,,187,1.0,0,0.0,0,0
test4.csv,development,native,GCAD-dependency_s12,0.01,test4_A07,27907,28030,123,False,False,False,,123,1.0,0,0.0,0,0
test4.csv,development,native,GCAD-dependency_s12,0.01,test4_A08,30546,31220,674,True,True,False,36,36,0.05341246290801187,161,0.23887240356083086,161,1
test4.csv,development,native,GCAD-dependency_s12,0.01,test4_A09,38468,38532,64,True,True,False,8,8,0.125,56,0.875,56,1
test4.csv,development,native,GCAD-dependency_s12,0.01,test4_A10,47227,47407,180,False,False,False,,180,1.0,0,0.0,0,0
test4.csv,development,native,GCAD-dependency_s12,0.01,test4_A11,56107,56207,100,True,True,False,44,44,0.44,56,0.56,56,1
test4.csv,development,native,GCAD-dependency_s12,0.01,test4_A12,57734,57891,157,False,False,False,,157,1.0,0,0.0,0,0
test4.csv,development,native,GCAD-dependency_s12,0.01,test4_A13,61152,61306,154,True,True,False,55,55,0.35714285714285715,65,0.42207792207792205,65,1
test4.csv,development,native,GCAD-dependency_s12,0.01,test4_A14,69611,69689,78,True,True,False,32,32,0.41025641025641024,46,0.5897435897435898,46,1
test4.csv,development,native,GCAD-dependency_s12,0.01,test4_A15,76631,76709,78,True,True,False,33,33,0.4230769230769231,45,0.5769230769230769,45,1
test4.csv,development,native,GCAD-dependency_s12,0.01,test4_A16,81589,81724,135,False,False,False,,135,1.0,0,0.0,0,0
test4.csv,development,native,GCAD-dependency_s12,0.01,test4_A17,84152,84697,545,False,False,False,,545,1.0,0,0.0,0,0
test4.csv,development,native,GCAD-dependency_s12,0.01,test4_A18,91389,91732,343,True,True,False,113,113,0.3294460641399417,65,0.18950437317784258,65,1
test4.csv,development,native,GCAD-dependency_s12,0.01,test4_A19,97146,97310,164,False,False,False,,164,1.0,0,0.0,0,0
test4.csv,development,native,GCAD-dependency_s12,0.01,test4_A20,100622,100712,90,True,True,False,10,10,0.1111111111111111,80,0.8888888888888888,80,1
test4.csv,development,native,GCAD-dependency_s12,0.01,test4_A21,106447,106600,153,False,False,False,,153,1.0,0,0.0,0,0
test4.csv,development,native,GCAD-dependency_s12,0.01,test4_A22,115686,115852,166,False,False,False,,166,1.0,0,0.0,0,0
test4.csv,development,native,GCAD-dependency_s12,0.01,test4_A23,123436,123552,116,False,False,False,,116,1.0,0,0.0,0,0
test4.csv,development,native,GCAD-dependency_s12,0.01,test4_A24,126315,126402,87,False,False,False,,87,1.0,0,0.0,0,0
test4.csv,development,common81,GCAD-dependency_s12,0.01,test4_A01,2521,2560,39,True,True,False,4,4,0.10256410256410256,35,0.8974358974358975,35,1
test4.csv,development,common81,GCAD-dependency_s12,0.01,test4_A02,4802,4891,89,False,False,False,,89,1.0,0,0.0,0,0
test4.csv,development,common81,GCAD-dependency_s12,0.01,test4_A03,7021,7118,97,True,True,False,43,43,0.44329896907216493,54,0.5567010309278351,54,1
test4.csv,development,common81,GCAD-dependency_s12,0.01,test4_A04,11280,11378,98,False,False,False,,98,1.0,0,0.0,0,0
test4.csv,development,common81,GCAD-dependency_s12,0.01,test4_A05,14871,15377,506,False,False,False,,506,1.0,0,0.0,0,0
test4.csv,development,common81,GCAD-dependency_s12,0.01,test4_A06,19322,19509,187,False,False,False,,187,1.0,0,0.0,0,0
test4.csv,development,common81,GCAD-dependency_s12,0.01,test4_A07,27907,28030,123,False,False,False,,123,1.0,0,0.0,0,0
test4.csv,development,common81,GCAD-dependency_s12,0.01,test4_A08,30546,31220,674,True,True,False,36,36,0.05341246290801187,161,0.23887240356083086,161,1
test4.csv,development,common81,GCAD-dependency_s12,0.01,test4_A09,38468,38532,64,True,True,False,8,8,0.125,56,0.875,56,1
test4.csv,development,common81,GCAD-dependency_s12,0.01,test4_A10,47227,47407,180,False,False,False,,180,1.0,0,0.0,0,0
test4.csv,development,common81,GCAD-dependency_s12,0.01,test4_A11,56107,56207,100,True,True,False,44,44,0.44,56,0.56,56,1
test4.csv,development,common81,GCAD-dependency_s12,0.01,test4_A12,57734,57891,157,False,False,False,,157,1.0,0,0.0,0,0
test4.csv,development,common81,GCAD-dependency_s12,0.01,test4_A13,61152,61306,154,True,True,False,55,55,0.35714285714285715,65,0.42207792207792205,65,1
test4.csv,development,common81,GCAD-dependency_s12,0.01,test4_A14,69611,69689,78,True,True,False,32,32,0.41025641025641024,46,0.5897435897435898,46,1
test4.csv,development,common81,GCAD-dependency_s12,0.01,test4_A15,76631,76709,78,True,True,False,33,33,0.4230769230769231,45,0.5769230769230769,45,1
test4.csv,development,common81,GCAD-dependency_s12,0.01,test4_A16,81589,81724,135,False,False,False,,135,1.0,0,0.0,0,0
test4.csv,development,common81,GCAD-dependency_s12,0.01,test4_A17,84152,84697,545,False,False,False,,545,1.0,0,0.0,0,0
test4.csv,development,common81,GCAD-dependency_s12,0.01,test4_A18,91389,91732,343,True,True,False,113,113,0.3294460641399417,65,0.18950437317784258,65,1
test4.csv,development,common81,GCAD-dependency_s12,0.01,test4_A19,97146,97310,164,False,False,False,,164,1.0,0,0.0,0,0
test4.csv,development,common81,GCAD-dependency_s12,0.01,test4_A20,100622,100712,90,True,True,False,10,10,0.1111111111111111,80,0.8888888888888888,80,1
test4.csv,development,common81,GCAD-dependency_s12,0.01,test4_A21,106447,106600,153,False,False,False,,153,1.0,0,0.0,0,0
test4.csv,development,common81,GCAD-dependency_s12,0.01,test4_A22,115686,115852,166,False,False,False,,166,1.0,0,0.0,0,0
test4.csv,development,common81,GCAD-dependency_s12,0.01,test4_A23,123436,123552,116,False,False,False,,116,1.0,0,0.0,0,0
test4.csv,development,common81,GCAD-dependency_s12,0.01,test4_A24,126315,126402,87,False,False,False,,87,1.0,0,0.0,0,0
test4.csv,development,native,GCAD-dependency_s12,0.02,test4_A01,2521,2560,39,True,True,False,4,4,0.10256410256410256,35,0.8974358974358975,35,1
test4.csv,development,native,GCAD-dependency_s12,0.02,test4_A02,4802,4891,89,False,False,False,,89,1.0,0,0.0,0,0
test4.csv,development,native,GCAD-dependency_s12,0.02,test4_A03,7021,7118,97,True,True,False,42,42,0.4329896907216495,55,0.5670103092783505,55,1
test4.csv,development,native,GCAD-dependency_s12,0.02,test4_A04,11280,11378,98,False,False,False,,98,1.0,0,0.0,0,0
test4.csv,development,native,GCAD-dependency_s12,0.02,test4_A05,14871,15377,506,False,False,False,,506,1.0,0,0.0,0,0
test4.csv,development,native,GCAD-dependency_s12,0.02,test4_A06,19322,19509,187,False,False,False,,187,1.0,0,0.0,0,0
test4.csv,development,native,GCAD-dependency_s12,0.02,test4_A07,27907,28030,123,False,False,False,,123,1.0,0,0.0,0,0
test4.csv,development,native,GCAD-dependency_s12,0.02,test4_A08,30546,31220,674,True,True,False,36,36,0.05341246290801187,164,0.2433234421364985,164,1
test4.csv,development,native,GCAD-dependency_s12,0.02,test4_A09,38468,38532,64,True,True,False,7,7,0.109375,57,0.890625,57,1
test4.csv,development,native,GCAD-dependency_s12,0.02,test4_A10,47227,47407,180,True,True,False,72,72,0.4,85,0.4722222222222222,85,1
test4.csv,development,native,GCAD-dependency_s12,0.02,test4_A11,56107,56207,100,True,True,False,44,44,0.44,56,0.56,56,1
test4.csv,development,native,GCAD-dependency_s12,0.02,test4_A12,57734,57891,157,False,False,False,,157,1.0,0,0.0,0,0
test4.csv,development,native,GCAD-dependency_s12,0.02,test4_A13,61152,61306,154,True,True,False,55,55,0.35714285714285715,65,0.42207792207792205,65,1
test4.csv,development,native,GCAD-dependency_s12,0.02,test4_A14,69611,69689,78,True,True,False,31,31,0.3974358974358974,47,0.6025641025641025,47,1
test4.csv,development,native,GCAD-dependency_s12,0.02,test4_A15,76631,76709,78,True,True,False,32,32,0.41025641025641024,46,0.5897435897435898,46,1
test4.csv,development,native,GCAD-dependency_s12,0.02,test4_A16,81589,81724,135,False,False,False,,135,1.0,0,0.0,0,0
test4.csv,development,native,GCAD-dependency_s12,0.02,test4_A17,84152,84697,545,True,True,False,48,48,0.08807339449541285,61,0.11192660550458716,61,1
test4.csv,development,native,GCAD-dependency_s12,0.02,test4_A18,91389,91732,343,True,True,False,66,66,0.1924198250728863,112,0.32653061224489793,112,1
test4.csv,development,native,GCAD-dependency_s12,0.02,test4_A19,97146,97310,164,False,False,False,,164,1.0,0,0.0,0,0
test4.csv,development,native,GCAD-dependency_s12,0.02,test4_A20,100622,100712,90,True,True,False,6,6,0.06666666666666667,84,0.9333333333333333,84,1
test4.csv,development,native,GCAD-dependency_s12,0.02,test4_A21,106447,106600,153,False,False,False,,153,1.0,0,0.0,0,0
test4.csv,development,native,GCAD-dependency_s12,0.02,test4_A22,115686,115852,166,False,False,False,,166,1.0,0,0.0,0,0
test4.csv,development,native,GCAD-dependency_s12,0.02,test4_A23,123436,123552,116,False,False,False,,116,1.0,0,0.0,0,0
test4.csv,development,native,GCAD-dependency_s12,0.02,test4_A24,126315,126402,87,True,True,False,50,50,0.5747126436781609,37,0.42528735632183906,37,1
test4.csv,development,common81,GCAD-dependency_s12,0.02,test4_A01,2521,2560,39,True,True,False,4,4,0.10256410256410256,35,0.8974358974358975,35,1
test4.csv,development,common81,GCAD-dependency_s12,0.02,test4_A02,4802,4891,89,False,False,False,,89,1.0,0,0.0,0,0
test4.csv,development,common81,GCAD-dependency_s12,0.02,test4_A03,7021,7118,97,True,True,False,42,42,0.4329896907216495,55,0.5670103092783505,55,1
test4.csv,development,common81,GCAD-dependency_s12,0.02,test4_A04,11280,11378,98,False,False,False,,98,1.0,0,0.0,0,0
test4.csv,development,common81,GCAD-dependency_s12,0.02,test4_A05,14871,15377,506,False,False,False,,506,1.0,0,0.0,0,0
test4.csv,development,common81,GCAD-dependency_s12,0.02,test4_A06,19322,19509,187,False,False,False,,187,1.0,0,0.0,0,0
test4.csv,development,common81,GCAD-dependency_s12,0.02,test4_A07,27907,28030,123,False,False,False,,123,1.0,0,0.0,0,0
test4.csv,development,common81,GCAD-dependency_s12,0.02,test4_A08,30546,31220,674,True,True,False,36,36,0.05341246290801187,164,0.2433234421364985,164,1
test4.csv,development,common81,GCAD-dependency_s12,0.02,test4_A09,38468,38532,64,True,True,False,7,7,0.109375,57,0.890625,57,1
test4.csv,development,common81,GCAD-dependency_s12,0.02,test4_A10,47227,47407,180,True,True,False,72,72,0.4,85,0.4722222222222222,85,1
test4.csv,development,common81,GCAD-dependency_s12,0.02,test4_A11,56107,56207,100,True,True,False,44,44,0.44,56,0.56,56,1
test4.csv,development,common81,GCAD-dependency_s12,0.02,test4_A12,57734,57891,157,False,False,False,,157,1.0,0,0.0,0,0
test4.csv,development,common81,GCAD-dependency_s12,0.02,test4_A13,61152,61306,154,True,True,False,55,55,0.35714285714285715,65,0.42207792207792205,65,1
test4.csv,development,common81,GCAD-dependency_s12,0.02,test4_A14,69611,69689,78,True,True,False,31,31,0.3974358974358974,47,0.6025641025641025,47,1
test4.csv,development,common81,GCAD-dependency_s12,0.02,test4_A15,76631,76709,78,True,True,False,32,32,0.41025641025641024,46,0.5897435897435898,46,1
test4.csv,development,common81,GCAD-dependency_s12,0.02,test4_A16,81589,81724,135,False,False,False,,135,1.0,0,0.0,0,0
test4.csv,development,common81,GCAD-dependency_s12,0.02,test4_A17,84152,84697,545,True,True,False,48,48,0.08807339449541285,61,0.11192660550458716,61,1
test4.csv,development,common81,GCAD-dependency_s12,0.02,test4_A18,91389,91732,343,True,True,False,66,66,0.1924198250728863,112,0.32653061224489793,112,1
test4.csv,development,common81,GCAD-dependency_s12,0.02,test4_A19,97146,97310,164,False,False,False,,164,1.0,0,0.0,0,0
test4.csv,development,common81,GCAD-dependency_s12,0.02,test4_A20,100622,100712,90,True,True,False,6,6,0.06666666666666667,84,0.9333333333333333,84,1
test4.csv,development,common81,GCAD-dependency_s12,0.02,test4_A21,106447,106600,153,False,False,False,,153,1.0,0,0.0,0,0
test4.csv,development,common81,GCAD-dependency_s12,0.02,test4_A22,115686,115852,166,False,False,False,,166,1.0,0,0.0,0,0
test4.csv,development,common81,GCAD-dependency_s12,0.02,test4_A23,123436,123552,116,False,False,False,,116,1.0,0,0.0,0,0
test4.csv,development,common81,GCAD-dependency_s12,0.02,test4_A24,126315,126402,87,True,True,False,50,50,0.5747126436781609,37,0.42528735632183906,37,1
