file,role,view,first,support,method,alpha,selection,points,alarm_points,fpr,episodes,episodes_per_hour,longest_alarm_seconds
train4.csv,calibration,native,81,81,S_Q3,0.005,normal,86320,430,0.004981464318813716,5,0.20852641334569044,334
train4.csv,calibration,common81,81,81,S_Q3,0.005,normal,86320,430,0.004981464318813716,5,0.20852641334569044,334
train4.csv,calibration,native,81,81,S_Q3,0.01,normal,86320,862,0.009986098239110288,19,0.7924003707136237,422
train4.csv,calibration,common81,81,81,S_Q3,0.01,normal,86320,862,0.009986098239110288,19,0.7924003707136237,422
train4.csv,calibration,native,81,81,S_Q3,0.02,normal,86320,1725,0.019983781278962002,18,0.7506950880444856,440
train4.csv,calibration,common81,81,81,S_Q3,0.02,normal,86320,1725,0.019983781278962002,18,0.7506950880444856,440
train4.csv,calibration,native,81,81,Jr_Q3,0.005,normal,86320,430,0.004981464318813716,22,0.917516218721038,131
train4.csv,calibration,common81,81,81,Jr_Q3,0.005,normal,86320,430,0.004981464318813716,22,0.917516218721038,131
train4.csv,calibration,native,81,81,Jr_Q3,0.01,normal,86320,862,0.009986098239110288,18,0.7506950880444856,306
train4.csv,calibration,common81,81,81,Jr_Q3,0.01,normal,86320,862,0.009986098239110288,18,0.7506950880444856,306
train4.csv,calibration,native,81,81,Jr_Q3,0.02,normal,86320,1724,0.019972196478220575,12,0.5004633920296571,562
train4.csv,calibration,common81,81,81,Jr_Q3,0.02,normal,86320,1724,0.019972196478220575,12,0.5004633920296571,562
train4.csv,calibration,native,81,81,Dr_Q3,0.005,normal,86320,396,0.00458758109360519,12,0.5004633920296571,238
train4.csv,calibration,common81,81,81,Dr_Q3,0.005,normal,86320,396,0.00458758109360519,12,0.5004633920296571,238
train4.csv,calibration,native,81,81,Dr_Q3,0.01,normal,86320,415,0.004807692307692308,10,0.4170528266913809,239
train4.csv,calibration,common81,81,81,Dr_Q3,0.01,normal,86320,415,0.004807692307692308,10,0.4170528266913809,239
train4.csv,calibration,native,81,81,Dr_Q3,0.02,normal,86320,417,0.004830861909175162,11,0.458758109360519,239
train4.csv,calibration,common81,81,81,Dr_Q3,0.02,normal,86320,417,0.004830861909175162,11,0.458758109360519,239
train4.csv,calibration,native,81,81,PairError-Q3,0.005,normal,86320,430,0.004981464318813716,23,0.959221501390176,131
train4.csv,calibration,common81,81,81,PairError-Q3,0.005,normal,86320,430,0.004981464318813716,23,0.959221501390176,131
train4.csv,calibration,native,81,81,PairError-Q3,0.01,normal,86320,862,0.009986098239110288,18,0.7506950880444856,305
train4.csv,calibration,common81,81,81,PairError-Q3,0.01,normal,86320,862,0.009986098239110288,18,0.7506950880444856,305
train4.csv,calibration,native,81,81,PairError-Q3,0.02,normal,86320,1725,0.019983781278962002,11,0.458758109360519,562
train4.csv,calibration,common81,81,81,PairError-Q3,0.02,normal,86320,1725,0.019983781278962002,11,0.458758109360519,562
train4.csv,calibration,native,65,65,PCA-SPE,0.005,normal,86336,430,0.0049805411415863605,20,0.8339510748702743,97
train4.csv,calibration,common81,81,81,PCA-SPE,0.005,normal,86320,430,0.004981464318813716,20,0.8341056533827618,97
train4.csv,calibration,native,65,65,PCA-SPE,0.01,normal,86336,860,0.009961082283172721,27,1.1258339510748703,128
train4.csv,calibration,common81,81,81,PCA-SPE,0.01,normal,86320,860,0.009962928637627433,27,1.1260426320667285,128
train4.csv,calibration,native,65,65,PCA-SPE,0.02,normal,86336,1725,0.019980077835433655,35,1.45941438102298,416
train4.csv,calibration,common81,81,81,PCA-SPE,0.02,normal,86320,1725,0.019983781278962002,35,1.4596848934198332,416
train4.csv,calibration,native,70,70,GCAD-prediction_s10,0.005,normal,86331,430,0.004980829597711135,7,0.2918997810751642,79
train4.csv,calibration,common81,81,81,GCAD-prediction_s10,0.005,normal,86320,430,0.004981464318813716,7,0.2919369786839666,79
train4.csv,calibration,native,70,70,GCAD-prediction_s10,0.01,normal,86331,862,0.009984825844713949,13,0.5420995934253049,81
train4.csv,calibration,common81,81,81,GCAD-prediction_s10,0.01,normal,86320,862,0.009986098239110288,13,0.5421686746987951,81
train4.csv,calibration,native,70,70,GCAD-prediction_s10,0.02,normal,86331,1725,0.01998123501407374,58,2.4185981860513603,109
train4.csv,calibration,common81,81,81,GCAD-prediction_s10,0.02,normal,86320,1725,0.019983781278962002,58,2.4189063948100094,109
train4.csv,calibration,native,70,70,GCAD-dependency_s10,0.005,normal,86331,338,0.003915163730293869,5,0.20849984362511728,80
train4.csv,calibration,common81,81,81,GCAD-dependency_s10,0.005,normal,86320,338,0.00391566265060241,5,0.20852641334569044,80
train4.csv,calibration,native,70,70,GCAD-dependency_s10,0.01,normal,86331,862,0.009984825844713949,21,0.8756993432254926,81
train4.csv,calibration,common81,81,81,GCAD-dependency_s10,0.01,normal,86320,862,0.009986098239110288,21,0.8758109360518999,81
train4.csv,calibration,native,70,70,GCAD-dependency_s10,0.02,normal,86331,1724,0.019969651689427898,25,1.0424992181255863,395
train4.csv,calibration,common81,81,81,GCAD-dependency_s10,0.02,normal,86320,1724,0.019972196478220575,25,1.0426320667284523,395
train4.csv,calibration,native,70,70,GCAD-prediction_s11,0.005,normal,86331,430,0.004980829597711135,8,0.33359974980018764,80
train4.csv,calibration,common81,81,81,GCAD-prediction_s11,0.005,normal,86320,430,0.004981464318813716,8,0.3336422613531047,80
train4.csv,calibration,native,70,70,GCAD-prediction_s11,0.01,normal,86331,862,0.009984825844713949,16,0.6671994996003753,81
train4.csv,calibration,common81,81,81,GCAD-prediction_s11,0.01,normal,86320,862,0.009986098239110288,16,0.6672845227062094,81
train4.csv,calibration,native,70,70,GCAD-prediction_s11,0.02,normal,86331,1725,0.01998123501407374,29,1.2092990930256802,81
train4.csv,calibration,common81,81,81,GCAD-prediction_s11,0.02,normal,86320,1725,0.019983781278962002,29,1.2094531974050047,81
train4.csv,calibration,native,70,70,GCAD-dependency_s11,0.005,normal,86331,430,0.004980829597711135,7,0.2918997810751642,68
train4.csv,calibration,common81,81,81,GCAD-dependency_s11,0.005,normal,86320,430,0.004981464318813716,7,0.2919369786839666,68
train4.csv,calibration,native,70,70,GCAD-dependency_s11,0.01,normal,86331,862,0.009984825844713949,13,0.5420995934253049,80
train4.csv,calibration,common81,81,81,GCAD-dependency_s11,0.01,normal,86320,862,0.009986098239110288,13,0.5421686746987951,80
train4.csv,calibration,native,70,70,GCAD-dependency_s11,0.02,normal,86331,1725,0.01998123501407374,22,0.917399311950516,367
train4.csv,calibration,common81,81,81,GCAD-dependency_s11,0.02,normal,86320,1725,0.019983781278962002,22,0.917516218721038,367
train4.csv,calibration,native,70,70,GCAD-prediction_s12,0.005,normal,86331,399,0.004621746533690099,6,0.2501998123501407,80
train4.csv,calibration,common81,81,81,GCAD-prediction_s12,0.005,normal,86320,399,0.004622335495829472,6,0.25023169601482853,80
train4.csv,calibration,native,70,70,GCAD-prediction_s12,0.01,normal,86331,862,0.009984825844713949,14,0.5837995621503284,108
train4.csv,calibration,common81,81,81,GCAD-prediction_s12,0.01,normal,86320,862,0.009986098239110288,14,0.5838739573679332,108
train4.csv,calibration,native,70,70,GCAD-prediction_s12,0.02,normal,86331,1725,0.01998123501407374,26,1.0841991868506098,171
train4.csv,calibration,common81,81,81,GCAD-prediction_s12,0.02,normal,86320,1725,0.019983781278962002,26,1.0843373493975903,171
train4.csv,calibration,native,70,70,GCAD-dependency_s12,0.005,normal,86331,430,0.004980829597711135,8,0.33359974980018764,65
train4.csv,calibration,common81,81,81,GCAD-dependency_s12,0.005,normal,86320,430,0.004981464318813716,8,0.3336422613531047,65
train4.csv,calibration,native,70,70,GCAD-dependency_s12,0.01,normal,86331,862,0.009984825844713949,14,0.5837995621503284,81
train4.csv,calibration,common81,81,81,GCAD-dependency_s12,0.01,normal,86320,862,0.009986098239110288,14,0.5838739573679332,81
train4.csv,calibration,native,70,70,GCAD-dependency_s12,0.02,normal,86331,1725,0.01998123501407374,24,1.0007992494005629,393
train4.csv,calibration,common81,81,81,GCAD-dependency_s12,0.02,normal,86320,1725,0.019983781278962002,24,1.0009267840593141,393
train5.csv,calibration,native,81,81,S_Q3,0.005,normal,237519,120,0.0005052227400755307,4,0.060626728809063696,62
train5.csv,calibration,common81,81,81,S_Q3,0.005,normal,237519,120,0.0005052227400755307,4,0.060626728809063696,62
train5.csv,calibration,native,81,81,S_Q3,0.01,normal,237519,239,0.0010062352906504322,3,0.04547004660679777,156
train5.csv,calibration,common81,81,81,S_Q3,0.01,normal,237519,239,0.0010062352906504322,3,0.04547004660679777,156
train5.csv,calibration,native,81,81,S_Q3,0.02,normal,237519,242,0.0010188658591523203,3,0.04547004660679777,156
train5.csv,calibration,common81,81,81,S_Q3,0.02,normal,237519,242,0.0010188658591523203,3,0.04547004660679777,156
train5.csv,calibration,native,81,81,Jr_Q3,0.005,normal,237519,0,0.0,0,0.0,0
train5.csv,calibration,common81,81,81,Jr_Q3,0.005,normal,237519,0,0.0,0,0.0,0
train5.csv,calibration,native,81,81,Jr_Q3,0.01,normal,237519,0,0.0,0,0.0,0
train5.csv,calibration,common81,81,81,Jr_Q3,0.01,normal,237519,0,0.0,0,0.0,0
train5.csv,calibration,native,81,81,Jr_Q3,0.02,normal,237519,0,0.0,0,0.0,0
train5.csv,calibration,common81,81,81,Jr_Q3,0.02,normal,237519,0,0.0,0,0.0,0
train5.csv,calibration,native,81,81,Dr_Q3,0.005,normal,237519,1186,0.004993284747746496,32,0.48501383047250957,95
train5.csv,calibration,common81,81,81,Dr_Q3,0.005,normal,237519,1186,0.004993284747746496,32,0.48501383047250957,95
train5.csv,calibration,native,81,81,Dr_Q3,0.01,normal,237519,2374,0.00999498987449425,46,0.6972073813042325,256
train5.csv,calibration,common81,81,81,Dr_Q3,0.01,normal,237519,2374,0.00999498987449425,46,0.6972073813042325,256
train5.csv,calibration,native,81,81,Dr_Q3,0.02,normal,237519,4749,0.019994189938489133,75,1.1367511651699442,386
train5.csv,calibration,common81,81,81,Dr_Q3,0.02,normal,237519,4749,0.019994189938489133,75,1.1367511651699442,386
train5.csv,calibration,native,81,81,PairError-Q3,0.005,normal,237519,0,0.0,0,0.0,0
train5.csv,calibration,common81,81,81,PairError-Q3,0.005,normal,237519,0,0.0,0,0.0,0
train5.csv,calibration,native,81,81,PairError-Q3,0.01,normal,237519,0,0.0,0,0.0,0
train5.csv,calibration,common81,81,81,PairError-Q3,0.01,normal,237519,0,0.0,0,0.0,0
train5.csv,calibration,native,81,81,PairError-Q3,0.02,normal,237519,0,0.0,0,0.0,0
train5.csv,calibration,common81,81,81,PairError-Q3,0.02,normal,237519,0,0.0,0,0.0,0
train5.csv,calibration,native,65,65,PCA-SPE,0.005,normal,237535,0,0.0,0,0.0,0
train5.csv,calibration,common81,81,81,PCA-SPE,0.005,normal,237519,0,0.0,0,0.0,0
train5.csv,calibration,native,65,65,PCA-SPE,0.01,normal,237535,0,0.0,0,0.0,0
train5.csv,calibration,common81,81,81,PCA-SPE,0.01,normal,237519,0,0.0,0,0.0,0
train5.csv,calibration,native,65,65,PCA-SPE,0.02,normal,237535,0,0.0,0,0.0,0
train5.csv,calibration,common81,81,81,PCA-SPE,0.02,normal,237519,0,0.0,0,0.0,0
train5.csv,calibration,native,70,70,GCAD-prediction_s10,0.005,normal,237530,998,0.004201574537953101,14,0.21218372416115858,99
train5.csv,calibration,common81,81,81,GCAD-prediction_s10,0.005,normal,237519,998,0.004201769121628164,14,0.21219355083172295,99
train5.csv,calibration,native,70,70,GCAD-prediction_s10,0.01,normal,237530,2162,0.009102008167389382,32,0.4849913695112196,99
train5.csv,calibration,common81,81,81,GCAD-prediction_s10,0.01,normal,237519,2162,0.009102429700360813,32,0.48501383047250957,99
train5.csv,calibration,native,70,70,GCAD-prediction_s10,0.02,normal,237530,4493,0.018915505409842968,146,2.2127731233949395,150
train5.csv,calibration,common81,81,81,GCAD-prediction_s10,0.02,normal,237519,4493,0.018916381426328,146,2.212875601530825,150
train5.csv,calibration,native,70,70,GCAD-dependency_s10,0.005,normal,237530,1186,0.004993053509030438,17,0.25765166505283543,92
train5.csv,calibration,common81,81,81,GCAD-dependency_s10,0.005,normal,237519,1186,0.004993284747746496,17,0.2576635974385207,92
train5.csv,calibration,native,70,70,GCAD-dependency_s10,0.01,normal,237530,2031,0.00855049888435145,28,0.42436744832231715,98
train5.csv,calibration,common81,81,81,GCAD-dependency_s10,0.01,normal,237519,2031,0.00855089487577836,28,0.4243871016634459,98
train5.csv,calibration,native,70,70,GCAD-dependency_s10,0.02,normal,237530,3058,0.012874163263587757,47,0.7123310739696038,99
train5.csv,calibration,common81,81,81,GCAD-dependency_s10,0.02,normal,237519,3058,0.012874759492924777,47,0.7123640635064984,99
train5.csv,calibration,native,70,70,GCAD-prediction_s11,0.005,normal,237530,572,0.0024081168694480696,8,0.1212478423778049,80
train5.csv,calibration,common81,81,81,GCAD-prediction_s11,0.005,normal,237519,572,0.00240822839436003,8,0.12125345761812739,80
train5.csv,calibration,native,70,70,GCAD-prediction_s11,0.01,normal,237530,2359,0.009931377089209784,35,0.5304593104028965,111
train5.csv,calibration,common81,81,81,GCAD-prediction_s11,0.01,normal,237519,2359,0.00993183703198481,35,0.5304838770793073,111
train5.csv,calibration,native,70,70,GCAD-prediction_s11,0.02,normal,237530,3546,0.01492864059276723,50,0.7577990148612807,130
train5.csv,calibration,common81,81,81,GCAD-prediction_s11,0.02,normal,237519,3546,0.014929331969231935,50,0.7578341101132962,130
train5.csv,calibration,native,70,70,GCAD-dependency_s11,0.005,normal,237530,943,0.0039700248389677095,14,0.21218372416115858,83
train5.csv,calibration,common81,81,81,GCAD-dependency_s11,0.005,normal,237519,943,0.003970208699093546,14,0.21219355083172295,83
train5.csv,calibration,native,70,70,GCAD-dependency_s11,0.01,normal,237530,1972,0.00830210920725803,29,0.4395234286195428,97
train5.csv,calibration,common81,81,81,GCAD-dependency_s11,0.01,normal,237519,1972,0.008302493695241223,29,0.4395437838657118,97
train5.csv,calibration,native,70,70,GCAD-dependency_s11,0.02,normal,237530,3448,0.014516061129120532,56,0.8487348966446343,98
train5.csv,calibration,common81,81,81,GCAD-dependency_s11,0.02,normal,237519,3448,0.014516733398170252,56,0.8487742033268918,98
train5.csv,calibration,native,70,70,GCAD-prediction_s12,0.005,normal,237530,1186,0.004993053509030438,19,0.28796362564728667,96
train5.csv,calibration,common81,81,81,GCAD-prediction_s12,0.005,normal,237519,1186,0.004993284747746496,19,0.28797696184305255,96
train5.csv,calibration,native,70,70,GCAD-prediction_s12,0.01,normal,237530,2316,0.009750347324548478,33,0.5001473498084452,117
train5.csv,calibration,common81,81,81,GCAD-prediction_s12,0.01,normal,237519,2316,0.009750798883457744,33,0.5001705126747755,117
train5.csv,calibration,native,70,70,GCAD-prediction_s12,0.02,normal,237530,3560,0.014987580516145328,50,0.7577990148612807,117
train5.csv,calibration,common81,81,81,GCAD-prediction_s12,0.02,normal,237519,3560,0.014988274622240748,50,0.7578341101132962,117
train5.csv,calibration,native,70,70,GCAD-dependency_s12,0.005,normal,237530,995,0.0041889445543720795,15,0.2273397044583842,97
train5.csv,calibration,common81,81,81,GCAD-dependency_s12,0.005,normal,237519,995,0.004189138553126276,15,0.22735023303398885,97
train5.csv,calibration,native,70,70,GCAD-dependency_s12,0.01,normal,237530,2149,0.00904727823853829,32,0.4849913695112196,99
train5.csv,calibration,common81,81,81,GCAD-dependency_s12,0.01,normal,237519,2149,0.00904769723685263,32,0.48501383047250957,99
train5.csv,calibration,native,70,70,GCAD-dependency_s12,0.02,normal,237530,3423,0.014410811265945355,54,0.8184229360501831,100
train5.csv,calibration,common81,81,81,GCAD-dependency_s12,0.02,normal,237519,3423,0.014411478660654516,54,0.8184608389223599,100
train2.csv,seen_normal_audit,native,81,81,S_Q3,0.005,normal,201519,61590,0.3056287496464353,202,3.6085927381537224,42313
train2.csv,seen_normal_audit,common81,81,81,S_Q3,0.005,normal,201519,61590,0.3056287496464353,202,3.6085927381537224,42313
train2.csv,seen_normal_audit,native,81,81,S_Q3,0.01,normal,201519,115226,0.5717872756415028,247,4.4124871600196505,63558
train2.csv,seen_normal_audit,common81,81,81,S_Q3,0.01,normal,201519,115226,0.5717872756415028,247,4.4124871600196505,63558
train2.csv,seen_normal_audit,native,81,81,S_Q3,0.02,normal,201519,121524,0.6030399118693522,190,3.3942208923228083,78714
train2.csv,seen_normal_audit,common81,81,81,S_Q3,0.02,normal,201519,121524,0.6030399118693522,190,3.3942208923228083,78714
train2.csv,seen_normal_audit,native,81,81,Jr_Q3,0.005,normal,201519,93010,0.4615445689984567,191,3.4120852128087176,51889
train2.csv,seen_normal_audit,common81,81,81,Jr_Q3,0.005,normal,201519,93010,0.4615445689984567,191,3.4120852128087176,51889
train2.csv,seen_normal_audit,native,81,81,Jr_Q3,0.01,normal,201519,95718,0.47498250785285756,198,3.5371354562100845,51905
train2.csv,seen_normal_audit,common81,81,81,Jr_Q3,0.01,normal,201519,95718,0.47498250785285756,198,3.5371354562100845,51905
train2.csv,seen_normal_audit,native,81,81,Jr_Q3,0.02,normal,201519,102876,0.510502731752341,173,3.0905274440623467,64542
train2.csv,seen_normal_audit,common81,81,81,Jr_Q3,0.02,normal,201519,102876,0.510502731752341,173,3.0905274440623467,64542
train2.csv,seen_normal_audit,native,81,81,Dr_Q3,0.005,normal,201519,0,0.0,0,0.0,0
train2.csv,seen_normal_audit,common81,81,81,Dr_Q3,0.005,normal,201519,0,0.0,0,0.0,0
train2.csv,seen_normal_audit,native,81,81,Dr_Q3,0.01,normal,201519,0,0.0,0,0.0,0
train2.csv,seen_normal_audit,common81,81,81,Dr_Q3,0.01,normal,201519,0,0.0,0,0.0,0
train2.csv,seen_normal_audit,native,81,81,Dr_Q3,0.02,normal,201519,43,0.000213379383581697,3,0.05359296145772855,21
train2.csv,seen_normal_audit,common81,81,81,Dr_Q3,0.02,normal,201519,43,0.000213379383581697,3,0.05359296145772855,21
train2.csv,seen_normal_audit,native,81,81,PairError-Q3,0.005,normal,201519,92360,0.4583190666885008,208,3.7157786610691796,51875
train2.csv,seen_normal_audit,common81,81,81,PairError-Q3,0.005,normal,201519,92360,0.4583190666885008,208,3.7157786610691796,51875
train2.csv,seen_normal_audit,native,81,81,PairError-Q3,0.01,normal,201519,95039,0.4716130985167652,205,3.662185699611451,51905
train2.csv,seen_normal_audit,common81,81,81,PairError-Q3,0.01,normal,201519,95039,0.4716130985167652,205,3.662185699611451,51905
train2.csv,seen_normal_audit,native,81,81,PairError-Q3,0.02,normal,201519,101987,0.5060912370545705,191,3.4120852128087176,64508
train2.csv,seen_normal_audit,common81,81,81,PairError-Q3,0.02,normal,201519,101987,0.5060912370545705,191,3.4120852128087176,64508
train2.csv,seen_normal_audit,native,65,65,PCA-SPE,0.005,normal,201535,14679,0.07283598382414966,2,0.0357258044508398,7466
train2.csv,seen_normal_audit,common81,81,81,PCA-SPE,0.005,normal,201519,14679,0.07284176678129606,2,0.035728640971819034,7466
train2.csv,seen_normal_audit,native,65,65,PCA-SPE,0.01,normal,201535,14679,0.07283598382414966,2,0.0357258044508398,7466
train2.csv,seen_normal_audit,common81,81,81,PCA-SPE,0.01,normal,201519,14679,0.07284176678129606,2,0.035728640971819034,7466
train2.csv,seen_normal_audit,native,65,65,PCA-SPE,0.02,normal,201535,14679,0.07283598382414966,2,0.0357258044508398,7466
train2.csv,seen_normal_audit,common81,81,81,PCA-SPE,0.02,normal,201519,14679,0.07284176678129606,2,0.035728640971819034,7466
train2.csv,seen_normal_audit,native,70,70,GCAD-prediction_s10,0.005,normal,201530,1263,0.006267057013844093,19,0.3394035627450007,80
train2.csv,seen_normal_audit,common81,81,81,GCAD-prediction_s10,0.005,normal,201519,1263,0.006267399103806589,19,0.33942208923228084,80
train2.csv,seen_normal_audit,native,70,70,GCAD-prediction_s10,0.01,normal,201530,1860,0.009229395127276337,28,0.5001736714136853,111
train2.csv,seen_normal_audit,common81,81,81,GCAD-prediction_s10,0.01,normal,201519,1860,0.009229898917719918,28,0.5002009736054664,111
train2.csv,seen_normal_audit,native,70,70,GCAD-prediction_s10,0.02,normal,201530,12939,0.06420384061926264,542,9.681933210936338,234
train2.csv,seen_normal_audit,common81,81,81,GCAD-prediction_s10,0.02,normal,201519,12939,0.06420734521310646,542,9.682461703362959,234
train2.csv,seen_normal_audit,native,70,70,GCAD-dependency_s10,0.005,normal,201530,682,0.00338411154666799,10,0.17863345407631617,80
train2.csv,seen_normal_audit,common81,81,81,GCAD-dependency_s10,0.005,normal,201519,682,0.0033842962698306363,10,0.17864320485909518,80
train2.csv,seen_normal_audit,native,70,70,GCAD-dependency_s10,0.01,normal,201530,1234,0.006123157842504838,19,0.3394035627450007,80
train2.csv,seen_normal_audit,common81,81,81,GCAD-dependency_s10,0.01,normal,201519,1234,0.0061234920776700955,19,0.33942208923228084,80
train2.csv,seen_normal_audit,native,70,70,GCAD-dependency_s10,0.02,normal,201530,2592,0.012861608693494765,43,0.7681238525281596,110
train2.csv,seen_normal_audit,common81,81,81,GCAD-dependency_s10,0.02,normal,201519,2592,0.012862310749854852,43,0.7681657808941093,110
train2.csv,seen_normal_audit,native,70,70,GCAD-prediction_s11,0.005,normal,201530,936,0.00464446980598422,15,0.2679501811144743,72
train2.csv,seen_normal_audit,common81,81,81,GCAD-prediction_s11,0.005,normal,201519,936,0.004644723326336474,15,0.26796480728864275,72
train2.csv,seen_normal_audit,native,70,70,GCAD-prediction_s11,0.01,normal,201530,2501,0.012410063017912965,37,0.6609437800823699,128
train2.csv,seen_normal_audit,common81,81,81,GCAD-prediction_s11,0.01,normal,201519,2501,0.012410740426461028,37,0.6609798579786521,128
train2.csv,seen_normal_audit,native,70,70,GCAD-prediction_s11,0.02,normal,201530,3439,0.017064456904679205,53,0.9467573066044758,128
train2.csv,seen_normal_audit,common81,81,81,GCAD-prediction_s11,0.02,normal,201519,3439,0.017065388375289675,53,0.9468089857532044,128
train2.csv,seen_normal_audit,native,70,70,GCAD-dependency_s11,0.005,normal,201530,1036,0.005140673845085099,16,0.2858135265221059,73
train2.csv,seen_normal_audit,common81,81,81,GCAD-dependency_s11,0.005,normal,201519,1036,0.005140954450945072,16,0.28582912777455227,73
train2.csv,seen_normal_audit,native,70,70,GCAD-dependency_s11,0.01,normal,201530,1998,0.009914156701235547,31,0.5537637076365801,78
train2.csv,seen_normal_audit,common81,81,81,GCAD-dependency_s11,0.01,normal,201519,1998,0.009914697869679781,31,0.5537939350631951,78
train2.csv,seen_normal_audit,native,70,70,GCAD-dependency_s11,0.02,normal,201530,4491,0.022284523396020443,75,1.3397509055723713,145
train2.csv,seen_normal_audit,common81,81,81,GCAD-dependency_s11,0.02,normal,201519,4491,0.022285739806172124,75,1.3398240364432137,145
train2.csv,seen_normal_audit,native,70,70,GCAD-prediction_s12,0.005,normal,201530,1143,0.005671612166923039,18,0.32154021733736915,69
train2.csv,seen_normal_audit,common81,81,81,GCAD-prediction_s12,0.005,normal,201519,1143,0.0056719217542762716,18,0.3215577687463713,69
train2.csv,seen_normal_audit,native,70,70,GCAD-prediction_s12,0.01,normal,201530,1666,0.008266759291420633,26,0.46444698059842204,76
train2.csv,seen_normal_audit,common81,81,81,GCAD-prediction_s12,0.01,normal,201519,1666,0.008267210535979237,26,0.46447233263364746,76
train2.csv,seen_normal_audit,native,70,70,GCAD-prediction_s12,0.02,normal,201530,2718,0.013486825782761872,42,0.7502605071205279,136
train2.csv,seen_normal_audit,common81,81,81,GCAD-prediction_s12,0.02,normal,201519,2718,0.013487561966861685,42,0.7503014604081997,136
train2.csv,seen_normal_audit,native,70,70,GCAD-dependency_s12,0.005,normal,201530,766,0.0038009229395127276,12,0.21436014489157942,68
train2.csv,seen_normal_audit,common81,81,81,GCAD-dependency_s12,0.005,normal,201519,766,0.0038011304145018584,12,0.2143718458309142,68
train2.csv,seen_normal_audit,native,70,70,GCAD-dependency_s12,0.01,normal,201530,1576,0.007820175656229842,26,0.46444698059842204,76
train2.csv,seen_normal_audit,common81,81,81,GCAD-dependency_s12,0.01,normal,201519,1576,0.0078206025238315,26,0.46447233263364746,76
train2.csv,seen_normal_audit,native,70,70,GCAD-dependency_s12,0.02,normal,201530,3121,0.01548652806033841,49,0.8753039249739493,136
train2.csv,seen_normal_audit,common81,81,81,GCAD-dependency_s12,0.02,normal,201519,3121,0.015487373399034334,49,0.8753517038095664,136
train6.csv,seen_normal_audit,native,81,81,S_Q3,0.005,normal,259119,0,0.0,0,0.0,0
train6.csv,seen_normal_audit,common81,81,81,S_Q3,0.005,normal,259119,0,0.0,0,0.0,0
train6.csv,seen_normal_audit,native,81,81,S_Q3,0.01,normal,259119,0,0.0,0,0.0,0
train6.csv,seen_normal_audit,common81,81,81,S_Q3,0.01,normal,259119,0,0.0,0,0.0,0
train6.csv,seen_normal_audit,native,81,81,S_Q3,0.02,normal,259119,0,0.0,0,0.0,0
train6.csv,seen_normal_audit,common81,81,81,S_Q3,0.02,normal,259119,0,0.0,0,0.0,0
train6.csv,seen_normal_audit,native,81,81,Jr_Q3,0.005,normal,259119,0,0.0,0,0.0,0
train6.csv,seen_normal_audit,common81,81,81,Jr_Q3,0.005,normal,259119,0,0.0,0,0.0,0
train6.csv,seen_normal_audit,native,81,81,Jr_Q3,0.01,normal,259119,0,0.0,0,0.0,0
train6.csv,seen_normal_audit,common81,81,81,Jr_Q3,0.01,normal,259119,0,0.0,0,0.0,0
train6.csv,seen_normal_audit,native,81,81,Jr_Q3,0.02,normal,259119,0,0.0,0,0.0,0
train6.csv,seen_normal_audit,common81,81,81,Jr_Q3,0.02,normal,259119,0,0.0,0,0.0,0
train6.csv,seen_normal_audit,native,81,81,Dr_Q3,0.005,normal,259119,0,0.0,0,0.0,0
train6.csv,seen_normal_audit,common81,81,81,Dr_Q3,0.005,normal,259119,0,0.0,0,0.0,0
train6.csv,seen_normal_audit,native,81,81,Dr_Q3,0.01,normal,259119,0,0.0,0,0.0,0
train6.csv,seen_normal_audit,common81,81,81,Dr_Q3,0.01,normal,259119,0,0.0,0,0.0,0
train6.csv,seen_normal_audit,native,81,81,Dr_Q3,0.02,normal,259119,0,0.0,0,0.0,0
train6.csv,seen_normal_audit,common81,81,81,Dr_Q3,0.02,normal,259119,0,0.0,0,0.0,0
train6.csv,seen_normal_audit,native,81,81,PairError-Q3,0.005,normal,259119,0,0.0,0,0.0,0
train6.csv,seen_normal_audit,common81,81,81,PairError-Q3,0.005,normal,259119,0,0.0,0,0.0,0
train6.csv,seen_normal_audit,native,81,81,PairError-Q3,0.01,normal,259119,0,0.0,0,0.0,0
train6.csv,seen_normal_audit,common81,81,81,PairError-Q3,0.01,normal,259119,0,0.0,0,0.0,0
train6.csv,seen_normal_audit,native,81,81,PairError-Q3,0.02,normal,259119,0,0.0,0,0.0,0
train6.csv,seen_normal_audit,common81,81,81,PairError-Q3,0.02,normal,259119,0,0.0,0,0.0,0
train6.csv,seen_normal_audit,native,65,65,PCA-SPE,0.005,normal,259135,7261,0.028020143940417158,2,0.027784745402975285,7199
train6.csv,seen_normal_audit,common81,81,81,PCA-SPE,0.005,normal,259119,7261,0.028021874119612995,2,0.02778646104685492,7199
train6.csv,seen_normal_audit,native,65,65,PCA-SPE,0.01,normal,259135,7262,0.028024002932834236,2,0.027784745402975285,7200
train6.csv,seen_normal_audit,common81,81,81,PCA-SPE,0.01,normal,259119,7262,0.02802573335031395,2,0.02778646104685492,7200
train6.csv,seen_normal_audit,native,65,65,PCA-SPE,0.02,normal,259135,7263,0.028027861925251318,2,0.027784745402975285,7201
train6.csv,seen_normal_audit,common81,81,81,PCA-SPE,0.02,normal,259119,7263,0.028029592581014902,2,0.02778646104685492,7201
train6.csv,seen_normal_audit,native,70,70,GCAD-prediction_s10,0.005,normal,259130,1628,0.0062825608767799945,25,0.347316018986609,80
train6.csv,seen_normal_audit,common81,81,81,GCAD-prediction_s10,0.005,normal,259119,1628,0.006282827581149973,25,0.3473307630856865,80
train6.csv,seen_normal_audit,native,70,70,GCAD-prediction_s10,0.01,normal,259130,2734,0.010550688843437657,41,0.5695982711380388,81
train6.csv,seen_normal_audit,common81,81,81,GCAD-prediction_s10,0.01,normal,259119,2734,0.010551136736402966,41,0.5696224514605258,81
train6.csv,seen_normal_audit,native,70,70,GCAD-prediction_s10,0.02,normal,259130,4441,0.017138116003550342,115,1.5976536873384015,159
train6.csv,seen_normal_audit,common81,81,81,GCAD-prediction_s10,0.02,normal,259119,4441,0.01713884354292815,115,1.597721510194158,159
train6.csv,seen_normal_audit,native,70,70,GCAD-dependency_s10,0.005,normal,259130,1191,0.004596148651256126,17,0.23617489291089414,80
train6.csv,seen_normal_audit,common81,81,81,GCAD-dependency_s10,0.005,normal,259119,1191,0.004596343764833918,17,0.23618491889826682,80
train6.csv,seen_normal_audit,native,70,70,GCAD-dependency_s10,0.01,normal,259130,2405,0.00928105584069772,35,0.48624242658125266,80
train6.csv,seen_normal_audit,common81,81,81,GCAD-dependency_s10,0.01,normal,259119,2405,0.009281449835789733,35,0.4862630683199611,80
train6.csv,seen_normal_audit,native,70,70,GCAD-dependency_s10,0.02,normal,259130,3175,0.01225253733647204,49,0.6807393972137538,82
train6.csv,seen_normal_audit,common81,81,81,GCAD-dependency_s10,0.02,normal,259119,3175,0.012253057475522829,49,0.6807682956479455,82
train6.csv,seen_normal_audit,native,70,70,GCAD-prediction_s11,0.005,normal,259130,933,0.003600509396827847,14,0.19449697063250107,81
train6.csv,seen_normal_audit,common81,81,81,GCAD-prediction_s11,0.005,normal,259119,933,0.0036006622439882833,14,0.19450522732798445,81
train6.csv,seen_normal_audit,native,70,70,GCAD-prediction_s11,0.01,normal,259130,2934,0.011322502218963455,45,0.6251688341758963,111
train6.csv,seen_normal_audit,common81,81,81,GCAD-prediction_s11,0.01,normal,259119,2934,0.01132298287659338,45,0.6251953735542357,111
train6.csv,seen_normal_audit,native,70,70,GCAD-prediction_s11,0.02,normal,259130,3987,0.01538609964110678,60,0.8335584455678617,113
train6.csv,seen_normal_audit,common81,81,81,GCAD-prediction_s11,0.02,normal,259119,3987,0.015386752804695912,60,0.8335938314056476,113
train6.csv,seen_normal_audit,native,70,70,GCAD-dependency_s11,0.005,normal,259130,1830,0.00706209238606105,28,0.38899394126500214,76
train6.csv,seen_normal_audit,common81,81,81,GCAD-dependency_s11,0.005,normal,259119,1830,0.0070623921827422925,28,0.3890104546559689,76
train6.csv,seen_normal_audit,native,70,70,GCAD-dependency_s11,0.01,normal,259130,2339,0.009026357426774207,34,0.47234978582178827,82
train6.csv,seen_normal_audit,common81,81,81,GCAD-dependency_s11,0.01,normal,259119,2339,0.009026740609526896,34,0.47236983779653363,82
train6.csv,seen_normal_audit,native,70,70,GCAD-dependency_s11,0.02,normal,259130,3569,0.013773009686257862,56,0.7779878825300043,83
train6.csv,seen_normal_audit,common81,81,81,GCAD-dependency_s11,0.02,normal,259119,3569,0.013773594371697945,56,0.7780209093119378,83
train6.csv,seen_normal_audit,native,70,70,GCAD-prediction_s12,0.005,normal,259130,1759,0.006788098637749393,27,0.37510130050553775,80
train6.csv,seen_normal_audit,common81,81,81,GCAD-prediction_s12,0.005,normal,259119,1759,0.006788386802974695,27,0.3751172241325414,80
train6.csv,seen_normal_audit,native,70,70,GCAD-prediction_s12,0.01,normal,259130,2557,0.009867634006097326,38,0.5279203488596458,112
train6.csv,seen_normal_audit,common81,81,81,GCAD-prediction_s12,0.01,normal,259119,2557,0.009868052902334449,38,0.5279427598902435,112
train6.csv,seen_normal_audit,native,70,70,GCAD-prediction_s12,0.02,normal,259130,3852,0.014865125612626868,58,0.805773164048933,113
train6.csv,seen_normal_audit,common81,81,81,GCAD-prediction_s12,0.02,normal,259119,3852,0.014865756660067382,58,0.8058073703587927,113
train6.csv,seen_normal_audit,native,70,70,GCAD-dependency_s12,0.005,normal,259130,1223,0.004719638791340254,19,0.2639601744298229,65
train6.csv,seen_normal_audit,common81,81,81,GCAD-dependency_s12,0.005,normal,259119,1223,0.004719839147264385,19,0.26397137994512176,65
train6.csv,seen_normal_audit,native,70,70,GCAD-dependency_s12,0.01,normal,259130,2497,0.009636089993439586,38,0.5279203488596458,83
train6.csv,seen_normal_audit,common81,81,81,GCAD-dependency_s12,0.01,normal,259119,2497,0.009636499060277325,38,0.5279427598902435,83
train6.csv,seen_normal_audit,native,70,70,GCAD-dependency_s12,0.02,normal,259130,3733,0.014405896654189017,57,0.7918805232894686,83
train6.csv,seen_normal_audit,common81,81,81,GCAD-dependency_s12,0.02,normal,259119,3733,0.014406508206654086,57,0.7919141398353652,83
test1.csv,confirmation_cohort_posthoc,native,81,81,S_Q3,0.005,background,85434,0,0.0,0,0.0,0
test1.csv,confirmation_cohort_posthoc,native,81,81,S_Q3,0.005,clean,84867,0,0.0,0,0.0,0
test1.csv,confirmation_cohort_posthoc,native,81,81,S_Q3,0.005,full_stream,86319,0,0.0,0,0.0,0
test1.csv,confirmation_cohort_posthoc,common81,81,81,S_Q3,0.005,background,85434,0,0.0,0,0.0,0
test1.csv,confirmation_cohort_posthoc,common81,81,81,S_Q3,0.005,clean,84867,0,0.0,0,0.0,0
test1.csv,confirmation_cohort_posthoc,common81,81,81,S_Q3,0.005,full_stream,86319,0,0.0,0,0.0,0
test1.csv,confirmation_cohort_posthoc,native,81,81,S_Q3,0.01,background,85434,0,0.0,0,0.0,0
test1.csv,confirmation_cohort_posthoc,native,81,81,S_Q3,0.01,clean,84867,0,0.0,0,0.0,0
test1.csv,confirmation_cohort_posthoc,native,81,81,S_Q3,0.01,full_stream,86319,0,0.0,0,0.0,0
test1.csv,confirmation_cohort_posthoc,common81,81,81,S_Q3,0.01,background,85434,0,0.0,0,0.0,0
test1.csv,confirmation_cohort_posthoc,common81,81,81,S_Q3,0.01,clean,84867,0,0.0,0,0.0,0
test1.csv,confirmation_cohort_posthoc,common81,81,81,S_Q3,0.01,full_stream,86319,0,0.0,0,0.0,0
test1.csv,confirmation_cohort_posthoc,native,81,81,S_Q3,0.02,background,85434,0,0.0,0,0.0,0
test1.csv,confirmation_cohort_posthoc,native,81,81,S_Q3,0.02,clean,84867,0,0.0,0,0.0,0
test1.csv,confirmation_cohort_posthoc,native,81,81,S_Q3,0.02,full_stream,86319,0,0.0,0,0.0,0
test1.csv,confirmation_cohort_posthoc,common81,81,81,S_Q3,0.02,background,85434,0,0.0,0,0.0,0
test1.csv,confirmation_cohort_posthoc,common81,81,81,S_Q3,0.02,clean,84867,0,0.0,0,0.0,0
test1.csv,confirmation_cohort_posthoc,common81,81,81,S_Q3,0.02,full_stream,86319,0,0.0,0,0.0,0
test1.csv,confirmation_cohort_posthoc,native,81,81,Jr_Q3,0.005,background,85434,0,0.0,0,0.0,0
test1.csv,confirmation_cohort_posthoc,native,81,81,Jr_Q3,0.005,clean,84867,0,0.0,0,0.0,0
test1.csv,confirmation_cohort_posthoc,native,81,81,Jr_Q3,0.005,full_stream,86319,0,0.0,0,0.0,0
test1.csv,confirmation_cohort_posthoc,common81,81,81,Jr_Q3,0.005,background,85434,0,0.0,0,0.0,0
test1.csv,confirmation_cohort_posthoc,common81,81,81,Jr_Q3,0.005,clean,84867,0,0.0,0,0.0,0
test1.csv,confirmation_cohort_posthoc,common81,81,81,Jr_Q3,0.005,full_stream,86319,0,0.0,0,0.0,0
test1.csv,confirmation_cohort_posthoc,native,81,81,Jr_Q3,0.01,background,85434,0,0.0,0,0.0,0
test1.csv,confirmation_cohort_posthoc,native,81,81,Jr_Q3,0.01,clean,84867,0,0.0,0,0.0,0
test1.csv,confirmation_cohort_posthoc,native,81,81,Jr_Q3,0.01,full_stream,86319,0,0.0,0,0.0,0
test1.csv,confirmation_cohort_posthoc,common81,81,81,Jr_Q3,0.01,background,85434,0,0.0,0,0.0,0
test1.csv,confirmation_cohort_posthoc,common81,81,81,Jr_Q3,0.01,clean,84867,0,0.0,0,0.0,0
test1.csv,confirmation_cohort_posthoc,common81,81,81,Jr_Q3,0.01,full_stream,86319,0,0.0,0,0.0,0
test1.csv,confirmation_cohort_posthoc,native,81,81,Jr_Q3,0.02,background,85434,0,0.0,0,0.0,0
test1.csv,confirmation_cohort_posthoc,native,81,81,Jr_Q3,0.02,clean,84867,0,0.0,0,0.0,0
test1.csv,confirmation_cohort_posthoc,native,81,81,Jr_Q3,0.02,full_stream,86319,0,0.0,0,0.0,0
test1.csv,confirmation_cohort_posthoc,common81,81,81,Jr_Q3,0.02,background,85434,0,0.0,0,0.0,0
test1.csv,confirmation_cohort_posthoc,common81,81,81,Jr_Q3,0.02,clean,84867,0,0.0,0,0.0,0
test1.csv,confirmation_cohort_posthoc,common81,81,81,Jr_Q3,0.02,full_stream,86319,0,0.0,0,0.0,0
test1.csv,confirmation_cohort_posthoc,native,81,81,Dr_Q3,0.005,background,85434,0,0.0,0,0.0,0
test1.csv,confirmation_cohort_posthoc,native,81,81,Dr_Q3,0.005,clean,84867,0,0.0,0,0.0,0
test1.csv,confirmation_cohort_posthoc,native,81,81,Dr_Q3,0.005,full_stream,86319,0,0.0,0,0.0,0
test1.csv,confirmation_cohort_posthoc,common81,81,81,Dr_Q3,0.005,background,85434,0,0.0,0,0.0,0
test1.csv,confirmation_cohort_posthoc,common81,81,81,Dr_Q3,0.005,clean,84867,0,0.0,0,0.0,0
test1.csv,confirmation_cohort_posthoc,common81,81,81,Dr_Q3,0.005,full_stream,86319,0,0.0,0,0.0,0
test1.csv,confirmation_cohort_posthoc,native,81,81,Dr_Q3,0.01,background,85434,0,0.0,0,0.0,0
test1.csv,confirmation_cohort_posthoc,native,81,81,Dr_Q3,0.01,clean,84867,0,0.0,0,0.0,0
test1.csv,confirmation_cohort_posthoc,native,81,81,Dr_Q3,0.01,full_stream,86319,0,0.0,0,0.0,0
test1.csv,confirmation_cohort_posthoc,common81,81,81,Dr_Q3,0.01,background,85434,0,0.0,0,0.0,0
test1.csv,confirmation_cohort_posthoc,common81,81,81,Dr_Q3,0.01,clean,84867,0,0.0,0,0.0,0
test1.csv,confirmation_cohort_posthoc,common81,81,81,Dr_Q3,0.01,full_stream,86319,0,0.0,0,0.0,0
test1.csv,confirmation_cohort_posthoc,native,81,81,Dr_Q3,0.02,background,85434,0,0.0,0,0.0,0
test1.csv,confirmation_cohort_posthoc,native,81,81,Dr_Q3,0.02,clean,84867,0,0.0,0,0.0,0
test1.csv,confirmation_cohort_posthoc,native,81,81,Dr_Q3,0.02,full_stream,86319,0,0.0,0,0.0,0
test1.csv,confirmation_cohort_posthoc,common81,81,81,Dr_Q3,0.02,background,85434,0,0.0,0,0.0,0
test1.csv,confirmation_cohort_posthoc,common81,81,81,Dr_Q3,0.02,clean,84867,0,0.0,0,0.0,0
test1.csv,confirmation_cohort_posthoc,common81,81,81,Dr_Q3,0.02,full_stream,86319,0,0.0,0,0.0,0
test1.csv,confirmation_cohort_posthoc,native,81,81,PairError-Q3,0.005,background,85434,0,0.0,0,0.0,0
test1.csv,confirmation_cohort_posthoc,native,81,81,PairError-Q3,0.005,clean,84867,0,0.0,0,0.0,0
test1.csv,confirmation_cohort_posthoc,native,81,81,PairError-Q3,0.005,full_stream,86319,0,0.0,0,0.0,0
test1.csv,confirmation_cohort_posthoc,common81,81,81,PairError-Q3,0.005,background,85434,0,0.0,0,0.0,0
test1.csv,confirmation_cohort_posthoc,common81,81,81,PairError-Q3,0.005,clean,84867,0,0.0,0,0.0,0
test1.csv,confirmation_cohort_posthoc,common81,81,81,PairError-Q3,0.005,full_stream,86319,0,0.0,0,0.0,0
test1.csv,confirmation_cohort_posthoc,native,81,81,PairError-Q3,0.01,background,85434,0,0.0,0,0.0,0
test1.csv,confirmation_cohort_posthoc,native,81,81,PairError-Q3,0.01,clean,84867,0,0.0,0,0.0,0
test1.csv,confirmation_cohort_posthoc,native,81,81,PairError-Q3,0.01,full_stream,86319,0,0.0,0,0.0,0
test1.csv,confirmation_cohort_posthoc,common81,81,81,PairError-Q3,0.01,background,85434,0,0.0,0,0.0,0
test1.csv,confirmation_cohort_posthoc,common81,81,81,PairError-Q3,0.01,clean,84867,0,0.0,0,0.0,0
test1.csv,confirmation_cohort_posthoc,common81,81,81,PairError-Q3,0.01,full_stream,86319,0,0.0,0,0.0,0
test1.csv,confirmation_cohort_posthoc,native,81,81,PairError-Q3,0.02,background,85434,0,0.0,0,0.0,0
test1.csv,confirmation_cohort_posthoc,native,81,81,PairError-Q3,0.02,clean,84867,0,0.0,0,0.0,0
test1.csv,confirmation_cohort_posthoc,native,81,81,PairError-Q3,0.02,full_stream,86319,0,0.0,0,0.0,0
test1.csv,confirmation_cohort_posthoc,common81,81,81,PairError-Q3,0.02,background,85434,0,0.0,0,0.0,0
test1.csv,confirmation_cohort_posthoc,common81,81,81,PairError-Q3,0.02,clean,84867,0,0.0,0,0.0,0
test1.csv,confirmation_cohort_posthoc,common81,81,81,PairError-Q3,0.02,full_stream,86319,0,0.0,0,0.0,0
test1.csv,confirmation_cohort_posthoc,native,65,65,PCA-SPE,0.005,background,85450,55,0.0006436512580456407,0,0.0,55
test1.csv,confirmation_cohort_posthoc,native,65,65,PCA-SPE,0.005,clean,84995,0,0.0,0,0.0,0
test1.csv,confirmation_cohort_posthoc,native,65,65,PCA-SPE,0.005,full_stream,86335,85,0.0009845369780506169,1,0.04169803671743789,85
test1.csv,confirmation_cohort_posthoc,common81,81,81,PCA-SPE,0.005,background,85434,55,0.0006437718004541518,0,0.0,55
test1.csv,confirmation_cohort_posthoc,common81,81,81,PCA-SPE,0.005,clean,84867,0,0.0,0,0.0,0
test1.csv,confirmation_cohort_posthoc,common81,81,81,PCA-SPE,0.005,full_stream,86319,85,0.0009847194708001714,1,0.04170576582212491,85
test1.csv,confirmation_cohort_posthoc,native,65,65,PCA-SPE,0.01,background,85450,55,0.0006436512580456407,0,0.0,55
test1.csv,confirmation_cohort_posthoc,native,65,65,PCA-SPE,0.01,clean,84995,0,0.0,0,0.0,0
test1.csv,confirmation_cohort_posthoc,native,65,65,PCA-SPE,0.01,full_stream,86335,86,0.0009961197660276829,1,0.04169803671743789,86
test1.csv,confirmation_cohort_posthoc,common81,81,81,PCA-SPE,0.01,background,85434,55,0.0006437718004541518,0,0.0,55
test1.csv,confirmation_cohort_posthoc,common81,81,81,PCA-SPE,0.01,clean,84867,0,0.0,0,0.0,0
test1.csv,confirmation_cohort_posthoc,common81,81,81,PCA-SPE,0.01,full_stream,86319,86,0.0009963044057507617,1,0.04170576582212491,86
test1.csv,confirmation_cohort_posthoc,native,65,65,PCA-SPE,0.02,background,85450,55,0.0006436512580456407,0,0.0,55
test1.csv,confirmation_cohort_posthoc,native,65,65,PCA-SPE,0.02,clean,84995,0,0.0,0,0.0,0
test1.csv,confirmation_cohort_posthoc,native,65,65,PCA-SPE,0.02,full_stream,86335,86,0.0009961197660276829,1,0.04169803671743789,86
test1.csv,confirmation_cohort_posthoc,common81,81,81,PCA-SPE,0.02,background,85434,55,0.0006437718004541518,0,0.0,55
test1.csv,confirmation_cohort_posthoc,common81,81,81,PCA-SPE,0.02,clean,84867,0,0.0,0,0.0,0
test1.csv,confirmation_cohort_posthoc,common81,81,81,PCA-SPE,0.02,full_stream,86319,86,0.0009963044057507617,1,0.04170576582212491,86
test1.csv,confirmation_cohort_posthoc,native,70,70,GCAD-prediction_s10,0.005,background,85445,213,0.002492831646088127,3,0.1263970975481304,83
test1.csv,confirmation_cohort_posthoc,native,70,70,GCAD-prediction_s10,0.005,clean,84955,213,0.0025072096992525454,3,0.12712612559590372,83
test1.csv,confirmation_cohort_posthoc,native,70,70,GCAD-prediction_s10,0.005,full_stream,86330,316,0.00366037298737403,4,0.16680180701957603,103
test1.csv,confirmation_cohort_posthoc,common81,81,81,GCAD-prediction_s10,0.005,background,85434,213,0.0024931526090315333,3,0.1264133717255425,83
test1.csv,confirmation_cohort_posthoc,common81,81,81,GCAD-prediction_s10,0.005,clean,84867,213,0.0025098094665771146,3,0.12725794478419172,83
test1.csv,confirmation_cohort_posthoc,common81,81,81,GCAD-prediction_s10,0.005,full_stream,86319,316,0.0036608394443865197,4,0.16682306328849963,103
test1.csv,confirmation_cohort_posthoc,native,70,70,GCAD-prediction_s10,0.01,background,85445,652,0.007630639592720464,10,0.4213236584937679,83
test1.csv,confirmation_cohort_posthoc,native,70,70,GCAD-prediction_s10,0.01,clean,84955,652,0.007674651285974928,10,0.42375375198634574,83
test1.csv,confirmation_cohort_posthoc,native,70,70,GCAD-prediction_s10,0.01,full_stream,86330,755,0.008745511409706938,11,0.45870496930383414,103
test1.csv,confirmation_cohort_posthoc,common81,81,81,GCAD-prediction_s10,0.01,background,85434,652,0.007631622070838308,10,0.4213779057518084,83
test1.csv,confirmation_cohort_posthoc,common81,81,81,GCAD-prediction_s10,0.01,clean,84867,652,0.0076826092591937975,10,0.4241931492806391,83
test1.csv,confirmation_cohort_posthoc,common81,81,81,GCAD-prediction_s10,0.01,full_stream,86319,755,0.00874662588769564,11,0.458763424043374,103
test1.csv,confirmation_cohort_posthoc,native,70,70,GCAD-prediction_s10,0.02,background,85445,10838,0.12684182807654046,510,21.487506583182164,316
test1.csv,confirmation_cohort_posthoc,native,70,70,GCAD-prediction_s10,0.02,clean,84955,10828,0.12745571184744864,510,21.611441351303633,316
test1.csv,confirmation_cohort_posthoc,native,70,70,GCAD-prediction_s10,0.02,full_stream,86330,11096,0.12853005907564,514,21.434032202015523,316
test1.csv,confirmation_cohort_posthoc,common81,81,81,GCAD-prediction_s10,0.02,background,85434,10838,0.12685815951494722,510,21.49027319334223,316
test1.csv,confirmation_cohort_posthoc,common81,81,81,GCAD-prediction_s10,0.02,clean,84867,10828,0.1275878727891878,510,21.633850613312596,316
test1.csv,confirmation_cohort_posthoc,common81,81,81,GCAD-prediction_s10,0.02,full_stream,86319,11096,0.12854643821174944,514,21.4367636325722,316
test1.csv,confirmation_cohort_posthoc,native,70,70,GCAD-dependency_s10,0.005,background,85445,161,0.0018842530282637954,2,0.08426473169875358,83
test1.csv,confirmation_cohort_posthoc,native,70,70,GCAD-dependency_s10,0.005,clean,84955,144,0.0016950150079453829,2,0.08475075039726915,83
test1.csv,confirmation_cohort_posthoc,native,70,70,GCAD-dependency_s10,0.005,full_stream,86330,274,0.0031738677169002665,4,0.16680180701957603,103
test1.csv,confirmation_cohort_posthoc,common81,81,81,GCAD-dependency_s10,0.005,background,85434,161,0.0018844956340566988,2,0.08427558115036168,83
test1.csv,confirmation_cohort_posthoc,common81,81,81,GCAD-dependency_s10,0.005,clean,84867,144,0.0016967725971225565,2,0.08483862985612782,83
test1.csv,confirmation_cohort_posthoc,common81,81,81,GCAD-dependency_s10,0.005,full_stream,86319,274,0.003174272176461729,4,0.16682306328849963,103
test1.csv,confirmation_cohort_posthoc,native,70,70,GCAD-dependency_s10,0.01,background,85445,333,0.0038972438410673532,4,0.16852946339750716,84
test1.csv,confirmation_cohort_posthoc,native,70,70,GCAD-dependency_s10,0.01,clean,84955,274,0.003225236890118298,4,0.1695015007945383,84
test1.csv,confirmation_cohort_posthoc,native,70,70,GCAD-dependency_s10,0.01,full_stream,86330,532,0.006162400092667671,7,0.29190316228425806,103
test1.csv,confirmation_cohort_posthoc,common81,81,81,GCAD-dependency_s10,0.01,background,85434,333,0.003897745628204228,4,0.16855116230072337,84
test1.csv,confirmation_cohort_posthoc,common81,81,81,GCAD-dependency_s10,0.01,clean,84867,274,0.0032285811917470864,4,0.16967725971225564,84
test1.csv,confirmation_cohort_posthoc,common81,81,81,GCAD-dependency_s10,0.01,full_stream,86319,532,0.006163185393714014,7,0.29194036075487434,103
test1.csv,confirmation_cohort_posthoc,native,70,70,GCAD-dependency_s10,0.02,background,85445,675,0.00789981859675815,10,0.4213236584937679,89
test1.csv,confirmation_cohort_posthoc,native,70,70,GCAD-dependency_s10,0.02,clean,84955,570,0.006709434406450474,9,0.38137837678771114,89
test1.csv,confirmation_cohort_posthoc,native,70,70,GCAD-dependency_s10,0.02,full_stream,86330,967,0.011201204679717363,13,0.5421058728136221,183
test1.csv,confirmation_cohort_posthoc,common81,81,81,GCAD-dependency_s10,0.02,background,85434,675,0.007900835732846407,10,0.4213779057518084,89
test1.csv,confirmation_cohort_posthoc,common81,81,81,GCAD-dependency_s10,0.02,clean,84867,570,0.006716391530276786,9,0.3817738343525752,89
test1.csv,confirmation_cohort_posthoc,common81,81,81,GCAD-dependency_s10,0.02,full_stream,86319,967,0.011202632097220774,13,0.5421749556876239,183
test1.csv,confirmation_cohort_posthoc,native,70,70,GCAD-prediction_s11,0.005,background,85445,245,0.002867341564749254,4,0.16852946339750716,71
test1.csv,confirmation_cohort_posthoc,native,70,70,GCAD-prediction_s11,0.005,clean,84955,245,0.002883879701018186,4,0.1695015007945383,71
test1.csv,confirmation_cohort_posthoc,native,70,70,GCAD-prediction_s11,0.005,full_stream,86330,292,0.0033823699756747364,5,0.20850225877447007,71
test1.csv,confirmation_cohort_posthoc,common81,81,81,GCAD-prediction_s11,0.005,background,85434,245,0.002867710747477585,4,0.16855116230072337,71
test1.csv,confirmation_cohort_posthoc,common81,81,81,GCAD-prediction_s11,0.005,clean,84867,245,0.0028868700437154607,4,0.16967725971225564,71
test1.csv,confirmation_cohort_posthoc,common81,81,81,GCAD-prediction_s11,0.005,full_stream,86319,292,0.0033828010055723537,5,0.20852882911062454,71
test1.csv,confirmation_cohort_posthoc,native,70,70,GCAD-prediction_s11,0.01,background,85445,1184,0.013856866990461701,17,0.7162502194394055,79
test1.csv,confirmation_cohort_posthoc,native,70,70,GCAD-prediction_s11,0.01,clean,84955,1138,0.013395326937790594,17,0.7203813783767877,79
test1.csv,confirmation_cohort_posthoc,native,70,70,GCAD-prediction_s11,0.01,full_stream,86330,1311,0.015185914514073903,19,0.7923085833429863,88
test1.csv,confirmation_cohort_posthoc,common81,81,81,GCAD-prediction_s11,0.01,background,85434,1184,0.013858651122503922,17,0.7163424397780743,79
test1.csv,confirmation_cohort_posthoc,common81,81,81,GCAD-prediction_s11,0.01,clean,84867,1138,0.013409216774482426,17,0.7211283537770865,79
test1.csv,confirmation_cohort_posthoc,common81,81,81,GCAD-prediction_s11,0.01,full_stream,86319,1311,0.015187849720223821,19,0.7924095506203732,88
test1.csv,confirmation_cohort_posthoc,native,70,70,GCAD-prediction_s11,0.02,background,85445,1519,0.017777517701445374,22,0.9269120486862894,80
test1.csv,confirmation_cohort_posthoc,native,70,70,GCAD-prediction_s11,0.02,clean,84955,1435,0.016891295391677948,22,0.9322582543699606,80
test1.csv,confirmation_cohort_posthoc,native,70,70,GCAD-prediction_s11,0.02,full_stream,86330,1685,0.019518128113054558,25,1.0425112938723502,96
test1.csv,confirmation_cohort_posthoc,common81,81,81,GCAD-prediction_s11,0.02,background,85434,1519,0.017779806634361028,22,0.9270313926539785,80
test1.csv,confirmation_cohort_posthoc,common81,81,81,GCAD-prediction_s11,0.02,clean,84867,1435,0.016908810256047697,22,0.933224928417406,80
test1.csv,confirmation_cohort_posthoc,common81,81,81,GCAD-prediction_s11,0.02,full_stream,86319,1685,0.019520615391744576,25,1.0426441455531228,96
test1.csv,confirmation_cohort_posthoc,native,70,70,GCAD-dependency_s11,0.005,background,85445,584,0.0068348060155655685,9,0.3791912926443911,83
test1.csv,confirmation_cohort_posthoc,native,70,70,GCAD-dependency_s11,0.005,clean,84955,584,0.006874227532222941,9,0.38137837678771114,83
test1.csv,confirmation_cohort_posthoc,native,70,70,GCAD-dependency_s11,0.005,full_stream,86330,687,0.007957836209892273,10,0.41700451754894013,103
test1.csv,confirmation_cohort_posthoc,common81,81,81,GCAD-dependency_s11,0.005,background,85434,584,0.006835686026640447,9,0.3792401151766276,83
test1.csv,confirmation_cohort_posthoc,common81,81,81,GCAD-dependency_s11,0.005,clean,84867,584,0.006881355532774813,9,0.3817738343525752,83
test1.csv,confirmation_cohort_posthoc,common81,81,81,GCAD-dependency_s11,0.005,full_stream,86319,687,0.007958850311055504,10,0.4170576582212491,103
test1.csv,confirmation_cohort_posthoc,native,70,70,GCAD-dependency_s11,0.01,background,85445,715,0.008367955995084558,10,0.4213236584937679,83
test1.csv,confirmation_cohort_posthoc,native,70,70,GCAD-dependency_s11,0.01,clean,84955,666,0.007839444411747396,10,0.42375375198634574,83
test1.csv,confirmation_cohort_posthoc,native,70,70,GCAD-dependency_s11,0.01,full_stream,86330,862,0.009984941503532956,12,0.5004054210587281,103
test1.csv,confirmation_cohort_posthoc,common81,81,81,GCAD-dependency_s11,0.01,background,85434,715,0.008369033405903973,10,0.4213779057518084,83
test1.csv,confirmation_cohort_posthoc,common81,81,81,GCAD-dependency_s11,0.01,clean,84867,666,0.007847573261691825,10,0.4241931492806391,83
test1.csv,confirmation_cohort_posthoc,common81,81,81,GCAD-dependency_s11,0.01,full_stream,86319,862,0.009986213927408798,12,0.5004691898654989,103
test1.csv,confirmation_cohort_posthoc,native,70,70,GCAD-dependency_s11,0.02,background,85445,1271,0.01487506583182164,19,0.8005149511381591,86
test1.csv,confirmation_cohort_posthoc,native,70,70,GCAD-dependency_s11,0.02,clean,84955,1192,0.014030957565770113,19,0.8051321287740568,86
test1.csv,confirmation_cohort_posthoc,native,70,70,GCAD-dependency_s11,0.02,full_stream,86330,1526,0.01767635816054674,23,0.9591103903625623,104
test1.csv,confirmation_cohort_posthoc,common81,81,81,GCAD-dependency_s11,0.02,background,85434,1271,0.014876981061404124,19,0.800618020928436,86
test1.csv,confirmation_cohort_posthoc,common81,81,81,GCAD-dependency_s11,0.02,clean,84867,1192,0.014045506498403384,19,0.8059669836332143,86
test1.csv,confirmation_cohort_posthoc,common81,81,81,GCAD-dependency_s11,0.02,full_stream,86319,1526,0.017678610734600725,23,0.9592326139088729,104
test1.csv,confirmation_cohort_posthoc,native,70,70,GCAD-prediction_s12,0.005,background,85445,186,0.002176838902217801,3,0.1263970975481304,63
test1.csv,confirmation_cohort_posthoc,native,70,70,GCAD-prediction_s12,0.005,clean,84955,186,0.002189394385262786,3,0.12712612559590372,63
test1.csv,confirmation_cohort_posthoc,native,70,70,GCAD-prediction_s12,0.005,full_stream,86330,253,0.0029306150816633845,4,0.16680180701957603,67
test1.csv,confirmation_cohort_posthoc,common81,81,81,GCAD-prediction_s12,0.005,background,85434,186,0.002177119179717677,3,0.1264133717255425,63
test1.csv,confirmation_cohort_posthoc,common81,81,81,GCAD-prediction_s12,0.005,clean,84867,186,0.0021916646046166353,3,0.12725794478419172,63
test1.csv,confirmation_cohort_posthoc,common81,81,81,GCAD-prediction_s12,0.005,full_stream,86319,253,0.002930988542499334,4,0.16682306328849963,67
test1.csv,confirmation_cohort_posthoc,native,70,70,GCAD-prediction_s12,0.01,background,85445,203,0.002375797296506525,3,0.1263970975481304,77
test1.csv,confirmation_cohort_posthoc,native,70,70,GCAD-prediction_s12,0.01,clean,84955,203,0.002389500323700783,3,0.12712612559590372,77
test1.csv,confirmation_cohort_posthoc,native,70,70,GCAD-prediction_s12,0.01,full_stream,86330,289,0.0033476195992123248,4,0.16680180701957603,86
test1.csv,confirmation_cohort_posthoc,common81,81,81,GCAD-prediction_s12,0.01,background,85434,203,0.0023761031907671417,3,0.1264133717255425,77
test1.csv,confirmation_cohort_posthoc,common81,81,81,GCAD-prediction_s12,0.01,clean,84867,203,0.0023919780362213817,3,0.12725794478419172,77
test1.csv,confirmation_cohort_posthoc,common81,81,81,GCAD-prediction_s12,0.01,full_stream,86319,289,0.003348046200720583,4,0.16682306328849963,86
test1.csv,confirmation_cohort_posthoc,native,70,70,GCAD-prediction_s12,0.02,background,85445,915,0.010708642986716602,14,0.589853121891275,85
test1.csv,confirmation_cohort_posthoc,native,70,70,GCAD-prediction_s12,0.02,clean,84955,895,0.010534989111882762,14,0.593255252780884,85
test1.csv,confirmation_cohort_posthoc,native,70,70,GCAD-prediction_s12,0.02,full_stream,86330,1030,0.011930962585428008,16,0.6672072280783041,97
test1.csv,confirmation_cohort_posthoc,common81,81,81,GCAD-prediction_s12,0.02,background,85434,915,0.010710021771191796,14,0.5899290680525318,85
test1.csv,confirmation_cohort_posthoc,common81,81,81,GCAD-prediction_s12,0.02,clean,84867,895,0.010545913016838111,14,0.5938704089928948,85
test1.csv,confirmation_cohort_posthoc,common81,81,81,GCAD-prediction_s12,0.02,full_stream,86319,1030,0.01193248299910796,16,0.6672922531539985,97
test1.csv,confirmation_cohort_posthoc,native,70,70,GCAD-dependency_s12,0.005,background,85445,147,0.0017204049388495524,2,0.08426473169875358,82
test1.csv,confirmation_cohort_posthoc,native,70,70,GCAD-dependency_s12,0.005,clean,84955,147,0.0017303278206109117,2,0.08475075039726915,82
test1.csv,confirmation_cohort_posthoc,native,70,70,GCAD-dependency_s12,0.005,full_stream,86330,249,0.002884281246380169,3,0.12510135526468202,102
test1.csv,confirmation_cohort_posthoc,common81,81,81,GCAD-dependency_s12,0.005,background,85434,147,0.0017206264484865511,2,0.08427558115036168,82
test1.csv,confirmation_cohort_posthoc,common81,81,81,GCAD-dependency_s12,0.005,clean,84867,147,0.0017321220262292763,2,0.08483862985612782,82
test1.csv,confirmation_cohort_posthoc,common81,81,81,GCAD-dependency_s12,0.005,full_stream,86319,249,0.0028846488026969728,3,0.12511729746637473,102
test1.csv,confirmation_cohort_posthoc,native,70,70,GCAD-dependency_s12,0.01,background,85445,264,0.0030897068289542982,3,0.1263970975481304,83
test1.csv,confirmation_cohort_posthoc,native,70,70,GCAD-dependency_s12,0.01,clean,84955,210,0.002471896886587017,3,0.12712612559590372,83
test1.csv,confirmation_cohort_posthoc,native,70,70,GCAD-dependency_s12,0.01,full_stream,86330,462,0.0053515579752113985,6,0.25020271052936405,103
test1.csv,confirmation_cohort_posthoc,common81,81,81,GCAD-dependency_s12,0.01,background,85434,264,0.0030901046421799284,3,0.1264133717255425,83
test1.csv,confirmation_cohort_posthoc,common81,81,81,GCAD-dependency_s12,0.01,clean,84867,210,0.002474460037470395,3,0.12725794478419172,83
test1.csv,confirmation_cohort_posthoc,common81,81,81,GCAD-dependency_s12,0.01,full_stream,86319,462,0.005352239947172697,6,0.25023459493274947,103
test1.csv,confirmation_cohort_posthoc,native,70,70,GCAD-dependency_s12,0.02,background,85445,651,0.007618936157762303,9,0.3791912926443911,90
test1.csv,confirmation_cohort_posthoc,native,70,70,GCAD-dependency_s12,0.02,clean,84955,567,0.006674121593784945,9,0.38137837678771114,90
test1.csv,confirmation_cohort_posthoc,native,70,70,GCAD-dependency_s12,0.02,full_stream,86330,926,0.010726282868064404,12,0.5004054210587281,164
test1.csv,confirmation_cohort_posthoc,common81,81,81,GCAD-dependency_s12,0.02,background,85434,651,0.007619917129011868,9,0.3792401151766276,90
test1.csv,confirmation_cohort_posthoc,common81,81,81,GCAD-dependency_s12,0.02,clean,84867,567,0.006681042101170066,9,0.3817738343525752,90
test1.csv,confirmation_cohort_posthoc,common81,81,81,GCAD-dependency_s12,0.02,full_stream,86319,926,0.010727649764246575,12,0.5004691898654989,164
test2.csv,confirmation_cohort_posthoc,native,81,81,S_Q3,0.005,background,79838,0,0.0,0,0.0,0
test2.csv,confirmation_cohort_posthoc,native,81,81,S_Q3,0.005,clean,78461,0,0.0,0,0.0,0
test2.csv,confirmation_cohort_posthoc,native,81,81,S_Q3,0.005,full_stream,82719,0,0.0,0,0.0,0
test2.csv,confirmation_cohort_posthoc,common81,81,81,S_Q3,0.005,background,79838,0,0.0,0,0.0,0
test2.csv,confirmation_cohort_posthoc,common81,81,81,S_Q3,0.005,clean,78461,0,0.0,0,0.0,0
test2.csv,confirmation_cohort_posthoc,common81,81,81,S_Q3,0.005,full_stream,82719,0,0.0,0,0.0,0
test2.csv,confirmation_cohort_posthoc,native,81,81,S_Q3,0.01,background,79838,0,0.0,0,0.0,0
test2.csv,confirmation_cohort_posthoc,native,81,81,S_Q3,0.01,clean,78461,0,0.0,0,0.0,0
test2.csv,confirmation_cohort_posthoc,native,81,81,S_Q3,0.01,full_stream,82719,0,0.0,0,0.0,0
test2.csv,confirmation_cohort_posthoc,common81,81,81,S_Q3,0.01,background,79838,0,0.0,0,0.0,0
test2.csv,confirmation_cohort_posthoc,common81,81,81,S_Q3,0.01,clean,78461,0,0.0,0,0.0,0
test2.csv,confirmation_cohort_posthoc,common81,81,81,S_Q3,0.01,full_stream,82719,0,0.0,0,0.0,0
test2.csv,confirmation_cohort_posthoc,native,81,81,S_Q3,0.02,background,79838,0,0.0,0,0.0,0
test2.csv,confirmation_cohort_posthoc,native,81,81,S_Q3,0.02,clean,78461,0,0.0,0,0.0,0
test2.csv,confirmation_cohort_posthoc,native,81,81,S_Q3,0.02,full_stream,82719,0,0.0,0,0.0,0
test2.csv,confirmation_cohort_posthoc,common81,81,81,S_Q3,0.02,background,79838,0,0.0,0,0.0,0
test2.csv,confirmation_cohort_posthoc,common81,81,81,S_Q3,0.02,clean,78461,0,0.0,0,0.0,0
test2.csv,confirmation_cohort_posthoc,common81,81,81,S_Q3,0.02,full_stream,82719,0,0.0,0,0.0,0
test2.csv,confirmation_cohort_posthoc,native,81,81,Jr_Q3,0.005,background,79838,0,0.0,0,0.0,0
test2.csv,confirmation_cohort_posthoc,native,81,81,Jr_Q3,0.005,clean,78461,0,0.0,0,0.0,0
test2.csv,confirmation_cohort_posthoc,native,81,81,Jr_Q3,0.005,full_stream,82719,0,0.0,0,0.0,0
test2.csv,confirmation_cohort_posthoc,common81,81,81,Jr_Q3,0.005,background,79838,0,0.0,0,0.0,0
test2.csv,confirmation_cohort_posthoc,common81,81,81,Jr_Q3,0.005,clean,78461,0,0.0,0,0.0,0
test2.csv,confirmation_cohort_posthoc,common81,81,81,Jr_Q3,0.005,full_stream,82719,0,0.0,0,0.0,0
test2.csv,confirmation_cohort_posthoc,native,81,81,Jr_Q3,0.01,background,79838,0,0.0,0,0.0,0
test2.csv,confirmation_cohort_posthoc,native,81,81,Jr_Q3,0.01,clean,78461,0,0.0,0,0.0,0
test2.csv,confirmation_cohort_posthoc,native,81,81,Jr_Q3,0.01,full_stream,82719,0,0.0,0,0.0,0
test2.csv,confirmation_cohort_posthoc,common81,81,81,Jr_Q3,0.01,background,79838,0,0.0,0,0.0,0
test2.csv,confirmation_cohort_posthoc,common81,81,81,Jr_Q3,0.01,clean,78461,0,0.0,0,0.0,0
test2.csv,confirmation_cohort_posthoc,common81,81,81,Jr_Q3,0.01,full_stream,82719,0,0.0,0,0.0,0
test2.csv,confirmation_cohort_posthoc,native,81,81,Jr_Q3,0.02,background,79838,0,0.0,0,0.0,0
test2.csv,confirmation_cohort_posthoc,native,81,81,Jr_Q3,0.02,clean,78461,0,0.0,0,0.0,0
test2.csv,confirmation_cohort_posthoc,native,81,81,Jr_Q3,0.02,full_stream,82719,0,0.0,0,0.0,0
test2.csv,confirmation_cohort_posthoc,common81,81,81,Jr_Q3,0.02,background,79838,0,0.0,0,0.0,0
test2.csv,confirmation_cohort_posthoc,common81,81,81,Jr_Q3,0.02,clean,78461,0,0.0,0,0.0,0
test2.csv,confirmation_cohort_posthoc,common81,81,81,Jr_Q3,0.02,full_stream,82719,0,0.0,0,0.0,0
test2.csv,confirmation_cohort_posthoc,native,81,81,Dr_Q3,0.005,background,79838,1021,0.01278839650291841,46,2.0742002555174226,268
test2.csv,confirmation_cohort_posthoc,native,81,81,Dr_Q3,0.005,clean,78461,1021,0.013012834401804719,46,2.110602719822587,268
test2.csv,confirmation_cohort_posthoc,native,81,81,Dr_Q3,0.005,full_stream,82719,1021,0.012342992541012343,46,2.001958437602002,268
test2.csv,confirmation_cohort_posthoc,common81,81,81,Dr_Q3,0.005,background,79838,1021,0.01278839650291841,46,2.0742002555174226,268
test2.csv,confirmation_cohort_posthoc,common81,81,81,Dr_Q3,0.005,clean,78461,1021,0.013012834401804719,46,2.110602719822587,268
test2.csv,confirmation_cohort_posthoc,common81,81,81,Dr_Q3,0.005,full_stream,82719,1021,0.012342992541012343,46,2.001958437602002,268
test2.csv,confirmation_cohort_posthoc,native,81,81,Dr_Q3,0.01,background,79838,2313,0.02897116661239009,63,2.840752523860818,447
test2.csv,confirmation_cohort_posthoc,native,81,81,Dr_Q3,0.01,clean,78461,2310,0.029441378519264347,62,2.8447254049782695,447
test2.csv,confirmation_cohort_posthoc,native,81,81,Dr_Q3,0.01,full_stream,82719,2463,0.029775505023029777,65,2.828854314002829,447
test2.csv,confirmation_cohort_posthoc,common81,81,81,Dr_Q3,0.01,background,79838,2313,0.02897116661239009,63,2.840752523860818,447
test2.csv,confirmation_cohort_posthoc,common81,81,81,Dr_Q3,0.01,clean,78461,2310,0.029441378519264347,62,2.8447254049782695,447
test2.csv,confirmation_cohort_posthoc,common81,81,81,Dr_Q3,0.01,full_stream,82719,2463,0.029775505023029777,65,2.828854314002829,447
test2.csv,confirmation_cohort_posthoc,native,81,81,Dr_Q3,0.02,background,79838,4681,0.05863122823718029,73,3.291665622886345,1576
test2.csv,confirmation_cohort_posthoc,native,81,81,Dr_Q3,0.02,clean,78461,4600,0.05862785332840519,70,3.211786747556111,1558
test2.csv,confirmation_cohort_posthoc,native,81,81,Dr_Q3,0.02,full_stream,82719,5050,0.06105006105006105,77,3.351104341203351,1576
test2.csv,confirmation_cohort_posthoc,common81,81,81,Dr_Q3,0.02,background,79838,4681,0.05863122823718029,73,3.291665622886345,1576
test2.csv,confirmation_cohort_posthoc,common81,81,81,Dr_Q3,0.02,clean,78461,4600,0.05862785332840519,70,3.211786747556111,1558
test2.csv,confirmation_cohort_posthoc,common81,81,81,Dr_Q3,0.02,full_stream,82719,5050,0.06105006105006105,77,3.351104341203351,1576
test2.csv,confirmation_cohort_posthoc,native,81,81,PairError-Q3,0.005,background,79838,0,0.0,0,0.0,0
test2.csv,confirmation_cohort_posthoc,native,81,81,PairError-Q3,0.005,clean,78461,0,0.0,0,0.0,0
test2.csv,confirmation_cohort_posthoc,native,81,81,PairError-Q3,0.005,full_stream,82719,0,0.0,0,0.0,0
test2.csv,confirmation_cohort_posthoc,common81,81,81,PairError-Q3,0.005,background,79838,0,0.0,0,0.0,0
test2.csv,confirmation_cohort_posthoc,common81,81,81,PairError-Q3,0.005,clean,78461,0,0.0,0,0.0,0
test2.csv,confirmation_cohort_posthoc,common81,81,81,PairError-Q3,0.005,full_stream,82719,0,0.0,0,0.0,0
test2.csv,confirmation_cohort_posthoc,native,81,81,PairError-Q3,0.01,background,79838,0,0.0,0,0.0,0
test2.csv,confirmation_cohort_posthoc,native,81,81,PairError-Q3,0.01,clean,78461,0,0.0,0,0.0,0
test2.csv,confirmation_cohort_posthoc,native,81,81,PairError-Q3,0.01,full_stream,82719,0,0.0,0,0.0,0
test2.csv,confirmation_cohort_posthoc,common81,81,81,PairError-Q3,0.01,background,79838,0,0.0,0,0.0,0
test2.csv,confirmation_cohort_posthoc,common81,81,81,PairError-Q3,0.01,clean,78461,0,0.0,0,0.0,0
test2.csv,confirmation_cohort_posthoc,common81,81,81,PairError-Q3,0.01,full_stream,82719,0,0.0,0,0.0,0
test2.csv,confirmation_cohort_posthoc,native,81,81,PairError-Q3,0.02,background,79838,0,0.0,0,0.0,0
test2.csv,confirmation_cohort_posthoc,native,81,81,PairError-Q3,0.02,clean,78461,0,0.0,0,0.0,0
test2.csv,confirmation_cohort_posthoc,native,81,81,PairError-Q3,0.02,full_stream,82719,0,0.0,0,0.0,0
test2.csv,confirmation_cohort_posthoc,common81,81,81,PairError-Q3,0.02,background,79838,0,0.0,0,0.0,0
test2.csv,confirmation_cohort_posthoc,common81,81,81,PairError-Q3,0.02,clean,78461,0,0.0,0,0.0,0
test2.csv,confirmation_cohort_posthoc,common81,81,81,PairError-Q3,0.02,full_stream,82719,0,0.0,0,0.0,0
test2.csv,confirmation_cohort_posthoc,native,65,65,PCA-SPE,0.005,background,79854,132,0.0016530167555789314,0,0.0,54
test2.csv,confirmation_cohort_posthoc,native,65,65,PCA-SPE,0.005,clean,78749,0,0.0,0,0.0,0
test2.csv,confirmation_cohort_posthoc,native,65,65,PCA-SPE,0.005,full_stream,82735,818,0.009886988577989968,10,0.43512419169638,121
test2.csv,confirmation_cohort_posthoc,common81,81,81,PCA-SPE,0.005,background,79838,132,0.0016533480297602646,0,0.0,54
test2.csv,confirmation_cohort_posthoc,common81,81,81,PCA-SPE,0.005,clean,78461,0,0.0,0,0.0,0
test2.csv,confirmation_cohort_posthoc,common81,81,81,PCA-SPE,0.005,full_stream,82719,818,0.00988890097800989,10,0.4352083560004352,121
test2.csv,confirmation_cohort_posthoc,native,65,65,PCA-SPE,0.01,background,79854,133,0.001665539609787863,0,0.0,54
test2.csv,confirmation_cohort_posthoc,native,65,65,PCA-SPE,0.01,clean,78749,0,0.0,0,0.0,0
test2.csv,confirmation_cohort_posthoc,native,65,65,PCA-SPE,0.01,full_stream,82735,884,0.010684716262766665,11,0.478636610866018,129
test2.csv,confirmation_cohort_posthoc,common81,81,81,PCA-SPE,0.01,background,79838,133,0.0016658733936220848,0,0.0,54
test2.csv,confirmation_cohort_posthoc,common81,81,81,PCA-SPE,0.01,clean,78461,0,0.0,0,0.0,0
test2.csv,confirmation_cohort_posthoc,common81,81,81,PCA-SPE,0.01,full_stream,82719,884,0.010686782964010686,11,0.4787291916004787,129
test2.csv,confirmation_cohort_posthoc,native,65,65,PCA-SPE,0.02,background,79854,133,0.001665539609787863,0,0.0,54
test2.csv,confirmation_cohort_posthoc,native,65,65,PCA-SPE,0.02,clean,78749,0,0.0,0,0.0,0
test2.csv,confirmation_cohort_posthoc,native,65,65,PCA-SPE,0.02,full_stream,82735,1000,0.012086783102677223,8,0.348099353357104,431
test2.csv,confirmation_cohort_posthoc,common81,81,81,PCA-SPE,0.02,background,79838,133,0.0016658733936220848,0,0.0,54
test2.csv,confirmation_cohort_posthoc,common81,81,81,PCA-SPE,0.02,clean,78461,0,0.0,0,0.0,0
test2.csv,confirmation_cohort_posthoc,common81,81,81,PCA-SPE,0.02,full_stream,82719,1000,0.012089121000012089,8,0.3481666848003482,431
test2.csv,confirmation_cohort_posthoc,native,70,70,GCAD-prediction_s10,0.005,background,79849,498,0.006236771906974414,8,0.36068078498165285,79
test2.csv,confirmation_cohort_posthoc,native,70,70,GCAD-prediction_s10,0.005,clean,78659,437,0.005555626183907754,7,0.3203702055708819,79
test2.csv,confirmation_cohort_posthoc,native,70,70,GCAD-prediction_s10,0.005,full_stream,82730,652,0.007881058866191224,10,0.43515048954430074,79
test2.csv,confirmation_cohort_posthoc,common81,81,81,GCAD-prediction_s10,0.005,background,79838,498,0.0062376312031864525,8,0.36073047922042134,79
test2.csv,confirmation_cohort_posthoc,common81,81,81,GCAD-prediction_s10,0.005,clean,78461,437,0.005569646066198494,7,0.32117867475561107,79
test2.csv,confirmation_cohort_posthoc,common81,81,81,GCAD-prediction_s10,0.005,full_stream,82719,652,0.007882106892007882,10,0.4352083560004352,79
test2.csv,confirmation_cohort_posthoc,native,70,70,GCAD-prediction_s10,0.01,background,79849,785,0.009831056118423524,12,0.5410211774724794,80
test2.csv,confirmation_cohort_posthoc,native,70,70,GCAD-prediction_s10,0.01,clean,78659,722,0.00917886065167368,11,0.5034388944685287,80
test2.csv,confirmation_cohort_posthoc,native,70,70,GCAD-prediction_s10,0.01,full_stream,82730,969,0.011712800676900762,14,0.609210685362021,93
test2.csv,confirmation_cohort_posthoc,common81,81,81,GCAD-prediction_s10,0.01,background,79838,785,0.009832410631528846,12,0.541095718830632,80
test2.csv,confirmation_cohort_posthoc,common81,81,81,GCAD-prediction_s10,0.01,clean,78461,722,0.009202023935458381,11,0.5047093460445317,80
test2.csv,confirmation_cohort_posthoc,common81,81,81,GCAD-prediction_s10,0.01,full_stream,82719,969,0.011714358249011715,14,0.6092916984006093,93
test2.csv,confirmation_cohort_posthoc,native,70,70,GCAD-prediction_s10,0.02,background,79849,3644,0.04563613821087302,150,6.762764718405991,250
test2.csv,confirmation_cohort_posthoc,native,70,70,GCAD-prediction_s10,0.02,clean,78659,3513,0.04466113222898842,149,6.8193086614373435,250
test2.csv,confirmation_cohort_posthoc,native,70,70,GCAD-prediction_s10,0.02,full_stream,82730,3977,0.048072041581046776,153,6.657802490027802,250
test2.csv,confirmation_cohort_posthoc,common81,81,81,GCAD-prediction_s10,0.02,background,79838,3644,0.04564242591247276,150,6.7636964853829005,250
test2.csv,confirmation_cohort_posthoc,common81,81,81,GCAD-prediction_s10,0.02,clean,78461,3513,0.04477383668319292,149,6.836517505512293,250
test2.csv,confirmation_cohort_posthoc,common81,81,81,GCAD-prediction_s10,0.02,full_stream,82719,3977,0.04807843421704808,153,6.658687846806659,250
test2.csv,confirmation_cohort_posthoc,native,70,70,GCAD-dependency_s10,0.005,background,79849,238,0.0029806259314456036,3,0.13525529436811984,80
test2.csv,confirmation_cohort_posthoc,native,70,70,GCAD-dependency_s10,0.005,clean,78659,238,0.0030257186081694403,3,0.1373015166732351,80
test2.csv,confirmation_cohort_posthoc,native,70,70,GCAD-dependency_s10,0.005,full_stream,82730,377,0.004556992626616705,5,0.21757524477215037,80
test2.csv,confirmation_cohort_posthoc,common81,81,81,GCAD-dependency_s10,0.005,background,79838,238,0.002981036599113204,3,0.135273929707658,80
test2.csv,confirmation_cohort_posthoc,common81,81,81,GCAD-dependency_s10,0.005,clean,78461,238,0.00303335415046966,3,0.13764800346669046,80
test2.csv,confirmation_cohort_posthoc,common81,81,81,GCAD-dependency_s10,0.005,full_stream,82719,377,0.004557598617004557,5,0.2176041780002176,80
test2.csv,confirmation_cohort_posthoc,native,70,70,GCAD-dependency_s10,0.01,background,79849,670,0.008390837706170396,11,0.4959360793497727,81
test2.csv,confirmation_cohort_posthoc,native,70,70,GCAD-dependency_s10,0.01,clean,78659,608,0.0077295668645673095,10,0.457671722244117,81
test2.csv,confirmation_cohort_posthoc,native,70,70,GCAD-dependency_s10,0.01,full_stream,82730,907,0.010963374833796688,14,0.609210685362021,94
test2.csv,confirmation_cohort_posthoc,common81,81,81,GCAD-dependency_s10,0.01,background,79838,670,0.008391993787419524,11,0.49600440892807934,81
test2.csv,confirmation_cohort_posthoc,common81,81,81,GCAD-dependency_s10,0.01,clean,78461,608,0.007749072787754426,10,0.4588266782223015,81
test2.csv,confirmation_cohort_posthoc,common81,81,81,GCAD-dependency_s10,0.01,full_stream,82719,907,0.010964832747010964,14,0.6092916984006093,94
test2.csv,confirmation_cohort_posthoc,native,70,70,GCAD-dependency_s10,0.02,background,79849,1273,0.015942591641723753,19,0.8566168643314256,121
test2.csv,confirmation_cohort_posthoc,native,70,70,GCAD-dependency_s10,0.02,clean,78659,1151,0.014632782008416074,18,0.8238091000394107,121
test2.csv,confirmation_cohort_posthoc,native,70,70,GCAD-dependency_s10,0.02,full_stream,82730,1620,0.019581772029493533,25,1.0878762238607518,121
test2.csv,confirmation_cohort_posthoc,common81,81,81,GCAD-dependency_s10,0.02,background,79838,1273,0.0159447881960971,19,0.8567348881485007,121
test2.csv,confirmation_cohort_posthoc,common81,81,81,GCAD-dependency_s10,0.02,clean,78461,1151,0.014669708517607474,18,0.8258880208001428,121
test2.csv,confirmation_cohort_posthoc,common81,81,81,GCAD-dependency_s10,0.02,full_stream,82719,1620,0.019584376020019584,25,1.088020890001088,121
test2.csv,confirmation_cohort_posthoc,native,70,70,GCAD-prediction_s11,0.005,background,79849,120,0.0015028366040902204,2,0.09017019624541321,65
test2.csv,confirmation_cohort_posthoc,native,70,70,GCAD-prediction_s11,0.005,clean,78659,120,0.0015255724074803901,2,0.0915343444488234,65
test2.csv,confirmation_cohort_posthoc,native,70,70,GCAD-prediction_s11,0.005,full_stream,82730,120,0.0014505016318143357,2,0.08703009790886014,65
test2.csv,confirmation_cohort_posthoc,common81,81,81,GCAD-prediction_s11,0.005,background,79838,120,0.0015030436634184223,2,0.09018261980510534,65
test2.csv,confirmation_cohort_posthoc,common81,81,81,GCAD-prediction_s11,0.005,clean,78461,120,0.001529422260741005,2,0.09176533564446031,65
test2.csv,confirmation_cohort_posthoc,common81,81,81,GCAD-prediction_s11,0.005,full_stream,82719,120,0.0014506945200014507,2,0.08704167120008705,65
test2.csv,confirmation_cohort_posthoc,native,70,70,GCAD-prediction_s11,0.01,background,79849,852,0.010670139889040564,12,0.5410211774724794,79
test2.csv,confirmation_cohort_posthoc,native,70,70,GCAD-prediction_s11,0.01,clean,78659,717,0.00911529513469533,11,0.5034388944685287,79
test2.csv,confirmation_cohort_posthoc,native,70,70,GCAD-prediction_s11,0.01,full_stream,82730,1112,0.013441315121479511,16,0.6962407832708811,103
test2.csv,confirmation_cohort_posthoc,common81,81,81,GCAD-prediction_s11,0.01,background,79838,852,0.010671610010270798,12,0.541095718830632,79
test2.csv,confirmation_cohort_posthoc,common81,81,81,GCAD-prediction_s11,0.01,clean,78461,717,0.009138298007927505,11,0.5047093460445317,79
test2.csv,confirmation_cohort_posthoc,common81,81,81,GCAD-prediction_s11,0.01,full_stream,82719,1112,0.013443102552013444,16,0.6963333696006964,103
test2.csv,confirmation_cohort_posthoc,native,70,70,GCAD-prediction_s11,0.02,background,79849,3305,0.04139062480431815,53,2.3895102005034503,89
test2.csv,confirmation_cohort_posthoc,native,70,70,GCAD-prediction_s11,0.02,clean,78659,3114,0.03958860397411612,51,2.3341257834449967,89
test2.csv,confirmation_cohort_posthoc,native,70,70,GCAD-prediction_s11,0.02,full_stream,82730,3700,0.04472380031427536,59,2.5673878883113743,130
test2.csv,confirmation_cohort_posthoc,common81,81,81,GCAD-prediction_s11,0.02,background,79838,3305,0.04139632756331572,53,2.3898394248352917,89
test2.csv,confirmation_cohort_posthoc,common81,81,81,GCAD-prediction_s11,0.02,clean,78461,3103,0.03954831062566116,51,2.3400160589337378,89
test2.csv,confirmation_cohort_posthoc,common81,81,81,GCAD-prediction_s11,0.02,full_stream,82719,3700,0.04472974770004473,59,2.5677293004025676,130
test2.csv,confirmation_cohort_posthoc,native,70,70,GCAD-dependency_s11,0.005,background,79849,518,0.006487244674322784,8,0.36068078498165285,80
test2.csv,confirmation_cohort_posthoc,native,70,70,GCAD-dependency_s11,0.005,clean,78659,453,0.005759035838238473,7,0.3203702055708819,80
test2.csv,confirmation_cohort_posthoc,native,70,70,GCAD-dependency_s11,0.005,full_stream,82730,676,0.008171159192554091,10,0.43515048954430074,80
test2.csv,confirmation_cohort_posthoc,common81,81,81,GCAD-dependency_s11,0.005,background,79838,518,0.006488138480422856,8,0.36073047922042134,80
test2.csv,confirmation_cohort_posthoc,common81,81,81,GCAD-dependency_s11,0.005,clean,78461,453,0.005773569034297294,7,0.32117867475561107,80
test2.csv,confirmation_cohort_posthoc,common81,81,81,GCAD-dependency_s11,0.005,full_stream,82719,676,0.008172245796008172,10,0.4352083560004352,80
test2.csv,confirmation_cohort_posthoc,native,70,70,GCAD-dependency_s11,0.01,background,79849,749,0.009380205137196458,12,0.5410211774724794,80
test2.csv,confirmation_cohort_posthoc,native,70,70,GCAD-dependency_s11,0.01,clean,78659,684,0.008695762722638223,11,0.5034388944685287,80
test2.csv,confirmation_cohort_posthoc,native,70,70,GCAD-dependency_s11,0.01,full_stream,82730,953,0.011519400459325516,15,0.6527257343164511,80
test2.csv,confirmation_cohort_posthoc,common81,81,81,GCAD-dependency_s11,0.01,background,79838,749,0.00938149753250332,12,0.541095718830632,80
test2.csv,confirmation_cohort_posthoc,common81,81,81,GCAD-dependency_s11,0.01,clean,78461,684,0.008717706886223728,11,0.5047093460445317,80
test2.csv,confirmation_cohort_posthoc,common81,81,81,GCAD-dependency_s11,0.01,full_stream,82719,953,0.01152093231301152,15,0.6528125340006529,80
test2.csv,confirmation_cohort_posthoc,native,70,70,GCAD-dependency_s11,0.02,background,79849,1646,0.020613908752770856,29,1.3074678455584916,136
test2.csv,confirmation_cohort_posthoc,native,70,70,GCAD-dependency_s11,0.02,clean,78659,1544,0.019629031642914352,27,1.235713650059116,136
test2.csv,confirmation_cohort_posthoc,native,70,70,GCAD-dependency_s11,0.02,full_stream,82730,1998,0.024150852169708692,34,1.4795116644506225,136
test2.csv,confirmation_cohort_posthoc,common81,81,81,GCAD-dependency_s11,0.02,background,79838,1646,0.020616748916556026,29,1.3076479871740274,136
test2.csv,confirmation_cohort_posthoc,common81,81,81,GCAD-dependency_s11,0.02,clean,78461,1544,0.019678566421534264,27,1.2388320312002141,136
test2.csv,confirmation_cohort_posthoc,common81,81,81,GCAD-dependency_s11,0.02,full_stream,82719,1998,0.024154063758024154,34,1.4797084104014797,136
test2.csv,confirmation_cohort_posthoc,native,70,70,GCAD-prediction_s12,0.005,background,79849,383,0.004796553494721287,6,0.2705105887362397,67
test2.csv,confirmation_cohort_posthoc,native,70,70,GCAD-prediction_s12,0.005,clean,78659,383,0.004869118600541578,6,0.2746030333464702,67
test2.csv,confirmation_cohort_posthoc,native,70,70,GCAD-prediction_s12,0.005,full_stream,82730,446,0.005391031064909948,7,0.3046053426810105,67
test2.csv,confirmation_cohort_posthoc,common81,81,81,GCAD-prediction_s12,0.005,background,79838,383,0.004797214359077131,6,0.270547859415316,67
test2.csv,confirmation_cohort_posthoc,common81,81,81,GCAD-prediction_s12,0.005,clean,78461,383,0.004881406048865041,6,0.2752960069333809,67
test2.csv,confirmation_cohort_posthoc,common81,81,81,GCAD-prediction_s12,0.005,full_stream,82719,446,0.005391747966005392,7,0.30464584920030463,67
test2.csv,confirmation_cohort_posthoc,native,70,70,GCAD-prediction_s12,0.01,background,79849,631,0.007902415809841076,10,0.45085098122706607,76
test2.csv,confirmation_cohort_posthoc,native,70,70,GCAD-prediction_s12,0.01,clean,78659,569,0.007233755832136183,9,0.41190455001970533,76
test2.csv,confirmation_cohort_posthoc,native,70,70,GCAD-prediction_s12,0.01,full_stream,82730,765,0.009246947902816391,12,0.5221805874531609,76
test2.csv,confirmation_cohort_posthoc,common81,81,81,GCAD-prediction_s12,0.01,background,79838,631,0.007903504596808537,10,0.4509130990255267,76
test2.csv,confirmation_cohort_posthoc,common81,81,81,GCAD-prediction_s12,0.01,clean,78461,569,0.007252010553013599,9,0.4129440104000714,76
test2.csv,confirmation_cohort_posthoc,common81,81,81,GCAD-prediction_s12,0.01,full_stream,82719,765,0.009248177565009248,12,0.5222500272005223,76
test2.csv,confirmation_cohort_posthoc,native,70,70,GCAD-prediction_s12,0.02,background,79849,1105,0.013838620395997446,18,0.8115317662087189,76
test2.csv,confirmation_cohort_posthoc,native,70,70,GCAD-prediction_s12,0.02,clean,78659,1043,0.013259766841683724,17,0.7780419278149989,76
test2.csv,confirmation_cohort_posthoc,native,70,70,GCAD-prediction_s12,0.02,full_stream,82730,1287,0.015556630001208752,20,0.8703009790886015,93
test2.csv,confirmation_cohort_posthoc,common81,81,81,GCAD-prediction_s12,0.02,background,79838,1105,0.013840527067311306,18,0.811643578245948,76
test2.csv,confirmation_cohort_posthoc,common81,81,81,GCAD-prediction_s12,0.02,clean,78461,1043,0.013293228482940568,17,0.7800053529779126,76
test2.csv,confirmation_cohort_posthoc,common81,81,81,GCAD-prediction_s12,0.02,full_stream,82719,1287,0.015558698727015558,20,0.8704167120008705,93
test2.csv,confirmation_cohort_posthoc,native,70,70,GCAD-dependency_s12,0.005,background,79849,271,0.0033939059975704143,4,0.18034039249082642,79
test2.csv,confirmation_cohort_posthoc,native,70,70,GCAD-dependency_s12,0.005,clean,78659,271,0.0034452510202265473,4,0.1830686888976468,79
test2.csv,confirmation_cohort_posthoc,native,70,70,GCAD-dependency_s12,0.005,full_stream,82730,345,0.004170192191466216,5,0.21757524477215037,79
test2.csv,confirmation_cohort_posthoc,common81,81,81,GCAD-dependency_s12,0.005,background,79838,271,0.0033943736065532703,4,0.18036523961021067,79
test2.csv,confirmation_cohort_posthoc,common81,81,81,GCAD-dependency_s12,0.005,clean,78461,271,0.0034539452721734365,4,0.18353067128892062,79
test2.csv,confirmation_cohort_posthoc,common81,81,81,GCAD-dependency_s12,0.005,full_stream,82719,345,0.004170746745004171,5,0.2176041780002176,79
test2.csv,confirmation_cohort_posthoc,native,70,70,GCAD-dependency_s12,0.01,background,79849,536,0.006712670164936318,9,0.40576588310435946,82
test2.csv,confirmation_cohort_posthoc,native,70,70,GCAD-dependency_s12,0.01,clean,78659,536,0.006814223420079075,9,0.41190455001970533,82
test2.csv,confirmation_cohort_posthoc,native,70,70,GCAD-dependency_s12,0.01,full_stream,82730,760,0.009186510334824127,12,0.5221805874531609,92
test2.csv,confirmation_cohort_posthoc,common81,81,81,GCAD-dependency_s12,0.01,background,79838,536,0.006713595029935619,9,0.405821789122974,82
test2.csv,confirmation_cohort_posthoc,common81,81,81,GCAD-dependency_s12,0.01,clean,78461,536,0.006831419431309823,9,0.4129440104000714,82
test2.csv,confirmation_cohort_posthoc,common81,81,81,GCAD-dependency_s12,0.01,full_stream,82719,760,0.009187731960009188,12,0.5222500272005223,92
test2.csv,confirmation_cohort_posthoc,native,70,70,GCAD-dependency_s12,0.02,background,79849,1510,0.01891069393480194,23,1.036957256822252,137
test2.csv,confirmation_cohort_posthoc,native,70,70,GCAD-dependency_s12,0.02,clean,78659,1407,0.01788733647770757,22,1.0068777889370575,137
test2.csv,confirmation_cohort_posthoc,native,70,70,GCAD-dependency_s12,0.02,full_stream,82730,1909,0.02307506345944639,29,1.2619364196784721,137
test2.csv,confirmation_cohort_posthoc,common81,81,81,GCAD-dependency_s12,0.02,background,79838,1510,0.01891329943134848,23,1.0371001277587113,137
test2.csv,confirmation_cohort_posthoc,common81,81,81,GCAD-dependency_s12,0.02,clean,78461,1407,0.017932476007188284,22,1.0094186920890633,137
test2.csv,confirmation_cohort_posthoc,common81,81,81,GCAD-dependency_s12,0.02,full_stream,82719,1909,0.023078131989023077,29,1.2621042324012621,137
test3.csv,confirmation_cohort_posthoc,native,81,81,S_Q3,0.005,background,58478,0,0.0,0,0.0,0
test3.csv,confirmation_cohort_posthoc,native,81,81,S_Q3,0.005,clean,57668,0,0.0,0,0.0,0
test3.csv,confirmation_cohort_posthoc,native,81,81,S_Q3,0.005,full_stream,62319,0,0.0,0,0.0,0
test3.csv,confirmation_cohort_posthoc,common81,81,81,S_Q3,0.005,background,58478,0,0.0,0,0.0,0
test3.csv,confirmation_cohort_posthoc,common81,81,81,S_Q3,0.005,clean,57668,0,0.0,0,0.0,0
test3.csv,confirmation_cohort_posthoc,common81,81,81,S_Q3,0.005,full_stream,62319,0,0.0,0,0.0,0
test3.csv,confirmation_cohort_posthoc,native,81,81,S_Q3,0.01,background,58478,0,0.0,0,0.0,0
test3.csv,confirmation_cohort_posthoc,native,81,81,S_Q3,0.01,clean,57668,0,0.0,0,0.0,0
test3.csv,confirmation_cohort_posthoc,native,81,81,S_Q3,0.01,full_stream,62319,0,0.0,0,0.0,0
test3.csv,confirmation_cohort_posthoc,common81,81,81,S_Q3,0.01,background,58478,0,0.0,0,0.0,0
test3.csv,confirmation_cohort_posthoc,common81,81,81,S_Q3,0.01,clean,57668,0,0.0,0,0.0,0
test3.csv,confirmation_cohort_posthoc,common81,81,81,S_Q3,0.01,full_stream,62319,0,0.0,0,0.0,0
test3.csv,confirmation_cohort_posthoc,native,81,81,S_Q3,0.02,background,58478,0,0.0,0,0.0,0
test3.csv,confirmation_cohort_posthoc,native,81,81,S_Q3,0.02,clean,57668,0,0.0,0,0.0,0
test3.csv,confirmation_cohort_posthoc,native,81,81,S_Q3,0.02,full_stream,62319,0,0.0,0,0.0,0
test3.csv,confirmation_cohort_posthoc,common81,81,81,S_Q3,0.02,background,58478,0,0.0,0,0.0,0
test3.csv,confirmation_cohort_posthoc,common81,81,81,S_Q3,0.02,clean,57668,0,0.0,0,0.0,0
test3.csv,confirmation_cohort_posthoc,common81,81,81,S_Q3,0.02,full_stream,62319,0,0.0,0,0.0,0
test3.csv,confirmation_cohort_posthoc,native,81,81,Jr_Q3,0.005,background,58478,0,0.0,0,0.0,0
test3.csv,confirmation_cohort_posthoc,native,81,81,Jr_Q3,0.005,clean,57668,0,0.0,0,0.0,0
test3.csv,confirmation_cohort_posthoc,native,81,81,Jr_Q3,0.005,full_stream,62319,0,0.0,0,0.0,0
test3.csv,confirmation_cohort_posthoc,common81,81,81,Jr_Q3,0.005,background,58478,0,0.0,0,0.0,0
test3.csv,confirmation_cohort_posthoc,common81,81,81,Jr_Q3,0.005,clean,57668,0,0.0,0,0.0,0
test3.csv,confirmation_cohort_posthoc,common81,81,81,Jr_Q3,0.005,full_stream,62319,0,0.0,0,0.0,0
test3.csv,confirmation_cohort_posthoc,native,81,81,Jr_Q3,0.01,background,58478,0,0.0,0,0.0,0
test3.csv,confirmation_cohort_posthoc,native,81,81,Jr_Q3,0.01,clean,57668,0,0.0,0,0.0,0
test3.csv,confirmation_cohort_posthoc,native,81,81,Jr_Q3,0.01,full_stream,62319,0,0.0,0,0.0,0
test3.csv,confirmation_cohort_posthoc,common81,81,81,Jr_Q3,0.01,background,58478,0,0.0,0,0.0,0
test3.csv,confirmation_cohort_posthoc,common81,81,81,Jr_Q3,0.01,clean,57668,0,0.0,0,0.0,0
test3.csv,confirmation_cohort_posthoc,common81,81,81,Jr_Q3,0.01,full_stream,62319,0,0.0,0,0.0,0
test3.csv,confirmation_cohort_posthoc,native,81,81,Jr_Q3,0.02,background,58478,0,0.0,0,0.0,0
test3.csv,confirmation_cohort_posthoc,native,81,81,Jr_Q3,0.02,clean,57668,0,0.0,0,0.0,0
test3.csv,confirmation_cohort_posthoc,native,81,81,Jr_Q3,0.02,full_stream,62319,0,0.0,0,0.0,0
test3.csv,confirmation_cohort_posthoc,common81,81,81,Jr_Q3,0.02,background,58478,0,0.0,0,0.0,0
test3.csv,confirmation_cohort_posthoc,common81,81,81,Jr_Q3,0.02,clean,57668,0,0.0,0,0.0,0
test3.csv,confirmation_cohort_posthoc,common81,81,81,Jr_Q3,0.02,full_stream,62319,0,0.0,0,0.0,0
test3.csv,confirmation_cohort_posthoc,native,81,81,Dr_Q3,0.005,background,58478,0,0.0,0,0.0,0
test3.csv,confirmation_cohort_posthoc,native,81,81,Dr_Q3,0.005,clean,57668,0,0.0,0,0.0,0
test3.csv,confirmation_cohort_posthoc,native,81,81,Dr_Q3,0.005,full_stream,62319,218,0.0034981305861775704,4,0.2310691763346652,75
test3.csv,confirmation_cohort_posthoc,common81,81,81,Dr_Q3,0.005,background,58478,0,0.0,0,0.0,0
test3.csv,confirmation_cohort_posthoc,common81,81,81,Dr_Q3,0.005,clean,57668,0,0.0,0,0.0,0
test3.csv,confirmation_cohort_posthoc,common81,81,81,Dr_Q3,0.005,full_stream,62319,218,0.0034981305861775704,4,0.2310691763346652,75
test3.csv,confirmation_cohort_posthoc,native,81,81,Dr_Q3,0.01,background,58478,7,0.00011970313622216902,1,0.06156161291425835,7
test3.csv,confirmation_cohort_posthoc,native,81,81,Dr_Q3,0.01,clean,57668,7,0.0001213844766594992,1,0.06242630228202816,7
test3.csv,confirmation_cohort_posthoc,native,81,81,Dr_Q3,0.01,full_stream,62319,254,0.004075803527014233,5,0.2888364704183315,79
test3.csv,confirmation_cohort_posthoc,common81,81,81,Dr_Q3,0.01,background,58478,7,0.00011970313622216902,1,0.06156161291425835,7
test3.csv,confirmation_cohort_posthoc,common81,81,81,Dr_Q3,0.01,clean,57668,7,0.0001213844766594992,1,0.06242630228202816,7
test3.csv,confirmation_cohort_posthoc,common81,81,81,Dr_Q3,0.01,full_stream,62319,254,0.004075803527014233,5,0.2888364704183315,79
test3.csv,confirmation_cohort_posthoc,native,81,81,Dr_Q3,0.02,background,58478,133,0.0022743595882212114,9,0.5540545162283251,34
test3.csv,confirmation_cohort_posthoc,native,81,81,Dr_Q3,0.02,clean,57668,133,0.002306305056530485,9,0.5618367205382534,34
test3.csv,confirmation_cohort_posthoc,native,81,81,Dr_Q3,0.02,full_stream,62319,409,0.006563006466727643,14,0.8087421171713282,84
test3.csv,confirmation_cohort_posthoc,common81,81,81,Dr_Q3,0.02,background,58478,133,0.0022743595882212114,9,0.5540545162283251,34
test3.csv,confirmation_cohort_posthoc,common81,81,81,Dr_Q3,0.02,clean,57668,133,0.002306305056530485,9,0.5618367205382534,34
test3.csv,confirmation_cohort_posthoc,common81,81,81,Dr_Q3,0.02,full_stream,62319,409,0.006563006466727643,14,0.8087421171713282,84
test3.csv,confirmation_cohort_posthoc,native,81,81,PairError-Q3,0.005,background,58478,0,0.0,0,0.0,0
test3.csv,confirmation_cohort_posthoc,native,81,81,PairError-Q3,0.005,clean,57668,0,0.0,0,0.0,0
test3.csv,confirmation_cohort_posthoc,native,81,81,PairError-Q3,0.005,full_stream,62319,0,0.0,0,0.0,0
test3.csv,confirmation_cohort_posthoc,common81,81,81,PairError-Q3,0.005,background,58478,0,0.0,0,0.0,0
test3.csv,confirmation_cohort_posthoc,common81,81,81,PairError-Q3,0.005,clean,57668,0,0.0,0,0.0,0
test3.csv,confirmation_cohort_posthoc,common81,81,81,PairError-Q3,0.005,full_stream,62319,0,0.0,0,0.0,0
test3.csv,confirmation_cohort_posthoc,native,81,81,PairError-Q3,0.01,background,58478,0,0.0,0,0.0,0
test3.csv,confirmation_cohort_posthoc,native,81,81,PairError-Q3,0.01,clean,57668,0,0.0,0,0.0,0
test3.csv,confirmation_cohort_posthoc,native,81,81,PairError-Q3,0.01,full_stream,62319,0,0.0,0,0.0,0
test3.csv,confirmation_cohort_posthoc,common81,81,81,PairError-Q3,0.01,background,58478,0,0.0,0,0.0,0
test3.csv,confirmation_cohort_posthoc,common81,81,81,PairError-Q3,0.01,clean,57668,0,0.0,0,0.0,0
test3.csv,confirmation_cohort_posthoc,common81,81,81,PairError-Q3,0.01,full_stream,62319,0,0.0,0,0.0,0
test3.csv,confirmation_cohort_posthoc,native,81,81,PairError-Q3,0.02,background,58478,0,0.0,0,0.0,0
test3.csv,confirmation_cohort_posthoc,native,81,81,PairError-Q3,0.02,clean,57668,0,0.0,0,0.0,0
test3.csv,confirmation_cohort_posthoc,native,81,81,PairError-Q3,0.02,full_stream,62319,0,0.0,0,0.0,0
test3.csv,confirmation_cohort_posthoc,common81,81,81,PairError-Q3,0.02,background,58478,0,0.0,0,0.0,0
test3.csv,confirmation_cohort_posthoc,common81,81,81,PairError-Q3,0.02,clean,57668,0,0.0,0,0.0,0
test3.csv,confirmation_cohort_posthoc,common81,81,81,PairError-Q3,0.02,full_stream,62319,0,0.0,0,0.0,0
test3.csv,confirmation_cohort_posthoc,native,65,65,PCA-SPE,0.005,background,58494,41,0.0007009265907614457,0,0.0,26
test3.csv,confirmation_cohort_posthoc,native,65,65,PCA-SPE,0.005,clean,57844,0,0.0,0,0.0,0
test3.csv,confirmation_cohort_posthoc,native,65,65,PCA-SPE,0.005,full_stream,62335,2194,0.03519691986845271,3,0.1732573995347718,2027
test3.csv,confirmation_cohort_posthoc,common81,81,81,PCA-SPE,0.005,background,58478,41,0.0007011183693012757,0,0.0,26
test3.csv,confirmation_cohort_posthoc,common81,81,81,PCA-SPE,0.005,clean,57668,0,0.0,0,0.0,0
test3.csv,confirmation_cohort_posthoc,common81,81,81,PCA-SPE,0.005,full_stream,62319,2194,0.035205956449878846,3,0.1733018822509989,2027
test3.csv,confirmation_cohort_posthoc,native,65,65,PCA-SPE,0.01,background,58494,42,0.0007180223612678223,0,0.0,26
test3.csv,confirmation_cohort_posthoc,native,65,65,PCA-SPE,0.01,clean,57844,0,0.0,0,0.0,0
test3.csv,confirmation_cohort_posthoc,native,65,65,PCA-SPE,0.01,full_stream,62335,2197,0.03524504692387904,3,0.1732573995347718,2028
test3.csv,confirmation_cohort_posthoc,common81,81,81,PCA-SPE,0.01,background,58478,42,0.0007182188173330142,0,0.0,26
test3.csv,confirmation_cohort_posthoc,common81,81,81,PCA-SPE,0.01,clean,57668,0,0.0,0,0.0,0
test3.csv,confirmation_cohort_posthoc,common81,81,81,PCA-SPE,0.01,full_stream,62319,2197,0.03525409586161524,3,0.1733018822509989,2028
test3.csv,confirmation_cohort_posthoc,native,65,65,PCA-SPE,0.02,background,58494,43,0.0007351181317741991,0,0.0,27
test3.csv,confirmation_cohort_posthoc,native,65,65,PCA-SPE,0.02,clean,57844,0,0.0,0,0.0,0
test3.csv,confirmation_cohort_posthoc,native,65,65,PCA-SPE,0.02,full_stream,62335,2199,0.03527713162749659,3,0.1732573995347718,2029
test3.csv,confirmation_cohort_posthoc,common81,81,81,PCA-SPE,0.02,background,58478,43,0.0007353192653647525,0,0.0,27
test3.csv,confirmation_cohort_posthoc,common81,81,81,PCA-SPE,0.02,clean,57668,0,0.0,0,0.0,0
test3.csv,confirmation_cohort_posthoc,common81,81,81,PCA-SPE,0.02,full_stream,62319,2199,0.03528618880277283,3,0.1733018822509989,2029
test3.csv,confirmation_cohort_posthoc,native,70,70,GCAD-prediction_s10,0.005,background,58489,222,0.003795585494708407,3,0.18465010514797653,80
test3.csv,confirmation_cohort_posthoc,native,70,70,GCAD-prediction_s10,0.005,clean,57789,222,0.0038415615428541764,3,0.18688677776047344,80
test3.csv,confirmation_cohort_posthoc,native,70,70,GCAD-prediction_s10,0.005,full_stream,62330,648,0.010396277875822237,6,0.3465425958607412,183
test3.csv,confirmation_cohort_posthoc,common81,81,81,GCAD-prediction_s10,0.005,background,58478,222,0.003796299463045932,3,0.18468483874277505,80
test3.csv,confirmation_cohort_posthoc,common81,81,81,GCAD-prediction_s10,0.005,clean,57668,222,0.003849621974058403,3,0.18727890684608448,80
test3.csv,confirmation_cohort_posthoc,common81,81,81,GCAD-prediction_s10,0.005,full_stream,62319,648,0.010398112935059933,6,0.3466037645019978,183
test3.csv,confirmation_cohort_posthoc,native,70,70,GCAD-prediction_s10,0.01,background,58489,348,0.0059498367214348,5,0.30775017524662757,80
test3.csv,confirmation_cohort_posthoc,native,70,70,GCAD-prediction_s10,0.01,clean,57789,348,0.006021907283393033,5,0.3114779629341224,80
test3.csv,confirmation_cohort_posthoc,native,70,70,GCAD-prediction_s10,0.01,full_stream,62330,775,0.012433819990373816,8,0.4620567944809883,183
test3.csv,confirmation_cohort_posthoc,common81,81,81,GCAD-prediction_s10,0.01,background,58478,348,0.005950955915044974,5,0.3078080645712918,80
test3.csv,confirmation_cohort_posthoc,common81,81,81,GCAD-prediction_s10,0.01,clean,57668,348,0.006034542553929389,5,0.3121315114101408,80
test3.csv,confirmation_cohort_posthoc,common81,81,81,GCAD-prediction_s10,0.01,full_stream,62319,775,0.01243601469856705,8,0.4621383526693304,183
test3.csv,confirmation_cohort_posthoc,native,70,70,GCAD-prediction_s10,0.02,background,58489,2618,0.04476055326642617,146,8.986305117201525,163
test3.csv,confirmation_cohort_posthoc,native,70,70,GCAD-prediction_s10,0.02,clean,57789,2618,0.04530273927564069,146,9.095156517676374,163
test3.csv,confirmation_cohort_posthoc,native,70,70,GCAD-prediction_s10,0.02,full_stream,62330,3045,0.04885287983314616,149,8.605807797208406,183
test3.csv,confirmation_cohort_posthoc,common81,81,81,GCAD-prediction_s10,0.02,background,58478,2618,0.044768972947091215,146,8.98799548548172,163
test3.csv,confirmation_cohort_posthoc,common81,81,81,GCAD-prediction_s10,0.02,clean,57668,2618,0.0453977942706527,146,9.11424013317611,163
test3.csv,confirmation_cohort_posthoc,common81,81,81,GCAD-prediction_s10,0.02,full_stream,62319,3045,0.04886150291243441,149,8.607326818466278,183
test3.csv,confirmation_cohort_posthoc,native,70,70,GCAD-dependency_s10,0.005,background,58489,160,0.0027355571133033563,2,0.12310007009865102,80
test3.csv,confirmation_cohort_posthoc,native,70,70,GCAD-dependency_s10,0.005,clean,57789,160,0.002768693003858866,2,0.12459118517364896,80
test3.csv,confirmation_cohort_posthoc,native,70,70,GCAD-dependency_s10,0.005,full_stream,62330,618,0.00991496871490454,6,0.3465425958607412,183
test3.csv,confirmation_cohort_posthoc,common81,81,81,GCAD-dependency_s10,0.005,background,58478,160,0.0027360716850781492,2,0.1231232258285167,80
test3.csv,confirmation_cohort_posthoc,common81,81,81,GCAD-dependency_s10,0.005,clean,57668,160,0.002774502323645696,2,0.12485260456405632,80
test3.csv,confirmation_cohort_posthoc,common81,81,81,GCAD-dependency_s10,0.005,full_stream,62319,618,0.009916718817696048,6,0.3466037645019978,183
test3.csv,confirmation_cohort_posthoc,native,70,70,GCAD-dependency_s10,0.01,background,58489,322,0.005505308690523005,4,0.24620014019730205,80
test3.csv,confirmation_cohort_posthoc,native,70,70,GCAD-dependency_s10,0.01,clean,57789,282,0.004879821419301251,4,0.24918237034729793,80
test3.csv,confirmation_cohort_posthoc,native,70,70,GCAD-dependency_s10,0.01,full_stream,62330,1096,0.017583828012193166,9,0.5198138937911119,297
test3.csv,confirmation_cohort_posthoc,common81,81,81,GCAD-dependency_s10,0.01,background,58478,322,0.005506344266219775,4,0.2462464516570334,80
test3.csv,confirmation_cohort_posthoc,common81,81,81,GCAD-dependency_s10,0.01,clean,57668,282,0.00489006034542554,4,0.24970520912811264,80
test3.csv,confirmation_cohort_posthoc,common81,81,81,GCAD-dependency_s10,0.01,full_stream,62319,1096,0.01758693175436063,9,0.5199056467529967,297
test3.csv,confirmation_cohort_posthoc,native,70,70,GCAD-dependency_s10,0.02,background,58489,585,0.010001880695515396,7,0.4308502453452786,80
test3.csv,confirmation_cohort_posthoc,native,70,70,GCAD-dependency_s10,0.02,clean,57789,477,0.008254166017754245,7,0.43606914810777136,80
test3.csv,confirmation_cohort_posthoc,native,70,70,GCAD-dependency_s10,0.02,full_stream,62330,1549,0.024851596342050378,13,0.7508422910316059,340
test3.csv,confirmation_cohort_posthoc,common81,81,81,GCAD-dependency_s10,0.02,background,58478,585,0.010003762098566982,7,0.4309312903998085,80
test3.csv,confirmation_cohort_posthoc,common81,81,81,GCAD-dependency_s10,0.02,clean,57668,477,0.008271485052368731,7,0.4369841159741971,80
test3.csv,confirmation_cohort_posthoc,common81,81,81,GCAD-dependency_s10,0.02,full_stream,62319,1549,0.024855982926555303,13,0.7509748230876618,340
test3.csv,confirmation_cohort_posthoc,native,70,70,GCAD-prediction_s11,0.005,background,58489,183,0.0031287934483407135,3,0.18465010514797653,62
test3.csv,confirmation_cohort_posthoc,native,70,70,GCAD-prediction_s11,0.005,clean,57789,183,0.0031666926231635776,3,0.18688677776047344,62
test3.csv,confirmation_cohort_posthoc,native,70,70,GCAD-prediction_s11,0.005,full_stream,62330,446,0.007155462858976416,6,0.3465425958607412,91
test3.csv,confirmation_cohort_posthoc,common81,81,81,GCAD-prediction_s11,0.005,background,58478,183,0.003129381989808133,3,0.18468483874277505,62
test3.csv,confirmation_cohort_posthoc,common81,81,81,GCAD-prediction_s11,0.005,clean,57668,183,0.003173337032669765,3,0.18727890684608448,62
test3.csv,confirmation_cohort_posthoc,common81,81,81,GCAD-prediction_s11,0.005,full_stream,62319,446,0.007156725878143103,6,0.3466037645019978,91
test3.csv,confirmation_cohort_posthoc,native,70,70,GCAD-prediction_s11,0.01,background,58489,747,0.012771632272735044,11,0.6770503855425807,79
test3.csv,confirmation_cohort_posthoc,native,70,70,GCAD-prediction_s11,0.01,clean,57789,666,0.011524684628562529,11,0.6852515184550693,79
test3.csv,confirmation_cohort_posthoc,native,70,70,GCAD-prediction_s11,0.01,full_stream,62330,1229,0.019717631958928283,16,0.9241135889619766,180
test3.csv,confirmation_cohort_posthoc,common81,81,81,GCAD-prediction_s11,0.01,background,58478,747,0.012774034679708609,11,0.6771777420568419,79
test3.csv,confirmation_cohort_posthoc,common81,81,81,GCAD-prediction_s11,0.01,clean,57668,666,0.01154886592217521,11,0.6866893251023097,79
test3.csv,confirmation_cohort_posthoc,common81,81,81,GCAD-prediction_s11,0.01,full_stream,62319,1229,0.01972111234134052,16,0.9242767053386608,180
test3.csv,confirmation_cohort_posthoc,native,70,70,GCAD-prediction_s11,0.02,background,58489,3022,0.05166783497751714,52,3.2006018225649266,80
test3.csv,confirmation_cohort_posthoc,native,70,70,GCAD-prediction_s11,0.02,clean,57789,2931,0.0507189949644396,52,3.239370814514873,80
test3.csv,confirmation_cohort_posthoc,native,70,70,GCAD-prediction_s11,0.02,full_stream,62330,3627,0.05819027755494946,57,3.2921546606770415,183
test3.csv,confirmation_cohort_posthoc,common81,81,81,GCAD-prediction_s11,0.02,background,58478,3022,0.05167755395191354,52,3.2012038715414346,80
test3.csv,confirmation_cohort_posthoc,common81,81,81,GCAD-prediction_s11,0.02,clean,57668,2931,0.05082541444128459,52,3.2461677186654643,80
test3.csv,confirmation_cohort_posthoc,common81,81,81,GCAD-prediction_s11,0.02,full_stream,62319,3627,0.058200548789293795,57,3.292735762768979,183
test3.csv,confirmation_cohort_posthoc,native,70,70,GCAD-dependency_s11,0.005,background,58489,192,0.0032826685359640274,3,0.18465010514797653,65
test3.csv,confirmation_cohort_posthoc,native,70,70,GCAD-dependency_s11,0.005,clean,57789,192,0.003322431604630639,3,0.18688677776047344,65
test3.csv,confirmation_cohort_posthoc,native,70,70,GCAD-dependency_s11,0.005,full_stream,62330,619,0.009931012353601797,6,0.3465425958607412,183
test3.csv,confirmation_cohort_posthoc,common81,81,81,GCAD-dependency_s11,0.005,background,58478,192,0.003283286022093779,3,0.18468483874277505,65
test3.csv,confirmation_cohort_posthoc,common81,81,81,GCAD-dependency_s11,0.005,clean,57668,192,0.0033294027883748354,3,0.18727890684608448,65
test3.csv,confirmation_cohort_posthoc,common81,81,81,GCAD-dependency_s11,0.005,full_stream,62319,619,0.009932765288274845,6,0.3466037645019978,183
test3.csv,confirmation_cohort_posthoc,native,70,70,GCAD-dependency_s11,0.01,background,58489,549,0.00938638034502214,8,0.4924002803946041,69
test3.csv,confirmation_cohort_posthoc,native,70,70,GCAD-dependency_s11,0.01,clean,57789,518,0.008963643599993078,8,0.49836474069459585,69
test3.csv,confirmation_cohort_posthoc,native,70,70,GCAD-dependency_s11,0.01,full_stream,62330,1078,0.017295042515642546,12,0.6930851917214824,184
test3.csv,confirmation_cohort_posthoc,common81,81,81,GCAD-dependency_s11,0.01,background,58478,549,0.009388145969424399,8,0.4924929033140668,69
test3.csv,confirmation_cohort_posthoc,common81,81,81,GCAD-dependency_s11,0.01,clean,57668,518,0.00898245127280294,8,0.4994104182562253,69
test3.csv,confirmation_cohort_posthoc,common81,81,81,GCAD-dependency_s11,0.01,full_stream,62319,1078,0.017298095283942296,12,0.6932075290039956,184
test3.csv,confirmation_cohort_posthoc,native,70,70,GCAD-dependency_s11,0.02,background,58489,941,0.016088495272615362,14,0.8617004906905572,77
test3.csv,confirmation_cohort_posthoc,native,70,70,GCAD-dependency_s11,0.02,clean,57789,812,0.014051116994583744,13,0.8098427036287182,77
test3.csv,confirmation_cohort_posthoc,native,70,70,GCAD-dependency_s11,0.02,full_stream,62330,1911,0.030659393550457242,20,1.1551419862024708,318
test3.csv,confirmation_cohort_posthoc,common81,81,81,GCAD-dependency_s11,0.02,background,58478,941,0.016091521597865865,14,0.861862580799617,77
test3.csv,confirmation_cohort_posthoc,common81,81,81,GCAD-dependency_s11,0.02,clean,57668,812,0.014080599292501907,13,0.8115419296663661,77
test3.csv,confirmation_cohort_posthoc,common81,81,81,GCAD-dependency_s11,0.02,full_stream,62319,1911,0.030664805276079527,20,1.155345881673326,318
test3.csv,confirmation_cohort_posthoc,native,70,70,GCAD-prediction_s12,0.005,background,58489,251,0.00429140522149464,4,0.24620014019730205,64
test3.csv,confirmation_cohort_posthoc,native,70,70,GCAD-prediction_s12,0.005,clean,57789,251,0.0043433871498035955,4,0.24918237034729793,64
test3.csv,confirmation_cohort_posthoc,native,70,70,GCAD-prediction_s12,0.005,full_stream,62330,631,0.010123536017968875,7,0.4042996951708647,174
test3.csv,confirmation_cohort_posthoc,common81,81,81,GCAD-prediction_s12,0.005,background,58478,251,0.004292212455966346,4,0.2462464516570334,64
test3.csv,confirmation_cohort_posthoc,common81,81,81,GCAD-prediction_s12,0.005,clean,57668,251,0.004352500520219186,4,0.24970520912811264,64
test3.csv,confirmation_cohort_posthoc,common81,81,81,GCAD-prediction_s12,0.005,full_stream,62319,631,0.010125322935220398,7,0.4043710585856641,174
test3.csv,confirmation_cohort_posthoc,native,70,70,GCAD-prediction_s12,0.01,background,58489,321,0.005488211458564859,5,0.30775017524662757,66
test3.csv,confirmation_cohort_posthoc,native,70,70,GCAD-prediction_s12,0.01,clean,57789,321,0.0055546903389918495,5,0.3114779629341224,66
test3.csv,confirmation_cohort_posthoc,native,70,70,GCAD-prediction_s12,0.01,full_stream,62330,734,0.0117760308037863,8,0.4620567944809883,179
test3.csv,confirmation_cohort_posthoc,common81,81,81,GCAD-prediction_s12,0.01,background,58478,321,0.005489243818188037,5,0.3078080645712918,66
test3.csv,confirmation_cohort_posthoc,common81,81,81,GCAD-prediction_s12,0.01,clean,57668,321,0.005566345286814178,5,0.3121315114101408,66
test3.csv,confirmation_cohort_posthoc,common81,81,81,GCAD-prediction_s12,0.01,full_stream,62319,734,0.011778109404836406,8,0.4621383526693304,179
test3.csv,confirmation_cohort_posthoc,native,70,70,GCAD-prediction_s12,0.02,background,58489,678,0.011591923267622971,10,0.6155003504932551,112
test3.csv,confirmation_cohort_posthoc,native,70,70,GCAD-prediction_s12,0.02,clean,57789,678,0.011732336603851944,10,0.6229559258682448,112
test3.csv,confirmation_cohort_posthoc,native,70,70,GCAD-prediction_s12,0.02,full_stream,62330,1143,0.018337879030964222,14,0.8085993903417295,180
test3.csv,confirmation_cohort_posthoc,common81,81,81,GCAD-prediction_s12,0.02,background,58478,678,0.011594103765518657,10,0.6156161291425836,112
test3.csv,confirmation_cohort_posthoc,common81,81,81,GCAD-prediction_s12,0.02,clean,57668,678,0.011756953596448638,10,0.6242630228202816,112
test3.csv,confirmation_cohort_posthoc,common81,81,81,GCAD-prediction_s12,0.02,full_stream,62319,1143,0.018341115871564048,14,0.8087421171713282,180
test3.csv,confirmation_cohort_posthoc,native,70,70,GCAD-dependency_s12,0.005,background,58489,129,0.002205542922600831,2,0.12310007009865102,65
test3.csv,confirmation_cohort_posthoc,native,70,70,GCAD-dependency_s12,0.005,clean,57789,129,0.0022322587343612107,2,0.12459118517364896,65
test3.csv,confirmation_cohort_posthoc,native,70,70,GCAD-dependency_s12,0.005,full_stream,62330,555,0.00890421947697738,5,0.2887854965506177,183
test3.csv,confirmation_cohort_posthoc,common81,81,81,GCAD-dependency_s12,0.005,background,58478,129,0.0022059577960942575,2,0.1231232258285167,65
test3.csv,confirmation_cohort_posthoc,common81,81,81,GCAD-dependency_s12,0.005,clean,57668,129,0.0022369424984393423,2,0.12485260456405632,65
test3.csv,confirmation_cohort_posthoc,common81,81,81,GCAD-dependency_s12,0.005,full_stream,62319,555,0.008905791171231888,5,0.2888364704183315,183
test3.csv,confirmation_cohort_posthoc,native,70,70,GCAD-dependency_s12,0.01,background,58489,279,0.004770127716322728,4,0.24620014019730205,65
test3.csv,confirmation_cohort_posthoc,native,70,70,GCAD-dependency_s12,0.01,clean,57789,241,0.004170343837062417,4,0.24918237034729793,65
test3.csv,confirmation_cohort_posthoc,native,70,70,GCAD-dependency_s12,0.01,full_stream,62330,1016,0.016300336916412642,11,0.6353280924113589,246
test3.csv,confirmation_cohort_posthoc,common81,81,81,GCAD-dependency_s12,0.01,background,58478,279,0.004771025000855023,4,0.2462464516570334,65
test3.csv,confirmation_cohort_posthoc,common81,81,81,GCAD-dependency_s12,0.01,clean,57668,241,0.004179094124991329,4,0.24970520912811264,65
test3.csv,confirmation_cohort_posthoc,common81,81,81,GCAD-dependency_s12,0.01,full_stream,62319,1016,0.01630321410805693,11,0.6354402349203293,246
test3.csv,confirmation_cohort_posthoc,native,70,70,GCAD-dependency_s12,0.02,background,58489,575,0.009830908375933936,7,0.4308502453452786,72
test3.csv,confirmation_cohort_posthoc,native,70,70,GCAD-dependency_s12,0.02,clean,57789,449,0.007769644742078943,7,0.43606914810777136,72
test3.csv,confirmation_cohort_posthoc,native,70,70,GCAD-dependency_s12,0.02,full_stream,62330,1554,0.02493181453553666,13,0.7508422910316059,348
test3.csv,confirmation_cohort_posthoc,common81,81,81,GCAD-dependency_s12,0.02,background,58478,575,0.009832757618249598,7,0.4309312903998085,72
test3.csv,confirmation_cohort_posthoc,common81,81,81,GCAD-dependency_s12,0.02,clean,57668,449,0.007785947145730734,7,0.4369841159741971,72
test3.csv,confirmation_cohort_posthoc,common81,81,81,GCAD-dependency_s12,0.02,full_stream,62319,1554,0.024936215279449284,13,0.7509748230876618,348
test4.csv,development,native,81,81,S_Q3,0.005,background,125096,235,0.001878557268018162,0,0.0,59
test4.csv,development,native,81,81,S_Q3,0.005,clean,123152,0,0.0,0,0.0,0
test4.csv,development,native,81,81,S_Q3,0.005,full_stream,129519,436,0.003366301469282499,4,0.11118059898547704,114
test4.csv,development,common81,81,81,S_Q3,0.005,background,125096,235,0.001878557268018162,0,0.0,59
test4.csv,development,common81,81,81,S_Q3,0.005,clean,123152,0,0.0,0,0.0,0
test4.csv,development,common81,81,81,S_Q3,0.005,full_stream,129519,436,0.003366301469282499,4,0.11118059898547704,114
test4.csv,development,native,81,81,S_Q3,0.01,background,125096,236,0.0018865511287331329,0,0.0,60
test4.csv,development,native,81,81,S_Q3,0.01,clean,123152,0,0.0,0,0.0,0
test4.csv,development,native,81,81,S_Q3,0.01,full_stream,129519,437,0.003374022344212046,4,0.11118059898547704,115
test4.csv,development,common81,81,81,S_Q3,0.01,background,125096,236,0.0018865511287331329,0,0.0,60
test4.csv,development,common81,81,81,S_Q3,0.01,clean,123152,0,0.0,0,0.0,0
test4.csv,development,common81,81,81,S_Q3,0.01,full_stream,129519,437,0.003374022344212046,4,0.11118059898547704,115
test4.csv,development,native,81,81,S_Q3,0.02,background,125096,239,0.0019105327108780456,0,0.0,60
test4.csv,development,native,81,81,S_Q3,0.02,clean,123152,0,0.0,0,0.0,0
test4.csv,development,native,81,81,S_Q3,0.02,full_stream,129519,440,0.003397184969000687,4,0.11118059898547704,115
test4.csv,development,common81,81,81,S_Q3,0.02,background,125096,239,0.0019105327108780456,0,0.0,60
test4.csv,development,common81,81,81,S_Q3,0.02,clean,123152,0,0.0,0,0.0,0
test4.csv,development,common81,81,81,S_Q3,0.02,full_stream,129519,440,0.003397184969000687,4,0.11118059898547704,115
test4.csv,development,native,81,81,Jr_Q3,0.005,background,125096,243,0.0019425081537379292,0,0.0,61
test4.csv,development,native,81,81,Jr_Q3,0.005,clean,123152,0,0.0,0,0.0,0
test4.csv,development,native,81,81,Jr_Q3,0.005,full_stream,129519,444,0.003428068468718875,4,0.11118059898547704,116
test4.csv,development,common81,81,81,Jr_Q3,0.005,background,125096,243,0.0019425081537379292,0,0.0,61
test4.csv,development,common81,81,81,Jr_Q3,0.005,clean,123152,0,0.0,0,0.0,0
test4.csv,development,common81,81,81,Jr_Q3,0.005,full_stream,129519,444,0.003428068468718875,4,0.11118059898547704,116
test4.csv,development,native,81,81,Jr_Q3,0.01,background,125096,243,0.0019425081537379292,0,0.0,61
test4.csv,development,native,81,81,Jr_Q3,0.01,clean,123152,0,0.0,0,0.0,0
test4.csv,development,native,81,81,Jr_Q3,0.01,full_stream,129519,444,0.003428068468718875,4,0.11118059898547704,116
test4.csv,development,common81,81,81,Jr_Q3,0.01,background,125096,243,0.0019425081537379292,0,0.0,61
test4.csv,development,common81,81,81,Jr_Q3,0.01,clean,123152,0,0.0,0,0.0,0
test4.csv,development,common81,81,81,Jr_Q3,0.01,full_stream,129519,444,0.003428068468718875,4,0.11118059898547704,116
test4.csv,development,native,81,81,Jr_Q3,0.02,background,125096,243,0.0019425081537379292,0,0.0,61
test4.csv,development,native,81,81,Jr_Q3,0.02,clean,123152,0,0.0,0,0.0,0
test4.csv,development,native,81,81,Jr_Q3,0.02,full_stream,129519,444,0.003428068468718875,4,0.11118059898547704,116
test4.csv,development,common81,81,81,Jr_Q3,0.02,background,125096,243,0.0019425081537379292,0,0.0,61
test4.csv,development,common81,81,81,Jr_Q3,0.02,clean,123152,0,0.0,0,0.0,0
test4.csv,development,common81,81,81,Jr_Q3,0.02,full_stream,129519,444,0.003428068468718875,4,0.11118059898547704,116
test4.csv,development,native,81,81,Dr_Q3,0.005,background,125096,410,0.00327748289313807,7,0.20144529001726674,66
test4.csv,development,native,81,81,Dr_Q3,0.005,clean,123152,102,0.0008282447706898792,7,0.20462517864102897,32
test4.csv,development,native,81,81,Dr_Q3,0.005,full_stream,129519,827,0.006385163566735383,16,0.44472239594190816,122
test4.csv,development,common81,81,81,Dr_Q3,0.005,background,125096,410,0.00327748289313807,7,0.20144529001726674,66
test4.csv,development,common81,81,81,Dr_Q3,0.005,clean,123152,102,0.0008282447706898792,7,0.20462517864102897,32
test4.csv,development,common81,81,81,Dr_Q3,0.005,full_stream,129519,827,0.006385163566735383,16,0.44472239594190816,122
test4.csv,development,native,81,81,Dr_Q3,0.01,background,125096,818,0.006538978064846198,48,1.3813391315469719,66
test4.csv,development,native,81,81,Dr_Q3,0.01,clean,123152,509,0.004133103806677927,48,1.403144082109913,53
test4.csv,development,native,81,81,Dr_Q3,0.01,full_stream,129519,1280,0.009882719909820181,59,1.6399138350357862,122
test4.csv,development,common81,81,81,Dr_Q3,0.01,background,125096,818,0.006538978064846198,48,1.3813391315469719,66
test4.csv,development,common81,81,81,Dr_Q3,0.01,clean,123152,509,0.004133103806677927,48,1.403144082109913,53
test4.csv,development,common81,81,81,Dr_Q3,0.01,full_stream,129519,1280,0.009882719909820181,59,1.6399138350357862,122
test4.csv,development,native,81,81,Dr_Q3,0.02,background,125096,2924,0.023374048730574918,156,4.489352177527659,240
test4.csv,development,native,81,81,Dr_Q3,0.02,clean,123152,2566,0.02083604001559049,156,4.560218266857217,240
test4.csv,development,native,81,81,Dr_Q3,0.02,full_stream,129519,3565,0.027524919123835114,168,4.669585157390036,240
test4.csv,development,common81,81,81,Dr_Q3,0.02,background,125096,2924,0.023374048730574918,156,4.489352177527659,240
test4.csv,development,common81,81,81,Dr_Q3,0.02,clean,123152,2566,0.02083604001559049,156,4.560218266857217,240
test4.csv,development,common81,81,81,Dr_Q3,0.02,full_stream,129519,3565,0.027524919123835114,168,4.669585157390036,240
test4.csv,development,native,81,81,PairError-Q3,0.005,background,125096,243,0.0019425081537379292,0,0.0,61
test4.csv,development,native,81,81,PairError-Q3,0.005,clean,123152,0,0.0,0,0.0,0
test4.csv,development,native,81,81,PairError-Q3,0.005,full_stream,129519,444,0.003428068468718875,4,0.11118059898547704,116
test4.csv,development,common81,81,81,PairError-Q3,0.005,background,125096,243,0.0019425081537379292,0,0.0,61
test4.csv,development,common81,81,81,PairError-Q3,0.005,clean,123152,0,0.0,0,0.0,0
test4.csv,development,common81,81,81,PairError-Q3,0.005,full_stream,129519,444,0.003428068468718875,4,0.11118059898547704,116
test4.csv,development,native,81,81,PairError-Q3,0.01,background,125096,243,0.0019425081537379292,0,0.0,61
test4.csv,development,native,81,81,PairError-Q3,0.01,clean,123152,0,0.0,0,0.0,0
test4.csv,development,native,81,81,PairError-Q3,0.01,full_stream,129519,444,0.003428068468718875,4,0.11118059898547704,116
test4.csv,development,common81,81,81,PairError-Q3,0.01,background,125096,243,0.0019425081537379292,0,0.0,61
test4.csv,development,common81,81,81,PairError-Q3,0.01,clean,123152,0,0.0,0,0.0,0
test4.csv,development,common81,81,81,PairError-Q3,0.01,full_stream,129519,444,0.003428068468718875,4,0.11118059898547704,116
test4.csv,development,native,81,81,PairError-Q3,0.02,background,125096,243,0.0019425081537379292,0,0.0,61
test4.csv,development,native,81,81,PairError-Q3,0.02,clean,123152,0,0.0,0,0.0,0
test4.csv,development,native,81,81,PairError-Q3,0.02,full_stream,129519,444,0.003428068468718875,4,0.11118059898547704,116
test4.csv,development,common81,81,81,PairError-Q3,0.02,background,125096,243,0.0019425081537379292,0,0.0,61
test4.csv,development,common81,81,81,PairError-Q3,0.02,clean,123152,0,0.0,0,0.0,0
test4.csv,development,common81,81,81,PairError-Q3,0.02,full_stream,129519,444,0.003428068468718875,4,0.11118059898547704,116
test4.csv,development,native,65,65,PCA-SPE,0.005,background,125112,348,0.002781507769038941,0,0.0,57
test4.csv,development,native,65,65,PCA-SPE,0.005,clean,123552,0,0.0,0,0.0,0
test4.csv,development,native,65,65,PCA-SPE,0.005,full_stream,129535,1148,0.008862469602810051,10,0.2779171652449145,141
test4.csv,development,common81,81,81,PCA-SPE,0.005,background,125096,348,0.0027818635288098742,0,0.0,57
test4.csv,development,common81,81,81,PCA-SPE,0.005,clean,123152,0,0.0,0,0.0,0
test4.csv,development,common81,81,81,PCA-SPE,0.005,full_stream,129519,1148,0.008863564419119974,10,0.2779514974636926,141
test4.csv,development,native,65,65,PCA-SPE,0.01,background,125112,349,0.0027895006074557197,0,0.0,57
test4.csv,development,native,65,65,PCA-SPE,0.01,clean,123552,0,0.0,0,0.0,0
test4.csv,development,native,65,65,PCA-SPE,0.01,full_stream,129535,1150,0.008877909445323658,10,0.2779171652449145,141
test4.csv,development,common81,81,81,PCA-SPE,0.01,background,125096,349,0.002789857389524845,0,0.0,57
test4.csv,development,common81,81,81,PCA-SPE,0.01,clean,123152,0,0.0,0,0.0,0
test4.csv,development,common81,81,81,PCA-SPE,0.01,full_stream,129519,1150,0.008879006168979069,10,0.2779514974636926,141
test4.csv,development,native,65,65,PCA-SPE,0.02,background,125112,349,0.0027895006074557197,0,0.0,57
test4.csv,development,native,65,65,PCA-SPE,0.02,clean,123552,0,0.0,0,0.0,0
test4.csv,development,native,65,65,PCA-SPE,0.02,full_stream,129535,1153,0.008901069209094068,10,0.2779171652449145,141
test4.csv,development,common81,81,81,PCA-SPE,0.02,background,125096,349,0.002789857389524845,0,0.0,57
test4.csv,development,common81,81,81,PCA-SPE,0.02,clean,123152,0,0.0,0,0.0,0
test4.csv,development,common81,81,81,PCA-SPE,0.02,full_stream,129519,1153,0.00890216879376771,10,0.2779514974636926,141
test4.csv,development,native,70,70,GCAD-prediction_s10,0.005,background,125107,710,0.005675142078380906,7,0.2014275779932378,80
test4.csv,development,native,70,70,GCAD-prediction_s10,0.005,clean,123427,453,0.0036701856157890897,7,0.2041692660438964,80
test4.csv,development,native,70,70,GCAD-prediction_s10,0.005,full_stream,129530,1129,0.00871612753802208,14,0.3890990504130317,117
test4.csv,development,common81,81,81,GCAD-prediction_s10,0.005,background,125096,710,0.005675641107629341,7,0.20144529001726674,80
test4.csv,development,common81,81,81,GCAD-prediction_s10,0.005,clean,123152,453,0.0036783811874756397,7,0.20462517864102897,80
test4.csv,development,common81,81,81,GCAD-prediction_s10,0.005,full_stream,129519,1129,0.00871686779545858,14,0.38913209644916963,117
test4.csv,development,native,70,70,GCAD-prediction_s10,0.01,background,125107,1367,0.010926646790347463,17,0.48918126084072033,80
test4.csv,development,native,70,70,GCAD-prediction_s10,0.01,clean,123427,1110,0.008993170051933532,17,0.4958396461066055,80
test4.csv,development,native,70,70,GCAD-prediction_s10,0.01,full_stream,129530,1852,0.01429784605882807,25,0.6948197328804138,119
test4.csv,development,common81,81,81,GCAD-prediction_s10,0.01,background,125096,1367,0.010927607597365224,17,0.48922427575621924,80
test4.csv,development,common81,81,81,GCAD-prediction_s10,0.01,clean,123152,1110,0.009013251916331039,17,0.4969468624139275,80
test4.csv,development,common81,81,81,GCAD-prediction_s10,0.01,full_stream,129519,1852,0.014299060369521074,25,0.6948787436592314,119
test4.csv,development,native,70,70,GCAD-prediction_s10,0.02,background,125107,6179,0.04938972239762763,211,6.0716027080818815,224
test4.csv,development,native,70,70,GCAD-prediction_s10,0.02,clean,123427,5921,0.04797167556531391,210,6.125077981316892,224
test4.csv,development,native,70,70,GCAD-prediction_s10,0.02,full_stream,129530,6815,0.05261329421755578,228,6.336755963869374,224
test4.csv,development,common81,81,81,GCAD-prediction_s10,0.02,background,125096,6179,0.0493940653578052,211,6.072136599091897,224
test4.csv,development,common81,81,81,GCAD-prediction_s10,0.02,clean,123152,5915,0.04803007665324152,208,6.080291022476289,224
test4.csv,development,common81,81,81,GCAD-prediction_s10,0.02,full_stream,129519,6815,0.05261776264486292,228,6.337294142172191,224
test4.csv,development,native,70,70,GCAD-dependency_s10,0.005,background,125107,418,0.0033411399841735473,2,0.05755073656949651,80
test4.csv,development,native,70,70,GCAD-dependency_s10,0.005,clean,123427,159,0.0012882108452769653,2,0.05833407601254183,80
test4.csv,development,native,70,70,GCAD-dependency_s10,0.005,full_stream,129530,847,0.006539025708330116,10,0.27792789315216554,119
test4.csv,development,common81,81,81,GCAD-dependency_s10,0.005,background,125096,418,0.003341433778857837,2,0.057555797147790494,80
test4.csv,development,common81,81,81,GCAD-dependency_s10,0.005,clean,123152,159,0.0012910874366636352,2,0.0584643367545797,80
test4.csv,development,common81,81,81,GCAD-dependency_s10,0.005,full_stream,129519,847,0.0065395810653263225,10,0.2779514974636926,119
test4.csv,development,native,70,70,GCAD-dependency_s10,0.01,background,125107,1001,0.00800115101473139,9,0.2589783145627343,80
test4.csv,development,native,70,70,GCAD-dependency_s10,0.01,clean,123427,577,0.004674828036005088,9,0.2625033420564382,80
test4.csv,development,native,70,70,GCAD-dependency_s10,0.01,full_stream,129530,1619,0.012499034972593222,21,0.5836485756195476,131
test4.csv,development,common81,81,81,GCAD-dependency_s10,0.01,background,125096,1001,0.008001854575685873,9,0.2590010871650572,80
test4.csv,development,common81,81,81,GCAD-dependency_s10,0.01,clean,123152,577,0.004685266987137846,9,0.26308951539560865,80
test4.csv,development,common81,81,81,GCAD-dependency_s10,0.01,full_stream,129519,1619,0.01250009651093662,21,0.5836981446737545,131
test4.csv,development,native,70,70,GCAD-dependency_s10,0.02,background,125107,1437,0.011486167840328678,15,0.43163052427122384,80
test4.csv,development,native,70,70,GCAD-dependency_s10,0.02,clean,123427,962,0.007794080711675727,15,0.4375055700940637,80
test4.csv,development,native,70,70,GCAD-dependency_s10,0.02,full_stream,129530,2322,0.017926349108314678,29,0.80599089014128,164
test4.csv,development,common81,81,81,GCAD-dependency_s10,0.02,background,125096,1437,0.011487177847413186,15,0.4316684786084287,80
test4.csv,development,common81,81,81,GCAD-dependency_s10,0.02,clean,123152,962,0.007811484994153566,15,0.4384825256593478,80
test4.csv,development,common81,81,81,GCAD-dependency_s10,0.02,full_stream,129519,2322,0.017927871586408173,29,0.8060593426447085,164
test4.csv,development,native,70,70,GCAD-prediction_s11,0.005,background,125107,678,0.0054193610269609215,7,0.2014275779932378,64
test4.csv,development,native,70,70,GCAD-prediction_s11,0.005,clean,123427,422,0.0034190250107350903,7,0.2041692660438964,64
test4.csv,development,native,70,70,GCAD-prediction_s11,0.005,full_stream,129530,913,0.007048560179109087,12,0.3335134717825986,104
test4.csv,development,common81,81,81,GCAD-prediction_s11,0.005,background,125096,678,0.005419837564750272,7,0.20144529001726674,64
test4.csv,development,common81,81,81,GCAD-prediction_s11,0.005,clean,123152,422,0.0034266597375600884,7,0.20462517864102897,64
test4.csv,development,common81,81,81,GCAD-prediction_s11,0.005,full_stream,129519,913,0.007049158810676426,12,0.3335417969564311,104
test4.csv,development,native,70,70,GCAD-prediction_s11,0.01,background,125107,1747,0.013964046775959778,21,0.6042827339797133,80
test4.csv,development,native,70,70,GCAD-prediction_s11,0.01,clean,123427,1385,0.01122120767741256,21,0.6125077981316892,80
test4.csv,development,native,70,70,GCAD-prediction_s11,0.01,full_stream,129530,2257,0.017424534856789933,32,0.8893692580869297,113
test4.csv,development,common81,81,81,GCAD-prediction_s11,0.01,background,125096,1747,0.013965274669054166,21,0.6043358700518002,80
test4.csv,development,common81,81,81,GCAD-prediction_s11,0.01,clean,123152,1385,0.011246264778485124,21,0.613875535923087,80
test4.csv,development,common81,81,81,GCAD-prediction_s11,0.01,full_stream,129519,2257,0.017426014715987617,32,0.8894447918838163,113
test4.csv,development,native,70,70,GCAD-prediction_s11,0.02,background,125107,3814,0.030485904066119403,53,1.5250945190916576,92
test4.csv,development,native,70,70,GCAD-prediction_s11,0.02,clean,123427,3374,0.027335996175877238,53,1.5458530143323583,92
test4.csv,development,native,70,70,GCAD-prediction_s11,0.02,full_stream,129530,4542,0.03506523585269822,66,1.8343240948042925,115
test4.csv,development,common81,81,81,GCAD-prediction_s11,0.02,background,125096,3814,0.030488584766899023,53,1.5252286244164481,92
test4.csv,development,common81,81,81,GCAD-prediction_s11,0.02,clean,123152,3374,0.02739703780693777,53,1.5493049239963623,92
test4.csv,development,common81,81,81,GCAD-prediction_s11,0.02,full_stream,129519,4542,0.03506821393000255,66,1.834479883260371,115
test4.csv,development,native,70,70,GCAD-dependency_s11,0.005,background,125107,776,0.006202690496934624,8,0.23020294627798604,74
test4.csv,development,native,70,70,GCAD-dependency_s11,0.005,clean,123427,523,0.004237322465911024,8,0.2333363040501673,74
test4.csv,development,native,70,70,GCAD-dependency_s11,0.005,full_stream,129530,1131,0.008731567976530533,14,0.3890990504130317,119
test4.csv,development,common81,81,81,GCAD-dependency_s11,0.005,background,125096,776,0.00620323591481742,8,0.23022318859116198,74
test4.csv,development,common81,81,81,GCAD-dependency_s11,0.005,clean,123152,523,0.004246784461478498,8,0.2338573470183188,74
test4.csv,development,common81,81,81,GCAD-dependency_s11,0.005,full_stream,129519,1131,0.008732309545317675,14,0.38913209644916963,119
test4.csv,development,native,70,70,GCAD-dependency_s11,0.01,background,125107,1153,0.009216111008976317,12,0.3453044194169791,77
test4.csv,development,native,70,70,GCAD-dependency_s11,0.01,clean,123427,795,0.0064410542263848266,12,0.35000445607525094,77
test4.csv,development,native,70,70,GCAD-dependency_s11,0.01,full_stream,129530,1635,0.01262255848066085,20,0.5558557863043311,125
test4.csv,development,common81,81,81,GCAD-dependency_s11,0.01,background,125096,1153,0.00921692140436145,12,0.34533478288674296,77
test4.csv,development,common81,81,81,GCAD-dependency_s11,0.01,clean,123152,795,0.006455437183318176,12,0.35078602052747826,77
test4.csv,development,common81,81,81,GCAD-dependency_s11,0.01,full_stream,129519,1635,0.012623630509809372,20,0.5559029949273852,125
test4.csv,development,native,70,70,GCAD-dependency_s11,0.02,background,125107,2150,0.017185289392280208,27,0.7769349436882029,78
test4.csv,development,native,70,70,GCAD-dependency_s11,0.02,clean,123427,1698,0.01375711959295778,27,0.7875100261693146,78
test4.csv,development,native,70,70,GCAD-dependency_s11,0.02,full_stream,129530,2957,0.022828688334748708,40,1.1117115726086622,163
test4.csv,development,common81,81,81,GCAD-dependency_s11,0.02,background,125096,2150,0.01718680053718744,27,0.7770032614951717,78
test4.csv,development,common81,81,81,GCAD-dependency_s11,0.02,clean,123152,1698,0.013787839417955047,27,0.7892685461868261,78
test4.csv,development,common81,81,81,GCAD-dependency_s11,0.02,full_stream,129519,2957,0.022830627166670527,40,1.1118059898547703,163
test4.csv,development,native,70,70,GCAD-prediction_s12,0.005,background,125107,685,0.005475313131959043,7,0.2014275779932378,65
test4.csv,development,native,70,70,GCAD-prediction_s12,0.005,clean,123427,432,0.0035000445607525094,7,0.2041692660438964,65
test4.csv,development,native,70,70,GCAD-prediction_s12,0.005,full_stream,129530,1135,0.00876244885354744,15,0.4168918397282483,104
test4.csv,development,common81,81,81,GCAD-prediction_s12,0.005,background,125096,685,0.0054757945897550685,7,0.20144529001726674,65
test4.csv,development,common81,81,81,GCAD-prediction_s12,0.005,clean,123152,432,0.003507860205274782,7,0.20462517864102897,65
test4.csv,development,common81,81,81,GCAD-prediction_s12,0.005,full_stream,129519,1135,0.008763193045035863,15,0.4169272461955389,104
test4.csv,development,native,70,70,GCAD-prediction_s12,0.01,background,125107,779,0.006226669970505247,8,0.23020294627798604,73
test4.csv,development,native,70,70,GCAD-prediction_s12,0.01,clean,123427,526,0.00426162833091625,8,0.2333363040501673,73
test4.csv,development,native,70,70,GCAD-prediction_s12,0.01,full_stream,129530,1255,0.009688875164054658,16,0.44468462904346484,113
test4.csv,development,common81,81,81,GCAD-prediction_s12,0.01,background,125096,779,0.0062272174969623326,8,0.23022318859116198,73
test4.csv,development,common81,81,81,GCAD-prediction_s12,0.01,clean,123152,526,0.0042711446017929065,8,0.2338573470183188,73
test4.csv,development,common81,81,81,GCAD-prediction_s12,0.01,full_stream,129519,1255,0.009689698036581505,16,0.44472239594190816,113
test4.csv,development,native,70,70,GCAD-prediction_s12,0.02,background,125107,1523,0.012173579416019887,20,0.5755073656949651,75
test4.csv,development,native,70,70,GCAD-prediction_s12,0.02,clean,123427,1254,0.010159851572184369,20,0.5833407601254182,75
test4.csv,development,native,70,70,GCAD-prediction_s12,0.02,full_stream,129530,2018,0.015579402455029723,29,0.80599089014128,113
test4.csv,development,common81,81,81,GCAD-prediction_s12,0.02,background,125096,1523,0.012174649868900685,20,0.575557971477905,75
test4.csv,development,common81,81,81,GCAD-prediction_s12,0.02,clean,123152,1254,0.010182538651422633,20,0.584643367545797,75
test4.csv,development,common81,81,81,GCAD-prediction_s12,0.02,full_stream,129519,2018,0.015580725607825878,29,0.8060593426447085,113
test4.csv,development,native,70,70,GCAD-dependency_s12,0.005,background,125107,512,0.004092496822719752,4,0.11510147313899302,65
test4.csv,development,native,70,70,GCAD-dependency_s12,0.005,clean,123427,259,0.0020984063454511574,4,0.11666815202508365,65
test4.csv,development,native,70,70,GCAD-dependency_s12,0.005,full_stream,129530,931,0.0071875241256851696,11,0.3057206824673821,119
test4.csv,development,common81,81,81,GCAD-dependency_s12,0.005,background,125096,512,0.004092856686065102,4,0.11511159429558099,65
test4.csv,development,common81,81,81,GCAD-dependency_s12,0.005,clean,123152,259,0.0021030921138105755,4,0.1169286735091594,65
test4.csv,development,common81,81,81,GCAD-dependency_s12,0.005,full_stream,129519,931,0.007188134559408272,11,0.30574664721006184,119
test4.csv,development,native,70,70,GCAD-dependency_s12,0.01,background,125107,873,0.006978026809051452,8,0.23020294627798604,69
test4.csv,development,native,70,70,GCAD-dependency_s12,0.01,clean,123427,525,0.004253526375914508,8,0.2333363040501673,69
test4.csv,development,native,70,70,GCAD-dependency_s12,0.01,full_stream,129530,1536,0.011858256774492395,18,0.500270207673898,161
test4.csv,development,common81,81,81,GCAD-dependency_s12,0.01,background,125096,873,0.0069786404041695975,8,0.23022318859116198,69
test4.csv,development,common81,81,81,GCAD-dependency_s12,0.01,clean,123152,525,0.004263024555021437,8,0.2338573470183188,69
test4.csv,development,common81,81,81,GCAD-dependency_s12,0.01,full_stream,129519,1536,0.011859263891784218,18,0.5003126954346466,161
test4.csv,development,native,70,70,GCAD-dependency_s12,0.02,background,125107,1110,0.008872405221130713,12,0.3453044194169791,75
test4.csv,development,native,70,70,GCAD-dependency_s12,0.02,clean,123427,712,0.005768591961240247,12,0.35000445607525094,75
test4.csv,development,native,70,70,GCAD-dependency_s12,0.02,full_stream,129530,2014,0.015548521578012816,25,0.6948197328804138,164
test4.csv,development,common81,81,81,GCAD-dependency_s12,0.02,background,125096,1110,0.008873185393617701,12,0.34533478288674296,75
test4.csv,development,common81,81,81,GCAD-dependency_s12,0.02,clean,123152,712,0.005781473301286215,12,0.35078602052747826,75
test4.csv,development,common81,81,81,GCAD-dependency_s12,0.02,full_stream,129519,2014,0.01554984210810769,25,0.6948787436592314,164
